Date,Close,High,Low,Open,Volume,RSI_14,MACD,MACD_Signal,MACD_Diff,BB_High,BB_Mid,BB_Low,SMA_20,SMA_50,EMA_20,EMA_50,EMA_12,EMA_26,VWAP,Returns,Volatility,Price_Range,Return_1D,Return_3D,Return_5D,Return_10D,Volume_MA20,Volume_Ratio,Volume_Spike,EMA20_Slope,EMA50_Slope,ATR_14,ATR_Percent,Distance_EMA20,Distance_EMA50,Distance_BB_High,Distance_BB_Low,Signal
2021-08-12,714.1221313476562,717.0710605291638,708.3669293933626,712.0293148021268,8597674,69.17297585727806,1.6000900138725456,-2.426620100515247,4.026710114387793,730.8712620758304,696.6424743652344,662.4136866546385,696.6424743652344,704.5574426269532,702.0056500604027,705.0116260670382,703.7942246484174,702.1941346345449,694.4394760062569,0.004314538657928191,0.009188290097056065,0.012188574970187736,0.004314538657928191,-0.001662335055994335,0.011145943745703324,0.058628588221605105,14967656.0,0.5744168626002628,0,7.515067194123503,1.8882945113583673,12.901653504888356,0.01806645241555669,0.01725980593775996,0.012922489422538685,-0.0229166634361885,0.07806065263258506,0
2021-08-13,725.9179077148438,728.2009908715206,713.9318662953315,714.0269705680195,16658428,77.0274576109555,3.2464170380869746,-1.2920126727948027,4.538429710881777,731.448089110217,696.7732727050782,662.0984562999394,696.7732727050782,704.6735217285157,704.2830079322542,705.8314802493051,707.1978681970984,703.9514511590114,695.0744743301516,0.016517869772397553,0.00950527809905942,0.01965666423784432,0.016517869772397553,0.012303807944976652,0.02247663362187957,0.0699288230776558,15278637.3,1.0903084923679678,0,8.319110273849901,2.4400288258639193,13.380687550489442,0.018432783388153674,0.03071904268442978,0.028457823188112852,-0.007560593127122009,0.09638966955390897,0
2021-08-16,728.0107421875,730.1035587891065,723.6586474723767,725.8941785477451,6252778,76.91857281907775,4.666227946180925,-0.10036454899965719,4.766592495180582,732.3325792560289,696.9694702148438,661.6063611736587,696.9694702148438,705.0171032714844,706.5427921470396,706.7012552272735,710.3998488110062,705.7336208648253,695.2306831260422,0.00288301810771463,0.00951244744630719,0.008852769531070826,0.00288301810771463,0.023846959200467754,0.017753844203146185,0.07587946447618088,15332744.8,0.4078055222050001,0,8.736292526414786,2.8423619670371636,13.31953845101476,0.01829579933256575,0.030384500810239266,0.030153458484198467,-0.005901467708727951,0.10036841377408019,0
2021-08-17,720.4243774414062,724.8715766174648,715.9771782653477,721.6372182742111,8282666,80.00003163588363,5.120258929230886,0.9437601466464516,4.176498782584434,734.8898281823117,698.0075500488281,661.1252719153445,698.0075500488281,705.2193774414062,707.8648478893601,707.2394168827296,711.942083984914,706.8218250556831,695.3901366638914,-0.01042067693025861,0.008744773568309017,0.012346054118415158,-0.01042067693025861,0.008825165636383137,0.004642994572335191,0.05572593812651516,14491298.1,0.5715613565357544,0,8.221356835654888,2.8614641555234357,12.964508668158723,0.017995655163977508,0.017742835499594097,0.018642853104527773,-0.019683835843373326,0.08969420478250135,1
2021-08-18,719.6395874023438,744.539200641727,717.4278612617312,740.424924369185,22985932,79.07339726249623,5.3550263466896695,1.8260133866550952,3.5290129600345743,737.3371707635066,699.6687164306641,662.0002620978215,699.6687164306641,705.5650793457031,708.9862516525014,707.7256980795773,713.1263152799032,707.7712889332136,698.6239876938839,-0.001089344091672273,0.008820876816782145,0.03767349636483811,-0.001089344091672273,-0.008648802083232598,0.01207408158327028,0.03255308587830519,14431882.2,1.592718931699706,1,8.256020674967544,3.085929370931808,14.335367350484871,0.019920203948521946,0.015026152799171456,0.01683404934297977,-0.024002022497844715,0.08706843275540134,1
2021-08-20,720.4719848632812,722.8739777352771,706.8212102890742,706.8212102890742,13150406,78.21094147165418,5.5443370684010915,2.5696781230042944,2.974658945396797,739.6572537743091,701.2395141601562,662.8217745460033,701.2395141601562,705.9534765625,710.080131005909,708.225552463252,714.2564182927307,708.7120812243296,699.7697803975395,0.0011566865907726154,0.008862385805159363,0.022280904439676598,0.0011566865907726154,-0.01035528308492617,0.008891831294518093,0.020136882891626184,14429046.8,0.9113842502749384,0,8.074480945506366,3.2139263962138784,14.673408193893165,0.020366382735447556,0.014634762195994657,0.017291712163498445,-0.025938052811798444,0.08697694090808221,1
2021-08-23,725.1569213867188,729.2236452390042,717.570526480986,727.6540182634369,10843054,81.35958368265908,6.003201236074119,3.25638274561826,2.7468184904558592,742.3389025328438,703.1860595703125,664.0332166077812,703.1860595703125,706.4284692382812,711.5160158040815,708.8895277151528,715.9334187687289,709.9302175326548,701.255120963102,0.006502593607892404,0.008641339167944193,0.016069789054393796,0.006502593607892404,0.006569105784732354,-0.0010483090719176635,0.021404762091029816,14314865.3,0.757468112536134,0,7.233007871827226,3.0580474658477215,14.868759301629796,0.020504195523909835,0.01917160721564609,0.022947713339761117,-0.02314573719294586,0.09204916749675328,1
2021-08-24,741.447509765625,744.1348732691891,726.5124805626797,727.725379419533,18381314,83.59946017543604,7.5938317653481135,4.123872549564231,3.4699592157838826,747.5273922497785,706.1421447753906,664.7568973010028,706.1421447753906,707.1790747070313,714.3666342766094,710.1663113249751,719.8586635374821,712.264831772134,704.3655616354902,0.022464914694261928,0.009805835834878119,0.023767552624298353,0.022464914694261928,0.03030395040106182,0.0184568259772524,0.03653834979328319,14575572.7,1.261104066257376,0,7.823842129569812,3.4650560977016767,15.208500574270431,0.020511904583883366,0.03790893105812338,0.0440477081801976,-0.008133324005499378,0.11536640353187123,0
2021-08-25,740.7578735351562,744.2776027396884,736.2868693056814,738.2369714945701,7727974,79.59515572361069,8.698499155763557,5.038797870804096,3.6597012849594606,751.7902802615965,708.9400848388672,666.0898894161378,708.9400848388672,707.9812438964843,716.8800856345662,711.3659804312567,723.0739266140473,714.3754274582838,706.8725150324999,-0.0009301214467450913,0.008889217389927085,0.010787240634881682,-0.0009301214467450913,0.02815638789303443,0.02822433100607258,0.03299837099407665,13841899.9,0.5583029826707532,0,9.015237745206036,4.126563548527088,14.42709966088425,0.019476134073382268,0.033307924685136145,0.041317541058234264,-0.014674846185297043,0.11209896037375497,0
2021-08-26,739.521240234375,747.2265448434088,734.122707926727,737.2381569110653,11119002,75.22547911709366,9.366202299123529,5.904278756467983,3.461923542655546,753.8366206319605,712.210092163086,670.5835636942114,712.210092163086,708.6563842773437,719.0363860726432,712.4701082666732,725.6042825556362,716.2380802565127,710.696159586787,-0.0016694163436692389,0.008629216519357082,0.01771935166125693,-0.0016694163436692389,0.01980856615170601,0.02762723616108631,0.04003489124768578,13364332.9,0.8319907984333434,0,10.050134420141717,4.744410187095809,13.67627282290495,0.018493414494180797,0.028489315086847763,0.03796809389451154,-0.018990030473160818,0.10280251451495374,1
2021-08-27,736.5009155273438,741.3524532058019,734.978898644625,738.1894519957664,6382138,70.33528623912247,9.54165661089155,6.631754327352697,2.9099022835388535,754.2730853562047,715.306494140625,676.3399029250453,715.306494140625,709.3246313476562,720.6996745921384,713.4124928651308,727.2806876282066,717.739031017315,713.2044755804527,-0.004084162215643783,0.008827523312309762,0.008653831145088726,-0.004084162215643783,-0.006671536653815036,0.022247819486144405,0.031337474638204244,12998328.3,0.4909968307232246,0,10.619543586229383,5.1869404018788146,13.248199857033399,0.01798802904073449,0.021924862036530872,0.03236335625338947,-0.023561983284168257,0.08895085495046673,0
2021-08-30,745.9185791015625,746.75094480437,737.9992023740358,739.9017525518813,9049166,72.07553748127984,10.321650597702956,7.369733581422748,2.9519170162802073,755.8563858688008,718.6787689208984,681.501151972996,718.6787689208984,710.3564599609375,723.1014750216075,714.687241344991,730.1480555471844,719.8264049494815,715.9394048742653,0.012787035800865931,0.00915600912476136,0.01173283877829586,0.012787035800865931,0.006966791377832404,0.028630572366517892,0.02755224960585423,12868012.2,0.7032295166770203,0,11.585459217526022,5.797713629838199,12.915257419984544,0.017314567275614184,0.03155449804506788,0.043699307822812596,-0.01314774466820903,0.09452284408041467,0
2021-08-31,752.1731567382812,753.100626642032,743.040881869667,743.6592338463132,12062576,73.76734614882,11.314072015966417,8.158601268331482,3.1554707476349346,756.9033117853088,722.4541412353516,688.0049706853944,722.4541412353516,711.3836169433594,725.8702066136716,716.1572772427671,733.536532653507,722.2224606375406,719.5007791121656,0.008385067501941235,0.009263919492811926,0.013374240601709306,0.008385067501941235,0.01710825303664909,0.014465821020892777,0.03318964013934589,12808201.7,0.9417852937153544,0,11.503572337062224,5.990965917791982,12.589106792510497,0.0167369796166375,0.03623643715495382,0.05029046082471805,-0.006249351764455263,0.09326703844735625,0
2021-09-01,751.0792236328125,760.0687847011596,748.8913025732014,749.1291213418814,12422558,79.06749136311615,11.875409551594316,8.90196292498405,2.973446626610267,757.0618243827511,725.8882446289062,694.7146648750614,725.8882446289062,712.3045983886718,728.2710653773993,717.5267653364943,736.2354081887847,724.3599986371904,723.024893923166,-0.0014543633944774648,0.008749353829180273,0.014881894980259332,-0.0014543633944774648,0.0197940121975686,0.013933500360109763,0.04255109509241928,12827673.6,0.9684186226877491,0,11.39097974283311,6.16078490523762,12.443020679055337,0.016566855116656082,0.031318226605081094,0.04676126371478735,-0.007902393909264034,0.0811333941941297,0
2021-09-02,755.7880249023438,757.2149374729586,747.3454588595391,748.701014189379,9618524,79.55478242196699,12.555502485036527,9.632670836994546,2.9228316480419814,759.6080365463375,728.8300628662109,698.0520891860843,728.8300628662109,713.3661645507813,730.8917281892988,719.0272068880963,739.2435030677939,726.6880005827574,726.8097524527358,0.00626938027490076,0.0087711125864296,0.013058527375707901,0.00626938027490076,0.013231264212065552,0.021996372494741845,0.050231307633427535,12205902.4,0.7880223587565307,0,11.855342116655606,6.557098621423165,12.526259784599501,0.016573773825297157,0.03406290665612366,0.051125767790270275,-0.005028924735133121,0.08271006793143248,0
2021-09-03,749.6285400390625,760.0687604261853,745.9423492422521,754.4086623001291,10735334,68.28029901623546,12.453901261630904,10.196916921921817,2.2569843397090867,761.185221166262,730.998974609375,700.812728052488,730.998974609375,714.2884411621094,732.6761864607048,720.2272591685264,740.8412010633738,728.3872998017429,729.6559098085071,-0.008149751862074228,0.008558501805983354,0.018844548238781168,-0.008149751862074228,-0.003383019822527533,0.017824315265540625,0.04046868690017713,11801548.7,0.9096546794743982,0,11.976511868566377,6.814766303395572,12.516065970866935,0.016696357332145775,0.023137579590580697,0.040822227284869346,-0.015182482273490153,0.0696560008580758,0
2021-09-06,744.70556640625,751.9590378515261,742.9219258869199,751.4834003797047,7876896,62.33308083540742,11.839658517466091,10.525465241030671,1.3141932764354198,761.8028800059554,732.7362335205078,703.6695870350601,732.7362335205078,714.9157189941407,733.8218416936138,721.1871927856921,741.4357188084317,729.5960602909656,731.4754487103295,-0.00656721745486899,0.008878412171591896,0.012135147596944769,-0.00656721745486899,-0.00848599858179333,-0.0016261998685882517,0.026957813464909552,11528430.0,0.6832583448049735,0,10.720366672006321,6.499951440701125,12.701223160000966,0.017055362190044682,0.014831562777577259,0.0326106368163787,-0.022443225207512716,0.0583171137807684,0
2021-09-07,746.3941650390625,752.4585433116437,739.7114347769459,743.1836118359313,7245496,71.01614061569252,11.358192343686937,10.692010661561925,0.6661816821250124,762.7517403070663,734.290380859375,705.8290214116837,734.290380859375,715.4929443359375,735.0192058217518,722.1757015015105,742.1985566900672,730.8403643463803,732.9171832059144,0.0022674714799852946,0.008170015773602256,0.017078253196192442,0.0022674714799852946,-0.012429225594696391,-0.007683060273353415,0.006671618972732274,11340802.4,0.6388874212286778,0,9.148999208080227,6.01842425874338,12.75219063232564,0.017085062061890924,0.015475730602975829,0.033535417332926344,-0.021445477477925613,0.05747162895944267,0
2021-09-08,749.794921875,751.7450238964017,744.6580139570113,747.6783002895594,6724080,73.41205192432173,11.122822612183313,10.778173051686203,0.3446495604971105,763.9816207996096,735.9253814697265,707.8691421398435,735.9253814697265,716.2021203613281,736.4264168744421,723.2588081828238,743.36722825698,732.2444056447966,734.5473950018481,0.004556247885136644,0.00811499270447069,0.009451931098263451,0.004556247885136644,0.0002219523764781517,-0.0017099417976184084,0.012199733087838505,10935089.1,0.6149085698807887,0,8.15535149704283,5.7320428463294775,11.321881386568107,0.01509997074700861,0.018153212180107285,0.03668965160458638,-0.018569424366205674,0.059228150005829566,0
2021-09-09,746.0849609375,751.2456161314306,742.4701275979534,748.6534150154891,8250948,69.03493341631157,10.515709014285335,10.72568024420603,-0.20997122992069528,763.4788404234218,737.6769165039062,711.8749925843906,737.6769165039062,716.8351916503906,737.3462782137809,724.1539514281053,743.7853409770601,733.2696319627747,736.2044517877816,-0.004947967543208476,0.008379438102583884,0.011762049891007407,-0.004947967543208476,0.001852268323851325,-0.012838340440889495,0.008875635135300097,10718347.2,0.7697966716360897,0,6.45455002448216,5.1267445400089855,10.802075749944843,0.014478345383575878,0.011851531609935717,0.03028500979128059,-0.022782398889110374,0.0480561456849517,0
2021-09-13,739.8779296875,753.4097932161694,738.9742068333936,742.9457683103893,8959164,60.698257240060855,9.425065280726585,10.465557251510141,-1.040491970783556,762.2664346971053,738.9647064208984,715.6629781446916,738.9647064208984,717.3836010742187,737.5873878779447,724.7705780265129,743.1842007786662,733.7591354979396,737.4549749665285,-0.008319469731973284,0.008766423867539142,0.01951076765983939,-0.008319469731973284,-0.00873028710134871,-0.013007256035174941,0.004585213798055099,10736421.7,0.8344646149657107,0,4.9112014172399086,4.543318857986492,11.000823437427528,0.01486843031265159,0.003105451431518146,0.020844322491847134,-0.029370970556379813,0.03383569121541548,0
2021-09-14,736.5485229492188,744.134918355455,735.620994925657,741.994549462774,9758506,45.61335433428901,8.19757047581652,10.011959896371419,-1.8143894205548996,762.0167707614404,739.4962371826172,716.9757036037939,739.4962371826172,717.9714904785156,737.4884483609231,725.2324582195603,742.1633272664435,733.965756790627,738.700630148811,-0.004499940604644759,0.006457415104264488,0.01155921594372006,-0.004499940604644759,-0.01766669597155468,-0.010953380537216839,-0.0125617680198149,10391425.6,0.9390921299576066,0,3.6666066673093383,4.045265433868167,10.253392833665218,0.013920865379798118,-0.0012744950972362879,0.015603362206704488,-0.03342216180724299,0.027299138934617096,0
2021-09-15,735.7161254882812,739.521225577569,730.1035796320939,730.1035796320939,14822998,45.49703560113299,7.0760363386091285,9.42477518481896,-2.348738846209832,761.8311259715225,739.8815063476562,717.93188672379,739.8815063476562,718.6031372070313,737.3196557063859,725.6435824261767,741.1714500698031,734.095413731194,738.7855683674801,-0.0011301325506763993,0.006458770420025567,0.012800651799258557,-0.0011301325506763993,-0.013897660443643933,-0.014306166970400214,-0.021879312100639425,10819936.6,1.3699708739513317,0,2.3004498846340766,3.4678809246662468,10.355315155912942,0.014075150451596137,-0.0021748100782263786,0.013880840823296648,-0.03427925112660394,0.02477148472349918,0
2021-09-16,741.9707641601562,744.0398339272692,730.7219826841075,731.4116338989961,10260550,52.00778841603189,6.615648446090859,8.86294983707334,-2.247301390982482,760.9116930499118,740.9588256835938,721.0059583172757,740.9588256835938,719.2167126464843,737.7626184162689,726.2838640628034,741.294421468319,734.6787730222281,739.4878650616544,0.008501429362750335,0.006872073568448003,0.017949293808410805,0.008501429362750335,0.0028286213018142714,-0.010435063624168017,-0.012127162070334707,10918830.8,0.9397114203839481,0,1.3362015418267674,3.025055879979618,10.370601893518653,0.013977103134592151,0.005703929202757469,0.021598855314781333,-0.024892414011717857,0.029077160321683584,0
2021-09-17,752.5298461914062,755.7879512981008,741.6139312525427,746.2752017537572,20498102,61.69323958010523,7.021873610330431,8.49473459172476,-1.4728609813943283,760.4703649429048,742.6033386230469,724.7363123031889,742.6033386230469,719.6680908203125,739.1690210615201,727.3131182639252,743.022948348794,736.0010747384636,741.7918727419619,0.014231129501715456,0.007677936157433958,0.01883515998374494,0.014231129501715456,0.021697583722246172,0.008638272571273697,-0.004310968953706973,10794439.3,1.8989501381512237,1,1.822742847739164,3.1591668358198604,10.927777999545883,0.014521388161349283,0.01807546684072162,0.034671075351524895,-0.010441588676627386,0.038349856929191746,0
2021-09-20,741.9232177734375,752.3158865869241,741.0432999217188,743.8971252102491,8781610,47.13504921097872,6.414007029194977,8.078589079218803,-1.6645820500238262,758.2144404519556,743.6759002685546,729.1373600851537,743.6759002685546,719.8616760253906,739.4313255102741,727.8860633427296,742.8537590295084,736.4397520003134,743.4875660935703,-0.01409462823521146,0.00801011705625775,0.015193737566314576,-0.01409462823521146,0.008436803367653178,0.002764358827139768,-0.010278853931072973,10575999.5,0.8303338138395335,0,1.8439376323293573,3.1154853162166773,11.016100641878827,0.014848033297756743,0.003370011760651074,0.019284823734972978,-0.021486299665840276,0.017535595332531885,1
2021-09-21,738.1655883789062,746.1087693954601,727.2259259755568,742.9457684361612,14774996,39.58255788829597,5.564910274277736,7.57585331823059,-2.010943043952854,756.317147234432,744.3263336181641,732.3355200018962,744.3263336181641,720.161328125,739.3107791168105,728.2891819715993,742.1325020063388,736.567591732061,744.0356773627475,-0.005064714655794389,0.0076811971970406805,0.025580769026868413,-0.005064714655794389,-0.005128471315924532,0.0021954635428669267,-0.008781964741990445,10772596.6,1.3715352526984999,0,1.8223307558873785,3.0567237520390336,11.646321973845845,0.01577738404119117,-0.0015489977560888951,0.013561105467157811,-0.02399993034919174,0.007960925310566662,1
2021-09-22,729.4851684570312,737.3094397175464,727.725333033006,736.7624450118473,10582202,35.56890721683125,4.143790597605744,6.889440774105621,-2.7456501764998773,757.3993219189882,743.7282165527344,730.0571111864805,743.7282165527344,720.462880859375,738.375006673022,728.3360834024006,740.1867583833683,736.0429677857626,743.9876737840784,-0.0117594480947536,0.008173611425986469,0.013138178949974015,-0.0117594480947536,-0.030622941868691744,-0.008469240805500378,-0.02265424540282457,10382641.0,1.0192206395270722,0,1.0553509666360696,2.6925009762238687,11.593662917984561,0.015892938498676908,-0.012039733381614107,0.0015776851934380552,-0.036855265979420404,-0.0007834219004040911,1
2021-09-23,746.7509155273438,747.702190578971,733.4330648045631,733.4330648045631,13664304,44.82853526392409,4.360479613256871,6.383648541935871,-2.0231689286790004,757.6875578915098,744.0278686523437,730.3681794131777,744.0278686523437,721.2524389648438,739.1727122781955,729.0582336818102,741.1966287132107,736.8361490999538,744.0290671818127,0.023668400423866087,0.010521489668215173,0.0191082802547772,0.023668400423866087,0.006507004550140083,0.00644250636020427,-0.004059785227731538,10679457.5,1.2794942065175128,0,1.4100938619266117,2.774369619006734,12.18991602573601,0.01632393850783254,0.01025227679981796,0.024267858215089245,-0.014434237767610245,0.022430791176210524,0
2021-09-24,761.7572631835938,764.8012967419484,749.1290643037012,751.031614308282,20806702,56.30249382332326,5.6776456965219495,6.242447972853087,-0.5648022763311378,760.7371626343831,745.1396697998047,729.5421769652262,745.1396697998047,722.2008605957031,741.3236218882334,730.340548564233,744.3598032471157,738.6821575505937,745.5696054665415,0.02009551959591871,0.011652597465678313,0.02057378799743715,0.02009551959591871,0.03195986805141837,0.012261861823671172,0.021006055699609005,11163842.5,1.8637581101668175,1,2.154600826713363,3.0274303003078558,12.470199599355396,0.016370306135630387,0.027563726140701617,0.04301652794867058,0.0013409369218641415,0.04415794896516737,0
2021-09-27,772.95849609375,777.9051377473095,764.8251063880609,768.487491944163,16415462,63.78193333404789,7.538456555770381,6.5016496894365465,1.0368068663338343,766.3662366485117,746.962548828125,727.5588610077383,746.962548828125,723.3989904785157,744.3364670506636,732.0118406242141,748.7596021465979,741.2211455908275,747.6396328816444,0.014704464862393518,0.01194372896996272,0.016922035821263694,0.014704464862393518,0.05959453257791547,0.04183084930736025,0.044710843612029594,11665508.7,1.4071792685731743,0,4.905141540389536,4.125777281484488,12.978111213577506,0.016790178617822483,0.03845307909808244,0.05593714909668561,0.00860197008948053,0.062399947989264924,0
2021-09-28,768.1783447265625,776.2403768870238,752.458502595142,776.2403768870238,12773790,60.31531609643874,8.529125848616445,6.907144921272527,1.6219809273439179,769.6583518832568,748.075537109375,726.4927223354931,748.075537109375,724.2965185546875,746.6071220674158,733.4301349027376,751.747101005054,743.2179751564375,748.7647928012196,-0.0061842277319476,0.012180115711644861,0.030958792909408374,-0.0061842277319476,0.028694212157861276,0.04065856878206375,0.04294329673039665,11851739.9,1.0777987120692718,0,7.296342950605322,5.1409529311382585,13.766308767662078,0.017920719663820094,0.028892334430743422,0.047377668533394805,-0.0019229404229460395,0.05737927044480294,0
2021-09-29,758.0947875976562,764.1591654813507,753.9567647367983,759.5930572752828,16263036,53.69624697132537,8.40370690995212,7.206457319008447,1.1972495909436738,770.3499649459096,748.3716186523437,726.3932723587778,748.3716186523437,724.9766784667969,747.7011854512482,734.3973761848913,752.7236681731466,744.3199612631945,749.4033957498572,-0.013126583427049754,0.01280925158076655,0.013457948678005044,-0.013126583427049754,-0.004807929983668302,0.0392189181873821,0.03041752291962152,12061762.9,1.3483133547584492,0,9.326178778226222,6.061292782490682,14.275920914117355,0.018831313903841292,0.013900743169392424,0.03226783234966094,-0.01590858428755023,0.043642357996978395,0
2021-09-30,758.6179809570312,764.0402598802681,752.9816883907416,754.3610487049043,15975348,55.74448228574114,8.25141169140511,7.41544819348778,0.83596349791733,771.1764140796021,748.7485565185547,726.3206989575073,748.7485565185547,726.1557824707031,748.7408802613227,735.3472038230145,753.6304855245135,745.3790738331084,749.7999996708278,0.0006901424042671245,0.012700692175473394,0.014577259921489817,0.0006901424042671245,-0.01855276215888757,0.015891598099089244,0.02243648618112082,12239402.4,1.3052392165813584,0,9.568167983127182,6.288970141204345,14.438998268120875,0.01903329294924623,0.013191614023080066,0.031645972151704276,-0.01628477335832332,0.044466971746613425,0
2021-10-01,752.7913818359375,755.7879210469525,744.4915314151935,752.9340962978766,11128596,55.93956618994574,7.5732589641780805,7.447010347625841,0.12624861655223985,770.868047627401,748.5987243652344,726.3294011030678,748.5987243652344,727.4832849121094,749.126642316048,736.0312892352861,753.5013926493478,745.9281336851698,749.7127660654286,-0.007680544447078885,0.01266469937035727,0.015006002863912843,-0.007680544447078885,-0.0200304564639896,-0.011769997847064007,0.0003475418893414961,12314906.0,0.9036687734360295,0,7.803020427814545,5.6907406710530495,14.416917065196726,0.019151278047360446,0.00489201599953696,0.022770896897691205,-0.0234497536213887,0.036432479110280046,0
2021-10-04,754.2421875,761.6621211029538,753.2195552330974,755.7880094198329,7051028,58.281346324039,7.071371564604419,7.371882591021556,-0.3005110264171371,771.2387890394625,748.8294067382812,726.4200244371,748.8294067382812,728.7870080566406,749.613837095472,736.7454421084121,753.6153610879097,746.5439895233053,749.8104859792633,0.0019272346882135416,0.012553868268294782,0.011193441589153325,0.0019272346882135416,-0.005081950384944411,-0.024213859719940167,0.016604103270325687,12130690.7,0.5812552783989456,0,5.2773700448084355,4.733601484198061,14.442403910712317,0.019148231363964,0.006174312926855018,0.023748698521318057,-0.022038053299459813,0.03830038012024696,1
2021-10-05,758.8558349609375,759.8309150717456,749.7236180793985,757.2149087913734,10257178,60.46007430628248,6.965609763365251,7.290628025490296,-0.32501826212504525,772.2889873740454,749.5369201660156,726.7848529579859,749.5369201660156,730.2396044921875,750.4940273683735,737.6125163379229,754.4215878376062,747.455978074241,750.1808588939605,0.006116931056627584,0.01257448746486693,0.013319126672943554,0.006116931056627584,0.00031353594282879094,-0.012135866403450102,0.02802927541971889,12249704.8,0.8373408312663991,0,3.8869053009576646,4.182381435185334,14.491664699774601,0.01909672961863773,0.011141737692283686,0.028800105953302978,-0.017393945314154505,0.04412720198064664,1
2021-10-06,768.1069946289062,773.7908394129953,754.8366970384816,759.1174344507981,18600830,61.50299464252328,7.541352032051577,7.340772826802553,0.20057920524902428,774.7723881806297,750.6225616455079,726.472735110386,750.6225616455079,731.9552282714844,752.1714528217576,738.808378231687,756.5270350362678,748.9856830042162,751.4109485981294,0.012190931718202958,0.012752143786477717,0.02467643506315286,0.012190931718202958,0.020345095816076464,0.013207064861872952,0.05294394984556838,12817471.5,1.4512090001526432,0,4.4702673705094185,4.411002046795716,14.8942569234426,0.01939086224652651,0.021186049732898983,0.039656583845657636,-0.008603034456836509,0.05731014738246717,0
2021-10-07,766.0142822265625,774.1952249469945,764.3495507842819,773.6720352488085,11265724,56.41262014465251,7.739550802692406,7.420528421980523,0.3190223807118828,776.5368268686558,751.4335296630859,726.330232457516,751.4335296630859,733.5795324707032,753.4898175269772,739.8752764275645,757.9866115270823,750.2470607243899,752.2043684002157,-0.002724506373431468,0.01235654601631972,0.01285312087666869,-0.002724506373431468,0.015607844432014684,0.009749704667163961,0.025796241154408595,13044553.7,0.8636342997307758,0,4.74893726565449,4.528072604549948,14.585089360382208,0.019040231623342507,0.01662194286936986,0.03532893533786988,-0.01355060607302413,0.05463637336804328,1
2021-10-08,762.280517578125,771.4840923948822,761.0914237242488,766.7277169793773,7245562,60.358160155924885,7.508784559271248,7.438179649438668,0.07060490983258028,777.6630218791177,752.2433074951172,726.8235931111167,752.2433074951172,735.3427209472657,754.3270270556579,740.7539133354296,758.647212458012,751.1384278987407,752.7376923079214,-0.004874275499909264,0.011698827407709625,0.013633653794081461,-0.004874275499909264,0.004512955504076377,0.012605266174866347,0.0006869043720625356,12994284.4,0.5575960766258125,0,5.2003847396099445,4.722624100143548,14.50695524616406,0.019030993068345426,0.010543822821133276,0.029060398946482064,-0.019780423998845807,0.04878339779152941,1
2021-10-11,777.0965576171875,782.4236743028476,760.5443496718865,760.9724350269096,13080848,67.80509237728947,8.424320929401915,7.635407905431318,0.788913023970597,781.1121873786923,754.1042388916015,727.0962904045108,754.1042388916015,737.3931945800781,756.4955537758036,742.1791150719691,761.4855732517312,753.0612523223293,754.0527701242197,0.019436466887721604,0.01237406323362958,0.028155220115824164,0.019436466887721604,0.011703529652954625,0.03030110287643839,0.005353536502088696,13200368.6,0.9909456619264405,0,6.881716680331579,5.433672963557001,14.720989618382484,0.018943578470507552,0.02723215455604546,0.047047190949091065,-0.005140912952569205,0.06876705035155617,1
2021-10-12,775.098876953125,780.7827800509983,772.9109560129631,772.9109560129631,8176946,72.21966858476884,8.886258705682735,7.885578065481602,1.000680640201133,783.2658461524146,756.0317565917969,728.7976670311792,756.0317565917969,739.3257104492187,758.2672988403104,743.4700861261322,763.5799276673303,754.6936689616475,755.3132284519144,-0.0025706981255817496,0.01171432268675072,0.010155896585709156,-0.0025706981255817496,0.0118595631143541,0.021404647950059807,0.009009017598674784,13121290.6,0.6231815336823651,0,7.773271471936937,5.857569788209275,14.537530239249268,0.018755710621586208,0.022197420538320287,0.042542116242760164,-0.010426816437110947,0.06353095243918354,1
2021-10-13,779.7601318359375,783.8506027379818,775.2891277080766,778.6185902197064,6225644,68.33068394811498,9.51874585774317,8.212211623933916,1.3065342338092538,785.6733502670004,758.2339569091797,730.794563551359,758.2339569091797,741.3875988769531,760.3142353160844,744.8932251735755,766.0691898471159,756.5504439893728,757.0893351940709,0.006013755175514612,0.01035216041274,0.010979626529183115,0.006013755175514612,0.022930684773825538,0.015171242142719032,0.028578674583605856,12691422.9,0.4905394808016365,0,8.142782494326752,6.084846941888486,13.861437643743345,0.017776540602437222,0.025576131047669943,0.046807925597977196,-0.0075263064848175906,0.0670031917679109,1
2021-10-14,802.5908203125,803.8274663407793,779.0943135302938,779.0943135302938,14757288,70.86272178942096,11.727059990875546,8.915181297322242,2.8118786935533038,794.0181734424693,761.2649597167969,728.5117459911244,761.2649597167969,743.7914721679688,764.3405767443145,747.1558759633373,771.6879022264059,759.9608422355303,759.9868507710605,0.029279117441934233,0.011710750882525501,0.03081664054026351,0.029279117441934233,0.032807071972478674,0.047749159427707966,0.057964404297397465,12916259.8,1.1425357052666283,0,10.850759217337327,7.280599535772808,14.338778472020554,0.017865614842738357,0.050043455407157975,0.07419461739183712,0.010796537354886877,0.10168549063075526,0
2021-10-18,794.4573364257812,820.4746843514532,792.9115145567133,810.9619343879581,28856456,61.339680140002336,12.67475400175806,9.667095838209406,3.007658163548655,799.0004840083204,763.3613342285156,727.7221844487108,763.3613342285156,745.7415856933594,767.2088395711208,749.0108351971586,775.1908921032328,762.5161381014748,765.3687394817173,-0.010134035527034624,0.011812697278475035,0.034694336034135013,-0.010134035527034624,0.024975470934435418,0.04221125701846162,0.05534860732362157,13334177.5,2.164097185596937,1,12.881812515462912,8.256921861728983,15.154156702807995,0.019074852742861803,0.035516401075217856,0.060675358877365214,-0.005686038586294357,0.09170416046561228,0
2021-10-19,803.2090454101562,804.9926860848645,794.7902846500209,796.9068483595202,8987540,67.73413703113422,13.970949695627382,10.527866609693001,3.443083085934381,804.7419196617228,766.4256256103515,728.1093315589802,766.4256256103515,747.6807604980469,770.6374306034099,751.1362552055115,779.5013772273749,765.5304275317475,767.2356438359743,0.011015958419804406,0.011787567745109405,0.012702049974591373,0.011015958419804406,0.030071957537773253,0.03360262960504867,0.06492192921806872,13344474.0,0.6735027547732492,0,14.141876827606325,8.957140133542339,14.20797637189382,0.017689014401772032,0.042265809462749174,0.06932535854017274,-0.0019048022901689019,0.10314345743980155,0
2021-10-20,796.1458740234375,807.9892602226093,791.6748695952446,803.3993464110135,10908568,69.87086767969167,14.263830659169912,11.275059419588384,2.988771239581528,807.411065536147,769.3246398925781,731.2382142490093,769.3246398925781,749.4044702148437,773.066806167222,752.9013382964106,782.0620690421537,767.7982383829838,770.2256639190243,-0.008793690045051705,0.011374017987803617,0.02049171032554332,-0.008793690045051705,-0.00803017692945085,0.02715395118755315,0.04913981990323557,13151152.6,0.8294761935923396,0,14.799507326911566,9.431252170278412,14.357462846008145,0.018033708789383842,0.02985391129472872,0.05743718801838804,-0.013952238201279877,0.08876404229104629,0
2021-10-21,797.3111572265625,799.998462628159,789.962523081634,795.1707884960194,9738190,70.07157326302018,14.42370208944078,11.904787953558865,2.518914135881916,807.8286257999024,772.7159393310546,737.6032528622069,772.7159393310546,751.0444689941406,775.3757919823972,754.6428998230833,784.4080826089859,769.9843805195451,772.7367920751901,0.0014636553942508623,0.011360856261941018,0.01258723078883646,0.0014636553942508623,0.0035921636945546176,0.02250823641021671,0.03802095645772052,13108952.0,0.7428656386872116,0,15.061556666312867,9.749674649507824,14.284417707222328,0.01791573788696311,0.028289979479606,0.05654099099518755,-0.01301943040570718,0.08094853721518194,0
2021-10-22,799.427734375,812.3888563513312,794.6713593378141,799.1185583853392,12175554,75.16042823009991,14.553428571272548,12.434516077101602,2.118912494170946,810.1631888780182,775.3497802734375,740.5363716688569,775.3497802734375,752.6911254882813,777.6664531626451,756.3991678447271,786.7187982652957,772.1653696940232,775.689268450175,0.0026546438354129176,0.010896427877848502,0.022162724973970063,0.0026546438354129176,-0.004707754546296683,-0.003941094088602215,0.04361988140914952,13034514.5,0.9341010744972511,0,13.325876418330608,9.243291881389837,14.540921098056572,0.01818916266324535,0.027982795353786,0.05688605746735267,-0.013250977889881142,0.07952528053878949,0
2021-10-25,788.13134765625,803.827385358517,767.5838306159519,803.827385358517,16426766,66.52749880041387,13.588078827949516,12.665228627271185,0.9228502006783312,811.3116460946625,776.6684844970703,742.025322899478,776.6684844970703,754.2326672363281,778.6631097810837,757.6435670530221,786.9361135562118,773.3480347282623,777.7733400291065,-0.014130591463131559,0.011964675512953087,0.04598669352557331,-0.014130591463131559,-0.010066655657819279,-0.007962653851233292,0.033912489538965085,12815517.7,1.2817871571430939,0,11.454270209962829,8.63273185586354,16.496122203452906,0.02093067640629849,0.012159607609802217,0.04024026854978132,-0.028571386285397706,0.06213537912238867,0
2021-10-26,786.10986328125,796.1458027295024,783.0657717264866,784.8018601809484,12090656,63.63636918882339,12.515642767477743,12.635311455312497,-0.11966868783475348,812.1713765250715,777.3260528564454,742.4807291878192,777.3260528564454,755.672421875,779.3723244001471,758.7598923953055,786.8089981292947,774.2933553618169,778.668025911173,-0.0025649079699868738,0.012027260567641085,0.01663893510815313,-0.0025649079699868738,-0.014048836321663982,-0.021288582625678232,0.01159869462258345,12599277.4,0.9596309070867826,0,8.734893796737197,7.623637189794067,16.708460347072105,0.021254612271789097,0.008644826959038465,0.036045620175842695,-0.03208868718733653,0.05876130164503478,0
2021-10-27,781.3773803710938,791.9603157232438,778.7613738795511,786.109950708577,13249642,56.954201588749534,11.155266672936364,12.33930249883727,-1.1840358259009065,812.6010476903124,777.9860046386718,743.3709615870313,777.9860046386718,756.781611328125,779.5632821116659,759.6468527080816,785.973364628033,774.8180979550966,779.6094914123864,-0.006020129159050036,0.011893072871032714,0.016891891389822625,-0.006020129159050036,-0.022579094054096305,-0.01854998453701584,0.008100261275889364,12623070.0,1.0496370534267814,0,6.496475944443887,6.745514411671024,16.2973745948706,0.020857238773831166,0.0023270699134441747,0.028606091877488214,-0.03842435031060676,0.05112712326416697,0
2021-10-28,757.9759521484375,784.8019203094409,754.9081133208074,784.8019203094409,17797750,46.55661788236967,8.09553880135502,11.49054975934082,-3.3950109579858,812.6095200717504,777.9800628662109,743.3506056606715,777.9800628662109,757.3809155273437,777.5073459246918,759.5813271959387,781.6660704004029,773.5705315990479,779.9849710453253,-0.029948945043101194,0.014532632121245089,0.03943899130823519,-0.029948945043101194,-0.03826189073368136,-0.04933482332663208,-0.0279370267831075,12699805.7,1.4014190784036957,0,2.131553942294545,4.938427372855358,17.72938408243638,0.023390430833832524,-0.025120526357246865,-0.0021134998847688463,-0.06723225186740234,0.01967489684731928,0
2021-10-29,752.8628540039062,761.9713243308421,741.9945480375242,756.2636739613226,12406874,46.012869496729394,5.198176784440079,10.232075164360673,-5.033898379920593,813.0864023569297,777.6923065185547,742.2982106801796,777.6923065185547,758.0296850585937,775.1602514560454,759.3178576589962,777.2348063394033,772.0366295549633,779.9798040494697,-0.006745726074868785,0.014582944891678178,0.02653441617829411,-0.006745726074868785,-0.042293082468867094,-0.05824776695732059,-0.061959301115892984,12521382.0,0.9908550030659555,0,-2.5062017065996542,2.9186898142691007,18.41396319834242,0.024458589104791824,-0.028764887531650664,-0.008501056033359959,-0.07406783360101805,0.014232343782758231,0
2021-11-01,763.5408935546875,766.252004050304,753.1957780437663,753.885429186674,8122320,44.052590931925714,3.7207347492051213,8.929807081329562,-5.209072332124441,812.3347390979336,778.2297821044922,744.1248251110508,778.2297821044922,758.9077111816406,774.0536459416304,759.4834669098076,775.1280505263702,771.4073157771651,780.6590140602174,0.014183246648433956,0.014081460290711535,0.01709957661305351,0.014183246648433956,-0.022826981257040302,-0.031200959300362485,-0.03891517071286055,12371068.2,0.6565576932152067,0,-4.609463839453269,1.8398998567854505,17.807522156587886,0.023322290013419497,-0.013581426096319491,0.005342350191491068,-0.06006618108863569,0.02609248850250244,0
2021-11-02,764.2305297851562,771.484001438633,761.0437818569678,763.8738016710508,13237722,45.176257696798295,2.5758068738965676,7.6590070398429635,-5.083200165946396,811.6262938153121,778.72919921875,745.8321046221878,778.72919921875,759.7828820800781,773.1181110695852,759.6696262382526,773.4515088738758,770.8757019999792,780.5474203865115,0.0009032079830828543,0.014085375730179038,0.013661086772600058,0.0009032079830828543,0.008251683472266569,-0.02783241187786223,-0.0485284819036067,12680402.9,1.0439512138845368,0,-6.2542133305619245,0.9097338429470483,17.99097898113288,0.023541298443272844,-0.011495761329576493,0.006003798742735621,-0.0583960430943615,0.024668320187542017,0
2021-11-03,752.1968994140625,765.728821094555,749.3906846195152,763.4457378753382,10207338,38.51791282486255,0.6894819633664611,6.265102024547664,-5.575620061181203,812.2607959582602,778.3962524414062,744.5317089245522,778.3962524414062,760.323681640625,771.1256147214402,759.3765781275,770.1815689569814,769.492086993615,780.5375389314798,-0.015746073863964427,0.014457521365249826,0.021720558124829578,-0.015746073863964427,-0.0008845629536669009,-0.037344926651412425,-0.05520216337650852,12677910.9,0.805127759653209,0,-8.43766739022567,-0.27027458058159937,18.532865459003087,0.02463831674052313,-0.024546863631569934,-0.009454701290816,-0.0739465659835739,0.010295317711293203,0
2021-11-04,758.142333984375,759.9973317587402,756.3111413083693,758.6417765602017,1096808,28.452738544129872,-0.3219855872903281,4.947684502180065,-5.269670089470393,812.6807204167578,777.8980194091797,743.1153184016016,777.8980194091797,760.657578125,769.8891117941006,759.3281763963971,768.3293789611957,768.6513645484861,781.612300639835,0.00790409342945142,0.011715296422650843,0.004862135096715023,0.00790409342945142,-0.00707042624158527,0.00021950806680059998,-0.04912614465152576,11802709.8,0.09292849003200943,0,-7.6182341305911905,-0.25315079954157227,17.323385425731097,0.022849779848975068,-0.015257752876062427,-0.0015616994718276574,-0.06710924113520808,0.020221646910866607,0
2021-11-08,761.138916015625,763.2554796846038,746.9648951674751,757.2624587445608,18943580,33.001663435495644,-0.8717329867388344,3.7838010043962855,-4.65553399113512,812.8534683504353,777.6542510986328,742.4550338468304,777.6542510986328,761.0651989746094,769.0557598151981,759.3991857932297,767.2231538926465,768.0948868793853,780.3292387390261,0.003952532258028052,0.011752534926531695,0.021402905795969353,0.003952532258028052,-0.004045394222081611,0.01099278835143025,-0.04789528397999543,12186602.6,1.5544594848772701,1,-6.1044916408473,0.08132813423344487,16.51820076304458,0.02170195271253938,-0.010294239004822665,0.002290929796794691,-0.06362100224503836,0.025165001672881316,0
2021-11-09,747.821044921875,758.4515312291761,746.2990281757783,758.4515312291761,12695476,23.00019339194597,-2.3549067574693936,2.55605945202315,-4.9109662094925435,814.0041585824407,776.9312774658204,739.8583963492,776.9312774658204,761.2311950683594,767.0334060158341,758.9451410531765,764.2382140509892,766.5931208084586,779.2748089538275,-0.017497293612926512,0.011608213406049273,0.016250549694903808,-0.017497293612926512,-0.005817432238282461,-0.020588089996893655,-0.05114668113919085,12459098.3,1.0189722959325234,0,-7.020239925796318,-0.5383258566311042,16.82566777595625,0.022499591165843737,-0.02504761975590211,-0.014657312537589671,-0.0813056210619627,0.010762395361012792,0
2021-11-10,739.7352905273438,746.2753067593006,737.2381934205965,745.7996692151582,13714126,22.77315632845277,-4.135118389856416,1.2178238836472368,-5.352942273503652,815.6953607202556,775.0632141113281,734.4310675024005,775.0632141113281,761.2958825683594,764.4335854931206,758.1918135815753,760.4685335088899,764.6036518987463,777.4881674171528,-0.010812418892779285,0.011670962543494753,0.012216685420350447,-0.010812418892779285,-0.024279139459597365,-0.03205216005267242,-0.05899248301037363,12490762.2,1.0979414851080906,0,-8.68452557646458,-1.4778126566773153,16.416272124092945,0.022192089973685162,-0.03230927504296467,-0.024342815002243168,-0.09312308718519552,0.007222220382072651,0
2021-11-11,736.4295043945312,739.5687000261834,730.3888738006117,737.2618699516246,7999404,21.21004485816657,-5.746456672095064,-0.1750322275012235,-5.571424444593841,817.282375712434,773.1297454833984,728.9771152543628,773.1297454833984,761.1061010742187,761.7665301503978,757.3383896918873,756.77022133745,762.5166780095451,776.1815813763033,-0.004468877144492955,0.01151820997380547,0.012465315649077683,-0.004468877144492955,-0.03246373441321515,-0.020961792094348675,-0.05752390215751546,12481885.1,0.6408810797337015,0,-9.359084571042445,-2.0381884356127102,16.36702049410773,0.022224829934759566,-0.033260880798824506,-0.02760837900461185,-0.09892893046595119,0.010223076944696728,0
2021-11-12,738.6650390625,741.5426691680743,734.8837441539887,737.2381265594817,14914092,21.298588823835345,-6.7650812596281185,-1.4930420339266024,-5.272039225701516,817.6849597912179,771.0749908447266,724.4650218982352,771.0749908447266,760.8359387207031,759.5663881420265,756.6061014319114,753.9848086797655,760.7498899393936,773.9150407905913,0.0030356397382622635,0.011539632168105834,0.009014810045074048,0.0030356397382622635,-0.012243578756641615,-0.025690815627605335,-0.02547694690207769,12916307.5,1.1546714879620201,0,-10.322723652074046,-2.722074964485728,15.577122494148341,0.021088208687822206,-0.027517474977603047,-0.02371255311774133,-0.09663858896083197,0.019600693939726754,0
2021-11-15,740.6864624023438,747.6307579669023,739.330907202677,742.9932925577368,9533594,25.43705923580123,-7.324800869364594,-2.659393801014201,-4.665407068350394,813.995631547623,767.9797729492187,721.9639143508144,767.9797729492187,760.6280834960937,757.7682999763424,755.9818018621245,751.9389092524698,759.2637101218344,771.4942588284911,0.0027365899737306076,0.011457135318013161,0.011205619631963365,0.0027365899737306076,0.001285827359029934,-0.026870855218315226,-0.016173452491121787,12655122.8,0.7533387190837847,0,-11.287459838855739,-3.417383931105178,13.628705648565285,0.018400100906882943,-0.022542296338513963,-0.02023241752923874,-0.09006088768056282,0.025932803121281368,0
2021-11-16,736.2869262695312,740.662768498323,733.2428343419601,739.6163891144192,8245406,24.825772420756437,-8.030814262295621,-3.7336778932704853,-4.297136369025136,811.3930484574552,765.0712524414063,718.7494564253574,765.0712524414063,760.2380615234375,755.722454861408,755.2094537996699,749.5309118704793,757.5617261327749,766.398764300419,-0.005939809023298492,0.011451884509873883,0.010077503608486782,-0.005939809023298492,-0.0001936072959450863,-0.015423634746129289,-0.03569418156279047,11624570.3,0.7093084550402693,0,-11.310951154426107,-3.735687253506626,13.22610543837727,0.017963249062955128,-0.025717812758972492,-0.025055999279317922,-0.0925644141648843,0.02439997649722765,0
2021-11-17,728.10595703125,734.3843492276189,727.0119674834298,731.0073343634929,7598878,23.989762778497308,-9.145052338303458,-4.81595278227708,-4.329099556026378,806.7891319107003,761.3160980224609,715.8430641342214,761.3160980224609,759.8076098632813,753.0923122109167,754.1465715734573,746.2347649721362,755.3798173104396,763.8509513625783,-0.01111111571643808,0.011580399922338506,0.010125424291608632,-0.01111111571643808,-0.014294817641093971,-0.015720939158929914,-0.04726920915350208,11555137.2,0.657619019876285,0,-11.341273282203929,-4.0452420081179525,12.945820934263613,0.017780133247430614,-0.03317834317855689,-0.03452991172243345,-0.09752631978706354,0.017130700165210035,0
2021-11-18,732.1964111328125,734.1465133558511,725.4661286012387,725.8466618423676,9152874,34.487677463332076,-9.58750973632391,-5.770264173086446,-3.8172455632374636,802.2533493148355,758.1186248779297,713.9839004410239,758.1186248779297,759.5574267578126,751.1022263939544,753.2857809679418,744.0750182276248,753.6625279639487,760.8711315503664,0.005617937969139453,0.009368710996644615,0.011855268098327092,0.005617937969139453,-0.011462409130571394,-0.0057481309975474515,-0.026589431964994414,11467352.5,0.7981680165495916,0,-10.66430375644336,-4.052608723945468,11.430576488976394,0.015611352794384309,-0.025170761844108543,-0.02799650593169347,-0.08732520498899152,0.025508293226974444,0
2021-11-22,720.7572631835938,738.5223119294355,713.0044068868091,735.3355639518028,15261272,32.047828953745054,-10.737429645407701,-6.763697267550697,-3.9737323778570044,797.3800492111919,754.2909301757812,711.2018111403705,754.2909301757812,759.0446887207031,748.2122298977296,752.010152819536,740.4876712977739,751.2251009431816,757.0350343718695,-0.015623059298420672,0.009964893916698643,0.03540429815429617,-0.015623059298420672,-0.021091863147183698,-0.024243432316269464,-0.049311414394057174,11743506.6,1.2995498295202559,0,-11.354158244296968,-4.595948612375423,11.826371399641289,0.016408258374537996,-0.0366940897476222,-0.041559132571235564,-0.0960931817937974,0.01343564076123712,0
2021-11-23,720.8524780273438,726.6790377392206,711.7202026626078,714.407566305228,11235214,22.926145711155755,-11.508404690397583,-7.712638752120075,-3.7957659382775084,790.3392352445775,750.3621673583984,710.3850994722194,750.3621673583984,758.46583984375,745.606539243407,750.7882832198421,737.4668723330923,748.9752770234899,752.895533295592,0.00013210389768314457,0.008724831738883061,0.020751590002920626,0.00013210389768314457,-0.009962120119826112,-0.026777841072820996,-0.05292915280060939,11696489.6,0.9605629025652278,0,-12.161760732935363,-5.193518642282356,11.938491758942364,0.016561629629980278,-0.0331998982213623,-0.03987249916063584,-0.0879201665797731,0.01473479463871229,0
2021-11-24,722.04150390625,730.7456350037625,720.1389539752681,724.8715237040991,30802286,23.411293790730767,-11.886443989546365,-8.547399799605333,-3.3390441899410312,784.7501815330533,747.0576751708984,709.3651688087435,747.0576751708984,757.984970703125,743.3622501636778,749.6609585408778,735.0937387289628,746.9801827185091,747.1252755086903,0.001649471861649321,0.00875973292369271,0.01468984950465051,0.001649471861649321,-0.013869102705449499,-0.0193476508342435,-0.03447287448070979,12415265.6,2.481000970289351,1,-12.360204697730182,-5.548495258792059,11.950381862287307,0.01655082401445852,-0.028681502528186326,-0.03684259440212232,-0.07990909604416829,0.017869971144473,0
2021-11-25,725.7990112304688,729.294993262682,716.7857039376246,720.4956996177941,10251652,31.425697723257272,-11.747426400456902,-9.187405119775647,-2.560021280681255,778.0496592055814,744.0421325683594,710.0346059311374,744.0421325683594,757.7033923339844,741.6895607414674,748.7251959012539,733.6637806522714,745.4112070527283,744.1349631155282,0.005204004622851421,0.008382356144552416,0.017235197529203154,0.005204004622851421,0.006995070746294685,-0.003168420445545439,-0.01883954905942109,12323315.4,0.8318907426486869,0,-11.4027514694493,-5.421375672203453,11.676892780145717,0.016088328310546376,-0.021424798665243265,-0.030620292727278214,-0.06715592938947185,0.02220230558855356,0
2021-11-26,708.65234375,716.6430191487968,706.3217083190601,713.4562710293536,18624936,19.91909610824382,-12.872461006871958,-9.92441629719491,-2.948044709677049,773.1328252115643,740.4058807373046,707.678936263045,740.4058807373046,757.14546875,738.5431591232324,747.1537115031656,729.8158672826912,742.6883282895632,739.5512993132012,-0.023624539597263294,0.00952501134438319,0.014564702876898821,-0.023624539597263294,-0.016924592269877636,-0.032155398503506016,-0.037718696058177015,12592080.1,1.479099231587639,0,-12.55906727072204,-6.132069464776237,12.510954963483641,0.017654573605555286,-0.04047267245521238,-0.05153071872681512,-0.0834015570919777,0.001375493090263739,0
2021-11-29,714.0507202148438,717.0948115002752,695.3819503441143,710.9828818936928,12990996,22.1908943907642,-13.176563946248052,-10.57484582700554,-2.6017181192425127,771.8545672284449,738.209619140625,704.5646710528051,738.209619140625,756.7121606445312,736.210545893862,745.855554982055,727.390460041484,740.567023987732,736.0384248306311,0.007617806548521289,0.009828667680584812,0.030408009601373874,0.007617806548521289,-0.011066931261120128,-0.009304856588093324,-0.03332270724345676,12351742.4,1.0517541233696712,0,-12.001684003867581,-6.154597837480992,12.89826043770023,0.018063507356759472,-0.030099848205941047,-0.0426420833829902,-0.0748895575252754,0.013463702555315427,0
2021-11-30,710.388427734375,727.2497542737889,707.058965157582,711.0780789007943,25221542,25.047480482958292,-13.556809649942124,-11.171238591592857,-2.3855710583492673,771.1678007376712,736.0858978271484,701.0039949166256,736.0858978271484,756.0805139160157,733.7512965453394,744.4646872468519,724.7747627634672,738.3315724134093,733.2112954271362,-0.005128896837141794,0.009099965233230705,0.028422181904906495,-0.005128896837141794,-0.021232577142765385,-0.01451621602467712,-0.04090534417181069,12992475.8,1.941242176491104,1,-11.855242698067627,-6.323595972990233,13.28046767172596,0.01869465654737795,-0.031840310090028974,-0.04577283529524589,-0.07881471833387864,0.01338713172221724,1
2021-12-01,715.66796875,716.8095103506997,708.2717824753072,711.0780553091722,8677634,33.33322062066918,-13.279069426234514,-11.59280475852119,-1.6862646677133242,767.3922867956836,733.692251586914,699.9922163781445,733.692251586914,755.3432763671875,732.0290748505452,743.335404168544,723.373717530626,736.6527869568605,731.6905690332939,0.007431907403760762,0.009295374353393065,0.01192973312792621,0.007431907403760762,0.009899953146101481,-0.00882710359691119,-0.028003970712883852,13020241.5,0.6664725842450772,0,-11.333175313132642,-6.3255543723338405,13.134387412734108,0.01835262717664295,-0.02235035009215382,-0.037220661444871316,-0.06740270776197559,0.022394180970988543,1
2021-12-02,725.7039184570312,727.15463606218,713.4562527842353,715.596621542588,11203110,43.20577536931185,-12.109549679734641,-11.696153742763881,-0.41339593697076005,762.3791304636733,731.7659210205078,701.1527115773423,731.7659210205078,755.0188903808594,731.4266790035438,742.6439733563278,723.7322099808422,735.8417596605768,729.538275390873,0.01402319252119133,0.010232994829969137,0.01887599464402749,0.01402319252119133,0.016319846633137347,-0.00013101805316084736,-0.003299023378427912,12918510.9,0.8672137281704813,0,-10.262881737923635,-6.0812225449260495,13.445242166392152,0.018527173168609867,-0.007824106927995705,-0.022810465723888083,-0.0481062643783762,0.03501549159591429,0
2021-12-03,719.9011840820312,730.5554179694886,716.8095402344054,725.7277436410184,8124694,38.627806824344276,-11.518154903363097,-11.660553974883726,0.1423990715206287,759.6120719489652,730.1511352539062,700.6901985588472,730.1511352539062,754.6536022949218,730.3290128205426,741.7520992671397,723.1428213810251,734.6609762843882,728.2678468560185,-0.007996008051517234,0.010322801218376093,0.019094117413643436,-0.007996008051517234,0.013390922453502041,0.015873566821927643,-0.016792252548409436,12814378.7,0.6340294906377318,0,-8.214146302689755,-5.401612236025926,13.951453075034838,0.019379677910691003,-0.014278261653934483,-0.02945851478775375,-0.052277852516280095,0.02741723169911104,0
2021-12-06,715.2637329101562,722.3982957810733,712.1958360389292,719.6395749131635,7029532,35.065635393346255,-11.293489517884154,-11.587141083483813,0.2936515655996583,755.0313506521342,728.0072052001954,700.9830597482566,728.0072052001954,754.3691735839843,728.8942242576487,740.71333980216,721.9306539239684,733.2241434418526,727.8305840045856,-0.006441788504332524,0.01030488954508147,0.014263913117241263,-0.006441788504332524,-0.0005648371276834041,0.00169877665685636,-0.007621886804404121,13111014.9,0.5361546801384537,0,-7.316321636213274,-5.142215179894947,14.039791706302115,0.019628832080132382,-0.018700232343553835,-0.034358240259047046,-0.05267015430237421,0.02037235131905799,0
2021-12-07,725.6801147460938,728.6766542380091,718.165077039117,720.0913740885894,12427534,44.1805047478337,-10.157832450976684,-11.301279356982388,1.1434469060057033,748.3048926132474,726.2342651367187,704.16363766019,726.2342651367187,753.9477575683594,728.5881185898816,740.1238015646672,722.5074940504493,732.665326501426,725.4830091307855,0.014562994538471763,0.011188562685133989,0.014485138817080455,0.014562994538471763,-3.280085766677043e-05,0.02152581097145423,0.006697121624609226,12785212.6,0.9720240397097504,0,-5.163177955457854,-4.340885682184648,14.46616979683563,0.019934637180870195,-0.003991286392943103,-0.019515230814140357,-0.030234705252484534,0.03055607522904637,0
2021-12-08,739.0455932617188,739.6401401548495,729.6279472500399,730.5792222790491,15295534,55.67902056025019,-8.086121848010976,-10.658247855188105,2.572126007177129,746.3564441801527,725.7954925537109,705.2345409272691,725.7954925537109,753.4935241699219,729.5840685586279,740.0815188861202,725.0518170060292,733.1379388540402,724.8648423117401,0.018417865177829063,0.011892474801731822,0.013547463101189152,0.018417865177829063,0.026593106947169654,0.03266546154433958,0.023550016534335638,12915215.5,1.1843034287736043,0,-2.4450062919172524,-3.2538852824237665,14.800817412739507,0.020026934126509407,0.012968381727116257,-0.0013997452955731029,-0.00979538794826739,0.047942989703813416,0
2021-12-09,726.2271118164062,739.4736046987022,723.9202815328325,734.9550484079257,11747744,47.15867394519028,-7.393394147900381,-10.00527711373056,2.61188296583018,744.6127017027842,725.120083618164,705.6274655335438,725.120083618164,752.558896484375,729.264358392702,739.5382088049549,725.232631592241,732.6260257401414,724.2267216718232,-0.017344642282134615,0.012776739139271994,0.021416610469097437,-0.017344642282134615,0.015327743322933296,0.000720946030562164,0.0005898335204559402,12816896.4,0.9165825823480948,0,-2.162320610841789,-3.1057645513728858,15.291741584972167,0.021056417938907786,-0.004164808743690447,-0.017999201163735056,-0.024691480341839028,0.029193373683784354,0
2021-12-10,724.181884765625,726.7740858657247,717.4753496970789,725.2996212566436,7779384,51.79017761711659,-6.929555581803129,-9.390132807345076,2.4605772255419467,743.2598099904473,724.5077026367187,705.7555952829902,724.5077026367187,751.6789672851562,728.7803132853613,738.9360000190989,725.0709782343,732.0005338161031,723.8327773187877,-0.0028162361573995653,0.012049089660850682,0.012840332469315098,-0.0028162361573995653,-0.002064587343685087,0.005946233702966097,0.021914188462916595,12805895.4,0.607484580890767,0,-1.5486995351812993,-2.816099248040814,14.13322952254498,0.019516132369313648,-0.006309759519993742,-0.01996670246556199,-0.02566790907888246,0.026108598508873836,0
2021-12-13,718.7596435546875,731.3640377223576,716.8808405306988,725.8228490514963,10322142,48.96371099598468,-6.919723461866624,-8.896050938249386,1.976327476382762,741.1824850668866,723.5124328613281,705.8423806557696,723.5124328613281,750.8922644042968,727.8259637872019,738.1447703538279,724.1000036682058,731.0197271300724,722.9096949185367,-0.007487402439916524,0.012233103531632017,0.020150264864664424,-0.007487402439916524,-0.02744884739451703,0.004887582696675663,0.006594662264925555,12576297.9,0.8207615692691249,0,-1.0682604704468304,-2.5685694483321413,14.099255387905405,0.01961609213084965,-0.01245671449440783,-0.02626195778620523,-0.03025279464095209,0.01830049208283157,0
2021-12-14,714.62158203125,721.0664937719724,712.0531858243114,714.6453871321823,9191100,46.43020326182072,-7.163264760516881,-8.549493702702886,1.3862289421860048,738.3221262852405,722.2091888427734,706.0962514003063,722.2091888427734,750.0123364257812,726.5684036199684,737.2222923803935,722.6417849548279,729.8050497153448,721.908286887643,-0.005757225743744265,0.012309772632572092,0.01261270044775512,-0.005757225743744265,-0.01598057907274908,-0.015238853167022448,0.00595892913173679,12559173.2,0.7318236522130295,0,-2.0197149699131387,-2.9015091842737775,13.98544302498874,0.01957041793397329,-0.016442803635825603,-0.03065657479804193,-0.032100547186952585,0.012073893062081198,0
2021-12-15,713.456298828125,724.5624236009718,711.387287173768,714.8832114257813,10115148,43.90989598610819,-7.365397888078746,-8.312674539778058,0.9472766516993119,736.1854099627516,721.0676574707031,705.9499049786547,721.0676574707031,749.225634765625,725.319631735031,736.2902926332457,721.2286332430275,728.5940311311062,721.2078787504436,-0.0016306297380674906,0.012194005093605676,0.01846663411458335,-0.0016306297380674906,-0.014810624462073152,-0.034624784542260034,-0.0030903575658667304,12652660.3,0.799448318390402,0,-4.264436823596952,-3.7912262528744805,14.033003532284908,0.019669044278303478,-0.016356006907641222,-0.03101221628694564,-0.030874166788739527,0.010633040385064282,0
2021-12-16,713.5038452148438,721.5421310623909,710.6024679019197,719.5444766662719,13210432,52.87974048389002,-7.436035266138788,-8.137346685050204,0.7013114189114162,735.4344885061582,720.3375518798828,705.2406152536073,720.3375518798828,748.4108679199219,724.1943187331084,735.3967064599751,720.0402043156147,727.4762395817535,720.6484562484421,6.664232525088742e-05,0.01033869659075342,0.01533231142878731,6.664232525088742e-05,-0.007312316971290644,-0.017519679993410975,-0.01681136470659672,12933238.0,1.0214326837563803,0,-5.07003965959359,-4.141502344979813,13.423172121503667,0.018813034031318787,-0.01476188536933892,-0.029770137740374715,-0.02981998211133777,0.011716894606622957,0
2021-12-17,700.6378784179688,716.3101116196879,698.0931712139019,712.0293739008451,14994768,42.68677418839553,-8.432981728288269,-8.196473693697817,-0.236508034590452,735.1769180909434,718.7596252441406,702.3423323973377,718.7596252441406,747.2465087890625,721.9508482269047,734.0336151642102,717.0552311005922,725.4882128288805,719.4176664808941,-0.01803209174437026,0.011222333931254004,0.026000507490288125,-0.01803209174437026,-0.019567983902100683,-0.032511178259141404,-0.02675826362006306,13225332.7,1.1337913639027017,0,-6.8294650584566625,-4.9023848548886235,13.173463496476886,0.01880210006090792,-0.029521358498684643,-0.045496195346272444,-0.046980582255851125,-0.0024268136786673128,0
2021-12-20,678.0926513671875,693.4795137394923,672.599014710812,690.6256885800706,21156668,35.397834459448276,-10.916442433700922,-8.740467441698438,-2.175974992002484,741.0742097440866,716.6263946533203,692.178579562554,716.6263946533203,745.4462219238281,717.7738770974078,731.8398518780525,711.0609880646838,721.9774304983847,716.1783889878943,-0.032178144723902236,0.013933991275592745,0.03079298822451555,-0.032178144723902236,-0.049566662343612955,-0.056579403910851034,-0.05196835772971842,13520102.5,1.5648304441478902,1,-10.052086689794123,-6.3049184757753665,13.734040252973305,0.020253928759266727,-0.05528374185291672,-0.07344120489330906,-0.08498684416321596,-0.020350135949408554,0
2021-12-21,685.7742309570312,690.0311637314365,680.1616847395859,684.6802413864573,9118750,36.7712318947444,-12.12499427341038,-9.417372808040827,-2.7076214653695523,742.8255499257025,714.8724822998047,686.9194146739069,714.8724822998047,743.8414208984375,714.7262917507053,730.0333569399733,707.1707177404296,719.29571201384,714.9800291708393,0.011328215361655847,0.014199645357435566,0.014391732069134938,0.011328215361655847,-0.038864001145589966,-0.040367310195450035,-0.05499101184965649,13414279.3,0.6797793452832013,0,-11.842111869263135,-7.1889354404202095,13.97695343074877,0.02038127535244836,-0.04050789949640252,-0.060626169423901,-0.07680311881353236,-0.001667129640555108,0
2021-12-22,687.391357421875,692.5282661369407,682.8728007403497,690.7684304433625,8577484,31.68068968133757,-12.804687258626586,-10.09483569815798,-2.709851560468607,743.4204608656554,713.1399749755859,682.8594890855164,713.1399749755859,742.3436376953125,712.1229646717691,728.3611216647538,704.1277392298826,716.9324264885092,712.857717246022,0.002358103282164681,0.013449566005529812,0.01404653301549314,0.002358103282164681,-0.01890637289837116,-0.03653333981221063,-0.06989316533486367,12303039.2,0.6971841559279109,0,-13.196667063261884,-7.929170968491917,13.688173582080651,0.0199132174623484,-0.034729405561711287,-0.05624924645790765,-0.07536664161561932,0.006636604468113398,0
2021-12-23,686.8681640625,693.3844332367066,683.4197918766113,691.2202591921077,9779166,33.36525782923674,-13.233024113220495,-10.722473381170483,-2.510550732050012,743.013613168293,711.1934326171875,679.3732520660819,711.1934326171875,740.5390698242187,709.7177455661244,726.7339468568223,701.4724199733622,714.7054440865827,711.4001094963853,-0.0007611288005384687,0.013414149077618285,0.014507356551742361,-0.0007611288005384687,0.01294146556170328,-0.0373308165484707,-0.05419647258205973,12279414.9,0.7963869679165251,0,-14.47657316698394,-8.662759603152836,13.418085269581516,0.0195351684233258,-0.03219530812970993,-0.05485608999929716,-0.07556449587293901,0.011032097559956697,0
2021-12-24,684.3948364257812,690.6256763008242,679.2103758660999,687.5340324330864,5561024,34.10869617130166,-13.615114461905819,-11.301001597317551,-2.3141128645882674,743.9829558384088,709.9805572509765,675.9781586635443,709.9805572509765,738.7249890136719,707.3060399337107,725.0735895850169,698.8450994275805,712.4602138894863,710.8315684499977,-0.0036008768001274394,0.013383855672840271,0.016679407598017868,-0.0036008768001274394,-0.0020114411842582225,-0.02318321988080929,-0.05494068434578481,11626219.3,0.47831748709574057,0,-14.644808293193933,-8.96002557919337,13.504716747622963,0.019732347511782364,-0.03239220678799341,-0.056102930438436435,-0.08009339319538109,0.01245110904008695,1
2021-12-27,690.0548706054688,691.5768872980073,676.4278453611157,679.6383983110893,4705098,30.715753583062963,-13.307802299539958,-11.702361737762034,-1.6054405617779235,743.8549762982392,708.7807647705079,673.7065532427765,708.7807647705079,736.9308837890625,705.6630714262591,723.7003064877797,697.492756531871,710.800558831411,710.4261901130275,0.008270129870129761,0.01284104285998851,0.02195338745105798,0.008270129870129761,0.0038748133138937213,0.017640980497521497,-0.039936539574282226,11211924.4,0.4196512420294236,0,-12.110805671148682,-8.139545390272815,13.6287253625543,0.01975020529975561,-0.022118488911774332,-0.04649084100239922,-0.07232606812755929,0.024266228796502382,1
2021-12-28,694.811279296875,697.7126564182305,691.2915502045277,694.7636690981695,5450678,23.594514103499264,-12.535946182137877,-11.869078626637204,-0.6668675555006729,743.6134993685226,708.0019073486328,672.390315328743,708.0019073486328,734.77529296875,704.6295674139368,722.5674034606855,697.0802215726409,709.6161677547788,709.452697460272,0.0068927977962576215,0.01164029833201797,0.009241511191644413,0.0068927977962576215,0.01156425009916795,0.013177876817027867,-0.027721388819612613,10223381.2,0.5331580514673561,0,-10.096724336768489,-7.465953479287805,13.178565391411869,0.018967114933350133,-0.013933971225612811,-0.03841319720606612,-0.0656284751595964,0.03334516196469907,1
2021-12-29,691.5055541992188,694.906373869757,688.4377156088801,692.5519915154243,7668702,26.61751867300417,-12.052060386469066,-11.905674978603576,-0.14638540786548937,742.9456624998656,706.7937866210938,670.6419107423219,706.7937866210938,732.7162573242188,703.3796613934875,721.3492917249416,696.2225804382682,708.2746408247373,708.6042592611752,-0.004757730906443491,0.011028184248800503,0.00935445597160492,-0.004757730906443491,0.010389788752020568,0.005985232041284982,-0.030766768286944912,10172934.6,0.753833805242393,0,-8.743303278281587,-7.0118299398121735,12.529660755340956,0.018119392793382007,-0.016881504891319385,-0.041372103456785006,-0.06923804915632871,0.031109960655162822,1
2021-12-30,695.1442260742188,697.6888751595437,687.2962071004079,693.7173135335258,7215918,30.85607318386343,-11.245337743008008,-11.773607531484464,0.5282697884764556,740.6270223617537,705.2658020019531,669.9045816421526,705.2658020019531,730.5549609375,702.5953342202238,720.32164209158,696.056679766876,707.302017509884,707.2951384737661,0.005261956108528532,0.011271754858385902,0.014950376726607916,0.005261956108528532,0.007375290988504313,0.012048981805722114,-0.025731633072133886,9973575.0,0.7235036584173679,0,-7.122411345900673,-6.412304765242311,12.607798747518814,0.01813695385016794,-0.010605120448564674,-0.034953018965602906,-0.06141120282446191,0.03767647680539162,1
2021-12-31,703.6580810546875,706.2265349915142,695.1441587739171,695.1441587739171,6325736,40.433815694443794,-9.805970172133698,-11.380080059614311,1.5741098874806134,739.1392239792483,704.453646850586,669.7680697219237,704.453646850586,728.705205078125,702.6965482044584,719.668169109741,697.2261261188469,707.0320962909806,706.4935852707545,0.012247609432865625,0.011866741049462498,0.01574966097310523,0.012247609432865625,0.012732668598536723,0.02814639094810767,0.0043106470970972754,9883627.1,0.6400217183426518,0,-4.6094917292523405,-5.405420475275832,12.36488296365727,0.017572288724552125,0.0013683471943700723,-0.022246486286671068,-0.04800332843052712,0.05059962226451672,1
2022-01-03,722.8025512695312,724.3959253104654,704.1813312029835,706.3216999908345,9069184,54.35443220558682,-7.039317383829939,-10.511927524457437,3.4726101406274985,740.1685251348717,704.8305877685547,669.4926504022376,704.8305877685547,727.2150329589844,704.6114056392273,719.7910860571837,701.1609607574137,708.2002781412436,706.6200364253298,0.02720706367238579,0.0140210715026533,0.027966965628409734,0.02720706367238579,0.045259212858463904,0.047456632883887906,0.06593479491659227,9985609.7,0.9082253635449021,0,-1.0516657870317658,-3.9092204305959513,13.202349842808474,0.018265499782229393,0.02581727386856707,0.004183804538124353,-0.02346218904968447,0.07962731306350349,1
2022-01-04,727.0357666015625,729.1047782359835,717.166287896205,722.9690425129386,8857352,56.99926762605137,-4.453799390622635,-9.300301897690478,4.846502507067843,740.4094714704725,704.8983703613281,669.3872692521838,704.8983703613281,725.7671936035156,706.7470590642116,720.0751911765711,705.141700118052,709.5954995086746,706.3123357629933,0.005856669051037544,0.014059650664807136,0.016420774449080487,0.005856669051037544,0.04587758817684362,0.04637876249979356,0.060167812935969955,9807100.6,0.9031570452127309,0,2.1174916502748147,-2.4922122841143164,13.114017979420955,0.018037651766048303,0.028707169385628183,0.00966645637883745,-0.018062579402650575,0.08612129330422066,1
2022-01-05,744.3013305664062,747.7021503050373,726.8216524342752,730.9597335226943,14332638,63.4811365720307,-1.000043160679411,-7.6402501502882645,6.640206989608854,741.7962316967062,705.1611572265625,668.5260827564189,705.1611572265625,724.8905932617188,710.3236563501349,721.0252358585255,711.1662586485679,712.1663018092473,706.422655633216,0.023747888010447582,0.01525541586418403,0.028053823113378416,0.023747888010447582,0.05775994137777829,0.07634902720098369,0.08279122588619292,9758955.8,1.4686651209138584,0,6.94399495664743,-0.3240558664160744,13.824077601584593,0.018573227043762772,0.047834073823275515,0.03228194181049132,0.003377071441803067,0.1133467336047029,0
2022-01-06,732.36279296875,739.4973550044904,727.749132743457,733.9086147431605,9628930,64.00078221927244,0.764925737163253,-5.9592149727979615,6.7241407099612145,742.9390064774605,705.4679412841797,667.9968760908989,705.4679412841797,723.8156518554688,712.4226217423841,721.4698459412795,714.427263928596,713.6623381914327,706.3313395829908,-0.016039925104757158,0.01505074204588032,0.01604153347743136,-0.016039925104757158,0.013226629710184623,0.05354078405386553,0.0662348777925168,9653015.1,0.9975049142935662,0,9.827287522160304,1.1482038496994846,13.705167417096252,0.018713631479748114,0.02798924489174404,0.015098270688304164,-0.014235641710153386,0.09635661360352285,0
2022-01-07,737.499755859375,745.2050602081262,730.5316548059,734.3843069802756,11179384,80.97712343415827,2.5488052382902424,-4.257610930580321,6.806416168870563,745.4338700115987,706.1338348388672,666.8337996661356,706.1338348388672,722.9380993652344,714.8109202297165,722.0984698596361,717.9768780717927,715.4280728335025,707.4663963886658,0.007014232481420191,0.011067135047341338,0.019896149504657044,0.007014232481420191,0.014392674664033489,0.04809391907212013,0.07759398026865849,9823015.1,1.1380807100663013,0,12.114372025258149,2.430300749895082,12.750491823886923,0.017288808196321847,0.03174103107205891,0.02132851216639836,-0.010643619067242396,0.10597236707050507,0
2022-01-10,741.5902099609375,747.7021401431209,735.0977465592833,741.0432152309048,8856496,80.23697876541708,4.243689445414134,-2.55735085538143,6.801040300795564,749.348038088695,707.2753631591797,665.2026882296644,707.2753631591797,722.6103845214843,717.3613287755471,722.862851824393,721.6096983624303,717.3660089170162,708.223441899358,0.005546380278860008,0.010963344193844857,0.016996440102009302,0.005546380278860008,-0.00364250404255706,0.0259927952086052,0.07468295863233387,9749732.8,0.9083834584677027,0,12.749923136319808,3.0717657672092855,12.798054768143247,0.01725758322620976,0.033775003214553366,0.02590720783241183,-0.010352770319576515,0.11483345314578751,0
2022-01-11,744.80078125,746.1325314282669,736.191754015291,742.731769713943,8389198,80.57238137956588,5.779342993195314,-0.8900120856660811,6.669355078861395,754.0128033245016,708.7843231201172,663.5558429157327,708.7843231201172,722.4491430664062,719.9746099635902,723.72316278226,725.1775572682103,719.398214275015,709.3348218997133,0.0043293064632441425,0.010930281480462755,0.013346894449133442,0.0043293064632441425,0.01698336999184602,0.02443485652910571,0.07194687743657902,9709637.7,0.8640073151236117,0,13.22755089937857,3.6479716056888947,12.818434197885024,0.017210554178490295,0.03448200942483972,0.029123868837788457,-0.012217328451035736,0.12243873549100057,0
2022-01-12,740.4011840820312,749.9139348284391,738.1894579212469,745.7996585183731,21085530,77.37774695175054,6.565663884830428,0.6011231084332207,5.964540776397207,757.5006011287077,710.1315673828125,662.7625336369173,710.1315673828125,721.9863488769531,721.9199979748703,724.3772028332315,727.5196537011059,720.9539898162755,712.4260502775616,-0.00590707915287747,0.011249786535655979,0.01583530275107339,-0.00590707915287747,0.003934141265274471,-0.005240010092964709,0.07070894743489786,10258156.8,2.055489149863648,1,11.596341624735373,3.351966974705988,12.944136736963369,0.017482598644155124,0.025600047316883288,0.022121045756445218,-0.022573469936786286,0.1171439942735914,0
2022-01-13,726.774169921875,739.6163836574055,723.1593361863409,739.6163836574055,41963896,69.45414647731685,6.0198496203745435,1.6848684108214855,4.334981209553058,758.7313776061758,710.7950836181641,662.8587896301524,710.7950836181641,721.2372216796875,722.3823000650611,724.4712015425902,727.4049638889165,721.385114268542,715.3942743158831,-0.01840490595250921,0.012758840790596951,0.022643963079802022,-0.01840490595250921,-0.019978742761238566,-0.007630948896544365,0.04550126817032529,11695830.0,3.587936555165388,1,9.959678322677064,3.0013556013107063,13.360318698460942,0.018383040085061246,0.00607970302763274,0.0031788266730012286,-0.042119264640309066,0.09642382554417772,0
2022-01-14,734.9312744140625,736.6197526556398,722.4933425207672,727.7253548760855,11208968,70.13873101521521,6.174324277281585,2.5827595841135054,3.5915646931680794,761.3608792993197,712.5097534179688,663.6586275366179,712.5097534179688,720.8919091796874,723.5774404792517,724.8814004787264,728.5628578158621,722.3885335385805,716.8477094015203,0.011223712715415335,0.012852260731244467,0.01922140290755093,0.011223712715415335,-0.013251203656598598,-0.0034826878584109933,0.044443735105693216,11506540.0,0.9741388810189684,0,8.76652024953512,2.78293061909028,13.2872735697453,0.018079613743936566,0.015691249201040293,0.013864163059914308,-0.03471363659974272,0.10739353625522188,0
2022-01-17,723.6824951171875,740.0919897485006,722.5647585444003,727.7254140843227,22989372,62.242849585318915,5.327650240893604,3.131737715469525,2.1959125254240788,761.0651366236588,714.7892456054688,668.5133545872787,714.7892456054688,720.2027124023438,723.5874456828645,724.8343845821954,727.8120327852969,722.4843825444033,721.264217677111,-0.015305892793640141,0.013874602067170413,0.02421950416427038,-0.015305892793640141,-0.02258058107453198,-0.02414772283023159,0.0012174055640932213,11598175.2,1.9821542271580792,1,6.226116907317419,1.971532757802379,13.992233954840913,0.019334769113871022,0.0001313586006640278,-0.0015891760787146941,-0.04911884634778207,0.08252511359921692,0
2022-01-18,727.36865234375,737.6662159084163,724.3959179463994,729.1522929821604,12341152,65.15885059380965,4.89764010235649,3.4849181928469184,1.412721909509572,761.3585669488093,716.8689666748047,672.3793664008001,716.8689666748047,719.5273071289063,723.9475606029489,724.9337676316682,727.7438204096743,722.8461803073178,723.1062194220455,0.0050936111505164305,0.013699526058588492,0.018244253335989863,0.0050936111505164305,0.0008179740646794276,-0.023405089448206073,0.0004578670781818506,11759295.3,1.0494805755919745,0,3.9729506393587144,1.2106048494081278,14.529024135580341,0.01997477357425903,0.00472560711158665,0.0033587685121035504,-0.04464376718223052,0.08178312525755171,0
2022-01-19,722.2317504882812,732.3628526288228,719.8060108107658,729.6279369589961,14317626,61.30633141515501,4.095142665147705,3.6069630873070757,0.48817957784062926,760.9154688157165,718.610986328125,676.3065038405335,718.610986328125,719.0155212402344,723.7841501158376,724.8278061750648,726.895809652537,722.8006669873893,724.4710761434811,-0.007062308554151242,0.013984782943881264,0.017386166988044606,-0.007062308554151242,-0.017279879585892166,-0.02453998451701145,-0.029651404843425766,12046302.4,1.1885494423583456,0,1.8641521409673487,0.4506033418332436,14.68360797550328,0.020330881279556172,-0.0021448378322569375,-0.0035816171298435457,-0.05083839127050778,0.06790596628444732,0
2022-01-20,717.7369995117188,727.0119309169397,713.5038140786304,726.9881258170541,15197846,56.08055137741548,3.061181430855072,3.497806756016675,-0.4366253251616028,759.7482652620422,720.154428100586,680.5605909391297,720.154428100586,718.5755554199219,723.2082310106834,724.5497353255219,725.486761938565,722.4255805077099,725.6114390689675,-0.0062234192466943394,0.013898458138779093,0.01882042704709243,-0.0062234192466943394,-0.008215613401711508,-0.012434633458599298,-0.01997069430267373,12317236.4,1.2338681751695535,0,0.8259309456223036,0.07853378293168589,14.856875162697008,0.02069960887177927,-0.007565222939067843,-0.009402716586104764,-0.05529629703837952,0.0546261553600804,0
2022-01-21,723.7300415039062,727.6303040191038,706.6070907204011,713.4562826460474,11537694,50.451911135642334,2.6942900081409107,3.337103406441522,-0.6428133983006115,757.9662215333888,722.1211883544922,686.2761551755957,722.1211883544922,718.3215661621093,723.2579272481332,724.5175904697722,725.2164972563098,722.5222072481689,726.2245728385612,0.008349913681842569,0.012000142623932198,0.029048418737761234,0.008349913681842569,-0.005002430099399158,-0.015241197782862925,-0.01867080530680787,12616069.9,0.9145236267278449,0,-0.3195132311184352,-0.3638100089541467,14.877258665763074,0.020556364683782132,0.0006527605685143776,-0.001086997715756429,-0.0451684772445686,0.05457553208843066,0
2022-01-24,707.1065063476562,723.5635523601698,698.0218416410312,718.1888253449379,11868508,41.33578020991272,1.050041331064108,2.8796909913660396,-1.8296496603019317,756.3323307718924,722.9737701416016,689.6152095113107,722.9737701416016,717.6903955078125,721.719696686183,723.8348028571403,722.4303448088247,721.3803034777605,726.1915479426453,-0.022969248480699256,0.013344870404613145,0.03612144774493238,-0.022969248480699256,-0.02094236944083283,-0.02290505695712186,-0.04649967482054229,12974240.4,0.9147747871235683,0,-1.8677489966814846,-0.9995817250551227,15.86080934598425,0.022430580405642768,-0.02024773662908758,-0.023110655143208998,-0.06508491363049049,0.02536385015165283,0
2022-01-25,707.7723388671875,711.0779959583617,686.820485728344,693.788586063523,13594248,31.44026341887583,-0.19703912754994235,2.264344967582843,-2.4613840951327854,755.1289738999336,723.6218231201171,692.1146723403007,723.6218231201171,717.0321130371094,720.3913768938977,723.2049023085146,720.1752669716496,720.3723060991996,725.6004658857864,0.0009416297453836986,0.011191329215719324,0.034273040775855475,0.0009416297453836986,-0.013883442892466569,-0.02694137754413617,-0.049715901641063875,13381418.9,1.015904823067754,0,-3.556183709051197,-1.7288653231535136,16.102024514502506,0.022750287953149338,-0.017516919873638057,-0.021339130019812438,-0.06271330682514853,0.02262293685227385,1
2022-01-27,701.54150390625,706.321683981928,682.5398091003816,689.6743715648455,28617838,33.37606381787991,-1.6688976703273966,1.4776964400007953,-3.146594110328192,753.7400362761763,724.1236206054688,694.5072049347613,724.1236206054688,716.3372045898437,718.5961508950741,722.3553572731317,717.3085341923575,718.9774318626849,723.647555798513,-0.008803445145807998,0.01072653201521217,0.033899455341026376,-0.008803445145807998,-0.03065858306993674,-0.028647655780908443,-0.05248462726860781,14428875.7,1.983372689252566,1,-5.187999220763572,-2.472448901933035,16.722048224777982,0.023836149581554368,-0.023733284637805274,-0.02881387001191958,-0.06925269968119396,0.010128475156927289,1
2022-01-28,695.9765625,707.1302385002696,694.4307406458227,702.7543967837006,24925208,27.706749226980136,-3.2469713682121437,0.5327628783582075,-3.779734246570351,753.6120469224325,724.1652374267578,694.7184279310832,724.1652374267578,715.6946166992187,716.4419043812575,721.3208947330089,714.0266923935332,717.2736637617453,722.3695202449694,-0.007932447866967118,0.010390336264700468,0.018247019423799804,-0.007932447866967118,-0.015740123655691662,-0.030318120741333554,-0.04237575948136074,15314340.2,1.6275730899591745,1,-6.766326629425976,-3.228840592512938,16.581054828508034,0.023824156906875775,-0.02856524968194317,-0.03513600176851928,-0.07647898498677363,0.001810999274430703,1
2022-01-31,706.6546630859375,709.4371891168743,697.6651601162798,700.4951802272873,12842546,32.48268111834864,-3.5945370805744687,-0.2926971134283278,-3.301839967146141,753.3501526577729,724.3150665283204,695.2799803988678,724.3150665283204,715.1837817382813,715.5097861626556,720.7457483939081,712.8925340385184,716.4870711190929,722.0578557106546,0.015342615198967291,0.011371996855215201,0.016658814574556664,0.015342615198967291,-0.0015791458917974177,-0.023593574176479115,-0.038475177628913726,15640180.7,0.8211251676906777,0,-7.748141085477641,-3.7718420758641287,16.642214330867798,0.023550703335334686,-0.012375963610796886,-0.01955070194915591,-0.0619837792653212,0.016359859348379753,0
2022-02-01,712.029296875,721.5420463322478,700.8280111646047,717.4991278129174,14739484,33.91681873351777,-3.3971372984765367,-0.9135851504379696,-2.483552148038567,753.3248345591301,723.7764038085937,694.2279730580574,723.7764038085937,715.0092224121094,715.1783109924027,720.4039267657157,712.759728321054,716.1568656195305,721.7080958503618,0.007605743045112856,0.011574774106126501,0.0290915489833833,0.007605743045112856,0.014949640057434932,0.006961879834440854,-0.01610263937681744,15923695.7,0.9256321068732807,0,-6.5413856937803985,-3.4308760914245795,17.41173274191545,0.024453674614700806,-0.004403117472946002,-0.011624908720742223,-0.054817703850554116,0.025641899358402706,0
2022-02-02,728.296142578125,730.1035883666477,716.1198337589774,719.1401203787386,13969290,44.67903125846791,-1.9061254211022742,-1.1120932045708307,-0.7940322165314435,753.4224779440584,723.8394226074219,694.2563672707853,723.8394226074219,715.158095703125,716.427628286281,720.7134254250259,715.149945899065,717.0560713201672,721.7686358563334,0.02284575336228145,0.01344678088594555,0.019200643515931138,0.02284575336228145,0.046437742044115105,0.02899774769919161,0.001275130886361886,16179292.6,0.863405486590928,0,-3.963748607616708,-2.491476883488758,17.865290926519418,0.024530256144536685,0.016566243153176397,0.010521126547111787,-0.033349596144912265,0.04903055544330781,0
2022-02-03,720.7572631835938,732.457933895551,717.7369767162163,727.1308172000766,10564762,47.20560664479477,-1.3176235837363492,-1.1531992804039346,-0.16442430333241465,750.6475176284437,722.6622192382813,694.6769208481189,722.6622192382813,715.1324108886719,716.8399744669774,720.7151445528128,716.0126100966847,717.3302336804211,721.0313203803008,-0.010351392728573439,0.012806206603708977,0.02042429252021975,-0.010351392728573439,0.019956848563159157,0.027390766149042678,-0.0020415708720790127,15990898.8,0.6606734325652789,0,-1.7561764280966372,-1.6402127203189139,17.685227303922584,0.02453700879240081,0.005464662764557899,5.84400523552936e-05,-0.0398192943330894,0.03754312480056742,0
2022-02-04,724.8715209960938,729.0809010904223,720.1626983222618,726.9643375245986,11579958,45.14572628704418,-0.5133280898315888,-1.0252250422894655,0.5118969524578767,749.9246420097625,722.2876556396484,694.6506692695343,722.2876556396484,715.1138610839844,717.6048836602266,720.8781397074513,717.3755194658246,717.8888475556562,720.799291718015,0.0057082432916837345,0.012498359392242295,0.012303149606299127,0.0057082432916837345,0.018036089494430252,0.0415171430375485,0.009940300540767222,16088450.2,0.7197683963368952,0,1.1629792789691464,-0.4427550255576307,17.313212492014582,0.023884525727018983,0.010126237294822754,0.005539606583524744,-0.03340751804945033,0.04350510704659425,0
2022-02-07,698.3072509765625,722.4934077542481,694.4307934965123,719.211497186438,12268042,39.33212494316427,-1.996419221921883,-1.219463878215949,-0.776955343705934,748.9633546130755,720.3280303955078,691.6927061779401,720.3280303955078,714.9069592285156,715.7670138808301,719.9930068160439,714.4419396982458,716.4383589201677,719.6150920163909,-0.03664686672063977,0.015362302970351346,0.04018662876332888,-0.03664686672063977,-0.041176782147168356,-0.011812576277247078,-0.03512744955911373,16142883.1,0.7599659815414261,0,0.25722771817447665,-0.7527415778641853,18.235605084548954,0.026114013650935155,-0.024393081220105632,-0.0301193978749603,-0.06763495613571453,0.00956283728242874,0
2022-02-08,695.3106079101562,703.206178118259,687.082114705199,702.2311561639202,13981130,36.444052834329824,-3.3746824421399424,-1.6505075910007476,-1.7241748511391948,746.893526110503,718.0140502929687,689.1345744754344,718.0140502929687,714.5321569824218,713.818784740766,719.0250696040483,711.4986578846937,714.8733403268336,717.9843489788606,-0.004291295933438355,0.015212504160286616,0.02318972733858162,-0.004291295933438355,-0.035305444111710105,-0.02348033857345455,-0.01668192603463392,16399114.8,0.8525539439482428,0,-1.3595262516366802,-1.3788571616673835,18.388486700394033,0.026446434861195273,-0.025928396991305364,-0.03298141149230182,-0.06906328197670714,0.008962013608768643,1
2022-02-09,712.3147583007812,713.313585508527,697.7602613931682,701.0897241264689,11308342,46.189017954397684,-3.0596039374503334,-1.932326860290665,-1.1272770771596685,742.4415213898952,716.3897491455078,690.3379769011204,716.3897491455078,714.57068359375,713.6755441274341,718.7619201411751,711.6242117948609,714.6838157323112,717.0178096955726,0.02445547385179858,0.016828324272904347,0.021834903649141122,0.02445547385179858,-0.017322742488292908,-0.021943524540402715,0.006417910370535296,16545072.0,0.68348702260105,0,-2.7520841588468556,-1.9515052838507927,18.77749639898787,0.026361234524722436,-0.0019067289580682397,-0.008969815539375725,-0.04057796098568796,0.031834814445980596,0
2022-02-10,725.3947143554688,730.3413557953064,714.2410385936968,720.1151499017218,14314530,52.76061281626337,-1.7344649799838407,-1.8927544842293003,0.1582895042454595,739.5563043506979,715.6394256591797,691.7225469676614,715.6394256591797,714.7652185058594,714.7916555777232,719.0220297182062,713.7427506503391,715.4772156303229,715.6169180060621,0.0183626071231342,0.01749465399144039,0.022195250231338084,0.0183626071231342,0.03879017916687144,0.006434137273055418,0.034001139371515166,16206522.0,0.8832573700884125,0,-2.048318889254233,-1.6931148346066038,19.100245017289005,0.026330830152601882,0.014833775261654032,0.008862989413217365,-0.01914876516083858,0.04867871885254819,0
2022-02-11,722.4220581054688,725.3472405566795,713.2184834195023,713.5752115705957,10711104,49.517973753299735,-0.913619685900585,-1.6969275245635573,0.7833078386629724,738.9887714572072,715.4218200683594,691.8548686795115,715.4218200683594,714.6995812988281,715.5183605803657,719.1553641647655,715.078028720359,715.9916484062596,713.7499280130753,-0.0040979844368472795,0.01740304888392321,0.016789018276912166,-0.0040979844368472795,0.038991854700447304,-0.0033791683349058133,0.037997681287534446,14643882.4,0.731438815706414,0,-2.0865230798609673,-1.7227755426857811,18.468317705664983,0.025564443248172156,0.0096485260273453,0.004542403635544346,-0.02241808535070254,0.044181505124475676,0
2022-02-14,700.947021484375,713.1946881745109,698.8542627513499,708.6999366331057,14656620,47.80843426084577,-1.973203990100501,-1.752182817670946,-0.221021172429555,736.2442237151907,713.722607421875,691.2009911285592,713.722607421875,714.320498046875,714.1306139997951,718.4413115106325,712.9040276071307,714.8772315972312,712.6184257973066,-0.029726440908257157,0.018166402748365056,0.020458643782796503,-0.029726440908257157,-0.01595886745843067,0.0037802421557571186,-0.008076988520301254,14816265.0,0.9892250172361253,0,-1.636399881035004,-1.5516953054113856,18.315431669325253,0.026129552031677373,-0.018461038158803598,-0.024350339750748923,-0.04794224673533077,0.0141001394397641,1
2022-02-15,721.9226684570312,725.2996833180713,700.6378889247106,702.0409964179948,13135066,54.39896992620157,-1.107604994260555,-1.6232672529888679,0.5156622587283128,736.0056358326258,713.6346160888672,691.2635963451087,713.6346160888672,714.4536767578124,714.8727144242937,718.5778353124522,714.2915108148077,715.3991158090682,711.4743889977202,0.029924725164302446,0.01990769852486668,0.03416126888780265,0.029924725164302446,-0.004786422935990742,0.038273629431400336,0.013894613080461582,14323549.7,0.9170258961715335,0,1.0539296835277128,-0.44723429159614625,18.344309109564033,0.025410351982396415,0.009861831191046477,0.004654795876252805,-0.019134320024143302,0.04435221567289974,0
2022-02-16,720.9475708007812,729.9846836790362,716.7857425015849,729.7944170588287,10032264,56.236639583278574,-0.49459243170213085,-1.3975322887315207,0.9029398570293898,735.0293870982324,713.3135620117188,691.5977369252051,713.3135620117188,714.3590258789062,715.4512721744353,718.6707661159161,715.3155200434189,715.8101124751211,711.0698841297667,-0.001350695439906402,0.01970674727508606,0.01830776843146965,-0.001350695439906402,-0.0020410330611364547,0.012119378967513583,-0.010090087462677255,14208105.3,0.7060944290721156,0,1.7757280470011665,-0.09115402525901573,17.484767067467278,0.02425248072900273,0.007682282274292868,0.00316807750114875,-0.019158167747610345,0.04243772399554603,0
2022-02-17,716.5478515625,723.9202323784434,714.4074829385164,719.687047265433,7351208,56.661001205557426,-0.35965030703391676,-1.189955892392,0.8303055853580832,734.3997954235143,713.0293670654297,691.6589387073451,713.0293670654297,713.9090710449219,715.5557083066319,718.5875145648018,715.5051095078929,715.8647598149269,710.5522159785912,-0.006102689594188249,0.019640821685682888,0.013275804845668801,-0.006102689594188249,0.02225678917229379,-0.012195929495887547,-0.005840262507381122,13859784.4,0.53039843823256,0,0.7640527289087231,-0.43451515340439073,17.257142180715853,0.024083726080658858,0.0013865353100403614,-0.0028384336785159943,-0.024308209196490103,0.035984372444705585,0
2022-02-18,719.3304443359375,721.5421705778376,708.9139702743486,712.6477715282304,7796128,54.325603289191406,-0.027854628492264055,-0.9575356396120529,0.9296810111197888,734.5650754206026,713.1090393066406,691.6530031926786,713.1090393066406,713.7711376953125,715.9152069760896,718.6166490656308,716.0936225583613,716.1214771868536,710.2274495547363,0.0038833314025989996,0.019289429139917103,0.017555492615284756,0.0038833314025989996,-0.0035907227108329387,-0.004279511865458385,-0.007644219009379616,13489698.5,0.5779319678642187,0,0.3968463957239692,-0.5387150991347198,17.197683158331195,0.02390790393170073,0.004770449526101409,0.000993290749991416,-0.02073966159627446,0.04001636805666927,0
2022-02-21,723.9678344726562,728.0583054018553,711.3396935564448,715.3588072476773,7468066,54.09462213069147,0.6023509382913517,-0.645558324031372,1.2479092623227237,734.6019951576457,713.1209289550782,691.6398627525107,713.1209289550782,713.7668566894531,716.6821238805246,718.8264994737494,717.3050397759451,716.7026888376538,710.1387303336923,0.006446814775092458,0.019263421998953627,0.02309303127754071,0.006446814775092458,0.004189297244625356,0.03284244355519306,0.03674683810057555,13286217.1,0.562091221586316,0,2.5515098807295544,0.3851879631168913,16.91229577817173,0.02336056240743178,0.010165888543002377,0.007152400478656211,-0.014476084675903063,0.04674104756121247,0
2022-02-22,718.5455932617188,723.9678727153232,707.7248394554956,708.6048153348694,9536196,46.387040540827826,0.6566938818983772,-0.38510788284542224,1.0418017647437994,735.1087310616941,713.6928833007812,692.2770355398683,713.6928833007812,713.7625756835937,716.859597154924,718.8154835438659,717.4958941583718,716.8392002764734,710.4038513977235,-0.007489616185623937,0.018345119832447705,0.022605431599816844,-0.007489616185623937,0.0027880087768912265,-0.004677890503882232,0.033416699079851675,13169601.5,0.7241066481776233,0,1.9868827306303274,0.23764823141368652,16.781491618756004,0.023354804171269356,0.0023519195578689638,-0.0003754653152663293,-0.022531548191590332,0.03794515255206333,0
2022-02-23,713.8843383789062,725.6801135920207,711.3872414933543,725.3947427030585,9029562,47.39782020126765,0.31994857490587947,-0.24409659129516192,0.5640451662010414,735.2322648247871,713.9984832763672,692.7647017279473,713.9984832763672,713.7478308105469,716.5762391762557,718.6221053021028,716.9402701923002,716.6203216173943,711.0805597528133,-0.006487069055219563,0.018219079871938174,0.02002127141649131,-0.006487069055219563,-0.007571076686541334,-0.009797151288032824,0.002203492290218989,12941367.2,0.6977285985672365,0,1.124967001820437,-0.04866081381328513,16.75091411299398,0.02346446505750788,-0.0037566146491878932,-0.006592848853716833,-0.029035622438262073,0.030486017255614607,0
2022-02-24,675.1199340820312,701.5415645216091,669.2933742326196,689.6268790132194,23630766,35.07849837848366,-3.0398465078152412,-0.8032465745991778,-2.2365999332160635,739.6788055649936,712.6774047851562,685.6760040053189,712.6774047851562,712.981103515625,712.6280196434725,716.9161378032766,710.5063723291819,713.5462188369971,709.9818325604144,-0.05430067899360491,0.02305574751717156,0.04776660954743948,-0.05430067899360491,-0.06747247331258321,-0.05781598171026714,-0.06930679156948072,12692013.6,1.8618610682862804,1,-2.9276886631594152,-1.6713767615252664,19.298968497145843,0.02858598527887772,-0.05263347009595066,-0.05829999007877584,-0.08727960162877713,-0.015395128109522902,0
2022-02-25,692.5757446289062,697.2370153028564,681.5171728738023,684.8941874749454,18318654,48.18165869595273,-4.245036155691309,-1.4916044908176043,-2.7534316648737054,739.9901418069768,712.5073638916016,685.0245859762264,712.5073638916016,712.5625415039062,710.7182791658947,715.9616125807523,707.7478142214472,711.9928503771386,709.6232201927423,0.025855865996031957,0.022461697600762293,0.022697650835977592,0.025855865996031957,-0.03614224187908055,-0.037193893178996906,-0.04131423333727324,12361685.9,1.4818896183084542,0,-5.196927810194893,-2.655036484878451,18.704422334377536,0.027007042160276176,-0.025527040838573503,-0.03266357796411665,-0.06407436329123203,0.011023193630223858,0
2022-02-28,678.3780517578125,684.2284168134124,672.5752969059163,678.2591423710013,24880832,44.98454086681787,-6.2734760671835375,-2.447978806090791,-3.8254972610927465,742.4766234479034,711.0935333251953,679.7104432024871,711.0935333251953,712.1173449707031,707.6382575079821,714.487747450441,703.2293892270419,709.5028652942254,706.8758508084336,-0.020499841325949286,0.023089355007127412,0.01717791411042942,-0.020499841325949286,-0.049736749655723944,-0.06297211083701215,-0.03219782527753501,12963600.2,1.919284119854298,1,-9.043866372542539,-4.338752023308416,18.981306927943965,0.027980426074752304,-0.04134910095620364,-0.05053927911497628,-0.08633076068096365,-0.001960233887825806,0
2022-03-02,653.6448364257812,665.1314936990638,644.2034436334029,659.4713958190617,38505560,33.382705600225705,-9.764237037806197,-3.9112304524338724,-5.8530065853723245,748.7161846985784,708.1743103027344,667.6324359068904,708.1743103027344,711.628388671875,702.4960269287249,712.1017509396701,695.6009964883864,705.3652335261926,699.4877928072236,-0.0364593389599539,0.023554951748716975,0.03201746407131167,-0.0364593389599539,-0.03180930760909906,-0.09032239212731275,-0.0945777643707747,14151904.0,2.7208748730912817,1,-14.363570226199158,-6.713732604195798,20.136423394089597,0.030806368033438915,-0.06953945450270858,-0.08209067655956563,-0.12697915473948443,-0.020951048404514373,0
2022-03-03,652.0990600585938,662.0874482870623,648.2464076398575,656.8554354054835,17527922,27.788998481875723,-12.511200163308331,-5.631224394608765,-6.879975768699566,750.8324480791857,704.3644561767578,657.8964642743299,704.3644561767578,710.9548852539062,697.6963157982361,709.7487042384514,688.9083908838029,701.4195910471112,695.478928186249,-0.002364856694409223,0.022545092279401997,0.021225365124680887,-0.002364856694409223,-0.058443693537088226,-0.08654802325628119,-0.09549725046679203,14329835.6,1.2231767683364072,0,-18.879923378019612,-8.873401063651386,19.837455047852433,0.030420922621894223,-0.06535401536050028,-0.08122543068495598,-0.13149856305914362,-0.008812031270195043,0
2022-03-04,649.9586181640625,659.2335490489504,635.8797603305272,646.8669745357665,21219364,27.92987027182575,-14.691548972159353,-7.443289310118883,-7.2482596620404705,752.526506929245,700.8245239257812,649.1225409223175,700.8245239257812,710.20623046875,693.1498684045052,707.4039949806322,682.916118157689,697.6076671298483,691.113870576629,-0.003282387639600204,0.02255516731329374,0.035931193257180895,-0.003282387639600204,-0.0418932091333285,-0.037269401550379166,-0.09293061622225707,14862565.7,1.4277053120108327,0,-19.478151238967257,-9.512142822644364,20.635852032313625,0.03174948597589751,-0.062311560903647735,-0.08120589821964815,-0.1362980410932239,0.0012880114139266101,1
2022-03-07,630.1245727539062,633.7156009825043,616.9256323482289,627.1280333292115,27054458,28.21187352482241,-17.81457745657474,-9.517546939410055,-8.297030517164684,755.3254594561553,696.0871765136719,636.8488935711886,696.0871765136719,709.0713586425782,687.1474592949244,704.3734294031136,674.7943419417223,692.6089193982971,684.316662758388,-0.030515858788335626,0.02261649610089121,0.026645475133426803,-0.030515858788335626,-0.035983247110903505,-0.09017233473641562,-0.12401236772952551,15636290.7,1.730235035857961,1,-23.570819870970354,-11.588183177638712,21.31193706529325,0.033821783797688174,-0.08298493397549454,-0.10541121165249787,-0.16575753555612355,-0.010558738321071853,1
2022-03-08,631.551513671875,634.5004430311901,614.5236674634915,619.3751468768733,39212492,18.39652785515142,-19.944549472770632,-11.60294744608217,-8.341602026688461,758.613178778221,692.7493896484375,626.885600518654,692.7493896484375,708.0144921875,681.8526073308244,701.5176680018885,668.1415991309766,688.0861486037472,676.9337183889427,0.0022645378067585042,0.020188696405270597,0.03163126860634463,0.0022645378067585042,-0.03150985432316444,-0.06902720093110415,-0.12765252322031406,16983513.2,2.308856332504867,1,-25.785650177157663,-12.970079448552497,20.977292863460246,0.03321548980461961,-0.07377121260246805,-0.09973541297868661,-0.16749203501972412,0.00744300578823422,1
2022-03-09,652.1703491210938,653.8588273559873,627.2944854329724,632.5978550025679,23134694,28.853440885882307,-19.741235267598768,-13.23060501038549,-6.510630257213277,758.8839012008291,690.5923767089844,622.3008522171397,690.5923767089844,707.2568017578125,679.0257255965644,699.5824790261711,665.6844837448408,685.4257190124396,674.0466388754996,0.03264790757817959,0.023060854817493256,0.04073221353717586,0.03264790757817959,0.0034028796529828043,-0.0022557927830505475,-0.0923744363100546,17441191.4,1.326440004551524,0,-23.47030133216049,-12.519271913498983,21.93196434528622,0.033629195768932356,-0.0395498660258808,-0.06777203736016331,-0.1406190748161555,0.0479984830448725,1
2022-03-10,662.4203491210938,678.7347392382749,656.4986852373013,678.7347392382749,22273206,33.9356276648662,-18.539308351665227,-14.29234567864144,-4.246962673023788,756.6926647852538,688.09765625,619.5026477147462,688.09765625,706.6089831542969,677.4442611703291,698.1251405985209,665.1823091873413,683.7216175390065,672.4805903004124,0.015716752553705637,0.02384195317719811,0.033567890887525736,0.015716752553705637,0.05125300260239274,0.01582779319076555,-0.07209009427868562,17989434.6,1.2381270726540787,0,-20.252054627907,-11.623563639930467,23.1499386793758,0.034947505326627396,-0.02217734049924726,-0.051143827089247265,-0.12458468285920826,0.06927767228221637,1
2022-03-11,664.3704833984375,670.149432575976,652.9075731964616,660.1848501728542,15150780,33.60756488787527,-17.230787283135328,-14.880033999540219,-2.3507532835951093,752.0668933189386,685.0464447021484,618.0259960853582,685.0464447021484,706.0662817382813,676.1991394777681,696.8014285514589,665.0574129121253,682.2882001952606,670.04203513158,0.002943952854001619,0.023815344227486084,0.025952175495993643,0.002943952854001619,0.051965625948311445,0.02217351202309481,-0.01592228305065513,18031247.1,0.840251365641814,0,-16.950728926737156,-10.602566429173294,23.479485756234755,0.03534095259038411,-0.017492858817397955,-0.04654259280214203,-0.11660719372114489,0.07498792543781356,1
2022-03-14,686.1309204101562,689.6743966720176,673.0270836488999,673.0270836488999,25018126,39.760591557410194,-14.273355148359315,-14.758698229304038,0.4853430809447232,747.9159862575077,683.2318878173828,618.5477893772579,683.2318878173828,705.886015625,677.1450233760908,696.3829772518,668.2994909887454,682.5728461371048,669.4663430086839,0.032753467463527475,0.02577840538545657,0.024262589730202292,0.032753467463527475,0.05207316053977307,0.08888138961392822,-0.00930558753859223,18746598.2,1.3345421784310714,0,-10.002435918833612,-7.9904521513136615,24.092721572532582,0.035113884035615835,0.01327026962298837,-0.014721865950977636,-0.08260963394634387,0.10926096931158664,1
2022-03-15,677.3078002929688,689.436556548215,671.4812409154484,686.5827315469807,18867928,39.04195081950196,-12.497458013386108,-14.306450186120454,1.8089921727343459,746.2330250749446,682.0499267578125,617.8668284406804,682.0499267578125,705.3590100097656,677.160525939603,695.6349310965517,669.6853847278568,682.1828427412429,668.6133039135246,-0.012859236997967094,0.025881821068114912,0.026509831460674142,-0.012859236997967094,0.02247432644789349,0.07245060083074484,-0.0015776622814822616,18957163.6,0.9952927768160422,0,-4.69208139122145,-5.882736905336856,24.215027456313937,0.03575188037970293,0.0002174880958417285,-0.02634590355417212,-0.09236421126638517,0.09620353305306978,1
2022-03-16,688.7944946289062,692.052600068531,683.1105913586209,688.2474998619687,13364108,43.566295924844965,-10.047346943364914,-13.454629537569346,3.407282594204432,741.8979259369123,680.3935180664063,618.8891101959002,680.3935180664063,704.6788488769531,678.2685229576318,695.3666786860558,672.6252477895567,682.6725947329217,667.6566762231959,0.01695934157405099,0.02645373438136736,0.012982114084299754,0.01695934157405099,0.03676263747530317,0.056157329993872906,0.05377485791110681,18968615.7,0.7045378646160247,0,-0.7572026389325401,-4.2158003401152655,24.247308004663637,0.03520252875674779,0.015518885684647828,-0.009451393428238716,-0.07157781340464583,0.11295300447422399,0
2022-03-17,703.96728515625,708.6047506498716,699.4487290342597,700.1383801652347,14823954,58.41541284638896,-6.80287951659875,-12.124279533375228,5.321400016776478,739.1306867237765,679.5445037841797,619.9583208445829,679.5445037841797,704.2174792480469,680.7160241194049,695.7039573711614,677.447099692125,684.2499792087237,667.6252382483304,0.02202803687552435,0.022459332891298027,0.013006316925053715,0.02202803687552435,0.025995570547136193,0.06271989695105407,0.07954040769970705,19208200.2,0.7717513273315425,0,3.2717629490757645,-2.4211832273595064,22.477257424283543,0.03192940623553916,0.03415706434547894,0.011877649534024481,-0.047573997669329064,0.135507438947218,0
2022-03-21,707.03515625,710.4359760473683,700.5189456092843,707.2729750042046,12257876,54.604673655419276,-3.9386617073336083,-10.487155968166904,6.548494260833296,737.5530573357319,679.0688690185547,620.5846807013775,679.0688690185547,703.4721557617188,683.2226081318425,696.1483181115082,681.9991083933365,685.9377701006701,667.8768421184236,0.0043579739548109675,0.021507986256093778,0.014026219701269625,0.0043579739548109675,0.04389046744208858,0.06421819439256393,0.08781564932112373,19453533.6,0.6301105111309957,0,7.023468654074463,-0.6531104399507512,21.605825225516316,0.03055834640544625,0.034853278909005754,0.015638676206279362,-0.0413772280952531,0.1393048817301085,0
2022-03-22,710.6737670898438,712.5049598135698,693.0989270027054,704.561836957358,10461814,61.02627344369616,-1.3594718272968294,-8.66161913999289,7.302147312696061,735.9826811405438,678.63603515625,621.2893891719563,678.63603515625,703.0383752441406,685.8370042230807,696.717943561639,686.4105943466454,687.7700661739423,667.9100634015966,0.005146294081248115,0.02054297594912868,0.027306527565145226,0.005146294081248115,0.03176458672586402,0.03576991788245931,0.12783058750415655,19586817.9,0.5341252496149465,0,8.691980846989964,0.3349663098390465,21.563367017507346,0.030342145744041926,0.03621379819669868,0.020030808244814593,-0.03438792066612104,0.14386915256514754,0
2022-03-23,703.5867919921875,722.3982788795391,700.8994284281059,716.785732994576,31188256,69.38700271951468,0.11141079830110812,-6.907013152334091,7.018423950635199,732.2310904628765,677.6169830322266,623.0028756015766,677.6169830322266,702.3601159667969,687.5274602010909,696.9873101667586,689.0530862921134,688.9416754938123,670.0352744998812,-0.009972191778904294,0.01758396495082439,0.03055607452573091,-0.009972191778904294,-0.0005404983613379599,0.03879918655573111,0.11406081176418281,20772827.4,1.5013967718231753,1,10.366934261487927,1.3523790702068936,20.657955755151892,0.029360920344538355,0.023358095088157657,0.009468582467950487,-0.03911920545818624,0.12934758336837268,0
2022-03-24,686.178466796875,699.0206795927611,682.3258145703531,697.2845910655177,20160044,61.778714409573894,-0.12615622911346236,-5.550841767689966,5.424685538576504,727.3254326628579,675.9986267089844,624.6718207551108,675.9986267089844,701.2518811035156,687.3989846387847,696.563433956175,688.6108371389998,688.7369933681133,669.895427280347,-0.024742256951727715,0.019280831182639045,0.024330208291642626,-0.024742256951727715,-0.029498801111596085,-0.0037979801703273974,0.05214606539781008,21304019.8,0.9463023499443048,0,9.130461681152838,1.1967552701191835,21.187951239053998,0.030878193158640946,-0.0017755595646552018,-0.01490886063357926,-0.05657297822700508,0.09846233493839082,0
2022-03-25,680.5896606445312,690.6255995491529,674.929563195763,690.1499620838986,16366462,60.34038916335935,-0.7566772544358855,-4.5920088650391495,3.835331610603264,722.552514384273,674.3338928222656,626.1152712602583,674.3338928222656,699.9676586914062,686.750477591713,695.9370114733655,687.3768099860047,688.1334872404406,669.3733227064984,-0.008144828820456418,0.019461514065930975,0.02306240788102108,-0.008144828820456418,-0.042331809387737285,-0.03320839619206162,0.027428673571916473,21670864.8,0.7552288360914882,0,6.034453472308087,0.23305410220405065,20.640968927265906,0.030328067146536606,-0.008970968566030557,-0.022052787214668208,-0.058075853179336855,0.08700377052715189,1
2022-03-28,681.493408203125,683.9666998878296,666.6534839112492,680.589685374062,15754886,69.88215194711744,-1.1699582837957223,-3.9075987487904644,2.737640464994742,722.9771885653937,674.6525665283203,626.327944491247,674.6525665283203,698.7895031738282,686.2498043166094,695.3705956588462,686.4716712501771,687.6416295339728,668.9690918047247,0.0013278890510000085,0.016872505902209452,0.02540481796035224,0.0013278890510000085,-0.03140107807667292,-0.036125145717426976,0.0257731570449955,21277070.8,0.7404631092358822,0,3.027196184766808,-0.7777224526619193,19.518128224462107,0.02864023039624847,-0.0069309981344489215,-0.01995653474903257,-0.05737909994724055,0.0880776024717974,1
2022-03-29,690.5305786132812,694.5496924552175,680.16165739494,685.3936701441318,12377448,71.55769724146393,-0.759507225261359,-3.2779804440846436,2.5184732188232846,722.7236575330294,674.5503082275391,626.3769589220487,674.5503082275391,698.0646313476562,686.6574971067686,695.1807910688241,687.0961185368085,687.8556257620698,668.6051721935642,0.013260833195708033,0.01695378270458852,0.02083620263301222,0.013260833195708033,0.006342536274450916,-0.028343790652421763,0.006412272165922772,20980010.5,0.5899638610762373,0,0.820492883687848,-1.5371524928149256,19.118932473932027,0.027687307508273615,0.005640485282447079,-0.0066892131015203055,-0.044544105598586785,0.10242014617146268,1
2022-03-30,702.4927978515625,705.2515186367268,691.6007453109708,700.1384153992661,20109742,69.6362047161206,0.5249776997241042,-2.517388815322894,3.0423665150469983,725.5138697307511,675.7560455322266,625.9982213337021,675.7560455322266,697.4158618164063,688.1656209872251,695.467536432853,689.464838431386,688.939860731662,669.5294068265781,0.017323228845714134,0.015576566057799297,0.019431905020954373,0.017323228845714134,0.03218258882494429,-0.001554881576908751,0.03718397683844765,20741456.0,0.969543411031511,0,0.6381607861342218,-1.5197737339055948,18.272975195391357,0.026011619266810556,0.020819373167441844,0.010101494391446435,-0.031730712312546275,0.12219615633234093,1
2022-03-31,699.3536376953125,706.1790247075883,697.2370738898979,699.6628137051833,14295714,65.25840300853653,1.2749405464394385,-1.7589229429704276,3.033863489409866,727.7219829652048,678.0414855957031,628.3609882262014,678.0414855957031,696.9292846679688,689.2311463879953,695.6199325607926,690.9861921642978,689.7112516178584,672.1769727152418,-0.004468601195415145,0.015485656983791776,0.012786021743102833,-0.004468601195415145,0.02620748678887308,0.019200793286242357,0.01532988888375919,19530963.7,0.7319512861518451,0,1.832161749210627,-0.9435013953824409,17.014229531142014,0.024328506515261177,0.014686642297530264,0.005367449895771404,-0.03898239428511081,0.11298067639354269,1
2022-04-01,716.3101196289062,718.2126697474425,699.3298830454588,702.2312603639822,14568556,69.090905011991,3.2006428678116663,-0.767009780814009,3.967652648625675,732.1576210188867,681.2520385742188,630.3464561295508,681.2520385742188,696.7081140136719,691.8100962204629,696.4313124458167,694.8821810050068,691.6815381371952,674.4619945901454,0.024245933701686484,0.016394428195776523,0.02636118935715468,0.024245933701686484,0.03733294630832318,0.05248457484726865,0.017533250099706965,19382995.4,0.7516153050317497,0,5.059618628749945,0.49430097245124216,17.131438625604112,0.023916231470357107,0.03541437678098842,0.02854381591958664,-0.02164493127576376,0.13637526262492056,0
2022-04-04,788.0362548828125,819.0953496497071,743.2074192757403,751.5072706543655,97450970,77.39418578437373,10.394652423411344,1.4653226600310614,8.929329763380283,755.8695061460043,688.1559204101562,620.4423346743082,688.1559204101562,698.0242041015625,700.9744922835438,700.0236631296206,709.2135769862077,698.8189245627964,698.5507196115519,0.10013279624063509,0.029587363936338203,0.09630004952659439,0.10013279624063509,0.12177129401592168,0.15633731067275636,0.11456445682620542,23194575.7,4.201455170400035,1,14.724687966934425,4.653067470774317,22.665818393262743,0.02876240560357637,0.1242010423455641,0.1257280237638124,0.042555955062691594,0.27012005925817456,0
2022-04-05,764.9439697265625,792.7449569360995,761.9712355056448,792.7449569360995,30922582,71.87980296106979,14.070407505238222,3.9863396290724937,10.08406787616573,765.0835882933784,694.8968902587891,624.7101922241998,694.8968902587891,698.9683435058594,707.0668234685932,702.5695575059713,717.7874835616469,703.7170760564087,707.6298410391469,-0.02930358218059903,0.03087700636803341,0.04023003337284305,-0.02930358218059903,0.09378707494451577,0.10776262980665918,0.07636443773484314,23387981.9,1.3221569151291332,0,20.409326361824583,7.388766437147183,23.581418807383322,0.030827641945870565,0.08185527072822724,0.08878040836556046,-0.00018248799079239922,0.22447813281720042,0
2022-04-06,737.6423950195312,756.1685102240006,735.9776637926485,755.1696250388968,27027860,61.30308534046646,14.61202267812871,6.111476238883737,8.500546439244973,766.1377631782108,700.2014343261719,634.2651054741331,700.2014343261719,699.2465905761719,709.9787826639206,703.9449628986599,720.8420853243983,706.2300626462696,716.6960278054197,-0.035690947033402365,0.03298737208032881,0.02737213393329627,-0.035690947033402365,0.029780781823487867,0.05003552673488887,0.048402845839269126,22778750.3,1.1865383150540967,0,21.813161676695472,8.477426465806957,24.597240675837018,0.033345752415959946,0.038963998687134946,0.047869412946878936,-0.037193530365179556,0.162987508934644,0
2022-04-07,721.4232177734375,733.1238893042467,719.9725000942207,733.1001422646726,40781732,54.01972320498426,13.576008771979787,7.604382745502948,5.971626026476839,766.1640624369787,703.6640777587891,641.1640930805994,703.6640777587891,699.5329248046875,711.0687288648269,704.6303846584552,720.9314903165582,707.3554815445784,720.9302194088491,-0.021987859368717944,0.033375209285070755,0.018229783691486718,-0.021987859368717944,-0.08453042191476445,0.031557110578353864,0.05136382542152229,23661102.2,1.723577019163545,1,21.837582476831585,9.010452097662665,24.44435774043311,0.03388351960154108,0.014561867915554184,0.023832116071920467,-0.05839590612124464,0.12517719809794292,0
2022-04-08,720.4243774414062,725.7039422730295,712.1720781256234,719.211478547381,41256322,53.112910755817666,12.529925043843832,8.589491205171125,3.940433838672707,766.3292883552667,706.5642791748047,646.7992699943427,706.5642791748047,699.7859655761719,711.9597430149772,705.2497569244533,720.8534729511503,708.3235479073064,723.295680335204,-0.0013845414278653712,0.0333825818704031,0.018783184704916002,-0.0013845414278653712,-0.05819980815205361,0.005743682379681259,0.058529711954705244,24610258.0,1.6763872203208923,1,20.149646794514297,8.818444478636593,24.702560148241826,0.034288900989126986,0.011889203721805044,0.021516661817975558,-0.059902331297272786,0.113829917352423,0
2022-04-11,711.6251220703125,718.2126904332335,710.2457615824013,716.3101402599004,20799066,50.21600088911381,10.865617705372642,9.04471650521143,1.820901200161213,765.3090971326391,708.9270111083985,652.5449250841579,708.9270111083985,699.9876379394532,711.9278743535806,705.4997712438989,719.4337266617906,708.568108956418,724.7315247391384,-0.012213988930169672,0.033572160782200315,0.01119540134790949,-0.012213988930169672,-0.03527084821165938,-0.09696398146537433,0.04421424111296246,24892672.3,0.8355497452959278,0,10.95338207003681,5.476108114278304,24.04345893739472,0.03378669216658022,-0.0004252569595522382,0.008682286056044711,-0.07014678809315442,0.09053812958323927,0
2022-04-12,710.3646240234375,716.7143731950656,704.0148748518094,705.8460676603825,27435402,51.58069774578905,9.337295955476407,9.103232395264426,0.23406356021198071,765.490213315472,710.1386962890625,654.787179262653,710.1386962890625,700.2753991699219,711.7789933697575,705.690549784273,718.038480102044,708.7011841465676,726.0333808982836,-0.0017712950369259683,0.03344483270744271,0.0178774363387178,-0.0017712950369259683,-0.015328857565924614,-0.07135077582562677,0.028722906739317544,25013536.1,1.0968222121941407,0,4.712169901164316,3.120992278301742,23.41493378681065,0.032961852258619945,-0.001987090599041086,0.006623404891270465,-0.07201344750480344,0.08487863922957303,0
2022-04-13,696.78515625,714.5502639320367,695.691224799288,708.6998992573039,28892520,52.518628108573765,6.950222557471761,8.672630427705894,-1.7224078702341323,764.6888461650638,711.1125640869141,657.5362820087644,711.1125640869141,700.0780090332031,710.3510088821615,705.3413186652818,714.7687379709603,707.8185154134885,726.4159374119348,-0.01911619373234652,0.033141769566986785,0.027065787730389472,-0.01911619373234652,-0.03281291129453612,-0.0553889514016469,-0.008124840025432567,25514765.7,1.1323842962038253,0,0.3722262182409395,1.396355766621923,23.243366766161678,0.033358010798126385,-0.019097393348549367,-0.012130527715961235,-0.0887991112406081,0.059690811465689546,0
2022-04-18,663.7283325195312,680.9464450214841,661.15993644386,674.8582617385757,45620376,46.45819283935865,2.363791961647621,7.4108627344942395,-5.047070772846618,766.7066769922662,709.8592559814454,653.0118349706245,709.8592559814454,699.1119897460937,705.9107539904824,703.7094368556446,706.9163679015096,704.552575939862,722.5020723471303,-0.04744191725951219,0.03560214992733288,0.029811155571005915,-0.04744191725951219,-0.06730620949895127,-0.079973701750233,-0.05094033012137145,27127579.1,1.6816972805361756,1,-5.157974874344518,-0.9209478028105877,24.66687986992954,0.03716412071230013,-0.05975602614423388,-0.05681479065388022,-0.13431257032573585,0.016410877988740972,0
2022-04-19,638.400634765625,660.9221170332797,631.1709679279387,656.8078410106541,74096022,41.79050122648539,-3.276946268573397,5.273300933880712,-8.55024720245411,771.8042789860804,706.580923461914,641.3575679377477,706.580923461914,697.3140795898438,699.4812188262102,701.1483073619183,696.3754858806043,699.6524321491777,713.2307133013386,-0.038159735712594345,0.03692435015770355,0.04660263083269571,-0.038159735712594345,-0.10130570530133576,-0.11385475734051276,-0.10876502052441095,30091182.5,2.462383191488071,1,-12.478524188766983,-4.101449562534981,25.755747628144693,0.04034417609500084,-0.08732269347143262,-0.08949272491633398,-0.17284646879090615,-0.004610428441080977,1
2022-04-20,644.1558837890625,646.8194421533099,635.142518406885,644.2271829644586,49325736,41.053396575529725,-7.199875771651136,2.7786655927743427,-9.978541364425478,774.379335428862,703.4369598388672,632.4945842488725,703.4369598388672,695.7820520019532,694.2121392988628,698.9133103590613,688.3417009434439,695.5415767150951,707.8731588635426,0.009015105421300795,0.036788500488036946,0.018127481313589412,0.009015105421300795,-0.07553156376662906,-0.09481008495732068,-0.18258090310216268,31944575.5,1.54410366166863,1,-17.71573505471781,-6.5864608848376065,25.562096820012364,0.03968309141205177,-0.07210512849912977,-0.07834652131874204,-0.16816493633275986,0.01843699508358412,0
2022-04-21,653.6923828125,656.2846420095574,643.6802483309051,649.2451838249173,52446270,40.49647956129662,-9.430599810407557,0.3368125121379626,-9.76741232254552,774.8076294732091,700.587890625,626.3681517767909,700.587890625,694.3584692382813,690.3531148715902,697.139940651353,683.0110366156064,692.4416364260139,703.5468325480189,0.014804644750493923,0.036680392657427834,0.0192818426679872,0.014804644750493923,-0.015120568484600527,-0.07977908709748427,-0.14543756316404532,34043798.3,1.5405528354337596,1,-21.42587849816732,-8.550609132920044,25.410914938241415,0.0388728943557693,-0.053104319035207466,-0.06232257729812319,-0.15631653852331737,0.04362327643606982,0
2022-04-22,644.7742309570312,654.1680722750773,641.7063920801837,646.8670477236759,20659148,39.605036755500315,-11.782266372713934,-2.0870032648324166,-9.695263107881518,775.9166100642233,697.6472625732422,619.3779150822611,697.6472625732422,693.2878088378907,686.0122687844894,695.0863834084383,677.1284511296717,688.9107175023856,701.5486093708153,-0.013642734855037753,0.036761180069129894,0.01932719950112901,-0.013642734855037753,0.009983693380483771,-0.07464413503422529,-0.12589862606804347,33517342.9,0.6163718902669937,0,-24.338740097672144,-10.25493525684351,25.66232417947022,0.03980048045868694,-0.060112682679168014,-0.07238258963539969,-0.1690160739004379,0.041002940622119545,1
2022-04-25,649.6019287109375,651.9325641201308,628.9116970441421,642.1106379350289,20935488,36.67963992089785,-13.105353842896193,-4.290673380445172,-8.81468046245102,776.8757380337298,695.8184356689453,614.7611333041608,695.8184356689453,692.3736352539063,682.544617348913,693.3026793026539,672.8936015267896,685.9989553696857,700.1089333176476,0.007487423538531601,0.035994153144648926,0.035438421683370046,0.007487423538531601,0.008454545023853788,-0.0212834123789315,-0.09955500085534452,33556115.1,0.6238948679729615,0,-23.36613664156937,-10.406757552990712,25.957901349042004,0.039959704861949163,-0.0482645204439952,-0.06303271557477903,-0.16382775660483612,0.056673711982274534,1
2022-04-26,652.5984497070312,657.3072144691479,645.5114394033479,652.5746446077407,17016842,12.724170218684705,-13.753573361522854,-6.1832533766607085,-7.570319984862145,777.5240538446517,694.4188751220703,611.3136963994889,694.4188751220703,691.1793090820313,679.6926013830195,691.7064350047864,669.771270477596,683.5248438391188,699.3253656072918,0.004612857295605677,0.019547418053664837,0.018075089009321706,0.004612857295605677,-0.0016734677261529551,0.022239662945539918,-0.09414718582297199,33588634.1,0.506625007415827,0,-19.788617443190788,-9.441872357131956,19.458654566541934,0.02981719398088892,-0.03986236075081262,-0.05653841473584747,-0.16067104743563396,0.06753448115214988,0
2022-04-27,652.8363037109375,655.9041425017765,645.0120316413157,646.8670295884091,18054334,14.70501877380353,-14.085727669405628,-7.763748235209693,-6.321979434195935,777.9958856260039,692.9860198974609,607.9761541689179,692.9860198974609,689.7281408691406,677.1348587475832,690.1821161305178,667.1658909750331,681.2516186444387,698.5508663300776,0.0003644722172004844,0.019273513319790988,0.01668429099078347,0.0003644722172004844,0.012503714272110056,0.013475651065724792,-0.08261206151399236,33703606.5,0.5356795866934894,0,-17.077280551279614,-8.731194228543472,18.03853952582809,0.02763103005039864,-0.035884365902514384,-0.05411008420351181,-0.16087434937314407,0.07378603459101427,0
2022-04-28,652.2655029296875,655.9041415782432,647.8658558596376,652.5746789306378,20773722,17.680965475748735,-14.230975378423068,-9.057193663852368,-5.1737817145706995,778.0157450646998,691.0727661132812,604.1297871618626,691.0727661132812,688.325009765625,674.7663486696883,688.6951901226421,664.8735235834415,679.1044989618646,697.3181058167457,-0.0008743398276189751,0.01806182305839435,0.012323640729888658,-0.0008743398276189751,0.004100317596093861,-0.002182800228868187,-0.08178774551677714,34123420.2,0.608781941500694,0,-15.58676620190181,-8.44475052871087,16.543680939020344,0.025363415456916644,-0.03334612904802023,-0.05289667724623898,-0.1616294309372298,0.07967777254281955,0
2022-04-29,658.5676879882812,668.1517954743881,652.3606532888389,656.5462285607915,28401476,24.274865069971767,-13.67985867422226,-9.981726665926347,-3.6981320082959126,776.8182733625633,688.8765106201172,600.934747877671,688.8765106201172,687.4774230957031,673.2236190809829,687.5137194507064,663.9033950303399,677.5832537045621,695.699396652909,0.009661993513817801,0.018236232026987053,0.02397800935813636,0.009661993513817801,0.009146877814266485,0.02139269277368072,-0.054848281308688906,34538006.9,0.8223252743631828,0,-12.788649703506508,-7.5726639577319474,16.416280768976776,0.02492724904120849,-0.021769781506935874,-0.042102478312071735,-0.1522242581426649,0.09590548776577357,0
2022-05-02,667.65234375,668.9603468911126,647.8420880799416,647.8420880799416,19494316,29.742543711057408,-12.367474373138862,-10.45887620736885,-1.9085981657700124,775.5801782651192,687.2914459228516,599.002713580584,687.2914459228516,686.3920166015625,672.6930214304131,686.7348419722474,664.4801563718261,676.8476307449649,694.6337209116934,0.013794566492427718,0.018988758005089635,0.03163062184812561,0.013794566492427718,0.022694877651324274,0.027786886462731974,0.005912074320487459,34797937.0,0.560214704682062,0,-9.851595918499925,-6.567837330406519,16.958166102102844,0.02539969530677296,-0.007493280768238954,-0.027787287109889466,-0.13915754623402185,0.11460654286365025,0
2022-05-04,644.9644775390625,667.6048118935288,642.1106524172083,665.8925284326605,29055916,26.876739800018797,-13.008171448967346,-10.96873525568855,-2.039436193278796,772.8376397028385,683.7241638183593,594.6106879338802,683.7241638183593,684.8723547363281,670.0522077264749,685.0967884650637,661.4777442437086,674.4859156926759,692.530646845218,-0.03398155705334105,0.020438789290946134,0.03952800559434914,-0.03398155705334105,-0.01119333363152275,-0.011697809229237133,0.010281698381843452,35522305.0,0.8179625730931593,0,-9.640393656544575,-6.609646539722689,18.05552863594476,0.027994609416068534,-0.03744145590167737,-0.05857903817636671,-0.1654592835475044,0.08468362682841919,0
2022-05-05,643.5137329101562,654.0015630179496,640.4458942572139,654.0015630179496,17862912,26.8413131428035,-13.47762973861495,-11.47051415227383,-2.0071155863411203,752.4651822366094,676.4980377197265,600.5308932028437,676.4980377197265,683.4116723632812,667.5247339344445,683.4660804040869,658.7140501923928,672.1916799310078,677.1686701404873,-0.002249340358156937,0.02043013331798919,0.02106508077058899,-0.002249340358156937,-0.022858629952086096,-0.01428010474875352,-0.0009968873918049237,31542902.1,0.5663052798176107,0,-9.610124813138668,-6.716035726430846,18.11668366576472,0.028152753763056166,-0.03597020425410378,-0.058455494192644626,-0.14479267864940737,0.07157473527809681,0
2022-05-06,626.699951171875,634.9760551888268,624.5120303093106,632.5978677162095,26731268,26.253014190997348,-15.033118055909881,-12.183034933001043,-2.8500831229088384,736.2568745673333,669.5858367919922,602.914799016651,669.5858367919922,681.5590625,663.6366593856284,681.2399576890983,653.7888041892362,668.8219222451461,670.3628175685072,-0.026128085351410313,0.020836217031952257,0.01669702520312844,-0.026128085351410313,-0.06133789982389315,-0.039195008233584905,-0.041292253589510275,31333336.4,0.8531254909706967,0,-11.129689284059964,-7.455232433543756,18.126873913485927,0.028924326353608663,-0.05565802866880213,-0.08005990532650771,-0.14880258124562873,0.03945027090729459,0
2022-05-09,627.7701416015625,630.9331425829555,616.1883801102291,618.32874885627,32762434,34.44444385769154,-15.995116582978767,-12.945451262996588,-3.0496653199821786,725.0100137855568,664.0922241210938,603.1744344566307,664.0922241210938,679.6351086425781,660.2208005490506,679.1431021562538,649.7859330219019,665.7810496048806,664.8952268763928,0.001707659985749732,0.01741994214964472,0.02348751795539314,0.001707659985749732,-0.02665935340052683,-0.04676443583315737,-0.02637216026798983,31620065.1,1.0361279743222287,0,-13.002818531932235,-8.370617294452586,16.63541267538496,0.026499209779147537,-0.04915122171325355,-0.07564379346795114,-0.1341221091226967,0.04077710483052688,0
2022-05-10,637.8536987304688,643.537543685614,625.4871236116026,625.4871236116026,20113812,49.72744709079196,-15.762152278143162,-13.508791466025905,-2.2533608121172577,715.5054275339908,659.9137481689453,604.3220688038998,659.9137481689453,678.0212707519531,658.0906003758523,677.5239098650466,647.9502046693736,663.7123569475168,659.9365967047862,0.016062498772530187,0.01506863541402132,0.02829868371060241,0.016062498772530187,-0.008795514206186628,-0.04463197845178124,-0.01808527570689611,30586669.1,0.6576006015640323,0,-14.60242105456075,-9.210932107200847,15.59920235270059,0.024455768436787234,-0.030750935560887448,-0.05855175080460197,-0.10852709960726761,0.055486356791397975,0
2022-05-11,641.4447631835938,644.4888549965599,631.9558176573953,643.5375799338344,17102924,48.61919259805912,-15.113538039881519,-13.829740780797028,-1.2837972590844906,704.1906472684931,655.9647674560547,607.7388876436163,655.9647674560547,676.5724792480469,656.5052825480182,676.1090413677348,646.9493675177151,662.0629055575967,655.1583053351488,0.005629918679271428,0.014940243897010848,0.01953876320848129,0.005629918679271428,0.023527705697355294,-0.005457222030116449,-0.017091193717123754,29378999.2,0.5821479446447584,0,-13.546925178456718,-8.987747097328906,15.660353323610568,0.02441418844217499,-0.022940438964895688,-0.051270247938138704,-0.08910354650162748,0.05546111368759883,0
2022-05-12,626.9856567382812,638.4133907389254,622.1498973824371,635.6706993369925,22382290,37.04741296374685,-15.586563432437856,-14.181105311125194,-1.4054581213126625,693.8623322086355,651.7327941894531,609.6032561702707,651.7327941894531,675.6097937011718,653.6938896137575,674.182634127364,643.8780273978022,659.46459083024,652.1167832717047,-0.022541467754058186,0.015383273319149118,0.02593917928058294,-0.022541467754058186,-0.0012496371064731893,-0.02568410793213416,-0.03959744092923845,29458160.4,0.7597993118402601,0,-13.830844320686992,-9.283446276722884,16.13824418950374,0.025739415273801438,-0.04085740022942102,-0.07000621938322803,-0.09638320509124466,0.028514284318644462,0
2022-05-13,621.3558959960938,634.1790269142665,619.2628282539157,630.3537672039511,16768238,38.268047440769365,-16.228640440997538,-14.590612337099664,-1.6380281038978737,681.3711031635177,647.282357788086,613.1936124126543,647.282357788086,674.1853967285156,650.6140806977895,672.1109973379025,640.4130841052316,656.6417245462292,648.5663976193623,-0.008979090162085646,0.015181076340053038,0.024005885767670536,-0.008979090162085646,-0.025864556037240027,-0.008527294705845012,-0.04738807555322411,28924802.2,0.5797183290677784,0,-13.022578687838859,-9.128960351195815,16.3135669370364,0.026254787380562583,-0.044970106810962494,-0.0755159512979844,-0.08808005929335877,0.013311103407167598,1
2022-05-16,627.9719848632812,631.292053906236,618.4448991695826,625.0368734940553,9804356,39.35473250831021,-16.018971288030684,-14.876284127285869,-1.1426871607448152,669.8186241417276,643.84169921875,617.8647742957725,643.84169921875,673.177275390625,648.4576906183125,670.3800556722312,638.4990688372393,654.51804012527,645.3917567825928,0.01064782503846895,0.015363905062511963,0.02045816540597805,0.01064782503846895,-0.021003801252417964,0.00032152415086805775,-0.04645794757781141,27970394.0,0.3505262028128742,0,-11.763109930738096,-8.763046484022652,15.586873198512446,0.024820969046741692,-0.03159143002143735,-0.06325974415576062,-0.06247458307398745,0.01635828904314661,0
2022-05-17,632.2544555664062,633.6979588896172,624.6519812363082,631.580808934981,16641444,40.11276777006006,-15.33052661023737,-14.967132623876171,-0.36339398636119924,666.953644793545,642.2680053710938,617.5823659486425,642.2680053710938,672.7494677734375,646.9145253752739,668.8849340994537,637.538359103265,652.8688857135023,642.9181265982381,0.006819525084478695,0.015451406651897535,0.0143074953029871,0.006819525084478695,0.008403380159499152,-0.0087782561662757,-0.05301844367799957,26521447.4,0.6274711839445083,0,-11.176075000578408,-8.638975765592818,15.390459097620237,0.024342191600425604,-0.022661525184278993,-0.05476349767447604,-0.05202638818756263,0.02375730012178464,0
2022-05-18,632.2063598632812,641.5410265716883,630.3297937681616,637.0902245927911,15732384,39.95526838670794,-14.620276715232649,-14.897761442147466,0.2774847269148175,667.0010780561901,641.9582916259766,616.9155051957631,641.9582916259766,672.3516137695312,645.5137477074651,667.4465586392117,636.7180515278828,651.3383282431155,642.5529869032696,-7.60701687454457e-05,0.015446345113507417,0.017733502089335582,-7.60701687454457e-05,0.017462558796184302,-0.014402492389930521,-0.019781116821288136,23603265.5,0.6665342132426549,0,-10.991534840553072,-8.66248272852306,15.413253522124949,0.024380098810550033,-0.020615188896355618,-0.052798532436481665,-0.05216590997770113,0.0247859788556716,0
2022-05-19,619.2869873046875,623.7858941010936,615.0767694162303,618.8779477207698,20537506,35.6663684914776,-14.927805500570003,-14.903770253831976,-0.024035246738026927,667.6930290221133,640.7148468017579,613.7366645814025,640.7148468017579,671.7381811523437,643.0159610024386,665.5579479986422,634.036349339699,648.964154840269,641.5366690958081,-0.02043537265488382,0.016186239675475143,0.01406314820656564,-0.02043537265488382,-0.013830230914655517,-0.012278860530309355,-0.03764759688329933,22163854.0,0.926621606513019,0,-10.677928611318862,-8.624686128721805,16.06263243129962,0.02593730008958972,-0.03690262005434287,-0.06952206165232233,-0.07249744959644111,0.009043492174401245,1
2022-05-20,635.5984497070312,637.1622447317521,621.837065236746,626.9615129880896,13919350,40.815847402613244,-13.697430135042623,-14.662502230074105,0.9650720950314824,666.1622101205093,639.8101501464844,613.4580901724595,639.8101501464844,671.8476586914062,642.309531355257,664.3830657126967,634.2766724731347,647.9741026081773,639.9380106977958,0.026339100831644924,0.01777149056481541,0.024111417361181536,0.026339100831644924,0.005289000514245856,0.022921732621697055,0.014198977546618252,20237508.0,0.6877996045758203,0,-8.304549342532482,-7.72793162520577,16.20470135146848,0.025495187030329877,-0.010448360674433044,-0.043325330658131204,-0.045880357590306724,0.0360910710760168,1
2022-05-23,627.4427490234375,639.9290287015857,625.0850152898169,632.2544265466233,19486320,33.80203287814041,-13.22796196718059,-14.375594177495403,1.1476322103148124,665.744357880892,638.9435760498047,612.1427942187174,638.9435760498047,671.7654833984375,640.8936473236552,662.9344258425298,633.2252996347197,646.4532616019003,639.1421960095296,-0.012831530170271832,0.01732594592391037,0.02365795673768217,-0.012831530170271832,-0.007534898637960419,-0.000842769825088574,-0.0005215166450729392,20178866.6,0.9656796085861432,0,-7.564043294657381,-7.4456298297013745,15.756540965796896,0.025112316606289008,-0.020987722934043804,-0.05353723601544084,-0.05753200669904447,0.02499409443224358,1
2022-05-24,634.63623046875,637.5473190805823,624.0265159854545,625.5181243809486,12870796,45.24591085064421,-12.135560045529473,-13.927587351102218,1.792027305572745,664.5754798581809,638.1952911376953,611.8151024172098,638.1952911376953,671.4148010253906,640.2977028612833,661.8246926906169,633.4423659168782,645.5779259624077,638.6823327031198,0.01146476145673625,0.015495064082766637,0.021304808086895975,0.01146476145673625,0.02478534747010719,0.003767114460601295,-0.005044210401417337,19775632.0,0.6508411968831135,0,-6.616822513990655,-7.060241408836873,14.897906091678042,0.023474717289106342,-0.00884193769122389,-0.041081063493314925,-0.04505018661810973,0.03730069421525653,1
2022-05-25,639.375732421875,642.8160348600121,636.6811460213428,639.9531102298189,12887112,48.15125275892742,-10.763312685633082,-13.294732418008392,2.5314197323753103,663.0428478997471,637.5341552734375,612.0254626471278,637.5341552734375,670.9539086914062,640.2098961527682,660.944341307529,634.3551915330315,645.1185042186646,638.1427613843284,0.007468060797008569,0.015653592133757454,0.009595123067044064,0.007468060797008569,0.005942875909443757,0.011340241120231909,-0.0032255790061326284,19569145.5,0.6585423977761318,0,-5.303851554696848,-6.502217331682687,14.513915779572788,0.022700135528440996,-0.0013029535093193683,-0.03263301845203096,-0.03569469990188421,0.044688124014402926,1
2022-05-26,657.6118774414062,659.6809220627428,644.7647232414845,645.7992455521528,26992428,63.637293829436956,-8.11079606095791,-12.257945146598296,4.147149085640386,663.9649878898717,637.7729339599609,611.5808800300501,637.7729339599609,670.8187365722656,641.8672277040671,660.8136564500342,637.9331432112431,646.043939272201,638.6220906062075,0.028521797270057547,0.015543545209036384,0.022682374411017704,0.028521797270057547,0.04808267920049203,0.06188550853219055,0.048846764473767124,20016050.2,1.348539183819593,0,-1.1487332983715532,-4.744291548608089,14.607021996717224,0.022212223498075005,0.024529449483902035,-0.00484520708277766,-0.009568441957543765,0.07526559268676675,0
2022-05-27,669.8095092773438,671.0845566723668,659.5606139411736,660.0658635123912,24031718,66.88823950855453,-4.9671523360697165,-10.799786584492582,5.832634248422865,667.8843266513348,638.6501342773438,609.4159419033527,638.6501342773438,670.4923083496094,644.5283973777125,661.1664349922817,642.8371995291047,647.8043518651745,639.6118517038127,0.01854837519570851,0.016033349206048597,0.017204806100209517,0.01854837519570851,0.055422740020081074,0.053824957543684215,0.07798045145057197,20178950.0,1.1909300533476717,0,2.2188660224554724,-3.2166307204150826,14.516158908019666,0.021672070502076216,0.03922420176130078,0.013072463796748821,0.0028825090650973387,0.09910073436111197,0
2022-05-30,674.3807373046875,683.4988434000511,672.889070171654,678.566873569111,12624674,65.35380305249898,-2.0829215142630346,-9.056413570446672,6.9734920561836375,671.6473403040814,639.440786743164,607.2342331822467,639.440786743164,670.4337670898437,647.3714773707577,661.6846429261016,647.690051494579,649.7729730088421,639.355779409506,0.006824668751382212,0.01571943033208329,0.015732616075010416,0.006824668751382212,0.0547487230242818,0.07480840021548585,0.07390258412803252,19390109.9,0.6510883159048005,0,6.477830047102543,-1.2497829164282166,14.204652768640804,0.02106325400902294,0.04172142406339175,0.019187530667843938,0.004069690798401181,0.11057759996592348,0
2022-05-31,668.3179931640625,675.9445497927891,664.0115648431159,671.6621446200909,13485388,61.06597446153119,-0.2830972233331295,-7.301750301023964,7.018653077690835,671.8045140014085,639.4740692138672,607.1436244263259,639.4740692138672,670.0242370605469,649.3663836367867,661.9447743079825,650.8635809821919,651.1466782055251,639.2879377601103,-0.0089900909163807,0.01609120584062071,0.017855250152966875,-0.0089900909163807,0.01628029555109456,0.05307254940430162,0.05703959423322469,19089663.5,0.706423557439868,0,9.06868077550348,0.12008161736559941,14.161791883677129,0.021190199917602116,0.02918477150162436,0.009628022009453568,-0.005189784773221539,0.1007576564697334,0
2022-06-01,671.1568603515625,673.8513881488794,663.6025497657505,664.0115306279351,12091896,70.1139240858141,1.3567100420486895,-5.570058232409434,6.926768274458124,676.040121916218,640.7836883544921,605.5272547927663,640.7836883544921,669.3680285644531,651.441667133432,662.3060325842014,653.9856239620951,652.6289139200464,639.313133807853,0.004247779076034908,0.014307049040025204,0.01527040694743169,0.004247779076034908,0.0020115436636192197,0.04970649700654817,0.06161042178807663,18241462.5,0.6628797444283867,0,11.231770980663782,1.3616912766723317,13.51564706810372,0.020137836423252845,0.030263942595020254,0.013363652649858488,-0.0072233309922701775,0.10838423050215487,0
2022-06-02,666.4654541015625,667.860852355906,663.3378636546508,667.4999765351084,11475020,70.71827076340341,2.2517550073246184,-4.005695584462624,6.257450591787243,679.008966342223,641.9312744140625,604.853582485902,641.9312744140625,668.5566345214844,652.8725039875397,662.4691471535097,655.9055978297056,653.653842822381,639.8312993338883,-0.006990029495552719,0.01416707175234612,0.006786531354955852,-0.006990029495552719,-0.011737113421655843,0.01346322498705943,0.07618191204405744,17922067.9,0.6402732131151004,0,11.005276283472654,1.6554907034754933,13.00870407071521,0.019518947292252026,0.02082022145365488,0.006032442363880849,-0.018473264511117624,0.10186245630296238,0
2022-06-03,664.1558837890625,673.995741003826,662.231212745682,672.8169034842749,6957244,67.30331982349847,2.743100809807629,-2.6559363056085736,5.399037115416203,681.4223199581686,643.8040710449219,606.1858221316752,643.8040710449219,667.6262768554687,653.9471115876847,662.5352936882372,657.1748725926835,654.4317717828759,641.2614854866974,-0.0034654013922048588,0.014244722437140941,0.01771350453304184,-0.0034654013922048588,-0.00622773801928489,-0.008440646795804585,0.044929993292454284,16933366.7,0.41086005655331376,0,9.418714209972222,1.3688586959555096,12.93137360796454,0.01947038929202888,0.015611005875677642,0.0024460434278206324,-0.02533881803309005,0.09563084377911282,0
2022-06-06,663.2656860351562,667.3796939444019,654.7009350100217,662.2312223234171,6173266,65.32699364220926,3.025785013039126,-1.5195920418790339,4.54537705491816,683.3609130023905,645.5788482666015,607.7967835308126,645.5788482666015,666.8198547363281,654.8345948683964,662.5639365253713,658.1119208146024,655.0861358015633,643.3783532252645,-0.0013403446022756116,0.014291891785196196,0.019115656367165303,-0.0013403446022756116,-0.011757570819245888,-0.016481863515193207,0.05709355485815104,15603908.3,0.39562306322961405,0,7.463117497638677,0.8792935992697721,13.190857985183909,0.01988774372459354,0.012875146232086724,0.001059142327403215,-0.02940646236107439,0.09126225081698153,0
2022-06-07,655.6392211914062,661.2689195958052,651.5492949621544,655.3505322636607,10253966,60.77434614275018,2.6044003982570985,-0.6947935538518075,3.299193952108906,684.3217702604771,646.4681243896484,608.6144785188197,646.4681243896484,666.2090698242188,654.9112259467782,662.2923790612942,657.7315054879568,655.1271050896997,644.3277078784142,-0.011498355793647663,0.014828936451382132,0.014824654046761629,-0.011498355793647663,-0.01624425218671044,-0.018971166573909404,0.03309453465514123,15110916.0,0.6785800410775892,0,5.544842309991509,0.34760475331177076,13.226940718717847,0.02017411449956011,0.0011115937791042934,-0.010045650652537933,-0.041913833982153294,0.07726523822934718,0
2022-06-08,657.9487915039062,664.4926611407994,652.9446351687653,660.7876929692908,5986588,69.69848124207394,2.4288152076358074,-0.07007180155428455,2.498887009190092,685.4045765666278,647.293325805664,609.1820750447002,647.293325805664,665.7562524414062,655.2005179045999,662.1220422943379,657.7649341057952,655.3361188981594,644.9139803876361,0.003522623781266665,0.013251649676336564,0.017551557387373892,0.003522623781266665,-0.00934583647703957,-0.019679555746085486,0.029048739481679853,14555099.2,0.41130520086046546,0,3.758850771167886,-0.1839902898634591,12.828257541930927,0.01949734950133238,0.004194553459902034,-0.006302842261482213,-0.04005777901317037,0.08005277643080294,0
2022-06-09,662.9048461914062,664.9979730840081,653.0168832680971,655.4708272698372,7311816,65.73337647174668,2.658924446948049,0.47572744814618223,2.1831969988018667,686.5509261546248,649.0892852783203,611.6276444020158,649.0892852783203,665.3844812011719,655.9342634557244,662.1527404863799,658.5556898112739,655.8967653643258,646.597279302478,0.007532584224634986,0.011723419793218458,0.018073619290530255,0.007532584224634986,-0.0005440351451120318,-0.005342524339774224,0.008048773040099988,13801575.5,0.529781255770401,0,3.0617594681846185,-0.3164066671297405,12.407245569705667,0.01871648041342455,0.01062695322387653,0.0011358492671553148,-0.03444184409692716,0.08383728606564837,0
2022-06-10,650.1057739257812,658.2134392480132,646.4970155862447,654.4362839332251,9155430,62.3947412870521,1.7878997164226575,0.7381619018014773,1.0497378146211802,685.6404101926785,650.5267791748047,615.4131481569309,650.5267791748047,664.5759851074218,655.3791692147773,661.68031042518,657.2557027519673,655.4678030355446,648.1215037879557,-0.019307555736180926,0.012501182775125685,0.018022334413393515,-0.019307555736180926,-0.008439774630275787,-0.021154837600962373,-0.029416923884554635,13420935.1,0.6821752681003577,0,1.432057627092604,-0.8549832630571927,12.518946797805143,0.019256784510937687,-0.008046327281525049,-0.017492641562752882,-0.051826928137026364,0.05637290310216723,0
2022-06-13,638.3171997070312,639.9531819947298,629.5118640988112,636.873696288998,10892572,51.91683146414534,0.1446989247269812,0.6194693063865782,-0.47477038165959695,685.0458898862255,651.0440399169922,617.042189947759,651.0440399169922,663.2924731445313,653.7542197378491,660.7641100048604,654.3420868989002,654.1973879741732,648.4369440638021,-0.018133317210155764,0.013361636612975313,0.016357569403912104,-0.018133317210155764,-0.029837567984587476,-0.03761461938014776,-0.05347652387254154,13475345.9,0.8083333875681811,0,-1.0803751305472815,-1.7998265205109192,13.024168707222445,0.020403913153523287,-0.023612880138667382,-0.03397114031763022,-0.06821249622701202,0.034479019596818004,0
2022-06-14,631.2921142578125,638.0284630380025,627.9239398677174,630.9312384303023,11870356,45.88840114492205,-1.7047637704107501,0.1546226910271125,-1.8593864614378626,685.1122604672374,650.9959228515625,616.8795852358875,650.9959228515625,661.9312426757813,651.6149715968933,659.6083454657605,650.7959372618099,652.5007010322206,648.8648295127921,-0.011005633958231176,0.013531234131494185,0.016006097560975627,-0.011005633958231176,-0.04768818951199205,-0.03713491528061874,-0.05540158919103155,13236791.5,0.8967698856630022,0,-3.2962543498849755,-2.6840335955337196,13.182272667797568,0.020881415069306693,-0.03118844444177848,-0.04292885528601591,-0.07855668233512608,0.02336360185499386,0
2022-06-15,629.102783203125,633.1205811087782,624.7482500861813,626.3120453531265,11810470,32.6704652962612,-3.308992988679961,-0.5381004449143022,-2.7708925437656586,685.3429838098557,650.8407440185547,616.3385042272537,650.8407440185547,660.1870959472657,649.4709536546296,658.4120489064416,647.4585289450891,650.7675219337691,648.8197455879358,-0.0034680158443947118,0.010571946666850622,0.013308367481651436,-0.0034680158443947118,-0.03230703612402319,-0.043842330396027474,-0.06265908855704594,13040695.8,0.905662564416233,0,-5.729564249970281,-3.709993387896361,12.329925623635363,0.019599222818339163,-0.0313611722539571,-0.04451508102258517,-0.08206139398128602,0.020709851629138087,0
2022-06-16,616.520263671875,635.4060979237764,614.9323865969412,630.3297546494468,12169192,17.75846852070002,-5.531892162310442,-1.5368587883935303,-3.995033373916911,685.7551340944699,650.7024078369141,615.6496815793582,650.7024078369141,656.7567761230468,646.3327927038911,656.7692337992037,642.6987958261332,648.2306879884436,649.9354777373914,-0.020000737347218744,0.00945890068302736,0.03320849700040312,-0.020000737347218744,-0.03414749915114368,-0.06997170526965524,-0.07494040407093083,12622280.1,0.96410410033604,0,-9.60147075183329,-5.3835066871762365,12.829999344769265,0.02081034493230811,-0.046125663696092695,-0.0612832758539876,-0.10096150503345276,0.0014140868071001358,1
2022-06-17,620.5861206054688,625.0369224008559,611.8529139840168,613.4888961209325,14723922,17.25244388629008,-6.886096464186494,-2.606706323552123,-4.279390140634371,686.9550270585024,649.951791381836,612.9485557051695,649.951791381836,653.869619140625,643.8807286945175,655.350288183763,639.2968457921849,646.1829422563713,649.1575935991021,0.006594847198335918,0.009435359059181149,0.021244446143874853,0.006594847198335918,-0.01695885852293655,-0.04540746214581781,-0.06560171225921352,12662508.7,1.1627965949591017,0,-11.498440520259805,-6.330022241416941,12.793904651492962,0.020615840778086876,-0.036178452081147255,-0.053046696102995027,-0.09661317530089429,0.01246036854024818,1
2022-06-20,636.1759033203125,637.5472195547377,622.7032073599105,627.779491488929,15936840,32.467126027769424,-6.624979316447366,-3.4103609221311717,-3.214618394316194,686.4678705381598,650.3884490966797,614.3090276551995,650.3884490966797,651.8402893066407,643.146935801736,654.5983515224513,638.8167007965122,645.4416801129596,649.5027268380527,0.02512106248788437,0.012482386324775554,0.023333188379744855,0.02512106248788437,0.011243186814679396,-0.003354596096895923,-0.04084303362168484,12485034.7,1.2764754270166347,0,-10.607283936113049,-6.16575848240916,13.15305565146409,0.020675186819896836,-0.01083894222823837,-0.028143132593127076,-0.07326193894321763,0.03559588851978655,1
2022-06-21,643.1047973632812,651.5011513361289,637.0902003236198,643.2731943331319,13220684,35.351767298335616,-5.792169726426891,-3.8867226829903156,-1.9054470434365758,686.306948869425,650.8118774414063,615.3168060133876,650.8118774414063,650.2739208984375,643.1429226171213,654.1476239083661,639.4764079606306,645.2685776870575,650.1037409871843,0.010891475151456831,0.012915985920543643,0.022408402287766784,0.010891475151456831,0.04312029183448729,0.018711912977649847,-0.01911786760613232,12502529.1,1.0574407701238624,0,-8.472048979772012,-5.460721557394436,13.515656339513198,0.02101625799547315,-5.9279597892278357e-05,-0.016881245366461396,-0.06294873099756898,0.045160462185213066,0
2022-06-22,640.0734252929688,643.2972258536737,636.6811690239211,641.0357608318419,8159698,35.97546459575676,-5.315494802801254,-4.1724771069525035,-1.1430176958487506,686.2958510268583,650.8467620849609,615.3976731430636,650.8467620849609,648.6669018554687,642.8505895386305,653.5956945508995,639.5682567809904,644.8837515837916,650.3187518379908,-0.004713651776104055,0.012875718805513003,0.010336402931779754,-0.004713651776104055,0.03140145104838532,0.017438552781448236,-0.02716832440725192,12266158.4,0.6652203349990979,0,-6.620364115999109,-4.816354355542103,13.429732063287547,0.02098154919826676,-0.0043200773101179195,-0.020689042737991357,-0.0673505830826895,0.040097246425838735,0
2022-06-23,642.43115234375,648.6141463686242,634.419697319756,640.193710492177,15372244,38.46153846153846,-4.69337531382655,-4.276656748327313,-0.41671856549923714,685.5769770957959,650.0877258300782,614.5984745643605,650.0877258300782,647.2830224609374,642.8106431391182,653.1578693663054,640.0087022521842,644.7020775660108,649.3324457651486,0.003683525916893249,0.012988777726174724,0.022094895300583322,0.003683525916893249,0.009832577736425208,0.04202763509759566,-0.03088481546828925,11685149.2,1.315536818306094,0,-3.522149564772917,-3.6113644328983128,13.603297834053567,0.021174716986287673,-0.0005903617175890876,-0.016422855064063515,-0.06293359636261109,0.045285953238198146,0
2022-06-24,651.4049682617188,655.1821236118307,644.0671595693715,644.0671595693715,8013432,44.1986697236751,-3.436614041956318,-4.108648207053115,0.6720341650967967,683.4370589009927,649.1674987792969,614.8979386576011,649.1674987792969,646.1038293457032,643.6291502936516,653.0891281465176,641.7619739459587,645.1985879879151,647.4346717908041,0.013968525475811733,0.013700198459345643,0.017063063046816453,0.013968525475811733,0.012906404885281608,0.04966087160663846,0.0019984353132138644,10884234.9,0.7362421037054244,0,-0.25157840086592387,-2.2611600372454177,13.608455857889314,0.020890930405710027,0.01208120851039683,-0.0025787596397119014,-0.04686911577605036,0.05937087654549149,0
2022-06-27,652.5838012695312,662.0868649193548,650.5388382056451,659.1998582409274,9804164,48.40492173729067,-2.318770366312833,-3.7506726389050584,1.4319022725922252,680.2960562363653,648.0776519775391,615.8592477187128,648.0776519775391,645.2198022460938,644.4819741961164,653.0693114062437,643.4268704572776,645.7456408235904,646.0504361313721,0.001809677643322516,0.01338890599902236,0.017695852534562163,0.001809677643322516,0.01954522009851667,0.02579144834562741,0.02235033235677797,10743209.4,0.9125917251505867,0,1.3350383943803763,-1.5290401162075113,13.596429832225583,0.02083476452491649,0.01257106854465635,-0.0007434281909022036,-0.04073558080014148,0.059631407154889356,0
2022-06-28,647.6036987304688,650.0576425546589,643.9949405371601,646.6894682409041,9770574,44.745857915529,-1.8138153202345393,-3.363301175170955,1.5494858549364157,677.8203322494734,647.0419372558594,616.2635422622453,647.0419372558594,644.8973095703125,644.7792812946261,652.8549736542526,644.0694594223839,645.8832747426185,644.6116639198316,-0.007631360952224497,0.013478685192493128,0.009361747052068676,-0.007631360952224497,0.008051518622420373,0.0069955960298118125,0.025838409991598255,10557468.7,0.9254655900613753,0,1.6363586775048589,-1.2926502541134823,13.38506088653537,0.020668598577764152,0.004380440745818632,-0.008043555055406366,-0.04457911939396254,0.05085512012146081,0
2022-06-29,646.6654052734375,649.9373696255954,640.5545980485462,640.5545980485462,9994046,41.40126647487055,-1.4723746303325242,-2.985115866203269,1.5127412358707448,674.4285190589428,645.8173645019531,617.2062099449633,645.8173645019531,645.0626049804688,644.958912149751,652.612245482456,644.4688357071615,645.941210337494,643.2228878763208,-0.0014488698240461284,0.013250730055812223,0.014509468885353106,-0.0014488698240461284,-0.0072759085656481925,0.010298787170317958,0.02791693589542077,10452576.2,0.9561323264976533,0,2.1083226111204567,-0.9834490684434058,13.199466726616672,0.02041158629946406,0.0026458943221646693,-0.009112363812024751,-0.04116539114366679,0.04772990753139222,1
2022-06-30,648.6141357421875,651.5011422810993,642.8401226643639,642.8401226643639,12475822,49.10764687367867,-1.0326306378271966,-2.5946188205280545,1.561988182700858,671.890219447114,644.9247985839844,617.9593777208548,644.9247985839844,645.1517700195312,645.307028682364,652.4554568651906,645.1065741740886,646.1392048119158,642.2477549304799,0.0030135066030414492,0.012274605392769665,0.013353115727002929,0.0030135066030414492,-0.0060829973401441695,0.009624351770427753,0.05205647561228188,10502616.3,1.1878775386662463,0,2.4963855432458786,-0.7024125011147362,12.646123084586236,0.01949714381435073,0.005124858265647847,-0.00588748409195513,-0.03464268868816087,0.0496064290413278,1
2022-07-01,651.380859375,654.3881578947369,639.9772068826776,646.6653918015329,11472452,58.76084591373369,-0.45562669990977156,-2.166820396404398,1.7111936964946266,669.9050047823093,644.2860473632812,618.6670899442531,644.2860473632812,645.1055395507813,645.8854887483294,652.413315787144,646.0718488203827,646.5274755202925,641.7905283547034,0.0042655925616648105,0.011150782141588189,0.022123694309787664,0.0042655925616648105,0.005832518640544793,-3.7010596930286965e-05,0.049622023031205886,10728376.7,1.0693558141000028,0,2.2563384546778025,-0.6758123593735945,12.204483169235468,0.018736324522869264,0.008508273869599004,-0.001582518914253549,-0.027651898814114537,0.05287782389345238,1
2022-07-04,652.2951049804688,654.4843831117648,645.8474450575549,651.3567925787985,8487480,65.34269405924437,0.07456551285395108,-1.7185432145527284,1.7931087274066795,668.0835880841349,643.7375183105469,619.3914485369588,643.7375183105469,645.25595703125,646.4959283894855,652.4086800692352,647.0292728450113,646.9547073321573,641.5770314597077,0.0014035500004496715,0.010557158788871953,0.013240844501613383,0.0014035500004496715,0.008705738177923417,-0.000442389603451554,0.02533764887356993,10844087.4,0.7826827364006675,0,2.0139541933690452,-0.6606313370085672,12.07903161315662,0.018517740698848713,0.0089701672297146,-0.0001740858027124525,-0.023632496569692508,0.053122555245524325,1
2022-07-05,650.8275146484375,663.6987525096566,648.7585284770123,656.3128389795442,14325718,66.03905198098771,0.3720357896679616,-1.3004274137085905,1.672463203376552,667.439551577209,643.4969329833984,619.5543143895878,643.4969329833984,645.28046875,646.9084604141475,652.3466735821451,647.6136177378461,647.2415819481781,641.7338382604365,-0.0022498870845814034,0.010510060994659221,0.022955735116261484,-0.0022498870845814034,0.0034124740493317596,0.004978069032478549,0.012008489622250096,11047675.0,1.2967179067088777,0,2.129179119521382,-0.508300072107545,12.548166828160008,0.019280326270376336,0.006058127964165197,-0.0023287601443042574,-0.024889200661716963,0.0504769308073682,1
2022-07-06,659.8013305664062,660.8358530598603,648.1811167165542,648.6141794738492,15049078,83.75227159574783,1.3167167830249582,-0.7769985743618808,2.093715357386839,667.7806337586037,643.5895599365234,619.3984861144431,643.5895599365234,645.4245263671875,648.1363528096008,652.6390130717239,649.4886504807015,648.1719336976765,642.2496836230786,0.013788316744439033,0.008669149305655597,0.019179616283044713,0.013788316744439033,0.012927108726353609,0.02031332615885706,0.030821315952006323,11500799.5,1.308524507361423,0,3.1774406598498217,0.026767589267819858,11.98966861505078,0.018171634489973297,0.017997721785298793,0.010974393732565996,-0.011948988618142363,0.06522916241758152,0
2022-07-07,671.6139526367188,672.6724981664967,661.3409744346241,664.0114788767993,17743142,85.50377273236872,2.9841635750757405,-0.024766144474356544,3.008929719550097,669.9326736531033,644.025015258789,618.1173568644748,644.025015258789,645.8000793457031,650.3723146978978,653.3831283487825,652.8925431200888,649.9083795450131,643.6407913526251,0.017903301377358405,0.009340772612591954,0.01687207909750189,0.017903301377358405,0.029616729466072744,0.03545993777673884,0.04542556846208745,12022365.8,1.4758444631588234,0,5.065286015533729,0.9276714835918938,11.967322842425874,0.017818752566772674,0.03266073518010659,0.02790219627190072,0.002509623802116645,0.08654763561990274,0
2022-07-08,672.2394409179688,678.4465165399553,671.1087084709948,678.4465165399553,12474030,81.69125132345226,4.306456695841121,0.8414784235887389,3.464978272252382,673.8694066629954,645.1316986083984,616.3939905538015,645.1316986083984,646.1995581054688,652.4548981474284,654.1225915867899,655.8689889351472,651.562532239306,644.891697954367,0.0009313211537584909,0.007534707142173905,0.010915467945380354,0.0009313211537584909,0.032899540642650216,0.03202209773707909,0.03198390198319645,12188295.8,1.0234433266708214,0,6.569409399098959,1.7092757996458658,11.279944922403843,0.01677965355171759,0.030323234336528622,0.027696412819545747,-0.002418815469154848,0.09060025117050984,0
2022-07-11,676.5940551757812,678.3984342696596,670.3869793455802,670.7478551643559,7462880,80.82364467374647,5.640741540986028,1.801331047068197,3.839410493917831,678.8111366644058,647.045541381836,615.2799460992661,647.045541381836,646.5600854492187,654.7538654834619,655.0038254530249,659.0574606644755,653.4167191234894,646.2368248398426,0.006477772639859047,0.007311983089564183,0.011840859172192868,0.006477772639859047,0.02545118330537366,0.037251467947226224,0.03679259868164153,12016811.2,0.621036635742434,0,8.257937093976466,2.5951453837897134,10.757531130136906,0.015899535397694363,0.033356335630325445,0.032961990272077815,-0.0032661242116901953,0.09965237688182842,0
2022-07-12,669.6893310546875,676.1610141176355,668.5345166503326,676.1610141176355,9876974,75.44438676252354,6.071035247140571,2.655271887082672,3.415763360057899,681.3572640621101,648.9654022216797,616.5735403812494,648.9654022216797,646.6008251953125,656.1762907759596,655.5797276334823,660.6931330322003,654.6220977850597,647.9705313794827,-0.010205120881973895,0.007917776638093491,0.011388112537632932,-0.010205120881973895,-0.0028656664657952247,0.028981283030786953,0.03410362289084268,11917142.1,0.8288039126427804,0,9.267830361812116,3.2330540513372625,10.860636965543765,0.01621742569564226,0.020593612522555597,0.02152233027726186,-0.017124544820819515,0.08614672410462952,0
2022-07-13,653.3535766601562,670.8440115296884,651.6213846159309,668.8231306008078,15945610,57.56658866946126,5.035837256135096,3.131384960893157,1.904452295241939,681.2269109613619,650.1779418945313,619.1289728277006,650.1779418945313,646.7686071777343,655.9074608601688,655.4924275953126,659.5639705134242,654.5281332572891,649.5944183940649,-0.024393033660554564,0.010825432442935976,0.02942147651815213,-0.024393033660554564,-0.028093954487441453,-0.009772265692030269,0.010342553246513564,12123899.1,1.3152212723380385,0,7.771108050568046,2.8534145235887536,11.21979252732157,0.017172619739338438,-0.0038936654214351825,-0.0032629681825658736,-0.0409163728747448,0.05527863391070876,0
2022-07-14,650.0817260742188,660.4749379498609,649.215600611124,655.350489555198,10372410,49.00468276558626,3.9063939143765083,3.286386751589828,0.6200071627866803,678.5710182771631,651.8560150146484,625.1410117521336,651.8560150146484,646.8999670410157,655.3526289757926,655.2802432219364,658.1051636766234,654.1987697622469,651.1330201718555,-0.00500777940585051,0.010286318968804171,0.017319879773779964,-0.00500777940585051,-0.03918498677123983,-0.03206042173180845,0.0022626554852245295,12034060.0,0.8619210806660429,0,4.980314277894877,1.897114873153896,11.113247246654153,0.017095154041271068,-0.00804285001467292,-0.007933273132358096,-0.04198424547407934,0.03989614159560855,0
2022-07-15,655.3746337890625,656.7459502891783,648.036824746082,651.020041649362,13595646,51.976861319233386,3.399211354189788,3.30895167210982,0.0902596820799677,675.9047330308803,653.5954406738281,631.2861483167759,653.5954406738281,647.4734606933594,655.3547246722945,655.2839448128041,657.6850821554601,654.2858708012703,653.2261531913936,0.008141911243694011,0.010513270918297466,0.013288774227870743,0.008141911243694011,-0.021375131126967317,-0.025087500230389193,0.006131243122333263,11977646.2,1.1350849551725781,0,2.899826524866171,1.161353226014171,10.910468591610343,0.01664768214865326,3.0379145855579203e-05,0.00013839645695018737,-0.030374249858788605,0.03815779189281235,1
2022-07-18,648.3976440429688,657.3232708257327,645.7512213402739,648.6141460423058,20332220,50.54691218292296,2.40653966655816,3.1284692709994886,-0.7219296044413284,675.1334922188112,654.2065277099609,633.2795632011107,654.2065277099609,647.8860107421875,654.6921455647397,655.0138938022224,656.2562455227692,653.849705856211,654.3755583168418,-0.010645803768382311,0.01071831713150844,0.017847149186575314,-0.010645803768382311,-0.0075853761182750334,-0.04167404504535144,-0.005974996451363346,12197415.2,1.6669285800814586,1,-0.0617199187222468,0.010068349197467796,11.123553502545178,0.01715545021599127,-0.009614444841615262,-0.010100930410571328,-0.039600832256115236,0.023872680756408672,1
2022-07-19,648.63818359375,653.690444771779,643.3212566690205,643.3212566690205,15792538,51.372146138106125,1.6205688251249057,2.8268891818245723,-1.2063203566996665,674.9330426172576,654.4831970214843,634.0333514257111,654.4831970214843,648.1017004394531,654.1155777579787,654.7638659509098,655.0842359952277,653.4636671701028,654.5642246764978,0.000370975362096404,0.01070858256937209,0.015986089572014497,0.000370975362096404,-0.002220555389529477,-0.03143419864220365,-0.0033639190191123713,12326007.9,1.2812370499941024,0,-2.060713017980902,-0.8158616825725176,11.194011825810126,0.0172577133276216,-0.00837374059031405,-0.00935555957759445,-0.0389592113041929,0.023034801142870386,1
2022-07-20,656.8179931640625,659.7290225107647,652.1025262039135,654.3399677588443,20347862,55.25096102759633,1.638832105108122,2.589277766481282,-0.95044566137316,674.625306730298,655.320425415039,636.0155440997801,655.320425415039,648.4091650390625,654.3729506537962,654.8444199592687,655.3509678673561,653.712135762248,655.1529930719469,0.012610743211250108,0.011193839743178032,0.011611277989070305,0.012610743211250108,0.002202342447487071,0.005302514025584459,-0.004521569242339485,12935416.1,1.573034979524161,1,-1.5345102063726017,-0.6480076360438716,11.367570347258647,0.017307032489317344,0.0037364663496915244,0.0030138047216108337,-0.02639585765399477,0.032707453862195035,1
2022-07-21,654.7490234375,658.9592412990309,653.473917137891,654.6528133808986,12640278,52.17525669164207,1.46941877528252,2.36530596824153,-0.8958871929590098,674.2713831326714,655.9363189697266,637.6012548067818,655.9363189697266,648.9644323730469,654.4087671093871,654.8406789191994,655.2583610319937,653.7889422567112,655.9819485773617,-0.0031499894157828168,0.011200662001444033,0.008377750809525932,-0.0031499894157828168,0.009795500419971237,0.007179554779160879,-0.02511104650671414,12798817.8,0.987612934063332,0,-0.9438618664055412,-0.4395643027370397,10.730025572192972,0.01638799782527239,0.0005199446358517769,-0.00013996607823852983,-0.028953267458082448,0.026894188964409572,1
2022-07-22,670.0260620117188,672.1913167902127,655.5429251294964,657.2751172050325,12729592,59.659202749360276,2.5386231606812544,2.399969406729475,0.13865375395177937,676.1026466730052,656.8673736572266,637.632100641448,656.8673736572266,649.9378356933594,655.8961285286568,655.4361841385139,657.5303150288745,654.9916918681932,656.6444032212924,0.02333266339827844,0.012771015685704847,0.024847379235861815,0.02333266339827844,0.032973511210009576,0.022355806079873197,-0.003292545440695238,13034625.8,0.9765981927920017,0,0.541403856362308,0.1522393257098429,11.358979522086022,0.01695304133093162,0.02154294387246799,0.022259799239465774,-0.008987665839186369,0.0508035297120125,1
2022-07-25,671.9989013671875,675.8482435588785,665.5994052152816,671.2290446761094,10143126,61.47028595690871,3.504766224199898,2.6209287702235597,0.8838374539763381,678.0956628852412,657.8381286621094,637.5805944389776,657.8381286621094,650.8183740234375,657.4297259418503,656.085702461207,659.7562513886149,656.251485164415,657.2671547760457,0.0029444218177803183,0.012713585509578351,0.015251272468966088,0.0029444218177803183,0.023112808055081757,0.03639935700114094,-0.006791596487497831,13051573.9,0.7771573051430984,0,2.7375803771105893,1.0718086589846507,11.023880544296917,0.01640461096270952,0.022160810274383404,0.024254756423260738,-0.00899100503329049,0.053982676430883766,1
2022-07-26,670.6276245117188,674.5972588810258,667.0429478788055,671.7102520669844,8527964,56.39206449650663,4.112385955304376,2.9192202072397233,1.1931657480646525,679.4141247940304,658.9893249511719,638.5645251083133,658.9893249511719,651.5858374023437,658.6866686627901,656.6559739141683,661.4287703306309,657.3163843753265,658.0878615572169,-0.0020405938948395708,0.012317140625662465,0.011264538957399125,-0.0020405938948395708,0.024251431473474305,0.033900935026885515,0.0014010876588903542,12989443.4,0.6565303637259776,0,4.571090904811399,1.8921079632584679,10.65956444850508,0.01589490808146513,0.018128431038645667,0.021276971736461682,-0.012932466314231148,0.0502112130296729,1
2022-07-27,675.7520141601562,676.5218708292028,666.0564720450384,668.2939138771885,9212778,52.6526990248109,4.950359722793905,3.3254481103505595,1.6249116124433458,681.3110378678147,660.4436553955078,639.5762729232009,660.4436553955078,652.4567504882813,660.3119396625392,657.4048382375403,663.632346304404,658.6819865816101,659.0875987307086,0.007641184856004957,0.011528933318112557,0.015487040459910643,0.007641184856004957,0.008545864814938131,0.0288268914572265,0.0342822604790769,12950380.0,0.7113905537906996,0,5.938989008742965,2.560418278271527,10.487723818796082,0.01552007777857758,0.023383000624686408,0.027908489343953662,-0.008159303752153436,0.05656204391637781,1
2022-07-28,681.7424926757812,685.1828537236895,678.9276731770548,680.8764259957169,17420406,55.699857812895836,6.028350451015967,3.8660285784836415,2.162321872532326,684.2346134144287,662.1000732421875,639.9655330699462,662.1000732421875,653.7058605957031,662.3529447114194,658.3592560586478,666.4185226692313,660.3901722182153,661.1370639962108,0.008864906637489067,0.011744694053582114,0.009175283356746155,0.008864906637489067,0.014499415532927662,0.04122720045699757,0.048702748180230904,13197609.2,1.3199668012597312,0,7.944177602032255,3.518577139448439,10.637226068408422,0.01560299700060974,0.029273740109677825,0.035517441885939575,-0.003642202089443337,0.06528001501179118,0
2022-07-29,690.0907592773438,692.2079091114783,680.9967358477592,691.9192202105274,20019736,57.7251302718346,7.470189520248709,4.586860766836655,2.883328753412054,688.8331021439335,664.0355682373047,639.2380343306759,664.0355682373047,654.7957067871093,664.9946413367454,659.6036287338909,670.0604052243255,662.5902157040767,663.6219255756524,0.01224548372919565,0.012046366355456719,0.01624594028104273,0.01224548372919565,0.029022268177210986,0.02994614449083044,0.05297142076978045,13624973.4,1.469341290603914,0,9.098512808088572,4.167444595376992,10.865777378382697,0.015745432368578928,0.03773882732370765,0.04622038026378492,0.0018257791756753545,0.07955209517517839,0
2022-08-01,695.8407592773438,696.9474098698968,688.0939701842794,692.4003980885738,13193036,65.16884641500964,8.973394608448302,5.464167535158985,3.509227073289317,694.1216479674289,666.2128509521484,638.304053936868,666.2128509521484,656.1636669921875,667.9323668548976,661.0246926767713,674.0266135401745,665.0532189317262,665.4402434289818,0.008332237350955563,0.01167636225026653,0.012723370351015303,0.008332237350955563,0.029727984077345893,0.035479013227030176,0.07316978349667003,13860251.2,0.9518612476518463,0,10.502640913047344,4.938990215564331,10.922484604109034,0.015696816345527727,0.04178326101167811,0.05266984272491741,0.002476671509884292,0.09013996540615192,0
2022-08-02,688.1901245117188,695.0948694760442,684.7257404575668,693.8438451640611,15036510,72.47055562817022,9.438551438601053,6.259044315847399,3.1795071227536535,696.6477021112785,668.0809814453125,639.5142607793466,668.0809814453125,657.2347448730469,669.8616771079281,662.0900037291223,676.2056152281044,666.7670637895034,667.3007959881979,-0.010994806877324126,0.009648871480247706,0.015067244717925159,-0.010994806877324126,0.009457576585304439,0.026188154734585023,0.060976892693601625,13895790.8,1.082090988301292,0,11.175008445138019,5.434029814953988,10.343369740253284,0.015029814250229267,0.02736154049433334,0.03942080477818951,-0.012140394024021,0.0761138049885754,1
2022-08-03,689.8021240234375,690.8366465072402,681.8147505490226,685.6400109407862,10975498,76.18139934198405,9.824021264429234,6.972039705563766,2.851981558865468,699.4386704120876,669.581021118164,639.7233718242404,669.581021118164,658.2432727050781,671.7607672903576,663.1767535445856,678.2973858120018,668.4733645475726,668.7158003261719,0.002342375245303785,0.009329771745583457,0.013078962276304933,0.002342375245303785,-0.00041825694667829705,0.020791813518666435,0.050218068327394505,13692111.8,0.8015927827875317,0,11.448827627818446,5.771915307045333,10.183552498787622,0.01476300542449709,0.026856818098878004,0.04014822645176126,-0.0137775430445854,0.07828188621027257,1
2022-08-04,688.984130859375,696.1053785024752,679.8659665183745,692.8815779882993,12012206,73.54225273832631,9.948819864005486,7.56739573725211,2.381424126753376,701.5412043386373,670.4495300292969,639.3578557199564,670.4495300292969,658.8707177734375,673.4010876302641,664.1888075569303,679.9415004346746,669.9926805706691,669.6055312122953,-0.0011858374098522306,0.009366172592573241,0.02357008130774383,-0.0011858374098522306,-0.009853732088200173,0.010622248519629451,0.0522873745456498,13405565.0,0.8960611507235987,0,11.048142918844746,5.8295514982825125,10.721430101716505,0.015561214869119825,0.023140804960604527,0.03733173913852706,-0.017899267215672927,0.07761893389663026,1
2022-08-05,686.6505126953125,691.4140267889854,683.8116110098687,689.5134375282818,9268982,78.65904906839285,9.747062105697069,8.003329010941101,1.7437330947559673,703.0932549182766,671.1700836181641,639.2469123180516,671.1700836181641,659.2075378417969,674.6629376364592,665.0696587388277,680.9736561670804,671.2265940613834,670.0206707970029,-0.0033870419644524974,0.008692445339304562,0.011071739754879042,-0.0033870419644524974,-0.002237189639270998,-0.0049852088812692985,0.024811647824085625,13245312.6,0.6997933744500677,0,9.668296299713802,5.466030004936783,10.437884836977787,0.015201160771009853,0.017768243059044043,0.03244901293107945,-0.02338628924106983,0.07415538419319834,1
2022-08-08,703.4913330078125,704.6701705018421,686.6744848885744,687.1075476112192,15357736,82.90999346717328,10.821339418495882,8.566931092452057,2.2544083260438246,707.5179327350257,672.5149475097656,637.5119622845056,672.5149475097656,659.7897497558594,677.4084991003976,666.5763910631017,684.4379141425777,673.6165747240818,671.4718183783276,0.02452604345461662,0.010160578780423526,0.025580536346235076,0.02452604345461662,0.01984512443152453,0.010994719163065714,0.046863814176709706,13640055.4,1.1259291512848253,0,9.476132245500025,5.551698386330372,10.984346958675726,0.015614047314146146,0.0385038480356432,0.055379912099551426,-0.005691162783178882,0.1034951100946746,1
2022-08-10,705.5363159179688,708.0383647964982,697.2361719881424,703.154500244152,17353102,81.55196580912784,11.702822110319403,9.194109296025527,2.508712814293876,712.2488556275953,674.3072967529297,636.3657378782641,674.3072967529297,660.5341162109376,680.0873387973093,668.1042312534887,687.6838221080225,675.9809999977031,673.4615879359619,0.002906905620873479,0.009994482425743413,0.015310612033203634,0.002906905620873479,0.024024043976089926,0.02520552212015148,0.05205376296818498,14013861.8,1.2382812280908893,0,10.225661689381127,6.014227524366447,10.963729379485804,0.015539567747439004,0.03742016013070376,0.05602731267582371,-0.009424430318967376,0.1086962636774403,1
2022-08-11,714.8709716796875,717.4211844953526,709.5059977383994,715.2559294113627,18301766,85.58817578796769,13.004721862850147,9.956231809390452,3.0484900534596946,718.0488194624222,677.3831665039063,636.7175135453904,677.3831665039063,661.4083984375,683.4000657384881,669.9382210741239,691.8664605036632,678.8617386408131,676.920377379166,0.013230581546427533,0.009903983008317482,0.011072189346778703,0.013230581546427533,0.04109872265819936,0.03634208533605254,0.0578895167159057,14131669.6,1.2950887275202076,0,11.63929844813049,6.761467529538322,11.420839694931804,0.01597608540195299,0.046050487143561546,0.06706999122026817,-0.004425670924595153,0.12274431984620714,0
2022-08-12,714.6063842773438,716.6032424347316,710.1796051866049,714.5341973586324,8850370,82.09224096114505,13.855420145553694,10.7360694766231,3.1193506689305934,722.3783895134633,680.6093994140625,638.8404093146618,680.6093994140625,662.3712170410156,686.372096075522,671.68991374876,695.3649103149987,681.509490169445,678.9544767283483,-0.0003701191023633976,0.008732324505178784,0.00898905661838247,-0.0003701191023633976,0.015799841089737754,0.037188452201373456,0.04820572570234627,14055567.6,0.6296700533104049,0,12.971008445257894,7.501106191829649,10.633792830318514,0.014880629482581651,0.041135542023426196,0.06389327820789091,-0.010758911602206333,0.11859922111683975,0
2022-08-16,722.7861938476562,725.8415975092017,716.0017398840251,719.2496224051965,12563756,83.56128359863222,15.016545544784549,11.592164690255391,3.424380854529158,727.9942172352639,683.9799774169921,639.9657375987204,683.9799774169921,663.5438232421875,689.8401053871538,673.6936894389128,699.583569320023,684.5670237752385,682.1060704609698,0.011446594587290804,0.008898878456941513,0.013613787464305893,0.011446594587290804,0.024449312587465855,0.05262601641481379,0.04737845584912748,14003973.1,0.8971565362404188,0,15.177167750694593,8.624030700085086,10.704248179480023,0.014809702053794609,0.04775902155183099,0.07287066092251848,-0.007153935105949638,0.1294138910618791,0
2022-08-17,726.5151977539062,727.8865140946783,714.8949848396419,721.7516252798,12384350,85.81561448799187,16.052600849583314,12.484251922120976,3.5683489274623383,732.4657139441076,687.885855102539,643.3059962609705,687.885855102539,664.8088134765625,693.3329713268445,675.76512113754,703.7268967713896,687.6742959218063,686.3337308680764,0.005159207436433055,0.008649427529401489,0.017881978649863108,0.005159207436433055,0.016288570295222682,0.03272800056775971,0.04408255490583657,13606579.6,0.9101736339380986,0,15.924472226446824,9.18873007443824,11.092620911824033,0.015268257217630093,0.04785900541201772,0.07510017168529926,-0.00812395184773855,0.12934622400003287,0
2022-08-18,727.3812866210938,728.4398909455316,721.5832502964957,721.7516472669315,8342138,84.99675639536231,16.75047917922018,13.337497373540817,3.4129818056793617,735.7115381791031,691.8230102539062,647.9344823287094,691.8230102539062,666.2436547851562,696.5756680215349,677.7892844898362,707.3660336713441,690.6155544921239,689.8320791253767,0.0011921139019046567,0.008713509325062528,0.009426473811124596,0.0011921139019046567,0.01787683768970072,0.030962220101601323,0.05694816114541279,13234059.6,0.6303536671392956,0,16.488329224225595,9.685053236347471,10.834852473600563,0.01489569868360476,0.04422436788103045,0.07316728556513677,-0.011322714305428463,0.12261549039163429,0
2022-08-19,718.407470703125,727.5255752850977,716.9398856976162,726.563239868054,8063702,73.88713793660148,16.390501339419984,13.948098166716651,2.442403172703333,737.0580427331373,694.9024841308594,652.7469255285815,694.9024841308594,667.4528283691407,698.6548873245434,679.3821545374161,709.0647162916181,692.6742149521981,693.5365290252939,-0.012337155331084815,0.0098199515783615,0.014734938066722785,-0.012337155331084815,-0.006058116745730424,0.004947045220101698,0.0414689164957045,12619851.6,0.6389696373291743,0,15.2548215860553,9.443933463292183,10.917341761025439,0.015196587182397112,0.0282723040186878,0.05744236274837215,-0.0253040750506606,0.10059112131607953,0
2022-08-22,707.4850463867188,716.1460665835506,706.2099399993691,714.4379561754013,8234066,60.964568716498945,15.050376575425275,14.168553848458377,0.8818227269668988,735.5092148945099,697.5392852783203,659.5693556621308,697.5392852783203,668.3444323730469,699.4958548542744,680.4842287275849,708.8216901524028,693.7713135769775,696.0085682107378,-0.015203661935358492,0.010703116841856262,0.014044292010025432,-0.015203661935358492,-0.026193741612042132,-0.009965399200605463,0.02685245522892865,12399541.0,0.6640621616558225,0,13.123758778752403,8.7943149788249,10.987795863885205,0.015530781774119875,0.011421356505548893,0.039678829455932894,-0.03810172318753412,0.07264693290137202,0
2022-08-23,705.2957153320312,710.1795210324121,697.8857201939286,699.2811184238794,14966884,56.240090618474305,13.654259521489507,14.065694983064605,-0.41143546157509725,735.1067260228587,699.302767944336,663.4988098658133,699.302767944336,669.4482312011719,700.0482225188226,681.457228202269,708.2792324877303,694.6249729662408,698.0443526623892,-0.003094526260122188,0.010604584336834075,0.017430703988746066,-0.003094526260122188,-0.030363128245513016,-0.024198689272849516,0.027153846523074288,12511405.6,1.1962591956894115,0,10.208117131668814,7.763538763356223,11.233535946232792,0.015927412717861744,0.007495901917053337,0.03498163368616666,-0.0405533096562912,0.06299469546097752,0
2022-08-24,708.6879272460938,709.9630335639699,702.1199755407531,703.4191637412739,13455520,64.33385859572266,12.675435321134728,13.78764305067863,-1.1122077295439023,734.7430209647703,701.1372192382812,667.5314175117921,701.1372192382812,670.8556457519531,700.8710515404675,682.5250987530072,708.3421086044016,695.6666732832668,699.5915609556206,0.004809630684436517,0.010054541095106896,0.01106701232190358,0.004809630684436517,-0.01352929062321484,-0.024538055863011943,0.007386863198531435,12677025.3,1.0614098876966034,0,7.538080213623061,6.759977615467278,10.999824460764208,0.0155213938856115,0.011153086845925864,0.03833240497805392,-0.03546150555396132,0.06165479055309717,0
2022-08-25,704.838623046875,715.400291243383,701.0614676554292,712.0802217563679,11823040,60.19580609435708,11.457033856860448,13.321521211914995,-1.8644873550545462,733.2442976015737,702.847769165039,672.4512407285043,702.847769165039,672.3265759277343,701.2489154934586,683.4001389213942,707.8031108263206,696.3460769694601,700.8946638325356,-0.005431592738113777,0.010255482873903862,0.020343413540492395,-0.005431592738113777,-0.003740606749725095,-0.030991536335690295,-0.0009888830034014973,12841779.1,0.9206699405069193,0,4.673247471923787,5.610854431557982,11.37960500574537,0.016144979338041432,0.005119020470627517,0.03137032450610422,-0.03873971423659631,0.048163168355944426,0
2022-08-26,704.9588623046875,712.9943990116683,703.0822963230394,708.303013425697,7706176,60.93547098609344,10.381473062318946,12.733511581995785,-2.3520385196768387,731.9005676188768,704.3081115722656,676.7156555256544,704.3081115722656,673.8436975097657,701.6022437611947,684.2455790540723,707.3655341306848,696.9840610683658,702.093837941649,0.00017059118765749837,0.010233624375030259,0.014060540577110795,0.00017059118765749837,-0.00047760537888019705,-0.018720028600586525,-0.013865592208493371,12766449.0,0.6036272106675866,0,2.947356436651262,4.86342451665621,10.9276543417831,0.01550112343585249,0.00478421865571356,0.030271709287840814,-0.03681060858012439,0.041735707676357175,1
2022-08-29,692.5929565429688,695.7686523374972,687.3963207073368,691.438142053239,8653178,53.5766319317655,8.434035819936184,11.873616429583866,-3.439580609647681,730.961867753192,704.850634765625,678.7394017780581,704.850634765625,675.3651513671875,700.7442164070779,684.5729271908917,705.0928298864208,696.6587940664846,703.1599169120998,-0.017541315419869363,0.011405541769953545,0.012088386910473802,-0.017541315419869363,-0.022710942411095947,-0.021049335134088243,-0.030804969307175134,12328087.6,0.7019075691837232,0,1.2483615528035443,4.088698463306855,11.63909190022838,0.016805097121293473,-0.011632289890172913,0.011715376161582634,-0.05249098879557208,0.02041071245992088,1
2022-08-30,715.0634155273438,716.9158997056655,694.3732012935722,695.9851015854548,10135400,56.52295075988762,8.604666778988872,11.219826499464867,-2.6151597204759955,731.6203573381879,706.099267578125,680.5781778180622,706.099267578125,677.254697265625,702.107949656627,685.7686326158506,706.6267661388704,698.0220993598815,704.7029604255936,0.03244396116376169,0.012791296489757438,0.03152545343893539,0.03244396116376169,0.014506572350234004,0.013849084834882674,-0.010684734138599605,11833870.8,0.8564737752587259,0,2.0597271378044297,4.311404413581613,12.089326568526035,0.016906649544656704,0.018452242104725767,0.042718172745447376,-0.022630509997127884,0.050670501689962316,0
2022-09-01,708.3511352539062,716.6753023262013,702.023767412422,704.7904820543832,22403136,51.50734486617649,8.104840565220456,10.596829312615984,-2.491988747395528,731.796502658511,706.7247863769531,681.6530700953953,706.7247863769531,678.6982019042969,702.7025387611299,686.6542209545979,706.8920536950297,698.7872131298093,705.6902517552741,-0.009386972019100326,0.013086751970966337,0.02068400004544004,-0.009386972019100326,0.004812015467297703,-0.00047523314457498245,-0.025001627710137364,12294375.8,1.8222263874510813,1,1.831487220662325,4.12912220159069,12.364279576056285,0.017455014837555596,0.008038389192011334,0.03159802071724678,-0.03203809709315519,0.039166646978901855,0
2022-09-02,714.774658203125,717.1804968372654,705.0069298539969,708.351080797229,12038086,49.94676400734103,8.133293760465222,10.104122202185833,-1.9708284417206112,731.7704826735161,708.0540130615234,684.3375434495307,708.0540130615234,680.1315991210937,703.8522644222722,687.7569831996382,708.1047620808905,699.9714683204253,707.0312547927024,0.009068275082126043,0.012816434314103417,0.017031335461544915,0.009068275082126043,0.03202703904306903,0.01409689371632128,-0.017331527013198733,12144454.6,0.9912413851833247,0,2.6033489288136025,4.3568442782440115,12.384900890762335,0.01732700054293585,0.01551802037579285,0.039283752347803194,-0.023225621793731024,0.044476757186476076,0
2022-09-05,719.369873046875,721.2704621778411,714.101050906599,715.0633864131738,12131932,52.51266392922752,8.429468886606173,9.769191539069901,-1.3397226524637276,732.1176381980907,709.5324005126953,686.9471628272998,709.5324005126953,681.7175280761719,705.3301319103296,688.996704370118,709.8378560756574,701.4083871890513,708.4678945723812,0.006428900061037357,0.012926973118691109,0.009966237869923877,0.006428900061037357,0.006022483357445152,0.020442342827032833,0.0013396329840613674,12202276.3,0.9942351493876597,0,3.7278881491348557,4.751125316045659,12.438170463842011,0.017290368876806614,0.019905205380237965,0.04408318426504554,-0.017412181439298336,0.0471982591588726,0
2022-09-06,716.627197265625,724.951423073854,715.2317990033503,721.2223729044177,12238696,46.55353901872399,8.346663650900496,9.484685961436021,-1.1380223105355256,731.4998800600762,710.9145538330079,690.3292276059395,710.9145538330079,683.2014489746093,706.4060428965482,690.0802531111183,710.8823701048832,702.5357064539827,709.9832732510739,-0.003812608623201652,0.012576240072330349,0.013563013108615078,-0.003812608623201652,0.011683558619204115,0.03470182665821708,0.012922041145035035,12213600.8,1.002054692994387,0,5.661826489470286,5.507325920226549,12.329914095173852,0.017205478862957032,0.014469234050102314,0.03846935778095953,-0.020331763818238393,0.038094822887460196,0
2022-09-07,713.2349853515625,716.9399535633776,707.9421400567993,707.9421400567993,9776206,42.540521230663316,7.916065280483281,9.170961825245474,-1.2548965447621931,729.3757320117954,712.2437774658204,695.1118229198453,712.2437774658204,684.4380493164062,707.0564183684544,690.9882818264298,711.2443109120645,703.3282456315812,710.9512453492684,-0.004733579645045394,0.012509237602129028,0.012615496563370531,-0.004733579645045394,-0.002154067486714095,-0.0025570182113607842,0.011256654261388332,12238962.0,0.7987773799771581,0,4.948468711827331,5.219649210579178,12.044648684569697,0.016887349796270493,0.008738435607960775,0.03219548595864741,-0.02212953619352379,0.026072297771587517,1
2022-09-08,720.5968627929688,721.7516772237872,713.1628440120845,716.9881044068499,11164690,46.44837237835973,8.07576258923757,8.951921978043893,-0.8761593888063235,730.0986338831144,713.0990539550781,696.0994740270419,713.0990539550781,685.798310546875,708.3459845041225,692.1494026486471,712.6831650475882,704.6074024583506,712.110680329917,0.010321812015120724,0.012878570718055678,0.011919054405001296,0.010321812015120724,0.0017056451653958415,0.017287651462114306,0.016804202652572542,12029309.7,0.9281239138767872,0,5.64344574299264,5.495181694049165,12.168376724760183,0.016886524703419673,0.01729504868644449,0.041100172932985006,-0.013014366346105036,0.035192367872662986,0
2022-09-09,721.0780029296875,726.0821594471598,718.8887248344994,719.9231885431478,15128888,51.5344570727971,8.147231630202327,8.790983908475582,-0.6437522782732543,730.8409537688764,713.8761383056641,696.9113228424518,713.8761383056641,687.2677966308594,709.5585576875096,693.2838575616291,713.9746785679112,705.8274469377088,713.3587186030618,0.0006676966852920962,0.012427405623831185,0.009975945159100733,0.0006676966852920962,0.006210768557270985,0.00881864606449323,0.023039855297107392,11918099.0,1.269404457875371,0,5.7062932652373775,5.526874361990963,11.92607279798725,0.016539227031656053,0.016234664662096932,0.04009057049995949,-0.013358516362338863,0.03467683662918328,0
2022-09-12,718.6481323242188,723.6763119278681,716.9399632796035,721.7516408855068,11080492,57.10786942686546,7.91654411678735,8.616095950137936,-0.6995518333505863,731.1600400266534,714.0649963378906,696.9699526491279,714.0649963378906,688.707451171875,710.4242314624342,694.2785350032993,714.6936714534969,706.7771273367096,713.619886596767,-0.003369774969693151,0.011668398081560493,0.009373639678820654,-0.003369774969693151,0.007589570175091875,-0.001003295731025422,0.01941853738071697,11557035.3,0.9587659561790902,0,5.094099552104694,5.281830633181357,11.53598836545216,0.016052345851290253,0.011576042169698098,0.03510060601369968,-0.017112406337166007,0.031103463775868395,0
2022-09-13,728.054931640625,729.4022248737516,721.0539759192867,721.2223728893526,13001966,63.27165305287135,8.395988954972836,8.572074551104917,-0.17608559613208108,732.9439840129328,714.7374237060546,696.5308633991765,714.7374237060546,690.2962670898437,712.103345765119,695.6030995773122,716.7492499438243,708.3532609888515,714.3067715960306,0.013089575959772226,0.012008906226666428,0.011466509725650323,0.013089575959772226,0.010349849177457404,0.015946554105961797,0.05120175532055993,11764615.1,1.1051756380878113,0,5.697302868570773,5.522846466193869,11.426009201955683,0.01569388339449594,0.02240066132306516,0.04665279968279673,-0.006670431136551249,0.045258681126642775,0
2022-09-14,735.537109375,740.4690789237419,718.0706961615213,718.8887165967504,20219760,64.94382862209419,9.272810468487478,8.71222173458143,0.560588733906048,735.554372281385,715.3749694824219,695.1955666834588,715.3749694824219,691.9793920898437,714.3351327755838,697.1691391772215,719.6396898563129,710.3668793878254,715.3517459711288,0.01027694121584255,0.012183116556643009,0.030451737209089266,0.01027694121584255,0.02005206979905938,0.031268970930309115,0.02863199739082911,12147415.3,1.6645318778226015,1,7.278714407129428,6.180857350791712,12.46567525474167,0.016947717655379745,0.029680713752709986,0.05503394806468234,-2.3469245830791563e-05,0.058029056318637064,0
2022-09-15,731.7117919921875,741.4554391702014,727.5256559583752,736.1866756721654,13539372,64.96117414074085,9.548952313569544,8.879567850379052,0.6693844631904913,736.5389728721561,715.634799194336,694.7306255165158,715.634799194336,693.5677258300781,715.9900527009747,698.5237530131026,721.4969363387552,711.9479840251856,715.9688741104688,-0.005200712967511567,0.012171372492392835,0.019037253962930496,-0.005200712967511567,0.018178102857818512,0.015424615028350575,0.03297892185901241,12205166.4,1.1093148226147904,0,7.644068196852231,6.374350364455495,12.436458085018273,0.016996388770991758,0.021958041500583222,0.04751168279665129,-0.006553870274026231,0.05323094321367659,0
2022-09-16,718.26318359375,728.8247925761237,713.5717978693896,723.2432582308112,20560046,56.44976311002276,8.583659330626574,8.820386146428557,-0.2367268158019833,735.3906556736184,715.1788940429688,694.9671324123191,715.1788940429688,694.9164392089843,716.2065413574295,699.2978483299906,720.9994359164466,712.41577658582,715.9898512009972,-0.018379652406341318,0.013418915650569619,0.021235941163540512,-0.018379652406341318,-0.013449188545169188,-0.003903626687405626,0.00488059467496349,12816061.8,1.6042405475916166,1,6.647983669919881,6.013990768361509,13.024164616030346,0.01813285841947987,0.0028715770068541064,0.027120539994583012,-0.023290304204613053,0.03352108336485983,0
2022-09-19,723.002685546875,728.4880099183553,712.1283056005058,716.4588155669953,12076038,65.91938080202547,8.107636102864944,8.677836137715836,-0.5702000348508918,735.877783891617,715.4086547851563,694.9395256786955,715.4086547851563,696.1804663085937,716.8537931849958,700.2274497894763,721.3076281672817,713.1999920644167,716.0779521734752,0.006598558942435773,0.012299351876417633,0.022627446128329533,0.006598558942435773,-0.017041184827201628,0.006059367619272837,0.00504999255058225,13016678.6,0.9277357435866935,0,6.429561722561516,5.9489147861769425,12.938247667494547,0.01789515851895921,0.008577610135198675,0.032525482633173126,-0.017496245472520353,0.04038216108196217,0
2022-09-20,731.7117919921875,733.299669100902,726.5152154056927,728.4879914821296,10781668,60.18245523918599,8.33703225221791,8.60967536061625,-0.2726431083983414,737.9635076486767,716.6199920654296,695.2764764821826,716.6199920654296,697.3824230957031,718.2688406904426,701.4621298758572,722.9082687557287,714.5712365035108,716.8618505418848,0.012045745637479843,0.009436366404254609,0.009272030011621907,0.012045745637479843,0.0,0.005022780826883455,0.02104943097906342,13144058.7,0.8202693130090785,0,6.165494925323628,5.859030298545008,11.936393409732416,0.016312971227693242,0.018715765657915367,0.043123728036015066,-0.008471578325612064,0.05240406765140802,0
2022-09-21,730.5810546875,732.0967448746909,724.1574768560039,725.6009801321287,9072304,64.59254344528503,8.3315483990325,8.554049968299502,-0.2225015692670027,739.3982519317561,717.8842590332031,696.37026613465,717.8842590332031,698.5492553710938,719.4414324996861,702.6040484959217,724.0886973606166,715.7571489615841,718.0110735496723,-0.0015453315322538907,0.008948623729772261,0.010867059811841101,-0.0015453315322538907,0.017149523148491275,-0.006738007674026436,0.024320272690195432,12849329.7,0.7060527056131185,0,5.106299724102314,5.434909318700193,11.45694577436868,0.015681963966707697,0.015483709562166105,0.0398190221810837,-0.011924828360386672,0.04912729652106511,0
2022-09-22,715.0153198242188,726.6355334380704,713.4515245419652,722.7140042906975,12048144,50.14104962671751,6.99059446913509,8.24135886846662,-1.2507643993315298,739.3278272887218,718.2006286621094,697.0734300354969,718.2006286621094,699.3176806640626,719.0198979591654,703.0907650186,722.6927931242477,715.7021986551126,718.6115953690756,-0.021305965660359694,0.010681816714000906,0.018438778205964,-0.021305965660359694,-0.01104749108451053,-0.022818372412053534,-0.007745721993732357,12778960.9,0.9428109291734353,0,3.029845258190676,4.567012005497418,11.810943143101984,0.016518447669073184,-0.005569495567943355,0.016960192622218973,-0.03288461027317524,0.025738880605172647,0
2022-09-23,695.8407592773438,709.7224372346395,691.438062580459,708.4473309391279,15806252,38.22252556056661,4.33073007052883,7.4592331088790615,-3.1285030383502317,740.4040747920646,717.7507354736329,695.0973961552011,717.7507354736329,699.8407092285156,716.8123609418491,702.8064510679625,718.5617109939549,714.230980923426,717.9417039775435,-0.02681699260875825,0.012671360169195713,0.026276665185824277,-0.02681699260875825,-0.049023444896493795,-0.031217560399265043,-0.034999325384780344,12978121.5,1.2179152429725673,0,0.605819584419578,3.5086027379718416,12.982932141138958,0.0186579069536286,-0.02925675226491614,-0.009911251924386705,-0.060187831255839694,0.00106943735691495,0
2022-09-26,686.4579467773438,691.1733552416581,682.2958342078718,685.8324052401812,8923486,35.840082044465575,1.4489512104181586,6.257176729186881,-4.808225518768722,742.9269817695941,716.8256896972656,690.7243976249371,716.8256896972656,700.5027966308594,713.9214643547533,702.1653332526441,713.6226703452455,712.1737191348274,717.1936714357346,-0.013484137534203078,0.013019183362577432,0.01293235962299337,-0.013484137534203078,-0.060394541614591346,-0.05054578565208101,-0.04479269352967907,13038987.0,0.6843695756426477,0,-2.9323288302424544,1.93788346316785,13.25616792677954,0.01931096870392739,-0.03846854163746325,-0.022369925901267403,-0.07600886275222572,-0.006176777398139626,0
2022-09-27,680.299072265625,692.881621797613,677.0030846314178,689.2247583187195,12639700,34.93285397414677,-1.3166712331724284,4.74240713671502,-6.059078369887448,745.1409629096634,716.2109954833984,687.2810280571334,716.2109954833984,701.1071435546875,710.7193317748364,701.3078328217806,708.4959629483808,709.8126341815532,716.4061592282239,-0.008971961852335286,0.013111838649803908,0.02334052450389845,-0.008971961852335286,-0.04855315207390032,-0.07026362058015245,-0.06559375851954641,13238313.1,0.9547817689853552,0,-7.549508915606225,-0.15429705407655092,13.747648188180749,0.020208241858094046,-0.042802071294789086,-0.029956546288132567,-0.08701962966958698,-0.010158807687803683,1
2022-09-28,668.6066284179688,678.7351736760943,666.8503544937673,676.5218139126857,11816132,27.12254978847018,-4.401195206930424,2.9136866679859312,-7.314881874916356,749.8191616307888,713.8881561279297,677.9571506250707,713.8881561279297,701.3717834472657,706.7085981218013,700.0254326490821,702.3591422513944,706.7603374583248,714.7000873495862,-0.01718721121978961,0.012975438358405198,0.017775503079364267,-0.01718721121978961,-0.03913845300993668,-0.08482895343630326,-0.09099538297109622,13322349.7,0.8869405372237001,0,-12.732834377884842,-2.578615846839625,14.094782799620393,0.0210808301930403,-0.05391468252274703,-0.04488237536201537,-0.10830949296653096,-0.013792202351550983,1
2022-09-29,665.1422119140625,674.6933797809945,663.434101683277,671.8545371114053,14410388,26.016066544049536,-7.044052682899519,0.9221387978088411,-7.9661914807083605,753.7417036634208,711.7277099609375,669.7137162584543,711.7277099609375,701.7066748046875,702.7498946734453,698.6574632084931,696.6334606610355,703.6775133439351,712.5753419768429,-0.005181546752091926,0.012863718167952528,0.016927625244708103,-0.005181546752091926,-0.03105177085260713,-0.06975110396574047,-0.0909778697113518,12922712.3,1.1151210106256098,0,-16.270003285720122,-4.433301810106855,14.385200191410181,0.021627254944494145,-0.05351503151325034,-0.04797093434100915,-0.11754622481247493,-0.006826057512950124,1
2022-09-30,683.9078369140625,688.7676199193113,656.7940432846984,663.4341823816585,15781756,36.93450414769266,-7.537420475377758,-0.7697730568284787,-6.767647418549279,753.9579678307675,710.1843688964843,666.4107699622011,710.1843688964843,702.4120678710938,700.9554129820755,698.0790464910646,694.6756723922705,702.2130928676482,710.4150378907648,0.028212951552117893,0.015745403516774652,0.04675129441254021,0.028212951552117893,0.005304673775930802,-0.01714892696954695,-0.04783113970535746,13109895.8,1.2038048387844547,0,-15.856947959773606,-4.727404576897925,16.1878593332922,0.02366965029430758,-0.024320485657550527,-0.020300293567375328,-0.09290986222779517,0.026255678540209975,0
2022-10-03,679.9862670898438,682.22370896109,674.1641488370536,678.4224718418965,11541112,31.14384754509466,-8.15089744434681,-2.245997934332145,-5.9048995100146655,753.7566243818862,708.2151885986328,662.6737528153794,708.2151885986328,702.8754333496094,698.9583514685296,697.3695257302323,692.4157638842048,700.5666613285516,708.6567116221777,-0.005734061831947579,0.015014073997411745,0.011852533667376956,-0.005734061831947579,0.017019930985131104,-0.0094276418794218,-0.05949689996586094,13080354.8,0.882324078854497,0,-14.963112886223712,-4.795807522411792,16.11568758525477,0.023700019199248724,-0.02714336889862609,-0.024926897432442526,-0.0978702606461833,0.02612524519178833,0
2022-10-04,699.13671875,701.5425574242946,686.2173768162974,687.8292769808156,11538526,36.91854624387257,-7.010982715585328,-3.1989948905827816,-3.8119878250025465,752.8736883294753,707.3406646728515,661.8076410162278,707.3406646728515,703.7631872558594,698.9753388286697,697.438827417282,693.449756940481,700.4607396560664,707.5984859099239,0.02816299767657804,0.017019310537786193,0.021920148372978378,0.02816299767657804,0.051108629443487485,0.02769024279518617,-0.04451899449849961,13045346.3,0.8844936527288662,0,-11.743992946166713,-3.86900540449858,16.055538126128358,0.022964804587626814,0.00023088070832476834,0.0024344663158567073,-0.0713758103284368,0.056404724606159265,0
2022-10-06,691.4381103515625,703.7559939592081,690.0908170525987,702.4808875755999,12549198,35.91859364343084,-6.652123894743454,-3.8896206914149163,-2.7625032033285377,752.2310459295911,706.2508209228515,660.2705959161119,706.2508209228515,704.1914282226562,698.2575075451356,697.2035051794106,693.1402728498782,699.7923967446217,706.8140569727865,-0.011011592142094906,0.017134841626058692,0.0197634129534187,-0.011011592142094906,0.011010655282849502,0.03414785460266323,-0.0535778256016789,13183995.9,0.9518508724657597,0,-8.451090576665706,-2.8219274696714365,16.036637675755724,0.023193164269759266,-0.00976630701408144,-0.008269314174438241,-0.08081683933013162,0.04720415330960831,0
2022-10-07,688.4547729492188,690.4515719276419,683.4265352110768,688.1901072180511,13297994,38.75474959923997,-6.533146048461845,-4.418325762824303,-2.114820285637542,750.7593488860219,704.6437164306641,658.5280839753062,704.6437164306641,704.5205456542968,697.3239137740959,696.8604176409717,692.4194267113152,698.952572759777,705.3540419479888,-0.004314684651713585,0.016625314672469995,0.010204064221199384,-0.004314684651713585,0.012453936600246296,0.03504898744596341,-0.037146822087014475,13290661.1,1.0005517332768346,0,-5.425980899349383,-1.7970455675214225,15.313179177019135,0.02224282520610639,-0.012718824996084078,-0.012062164070400144,-0.08298874470128255,0.04544481807557158,0
2022-10-10,680.8524169921875,686.1452626366498,672.7687746952154,677.4842424911661,13109302,34.434981184671514,-6.971933726169937,-4.929047355493429,-2.0428863706765075,749.2363225887873,702.632437133789,656.0285516787908,702.632437133789,704.7250415039063,695.7551997948665,696.2326529096468,690.6398867545263,697.6118204806962,703.1345960456407,-0.011042636721747323,0.01651859769590412,0.01964667761704948,-0.011042636721747323,-0.02615268411377869,-0.0044675901590215394,-0.021539902751201545,13189681.8,0.9939058575317563,0,-5.200213187208988,-1.8463935814177148,15.265057315315842,0.02242050837206766,-0.021419578045658673,-0.0220906558363549,-0.09127147674890794,0.03783961117221486,1
2022-10-11,673.9476318359375,681.8147129301799,673.3701952846903,674.1641338324686,14521620,28.381080041410016,-7.787070081839602,-5.500651900762664,-2.2864181810769377,748.0431199029921,700.397412109375,652.7517043157578,700.397412109375,704.6889538574219,693.6782885606829,695.3587305145994,688.0718475362819,695.8589176181215,700.9914757292146,-0.010141383042676644,0.015897337581448207,0.012529931476256372,-0.010141383042676644,-0.02529579763361889,-0.008880525307885967,-0.018224444775003845,13361738.2,1.0868062060967487,0,-5.280062907846741,-2.0107952156329247,15.132738321848885,0.022453878620546475,-0.02844352641580381,-0.03079144294746491,-0.09905242905871985,0.03247165404554272,1
2022-10-12,678.350341796875,680.7802037798269,672.3357447059547,675.1745875438293,9225050,30.91935160204241,-7.9857548071261135,-5.997672482035354,-1.988082325090759,744.6604369570159,697.9121826171875,651.163928277359,697.9121826171875,704.6211108398437,692.2184841069868,694.6917348786103,686.5762312686809,694.561986075807,698.9142404470123,0.006532718200884302,0.016204924582499454,0.012448521882518469,0.006532718200884302,-0.014676971602735955,-0.029731490845294695,-0.0028645202502777245,13172892.4,0.7003055760176102,0,-6.756854721682885,-2.7470925386717227,15.16882339721926,0.02236134112800581,-0.020034342665672587,-0.0235232294574381,-0.08904742600682644,0.041750490681259196,1
2022-10-13,670.5553588867188,676.6421426191388,665.9361602736982,674.6212615810351,14714234,32.780476319703624,-8.672235723677886,-6.532585130363861,-2.139650593314025,739.3898112215722,694.6630950927735,649.9363789639747,694.6630950927735,704.2304028320312,690.1553293241042,693.7452103299088,684.111481671456,692.7837173951339,694.7812845837202,-0.011491087171133674,0.015655829985813285,0.01596584413733575,-0.011491087171133674,-0.01512377403455245,-0.03020190983431026,0.0029146143426084237,12897616.1,1.1408491217225794,0,-8.102178221031409,-3.45829484950184,14.832012781336548,0.02211899820763675,-0.028399361135964033,-0.03342704367236231,-0.09309629547251895,0.03172461273149778,1
2022-10-14,692.400390625,696.249732615966,680.9726565893199,681.8147001498437,12849920,48.694535656567474,-7.368624386028614,-6.699792981496812,-0.6688314045318018,733.8839317500506,692.6975250244141,651.5111182987775,692.6975250244141,704.1615954589844,690.3691446860943,693.6924723022653,685.3866984335398,692.7553228195684,692.4950919087222,0.032577521674793886,0.017111785856546033,0.022063933287004872,0.032577521674793886,0.027380107767118744,0.005731121100198022,0.04098097853765337,12863143.5,0.9989719853471276,0,-6.954769088001626,-3.1679453387064314,14.983235387442798,0.021639553631560025,0.0029422606073006338,-0.0018626145285634342,-0.05652602452560472,0.06276066697525026,0
2022-10-17,696.033203125,701.3500712981873,686.6263505116987,690.475692350587,18410500,53.79916200048531,-5.973506535892966,-6.554535692376043,0.5810291564830772,731.0304191555514,691.5860260009765,652.1416328464016,691.5860260009765,704.31845703125,690.908578823133,693.7842656678628,687.024622232226,692.9981287681189,690.4176426202941,0.005246693313851081,0.0167227232576405,0.02115376209120941,0.005246693313851081,0.026067446625419377,0.02229673531875953,0.01772953248444953,12755666.2,1.443319361869159,0,-4.8466209717335005,-2.4483872417840757,15.067435081515425,0.021647580911178858,0.0074172248817580225,0.0032415515433638718,-0.04787381634676484,0.06730373904672345,0
2022-10-18,694.7340087890625,703.9002774553204,692.8815247929514,701.5666257336586,10561108,55.957055159093585,-4.916030770865518,-6.226834708073938,1.3108039372084201,726.8024135289722,690.1725921630859,653.5427707971996,690.1725921630859,704.4170947265625,691.2729054865549,693.8215104961452,688.2106817025085,693.126712473374,689.2328063678549,-0.0018665694827552093,0.01649925989474936,0.015860390484661844,-0.0018665694827552093,0.036057649203618425,0.03084271829325913,0.021688293445006,12679919.7,0.8329002272782532,0,-2.40538307412794,-1.5372200184542635,14.720307616956413,0.021188407981659413,0.005006855143659177,0.0013151772885577294,-0.044122589775400366,0.06302760864697084,0
2022-10-19,701.8553466796875,710.8772419458467,699.329216005163,704.4295823817055,12967040,64.25916085783166,-3.4634170403712687,-5.674151174533405,2.210734134162136,720.2682234091235,688.6797698974609,657.0913163857983,688.6797698974609,704.6745190429688,692.280757028758,694.1365628954998,690.3098609297667,693.773277970138,688.2426296814162,0.010250452404133359,0.015703039719345432,0.016453569806534507,0.010250452404133359,0.013655330330118565,0.03465024403253092,0.0038885497739957753,12789188.3,1.013906410307525,0,0.062272921771182155,-0.5551719831105402,14.912773001594019,0.021247644649489156,0.013830500925698522,0.011119978685447486,-0.025563916511942515,0.06812451964835713,0
2022-10-20,697.1159057617188,699.0886819198254,694.0845252418784,694.8062769145736,7898078,63.56401034667578,-2.6639352787066173,-5.0721079953680475,2.40817271666143,712.1341834602229,687.0065124511718,661.8788414421208,687.0065124511718,704.8838269042968,692.741247384278,694.2533998706457,691.356944750067,694.0208800287736,687.0566165166713,-0.006752731799208989,0.015775963103065484,0.0071783711095776545,-0.006752731799208989,0.0015555330289671598,0.039609774976814505,0.008211574290097223,12730477.0,0.6204070750844607,0,2.585918060173867,0.5081895407369075,14.663597525886278,0.021034662105240277,0.006314996247096566,0.004123142776983738,-0.021089112202887214,0.053237937388695505,0
2022-10-21,692.2079467773438,701.3742163513118,689.9945867678867,698.6556066854753,10492606,53.99026179995317,-2.3987205379371517,-4.537430503881869,2.1387099659447175,707.4639122236827,685.8661437988281,664.2683753739736,685.8661437988281,704.6581591796875,692.6904568502842,694.1731860238497,691.4878681388788,693.8865886768159,685.8755697274648,-0.007040377279890375,0.014264482527209929,0.016439611299471912,-0.007040377279890375,-0.003636013178801689,-0.0002779372314948292,0.00545159097677117,12652700.1,0.8292780131570494,0,2.321312164189976,0.4807137215843795,13.192601307944292,0.019058725588696306,-0.0006965738710108828,-0.0028310503575665292,-0.021564301984516414,0.042060667704736855,1
2022-10-24,703.0101318359375,703.948385410148,699.7622496749542,699.7622496749542,2167794,60.38184817555372,-1.3018825963303016,-3.890320922371556,2.5884383260412545,708.7380258842499,686.2246124267579,663.7111989692659,686.2246124267579,704.6076354980469,693.6732830393942,694.5197329184414,693.2605240922724,694.5624066886027,685.1572395168147,0.015605404573704407,0.014630129990568952,0.00595458805730378,0.015605404573704407,0.0016453321353366857,0.01002384466662365,0.03254407899679124,11970777.2,0.18109049761614476,0,2.7647042162611797,0.7354672505786084,13.335226347643966,0.01896875413846244,0.01346000923609608,0.012224849079260308,-0.00808182126416316,0.05921089312294613,1
2022-10-25,698.1262817382812,706.2580282452401,695.287380341186,703.0341691638182,13773394,49.477100111876254,-0.8172952413649455,-3.275715786170234,2.4584205448052887,709.94307102458,686.8080291748047,663.6729873250293,686.8080291748047,704.2727416992187,694.0973781535738,694.6611662054939,694.0091021916584,694.8263974330233,685.9337523421269,-0.006947055065766872,0.012781310151947037,0.015714417564595923,-0.006947055065766872,0.001449365834593097,0.004882837037345489,0.03587615529781951,12213272.6,1.1277398328110682,0,2.824472667018881,0.83965570934879,12.579109031187054,0.018018386300922565,0.0058045221196845204,0.004988209650058748,-0.01664469979155506,0.05191305819469588,1
2022-10-27,699.8104248046875,706.0415240061888,698.2947345638005,704.6702075925484,15937276,54.62027218014926,-0.29397128284551854,-2.6793668855052912,2.3853956026597727,711.4034118319255,687.7835968017578,664.16378177159,687.7835968017578,703.9768225097656,694.6414778346322,694.8630979152663,694.9016133628936,695.1955846457391,687.0579138653087,0.002412375970451741,0.012391546254746715,0.011069840013529866,0.002412375970451741,0.010982939538238368,-0.002913594495894456,0.03163569277634193,12378151.4,1.28753280558517,0,2.360720805874166,0.7265350197665157,12.168399414136916,0.01738813681938653,0.007441172367317051,0.007119858435804446,-0.016295939595489216,0.053671464797453466,1
2022-10-28,701.87939453125,705.8731104708331,696.4422340345699,697.6932584749202,10474278,57.48392115017791,0.2844364837299054,-2.086606211658252,2.3710426953881574,712.0447940989231,689.4472351074219,666.8496761159206,689.4472351074219,703.5586865234375,695.3308032343101,695.1382468021677,695.9751181580253,695.6906816742954,688.4195006597034,0.0029564717146646213,0.012306877152632097,0.013436605362323903,0.0029564717146646213,-0.0016084224870764885,0.0068331374024901415,0.04671357141420307,12311058.7,0.8508023765657133,0,2.5895558500320703,0.88484693152202,12.26977807812103,0.017481319687858054,0.00941795080338641,0.009697564132161437,-0.014276348415042111,0.052530157350245264,1
2022-10-31,720.1637573242188,720.7892989018973,705.9933903964011,708.2789372387135,12830528,69.58286789042933,2.1929451677083307,-1.2306959357849354,3.4236411034932663,715.7153297571875,692.1983123779297,668.6812949986719,692.1983123779297,703.4316577148437,697.695846480968,696.1196393716599,699.6964472605166,697.5035020928083,691.064709697733,0.026050576403058523,0.013358415258006526,0.02054520010902888,0.026050576403058523,0.03156660358218555,0.04038643398566366,0.040097271860517036,12232065.7,1.0489256937199087,0,5.005389630683794,1.946453347810234,12.500057086452736,0.01735724265394432,0.032203016481428336,0.03454020917189156,0.0062153587915189466,0.07699103101971637,0
2022-11-01,728.1270751953125,735.7054670237125,721.2223299433629,723.4356897777316,19073756,76.70772170986994,4.298475104499971,-0.12486172772795412,4.423336832227926,722.5119618126195,694.4092742919922,666.306586771365,694.4092742919922,703.4465734863281,700.5940587394771,697.3748329333717,704.070390019716,699.771914915216,694.8609669781031,0.011057648750169902,0.012810234743540642,0.019890947025235455,0.011057648750169902,0.040463316045239006,0.035727711766800896,0.04610968546646865,12396665.7,1.5386198564667273,1,6.920775700082913,2.855100014930372,13.006999376024462,0.017863639217832232,0.03929952889605341,0.04409714949503901,0.0077716545600241506,0.09278084541157394,0
2022-11-02,728.5841674804688,735.34459771333,727.33314310533,729.931460645262,12720406,75.76498460733201,5.935584552317891,1.0872275282812152,4.848357024036677,727.9355470308903,696.8391693115234,665.7427915921564,696.8391693115234,703.650107421875,703.2597833814763,698.5987284058069,707.8417403982934,701.9061558459755,697.4212323730084,0.0006277644393783977,0.012874698030934852,0.010995921906599449,0.0006277644393783977,0.038047523773017344,0.043628046298944234,0.04872391197662518,12455630.4,1.021257502952239,0,9.162405227902468,3.937562200312982,12.976070485605012,0.0178099814198239,0.03600999900381837,0.042922264034302215,0.0008910410437077854,0.09439287466864506,0
2022-11-03,725.3844604492188,731.4952673413037,720.3081172240958,720.6449111524606,10332352,79.51310861423221,6.895330885838234,2.248848199792619,4.646482686045616,731.7694873106461,698.1515563964844,664.5336254823226,698.1515563964844,704.008095703125,705.366895483166,699.6491492702545,710.540620406128,703.6452895202898,698.6843352198085,-0.004391677961264162,0.012293758069617137,0.015422373551095788,-0.004391677961264162,0.007249327770113778,0.03654423360679249,0.033524164033004844,12395321.7,0.833568684223823,0,10.725417648533835,4.786051354988217,12.888425385178664,0.017767716415095346,0.02837894022846227,0.03678316654255437,-0.008725462009755602,0.0915692338709426,1
2022-11-04,720.38037109375,729.4984772519798,716.7475307718796,723.2914009917648,10818060,68.39615145692781,7.169503011825668,3.232979162199229,3.936523849626439,734.468207329837,699.5986694335937,664.7291315373504,699.5986694335937,704.3097888183594,706.7967503032216,700.4621383613719,712.0544282042237,704.884925192398,699.9010803941969,-0.0068985339889550135,0.009960339520730287,0.01770029694276719,-0.0068985339889550135,-0.010639219945892675,0.026359196047998967,0.033372449458904274,12308764.8,0.8788907884566939,0,11.465947068911532,5.323891559204185,11.963894867382448,0.016607746889629606,0.01921856712654787,0.02843584491086681,-0.019181002112131463,0.08372017550621305,1
2022-11-07,725.9859008789062,727.5256141338776,717.9503644757295,726.5632786654467,9835834,69.19523523056812,7.749771264200717,4.136337582599527,3.6134336816011903,737.8276599729281,701.4752258300781,665.1227916872281,701.4752258300781,704.6557482910156,708.6242884532868,701.4630702248046,714.1977316926364,706.4479604284356,701.5529026672989,0.007781347202236333,0.010029476790923218,0.013189305255867824,0.007781347202236333,-0.003566185922688425,0.008084471754479461,0.04879740872496452,12135656.8,0.8104904548717956,0,10.928441972318751,5.343430853144696,11.596146929643835,0.015972964372455576,0.02450044785158948,0.034959546261277286,-0.016049491956504274,0.09150657585689662,1
2022-11-09,725.7693481445312,730.38854669658,723.6762802249166,728.9932072410344,9269790,70.16891685527317,8.098806044211642,4.928831274921951,3.1699747692896914,740.2584363146816,703.7210723876954,667.1837084607091,703.7210723876954,705.0743627929687,710.2571512810243,702.4162575942057,715.9779803775432,707.8791743333315,703.7124168598465,-0.0002982877961029695,0.009978844739528741,0.009248484368792451,-0.0002982877961029695,0.0005305982086714067,-0.0032380708410668646,0.03237395206404381,11943681.2,0.7761250358892701,0,9.663092541547257,5.041424660833968,11.28854077316486,0.015553895741153338,0.021840254386075546,0.033246796750278085,-0.019573013233436607,0.08781035708888608,1
2022-11-10,733.6605224609375,734.7431498920162,719.3698638652188,720.3562225050898,12774182,70.46444555104016,8.909467643030894,5.724958548543739,3.1845090944871544,742.755752283925,706.7067169189453,670.6576815539656,706.7067169189453,705.6483959960938,712.4860437743494,703.6415228830972,718.6983714672962,709.7889038242653,706.7625609507234,0.010872840436952025,0.010014127552021034,0.020954222772175783,0.010872840436952025,0.01843491563633859,0.006967424227764196,0.05089944563350168,11856309.3,1.0774163929748357,0,9.226260392873087,5.042794477290272,11.233544549594374,0.015311638292753423,0.02971914870699459,0.042662348087191625,-0.012245249929092056,0.09394187622065167,1
2022-11-11,775.2334594726562,787.6716345011165,740.0360255728266,743.4041999414936,56722338,84.09999925399141,12.759428627165562,7.1318525642681045,5.627576062897457,756.4959738798941,711.5508728027344,666.6057717255746,711.5508728027344,707.3012060546876,718.461988126569,706.449049808178,727.3960773142746,714.6366486871091,719.8557791633649,0.05666508656111069,0.01703779863748671,0.061446791732510476,0.05666508656111069,0.06783542012886068,0.06872079806144016,0.10777638056623529,14231173.7,3.9857807371151686,1,13.095092643403063,6.799900537923463,14.536422449763652,0.01875102560672741,0.07901805841408822,0.09736641259996784,0.02476878428930941,0.1629564164526931,0
2022-11-14,777.1099853515625,783.341084117066,768.9060518544665,775.6424002436796,19195390,88.06909956119009,15.780067603626321,8.861495572139749,6.918572031486573,766.3919530594131,716.8786041259766,667.3652551925401,716.8786041259766,708.5421374511719,724.0475116718065,709.2200668883107,735.0443708584727,719.2643032548464,726.0978566292005,0.0024205945395889827,0.01658785941047543,0.018575275745645128,0.0024205945395889827,0.07073960527306133,0.07874952807456448,0.10718449837176824,14455231.5,1.327919929888359,0,17.250761368584904,8.757928526938827,14.754665498276113,0.018986585909845363,0.07328590019905752,0.09572475686019076,0.013985053273802398,0.1644447763876473,0
2022-11-15,779.0106201171875,781.0074781111963,772.3945632755499,781.0074781111963,11030202,87.03406727799641,18.11845285020661,10.712887027753121,7.405565822453488,776.5189673254363,721.209115600586,665.8992638757356,721.209115600586,709.9553271484375,729.2820934285095,711.9569513286589,741.8084092059672,723.6899563557606,729.6905452132752,0.0024457731871314614,0.01652224291170652,0.011056222615233079,0.0024457731871314614,0.06181346313160052,0.07303822178101194,0.0817131689764774,14364245.6,0.767892885373667,0,20.65780497522269,10.493881103854278,14.531270941336263,0.018653495300423897,0.06818832813362205,0.0941821955153224,0.003208746851777773,0.16986256387056123,0
2022-11-16,785.6988525390625,790.0774674383857,775.6424345375626,778.8422119111716,13578150,91.93555646875824,20.27757717847237,12.625825057896972,7.651752120575399,786.6569377762714,725.6923980712891,664.7278583663067,725.6923980712891,711.3738110351562,734.655118105705,714.848790591812,748.5607851033665,728.2832079248941,734.5746900656985,0.008585547166056529,0.01599175383991557,0.0183722209268537,0.008585547166056529,0.013499666376016961,0.0825737605862582,0.07906831005879988,14122628.1,0.9614464038743611,0,24.39796682468068,12.432532997606245,14.77872701253405,0.018809658388548173,0.0694798595631823,0.09911195609437193,-0.0012179200248551261,0.18198574446701346,0
2022-11-17,778.6016845703125,785.0493448148255,776.5567214275272,778.577602685876,12100930,85.87085429872502,21.171959453213617,14.335051936960301,6.836907516253316,793.3697012675614,729.8857818603516,666.4018624531418,729.8857818603516,712.558447265625,738.8405053880487,717.348904081165,753.1824619444351,732.0105024912215,737.9041490800521,-0.009032936659910895,0.016612468783012774,0.01090753276752172,-0.009032936659910895,0.001919547099983765,0.061256072438827136,0.06865029370979925,14199619.2,0.8522010224048826,0,26.3544616136993,13.707381198067765,14.866361929936033,0.019093667820845192,0.05381564612700918,0.08538771041632072,-0.01861429378214735,0.16836660945715778,0
2022-11-18,776.5567016601562,780.9353167659891,772.3945885635269,779.9729811938807,10459232,84.00534518880201,21.468277875597323,15.761697124687707,5.706580750909616,798.9249043677078,733.620849609375,668.3167948510422,733.620849609375,713.7570373535157,742.4325240806303,719.6707784960273,756.7784988237769,735.3102209481796,740.9039587250014,-0.0026264814868527386,0.016802938289268522,0.010998202944103738,-0.0026264814868527386,-0.003150044933485141,0.0017068950924796766,0.07054499234688238,14074228.8,0.7431477879626341,0,23.970535954061233,13.22172868784935,14.80277991323596,0.019062072198449825,0.04596266525605495,0.07904436982005787,-0.027997878881062494,0.1619589805957803,0
2022-11-21,768.59326171875,775.6423807100551,765.1529007022125,773.549312831949,8344816,74.34098839010665,20.82052327814347,16.77346235537886,4.047060922764608,801.9077698775441,737.1947174072266,672.481664936909,737.1947174072266,714.8642028808594,744.9240229033084,721.5893072498596,758.5961546537727,737.7756313756292,742.9957047904725,-0.010254808083404177,0.016497869159012718,0.013647634620664996,-0.010254808083404177,-0.021771179587489642,-0.0109594829475258,0.06692699101697985,14096565.7,0.5919751078094149,0,20.87651123150181,12.369240361548918,14.266629669471424,0.01856200201074881,0.03177403075711243,0.06513948307803101,-0.04154406455480708,0.14292076913481047,0
2022-11-22,767.4625244140625,771.9614309133688,765.537853506441,769.8683630485893,8546314,71.22825532722248,19.985551050383947,17.41588009437988,2.5696709560040674,803.3671605239091,740.9574462890625,678.547732054216,740.9574462890625,715.8015161132812,747.0705468567136,723.3882569425734,759.9602115399712,739.9746604895872,745.5851733772141,-0.0014711777490201694,0.016471076423277952,0.008369890649490628,-0.0014711777490201694,-0.014306622213895337,-0.014824054261786346,0.057131444956359356,13999251.1,0.610483656515026,0,17.788453428204093,11.43130561391456,13.615334505716712,0.017740715764736088,0.027295919566295065,0.06092754070652259,-0.04469268582802375,0.1310369015465845,0
2022-11-23,769.45947265625,772.2742924421901,766.9814468242063,772.2742924421901,10185738,71.69863406055131,19.26291567701014,17.785287210905935,1.477628466104207,805.2418689119103,744.2799133300781,683.3179577482459,744.2799133300781,716.7691455078125,749.2028255042885,725.1949712842862,761.4216363270909,742.1587206500808,746.7597574900566,0.002602014011970244,0.01644945835186819,0.00687865418007323,0.002602014011970244,-0.009139357098758571,-0.02066870764839912,0.060198360020872865,14400148.3,0.7073356320920667,0,14.547707398583498,10.346180692474263,13.421148149286987,0.017442306744182196,0.027037601117329925,0.06103806993252232,-0.044436830270650894,0.12606359006262366,0
2022-11-24,781.9698486328125,785.2658362595581,769.4594860453441,772.7313917879773,17197960,77.33611364524958,19.475206665494397,18.12327110182363,1.351935563670768,807.5734256400674,748.4720916748047,689.370757709542,748.4720916748047,718.0355798339843,752.3234943736717,727.4214370626598,764.5828997587405,745.1076930932461,750.871471951642,0.01625865483646005,0.01656181315879154,0.020213503425803032,0.01625865483646005,0.017403986712229758,0.004325914173122891,0.06584697512390303,14571376.6,1.1802563664437855,0,13.482988985623024,10.072532981494874,13.751091969722713,0.01758519461302117,0.039406391639838605,0.07498873251580278,-0.03170433324618376,0.13432407726567078,0
2022-11-25,778.3610229492188,785.1213945985398,776.6528539412901,784.1590590980275,8410496,78.39292044285489,19.131708306607038,18.324958542780312,0.8067497638267263,808.2348623495731,752.3996215820313,696.5643808144895,752.3996215820313,719.0417016601563,754.8032589999143,729.4190678817406,766.7026110188141,747.570902712207,754.5139009977138,-0.0046150445441129895,0.01644108211643951,0.010879964961711883,-0.0046150445441129895,0.014200691484547612,0.0023234894312356147,0.0040343504764228655,14195037.6,0.5924955070214115,0,12.370734919284018,9.748289385713292,13.445205839519108,0.017273739875328122,0.031210469308939642,0.067097169819823,-0.036961829774961444,0.11742868913148392,0
2022-11-28,769.9887084960938,773.4530928760762,767.0054918764588,771.2638148082744,16105980,70.97952280404422,17.976683558436207,18.25530354591149,-0.2786199874752846,806.761447835111,755.8050872802735,704.848726725436,755.8050872802735,719.7307336425781,756.2494922852648,731.0100341803427,767.2081644768571,749.2314809184209,757.30518842679,-0.010756338262419951,0.016994831531586842,0.008373630585064764,-0.010756338262419951,0.0006878020982921118,0.0018155854947559114,-0.009163795331039393,14476622.7,1.1125509266743547,0,11.325469381956395,9.420726930483056,13.57236879770567,0.017626711467255918,0.01816757082283955,0.053321667956933785,-0.04558068489476579,0.09241696735877361,0
2022-11-29,768.8339233398438,775.8108561300074,766.4280844466838,768.5452344199248,12638236,70.35013175078566,16.774767534630882,17.95919634365537,-1.1844288090244888,806.6113209316416,758.2385955810547,709.8658702304679,758.2385955810547,720.4731762695312,757.448009528558,732.4933239513036,767.4582812250089,750.683513690378,759.7225264864371,-0.0014997429748099256,0.017023078777730627,0.012203899175734256,-0.0014997429748099256,-0.016798506126464385,0.0017869262435039612,-0.013063617509877945,14467008.1,0.8735901654745047,0,10.377462671844455,9.105067008730202,13.763119169967117,0.0179012901904479,0.015031941028364977,0.04961219194805391,-0.04683469796601002,0.08306928897741074,0
2022-11-30,773.9342651367188,776.0754969244954,768.4730227722782,768.4730227722782,15184806,69.54689720834362,16.04879486690288,17.577116048304873,-1.5283211814019921,807.2067038627417,760.528955078125,713.8512062935083,760.528955078125,721.5865979003906,759.0181291102876,734.1184588997513,768.4545864421951,752.4057915752923,762.5158544777929,0.006633866745524131,0.016933812257149298,0.0098231522943026,0.006633866745524131,-0.005687280942880402,0.005815501192052874,-0.014973405350313773,14272560.6,1.0639160291952097,0,9.815303605999134,8.923487615465092,13.208061178925675,0.017066127930893994,0.019651883735525035,0.054236214543141655,-0.04121922992810112,0.08416748240179703,0
2022-12-01,779.2511596679688,787.6715951691663,777.0859048248036,780.4540790252827,20446366,53.00896298517505,15.72126034776386,17.20594490819667,-1.484684560432811,807.9036680765035,763.0623046875,718.2209412984965,763.0623046875,722.7115673828125,760.9450844014954,735.8883687337991,770.1155977076988,754.394337359935,765.2209501113801,0.006869956236284169,0.007749580579885618,0.013584439641864786,0.006869956236284169,0.012029333767719752,-0.003476718404932244,0.0008341557827666879,14658858.6,1.3948129631320683,0,8.621590027823686,8.466931671139264,10.331362464087713,0.013258064920288094,0.024057025456536887,0.058925772952195886,-0.03546525352057392,0.08497415608508095,0
2022-12-02,773.2847290039062,778.8181584847341,772.3464753255907,774.680127315897,7811078,47.30053469855045,14.809530738795047,16.726662074316344,-1.9171313355212973,806.8061769713958,765.4573181152343,724.1084592590729,765.4573181152343,723.5430261230468,762.1202886493439,737.3548926659603,770.6031563686538,755.7936256298588,766.8826850156244,-0.007656620834038619,0.008010776271801027,0.008369081809593936,-0.007656620834038619,0.005789033923903952,-0.006521773053432711,-0.004213436892959721,14532794.9,0.5374794080387111,0,7.317029649429628,7.935824784219676,9.793480469786175,0.012664779352880125,0.014649184021000577,0.04872800966714825,-0.041548328364716974,0.06791285078364065,0
2022-12-05,776.0994873046875,776.893425827618,768.0399276122688,774.6559840761946,11592622,47.97179495466135,14.150982211730366,16.21152610179915,-2.060543890068786,803.9240286619279,768.2432739257813,732.5625191896347,768.2432739257813,724.4533947753906,763.4516409022337,738.8742885341456,771.4487457434283,757.2977635316979,768.811295642722,0.0036400024405072173,0.008048791557855681,0.011407684659213558,0.0036400024405072173,0.002797682265154977,0.007936192753435378,0.009766187084638167,14571523.0,0.7955669424534415,0,7.202148616968998,7.864254353802949,9.810664996907803,0.012640988890456839,0.016566663459530652,0.050380963782611796,-0.034610908948140624,0.059431061478839586,0
2022-12-06,775.2334594726562,776.4604020366052,769.8684271238768,770.3495948908293,12353092,42.06494284204301,13.40467579268011,15.650156039975343,-2.2454802472952338,800.4031202708945,770.7056518554688,741.008183440043,770.7056518554688,725.6577575683593,764.5737188613216,740.3001383748716,772.0310093940786,758.6263336013985,770.5286586352543,-0.0011158721867461363,0.007637885872165504,0.008503212589937054,-0.0011158721867461363,-0.00515584756655918,0.008323691162081648,0.01012549122776596,14697385.9,0.8404958598794089,0,7.125709332763563,7.806814423567971,9.25044656918675,0.011932465576858951,0.013942070396050481,0.04718805155767131,-0.03144623023173582,0.04618744677518463,1
2022-12-07,774.8966064453125,778.8181354914701,772.0095998448971,776.6769624240152,11674720,46.86985003083536,12.640331481639805,15.048191128308236,-2.407859646668431,794.0216033904596,773.1620147705078,752.3024261505559,773.1620147705078,727.2388745117188,765.5568510121778,741.6568626129281,772.4718704788838,759.831538997244,772.0880316751346,-0.00043451817414186245,0.0072732252698268045,0.008786379485910786,-0.00043451817414186245,0.0020844552865832977,0.0012434406278984955,0.0070661730504051334,14817632.4,0.7878937528508265,0,6.538721901890199,7.538403713176763,9.083761178832301,0.011722546083279793,0.012199950168019705,0.044818224583370835,-0.024086242570080837,0.03003337422473618,1
2022-12-08,779.2511596679688,782.378749996985,772.2742273955479,774.6800661101757,14803634,52.19085543907432,12.244808629137651,14.48751462847412,-2.2427059993364686,785.0618766227028,775.4415466308594,765.821216639016,775.4415466308594,729.0947387695312,766.8610708841579,743.1311487719493,773.5148380464353,761.2700294172977,774.21338091639,0.005619528058887546,0.007404443700796111,0.012966965112689147,0.005619528058887546,0.004060912827331897,0.0,-0.003476718404932244,14919105.0,0.992260192551765,0,5.915986482662561,7.242780038150158,9.19546077875908,0.011800381256637685,0.01615688845637396,0.048605163376221144,-0.0074016037815152575,0.01753665573264363,0
2022-12-09,784.8087158203125,786.637118107019,779.4917884600618,782.3787950839879,11963384,63.72158316186132,12.23872188643395,14.037756080066087,-1.7990341936321368,786.4107295404184,775.9203094482422,765.4298893560659,775.9203094482422,731.184931640625,768.5703704018869,744.7655631660027,775.2523577039549,763.0136358175209,776.126860673623,0.007131919001200915,0.006946818500223089,0.009104549303442183,0.007131919001200915,0.012351448754765793,0.014902643727687126,0.008283679013966205,12681157.3,0.943398438879076,0,6.450081752542928,7.410670500042443,8.908472027409541,0.011351137987933864,0.02112798781188322,0.053766117332393976,-0.00203712088343724,0.025317572169215156,0
2022-12-12,790.9194946289062,795.6589852525027,780.1654070879796,781.897599252911,14434808,68.30646644075676,12.581949991423585,13.746594862337588,-1.1646448709140031,789.0649741470951,776.6107849121094,764.1565956771236,776.6107849121094,733.6311889648438,770.6988584235078,746.5755212625872,777.6626864616397,765.0807364702162,776.8434836425706,0.007786328930109443,0.007080053097289277,0.019589323906844133,0.007786328930109443,0.020677453030921944,0.019095499438721575,0.027183237756425838,12443128.2,1.1600626279812822,0,7.247217521274024,7.701232728441596,9.556329224380638,0.012082556175789294,0.026236753803892374,0.05939650055941526,0.002350276013474969,0.03502279389222293,0
2022-12-13,793.1088256835938,797.2949616133573,791.5209486143468,793.9267873639345,17031702,68.40135140140934,12.882124345946977,13.573700759059466,-0.6915764131124895,791.7761356758613,777.3156951904297,762.8552547049981,777.3156951904297,736.1905212402344,772.8331410197064,748.4003567300776,780.0390155727096,767.1568912267626,777.9611657120747,0.0027680833125940385,0.007080960798587761,0.007280227898149689,0.0027680833125940385,0.017783311380030087,0.023058042699933168,0.03157366188825139,12743203.2,1.3365322464606073,0,8.259422158384837,8.100218355206039,9.633659321985435,0.012146705483553311,0.026235526904468388,0.05973870609690385,0.0016831651620756347,0.0396583372690996,0
2022-12-14,799.8211669921875,801.3849623254555,793.9268615052546,795.3703648898096,14227640,65.26750870188904,13.50595627401185,13.560151862049945,-0.054195588038094655,795.3088158043026,778.0218109130859,760.7348060218692,778.0218109130859,738.5087878417969,775.4034292075618,750.4168590932976,783.0824234833984,769.5764672093866,778.7873963646354,0.008463329484208248,0.006132348024563384,0.00932471048277941,0.008463329484208248,0.01912880281430529,0.03216501445426578,0.03344845036793376,12775677.7,1.1136505110801285,0,9.846578195383927,8.759996480369523,9.09578596759641,0.011372274632093171,0.0314903660015792,0.0658358181858859,0.005673709505308929,0.051379745820641046,0
2022-12-15,785.1695556640625,803.2614512642567,782.8840088582007,797.3190413162754,18182648,54.89790237301352,12.6720099433403,13.382523478308018,-0.7105135349677187,795.9306344430498,778.3502044677734,760.769774492497,778.3502044677734,740.6124536132812,776.3335364891333,751.77970993921,783.4035207419621,770.7315107986218,779.5379197038434,-0.01831860912511718,0.00801170366530457,0.025952919670734924,-0.01831860912511718,-0.007269942141888364,0.007594978746795267,0.007594978746795267,13079763.6,1.3901358278371332,0,9.472465604975355,8.64856116726071,9.946421806796861,0.012667864838932282,0.011381730608842379,0.04441440129789149,-0.013520121369015228,0.032072490245609896,0
2022-12-16,788.9467163085938,791.5690570624564,774.1989129626363,779.5158401167187,14647958,64.60343251751803,12.175534779063582,13.141125738459133,-0.9655909593955503,797.1470971662809,778.9697052001953,760.7923132341098,778.9697052001953,742.4086535644532,777.5347917100344,753.2372396007545,784.2563200599054,772.0807852808418,779.9481839496401,0.004810630541242311,0.007360306638636459,0.02201687863166899,0.004810630541242311,-0.00524784145657764,0.00527262300337239,0.02025384275318909,13289199.9,1.1022452901773265,0,8.964421308147507,8.471676434751771,10.376037023015442,0.013151758931913586,0.014677059753764978,0.04740800750473608,-0.0102871614120381,0.037006687087570975,0
2022-12-19,791.4006958007812,792.3149263180803,782.4750101040391,791.0398199705028,9604542,67.04217146249593,11.843565025470639,12.881613595861435,-1.0380485703907958,798.4078104095519,780.1100769042969,761.8123433990419,780.1100769042969,744.4079052734374,778.8553540043912,754.7338457262458,785.355454789271,773.5118897638004,780.5812785564402,0.003110450226181838,0.007305976229462392,0.01243354506288958,0.003110450226181838,-0.010527942418768865,0.0006084072717169597,0.019715524551154218,13352186.2,0.719323551674257,0,8.156495580883416,8.158324463658573,10.40869020378098,0.013152237872685863,0.016107409073956667,0.04858249074447245,-0.008776360297848597,0.038839423721756125,0
2022-12-20,785.9393920898438,787.3828952985053,779.5879427299554,779.5879427299554,7174698,59.016976627339375,11.012845805395955,12.50786003776834,-1.4950142323723856,798.4893317178924,781.0339202880859,763.5785088582795,781.0339202880859,746.35759765625,779.5300242982438,755.9575926424653,785.4452912970514,774.4324454916555,781.0762072635873,-0.006900807315327717,0.0075503517817263515,0.009918007224224762,-0.006900807315327717,0.0009804715685011178,-0.009039659327420235,0.013809946521748495,13283605.4,0.5401167667928467,0,6.696883278537371,7.557235912387682,10.709424412253027,0.013626272610889558,0.008222092275881037,0.0396606896196074,-0.015717103697613984,0.02928432763907767,0
2022-12-21,778.3369750976562,791.4247737186288,773.0201064666394,789.5963126931921,9269198,49.33615335929979,9.630034282537395,11.932294886722152,-2.3022606041847578,798.126798963531,781.4777954101562,764.8287918567814,781.4777954101562,748.3072888183593,779.4164005648545,756.8352154838453,784.3517041894522,774.7216699069148,781.5135960920913,-0.009673032130343207,0.007870113328128406,0.02364614279012018,-0.009673032130343207,-0.013447981963318756,-0.026861244464590595,0.004439777673212131,13237778.4,0.700207974474025,0,4.012971357292713,6.4183563905477286,11.042805642220303,0.014187692471933236,-0.0013849150036052088,0.028410093999213324,-0.024795338148743185,0.017661708587200127,0
2022-12-22,775.6665649414062,783.1005838558391,774.1989796768327,780.5503710559809,9747096,51.81655680929505,8.223866788830037,11.19060926714373,-2.9667424783136926,798.0098767021032,781.162631225586,764.3153857490688,781.162631225586,750.3416674804688,779.0592733626214,757.5736997762988,783.015528920522,774.791662131692,781.54223825909,-0.003430917766581665,0.0076336255701151545,0.011476070493871103,-0.003430917766581665,-0.01988137102085108,-0.012103106461659796,-0.0046000505512110434,12865235.2,0.7576306105931122,0,2.725736873488131,5.793989837088816,11.185442773408047,0.014420426609793337,-0.0043548784248101605,0.023882646890263013,-0.027998791008745444,0.01485143358878311,0
2022-12-23,768.7376708984375,771.8652612871225,762.867389080973,763.6132225912555,10693152,44.71689650520443,6.475717042026645,10.247630822120312,-3.7719137800936675,798.3931378323358,780.6814636230469,762.9697894137579,780.6814636230469,752.1494140625,778.0762636041277,758.0115025654023,780.8189353786628,774.3432183366361,781.0256282236189,-0.008932825464111782,0.007937263778692865,0.01170473693013318,-0.008932825464111782,-0.021886829142977793,-0.025615222159377837,-0.020477658565599577,12979368.0,0.823857679356961,0,0.5414718940933199,4.774262964647846,11.467276890914052,0.01491702218457961,-0.012002156012873194,0.014150403122820279,-0.037143940157619466,0.007559777024869445,0
2022-12-26,784.0387573242188,788.6339327760353,765.0567133092716,769.6278068793584,9907322,55.234501425948636,6.252886191265588,9.448681895949369,-3.19579570468378,798.411234478712,781.3839660644531,764.3566976501943,781.3839660644531,754.41908203125,778.6441201488983,759.0321792226109,781.314292601056,775.0614064097904,781.6472717359773,0.019904171481408772,0.00964663267286799,0.030071497418352723,0.019904171481408772,0.00732559599374949,-0.009302415976666922,-0.0086996683624746,12669435.1,0.7819860887088802,0,-0.21123385549287832,4.298333496365103,12.680508644773722,0.01617331863548428,0.006928244926949215,0.03294534643737922,-0.018001346341120987,0.025749836083770274,0
2022-12-27,784.832763671875,787.1664156857469,776.3642223890472,785.7469942121562,7926772,55.874833997343956,6.070385191294122,8.77302255501832,-2.7026373637241985,798.2019891067499,782.1839080810547,766.1658270553595,782.1839080810547,756.2677294921875,779.2335147701342,760.0439668480723,781.8555958427204,775.7852106514263,782.2573878038635,0.0010127131347001939,0.009639557509241099,0.013763688006806862,0.0010127131347001939,0.011817189427471453,-0.0014080327683108074,-0.01043496395918364,12433861.9,0.6375148818405326,0,-0.2965095281095955,4.086374205606944,12.965769905497057,0.016520423847796728,0.007185585316350919,0.032614951114739714,-0.016749175794257446,0.02436409450452652,0
2022-12-28,784.2072143554688,785.7469276450677,780.9833552219441,780.9833552219441,8691870,53.06548356115564,5.808320528568629,8.180082149728381,-2.3717616211597523,798.2539747895721,782.6975555419922,767.1411362944123,782.6975555419922,758.0312097167969,779.7072004449279,760.9915451816956,782.2173833062202,776.4090627776516,782.8984605484817,-0.0007970479130861019,0.009552798247062774,0.006074379750559593,-0.0007970479130861019,0.020123306093418947,0.007542027997675449,-0.019521804724719538,12109215.1,0.717789710416491,0,0.29079988007345037,4.15632969785031,12.58427346418895,0.016047127894037325,0.0057714151004030125,0.030507131545370974,-0.017596856235894385,0.022246334153702446,0
2022-12-29,789.7406616210938,790.7992071900476,775.1612551160126,779.5398699494827,11012896,53.051481500782835,5.978222121371118,7.739710144056929,-1.7614880226858105,798.9950026603688,783.2220306396484,767.4490586189281,783.2220306396484,759.9313427734374,780.6627681759913,762.1189615126525,783.3748107392777,777.3965886179066,783.1461932027254,0.007056103494499144,0.009548767253148767,0.01980137636820557,0.007056103494499144,0.007272477595794635,0.018144518941267895,0.00582180743516636,11637541.6,0.9463249523421683,0,1.6034948133699345,4.545261736353723,13.173701580973573,0.016681047616228892,0.011628444208134567,0.036243292062459305,-0.011582476746990087,0.02904636177713312,0
2022-12-30,783.4132080078125,791.520872062532,779.4916794779951,791.520872062532,7122640,45.36814758293104,5.538453883090028,7.29945889186355,-1.7610050087735214,798.7924853000472,783.7284545898438,768.6644238796403,783.7284545898438,761.5625,780.9247148266411,762.9540300026588,783.3807180113599,777.8422641282699,783.4775905838186,-0.008012065125648893,0.009553670639602834,0.015354850367058035,-0.008012065125648893,-0.0018087364974685993,0.01909043574282432,-0.007013792169225375,11603119.7,0.613855599541906,0,2.848451222513404,4.9425274372564445,12.926245468117413,0.01649990750218307,0.003186598059870383,0.026815741447859472,-0.019253157203222675,0.01918754617747426,0
2023-01-02,783.6778564453125,788.994783343364,778.7940509867589,782.8598948008254,4381378,44.03890297019007,5.1519013907548015,6.869947391641801,-1.718046000886999,798.7384408229462,784.107373046875,769.4763052708037,784.107373046875,763.2937390136718,781.1869187903241,763.7667290788413,783.4264316165834,778.2745302258286,783.9895622845847,0.0003378146229791046,0.009508984891668243,0.013016486650362561,0.0003378146229791046,-0.0006750230047186667,-0.0004603099981153047,-0.009758443979701603,11242557.5,0.38971363944547316,0,2.5427986414257475,4.734549856230387,13.199478708985566,0.016842990522734858,0.0031886576631949817,0.026069644838399117,-0.018855464577511395,0.01845612538973614,0
2023-01-03,788.8023681640625,790.5586422632767,780.5503292014555,780.5503292014555,8378030,42.892608836011746,5.1991287046288335,6.535783654239207,-1.3366549496103737,798.9347597336113,784.7858184814453,770.6368772292793,784.7858184814453,765.2256274414062,781.9121996830611,764.7485188468892,784.253498777734,779.0543700731051,784.6568396131546,0.006539053868376943,0.009377598143650415,0.012687985566163537,0.006539053868376943,-0.0011881032630448596,0.0050578985433986645,0.0036427440881998674,11043804.4,0.7586181080860143,0,2.678684912926883,4.704551998816896,13.323205596125531,0.01689042291687751,0.008811946512401596,0.03145328003177103,-0.012682376684833692,0.023572049912917153,0
2023-01-04,774.7041625976562,791.8818278494382,773.2365774595456,786.709274515468,10351600,43.20102968921372,4.05223765231392,6.03907445385415,-1.98683680154023,798.9536875457117,784.7761962890625,770.5987050324132,784.7761962890625,766.6595080566407,781.2257199606416,765.1389362488801,782.7843701346451,778.7321324823312,784.9351510095854,-0.017872925000491313,0.009314644264709127,0.024067574811232822,-0.017872925000491313,-0.01111679675697963,-0.01211803664114841,-0.004667403215097399,10977648.4,0.9429706274797433,0,1.518519515713706,4.147391067184458,13.199477594970997,0.017038087869196288,-0.00834785286295227,0.012501293419558546,-0.03035160276003856,0.005327620638903506,0
2023-01-05,769.72412109375,778.5535973840347,764.7681278994141,777.0860120710504,10941436,37.703984864184484,2.710228671957225,5.373305297474766,-2.663076625517541,799.8342319663924,784.2998443603516,768.7654567543108,784.2998443603516,768.09146484375,780.1303295923663,765.3187474192671,780.7751010514305,778.0648723794733,784.7072095112841,-0.006428313857521739,0.009267158836750318,0.01790962385982121,-0.006428313857521739,-0.01780544803812023,-0.02534571347289627,-0.007661080309817381,10784538.5,1.0145483740449348,0,-0.532438583625094,3.1997859066145793,12.943429408171028,0.01681567337370029,-0.013339064133109277,0.0057562599757790935,-0.03764543910382116,0.0012470179701968619,0
2023-01-06,767.1738891601562,774.2470317456477,759.3789361975485,770.8307523930382,9092462,34.52202694018631,1.4244740325652856,4.58353904449287,-3.1590650119275843,800.7309928265018,783.4181030273437,766.1052132281856,783.4181030273437,769.4387341308594,778.8963828845367,765.3914980757726,778.6826069143114,777.2581328817461,784.007502385728,-0.0033131765832802307,0.009168061763589634,0.01938034617467984,-0.0033131765832802307,-0.02741938903434904,-0.020728931656580296,-0.0020342202515634122,10640992.4,0.8544750017864875,0,-2.028331942104387,2.4374680731137914,13.302585074889464,0.017339726055395504,-0.015050132446331048,0.002328731229527221,-0.0419080864447276,0.0013949466907652818,0
2023-01-09,768.6654663085938,775.4258965646997,765.0567082508069,767.9437146970364,10729340,38.374378084928786,0.5198692980731039,3.770805095208917,-3.250935797135813,800.4298489165034,782.3054016113281,764.1809543061528,782.3054016113281,770.7744555664062,777.9220098773042,765.5198889868636,777.1415083595856,776.6216390615125,782.9354978483206,0.0019442491063796918,0.009122321638513373,0.01348985842136154,0.0019442491063796918,-0.0077948416706761225,-0.019156328092276964,-0.019607820241044238,10455719.0,1.026169505894334,0,-3.2649089130198945,1.753159908022326,13.199473306537104,0.017171934846931126,-0.011899063725128922,0.004109073280765007,-0.03968415552082081,0.005868390172734325,0
2023-01-10,754.6154174804688,769.8684118966518,753.0275403864125,769.8684118966518,16371766,35.30993025643197,-1.3155926573831493,2.753525544690504,-4.069118202073653,801.5879205421687,780.3807312011719,759.1735418601751,780.3807312011719,771.4634887695313,775.7023344109389,765.0922626532796,773.6759559166446,774.9915485740278,780.1670478455022,-0.01827849623009392,0.009963119276015193,0.022317158012048085,-0.01827849623009392,-0.019628725668376257,-0.04334032460268078,-0.03850163702396048,10422722.2,1.570776394673553,1,-6.209865272122215,0.343743806390421,13.087773610697809,0.017343633998886,-0.027184289636672722,-0.01369357093806957,-0.058599315007054065,-0.006004061164378467,1
2023-01-11,765.48974609375,768.9060251968651,750.6216516314828,754.4469115539331,15195798,44.27908834325264,-1.8711723324516925,1.828585969262065,-3.699758301713757,798.7752555461757,778.66416015625,758.5530647663243,778.66416015625,772.2107421875,774.7297069521591,765.1078502391804,772.4165390208148,774.2877113532664,777.5878902776692,0.014410424649934583,0.010886605942562176,0.023885850409736304,0.014410424649934583,-0.002195255978080679,-0.0118941099696811,-0.023868013350403117,10471130.1,1.4512089769565562,0,-6.496013008482578,-0.031086009699720307,13.757971424010375,0.017972770365921306,-0.011926689754494785,0.0004991398983166047,-0.041670681735961106,0.009144622373337331,1
2023-01-12,769.5797119140625,771.7449667913606,762.2419037187744,763.998177755398,9250070,50.488961159556716,-1.958866572751731,1.071095460859306,-3.029962033611037,798.1420726823081,777.88466796875,757.6272632551919,777.88466796875,773.0306530761719,774.2392312342452,765.2832173636856,771.9801040813144,773.9389706540661,775.9734447848701,0.005342940047444511,0.010742730866016412,0.01234838045424902,0.005342940047444511,0.0011893933649176347,-0.00018761160749680705,-0.025528569930345246,10024501.2,0.9227461611755805,0,-5.8910983581210985,-0.03553005558148925,13.522534796307013,0.017571324434572735,-0.006018190673126613,0.0056142542432563005,-0.03578606083533023,0.015776159648104752,1
2023-01-13,770.1812133789062,774.6320153125537,763.1320937043018,769.2669828560861,9244546,40.29658742396838,-1.957266597754142,0.46542304913661636,-2.4226896468907584,796.7803812543896,776.9463928222656,757.1124043901416,776.9463928222656,773.9265881347657,773.8527533432605,765.4752956387923,771.7033516655594,773.6606182633135,774.9873144820026,0.0007815973518165986,0.009129993719343487,0.014931449129744248,0.0007815973518165986,0.02062745544002942,0.003920003354183743,-0.01689018578401902,9754330.6,0.9477376130761859,0,-5.043629541276232,0.08379756301974339,12.659870663556164,0.01643752203201026,-0.004744494283301499,0.006147706878230243,-0.03338331176478974,0.017261385380803077,1
2023-01-16,762.7952880859375,780.1173277789237,760.3894492396894,777.0859473381312,14748094,35.872948799211215,-2.5228986452978006,-0.13224128975026705,-2.3906573555475337,795.0851749886037,775.5161224365235,755.9470698844432,775.5161224365235,774.7748864746094,772.7996614139917,765.3701973033862,770.3328803456175,772.8557789909153,773.7963107882551,-0.009589853874214294,0.009365975541736358,0.025862611958100818,-0.009589853874214294,-0.0035199139133634816,-0.007636843958720996,-0.026646878162535192,10011508.2,1.4731141108189874,0,-5.122348463312505,-0.1496916834773856,13.297419609451497,0.017432487873408824,-0.012945623332377183,-0.0033642663726924245,-0.04061185885289468,0.0090591239444068,1
2023-01-17,774.1507568359375,775.1611973011755,759.0420786732492,764.960465126677,10786354,44.332944213731906,-2.0314573162189618,-0.512084495044006,-1.5193728211749558,793.8741149475155,774.9266906738281,755.9792664001408,774.9266906738281,775.73818359375,772.9283371684627,765.7145329713294,770.9202459595128,772.9517032757318,773.1965731536227,0.014886652981947579,0.010400636039879506,0.020821679092335257,0.014886652981947579,0.0059396640154483205,0.025887808415966163,-0.018574502206714527,10192091.0,1.0583062886703032,0,-2.7739972424761845,0.6222703180498002,14.108530052651693,0.0182245252982962,0.001581543344565434,0.011017452981950894,-0.02484444037186169,0.024037022235181955,1
2023-01-18,787.8159790039062,789.884965083016,769.724024650822,772.274237215273,19090642,49.006452669918204,-0.5331712322739577,-0.5163018424899963,-0.016869389783961353,795.1638941142048,775.4006408691406,755.6373876240764,775.4006408691406,776.9791162109375,774.3462078194573,766.581256345156,773.5195895048041,774.0527607370781,773.6902163970833,0.017651887629510865,0.011362875023339708,0.02559092601508919,0.017651887629510865,0.02289690441504466,0.029165946407624377,0.016924933464001146,10683163.2,1.7869840273524982,1,-0.38349913270178604,1.4734061059756414,14.431600649663055,0.01831849192486549,0.017395024406950434,0.027700550310858656,-0.00924075547781755,0.0425846998929048,0
2023-01-19,791.087890625,793.9267921137573,785.7469403162216,787.6716113274065,11172162,54.09082568687951,0.90778285149986,-0.23148490369202507,1.139267755191885,797.1449360763978,776.1717071533203,755.1984782302428,776.1717071533203,778.1276635742188,775.9406538009375,767.5423008267185,776.2224050617573,775.3146222102574,774.3708812994325,0.00415314198784178,0.011176071910650433,0.010340003802956911,0.00415314198784178,0.037090688656528537,0.027947954419748733,0.027755099451596932,10754416.5,1.038844087914951,0,1.7014225666923721,2.25908346303288,14.156647736305827,0.01789516424669495,0.019521128001044778,0.030676602153289288,-0.0075984242981094584,0.04752315242856636,0
2023-01-20,799.195556640625,803.068980550622,790.7510978089086,791.0878917418223,18843404,57.63316196082811,2.6731557576803198,0.3494432285824439,2.3237125290978757,800.7179817053741,777.6946014404297,754.6712211754852,777.6946014404297,778.6069055175781,778.1554064523364,768.7836049762834,779.7567360738908,777.0835803162105,776.6513243871111,0.010248755052007619,0.01145797610371174,0.015412851885076642,0.010248755052007619,0.03235132121687645,0.03767209944582817,0.04173977755619873,11161929.1,1.6881852438930114,1,4.302653109075891,3.308309337491096,14.307872763813553,0.017902843233958802,0.02703849387131051,0.03955853307417993,-0.0019013249352869733,0.058998321674156466,0
2023-01-23,805.0418090820312,809.6129030380878,799.4121694938297,801.7458215030824,15444400,57.93186632745112,4.492187081122552,1.1779919990904655,3.3141950820320862,804.7140728778807,778.7447540283204,752.7754351787601,778.7447540283204,779.1655419921875,780.7160162265931,770.2054953333716,783.6467473059124,779.1545602247899,778.4318746900414,0.007315171353029948,0.011486269550408544,0.012671060594840118,0.007315171353029948,0.021865296639330456,0.05538382532763397,0.04732402373704869,11438783.0,1.3501785985449677,0,7.916354812601412,4.835298029985324,14.337089430645092,0.01780912403418316,0.031158311536903224,0.04522989508609169,0.00040727037738823323,0.06943156147338894,0
2023-01-24,815.8199462890625,819.1400156177996,805.9560070977172,805.9800889805086,24983940,70.75542562978838,6.725955478327705,2.2875846949379133,4.438370783389792,811.0492478527611,780.2941131591797,749.5389784655982,780.2941131591797,779.901728515625,784.059247661114,771.994297331634,788.5964702263971,781.8705147480694,781.869477778637,0.013388294974792991,0.010415366496966649,0.016160439052823737,0.013388294974792991,0.031263347546026665,0.05382567811912087,0.08110691537809434,12291641.4,2.0325959070039255,1,11.13091049265131,6.279764360304625,14.012300583921931,0.017175726883928225,0.04050803395622483,0.05676939468194261,0.005882131632489273,0.08842898065041241,0
2023-01-25,793.2772216796875,814.5929177332151,791.6653214666925,813.8471429635326,14704142,60.099007931730796,6.601129832332276,3.150293722416786,3.4508361099154903,812.0090155441115,780.7476135253906,749.4862115066697,780.7476135253906,780.0532958984375,784.9371499485972,772.8289218158715,789.3165858345956,782.7154560022633,782.857692545196,-0.02763198511131726,0.01318330914524813,0.028902375663800963,-0.02763198511131726,-0.007405365197242664,0.006932129864497316,0.036300258400240315,12592255.0,1.1677131697221823,0,10.590942129139876,6.247665470715447,14.752954536618322,0.0185974765610695,0.010625145887968878,0.026459025130387,-0.023068455529243397,0.0584280397700526,0
2023-01-27,777.4708251953125,787.6715573611841,765.0325926486802,785.2657187620357,35179948,53.96441205540331,5.167196289481808,3.5536742358297904,1.6135220536520176,811.1329075894913,780.1341217041015,749.1353358187117,780.1341217041015,780.0306787109375,784.2260714006652,773.0109572425163,787.4941611208598,782.326964831378,781.9812278508773,-0.019925438487829572,0.014411621023859527,0.0291187321489738,-0.019925438487829572,-0.034247890700431105,-0.017213087940114113,0.010253795882461114,13800607.6,2.5491593573025004,1,8.28541759972768,5.4686564157977955,15.708421213968895,0.02020451533988134,-0.008613901592543988,0.005769475724775579,-0.041500082266684404,0.03782425954535119,1
2023-01-30,776.6768798828125,782.0419116590099,761.2073260790175,767.462506381816,18512822,53.10112445559802,3.9215239869407696,3.6272441860519864,0.29427980088878325,810.7924616543992,779.7973052978516,748.802148941304,779.7973052978516,780.0330822753906,783.5071007799173,773.1547189146847,785.829964007314,781.9084400203732,781.3525234452285,-0.0010211898463207136,0.014419254104334757,0.026825293915194084,-0.0010211898463207136,-0.04798003111385163,-0.028176679125280102,0.008433945662487341,14370116.7,1.288286127836387,0,5.351694327580958,4.371113938401322,16.455949590118866,0.021187639308384965,-0.008717497123262695,0.004555570679400359,-0.0420768364101151,0.0372257624806756,1
2023-01-31,771.552490234375,780.7908875770869,767.4625643428925,779.3473843212695,18596244,57.0428029389744,2.4920969518902893,3.4002147392196473,-0.908117787329358,810.340560026241,779.1910369873046,748.0415139483683,779.1910369873046,780.0922668457031,782.3685664422467,773.0918864174176,783.633429580708,781.1413326288177,780.8182354444652,-0.006597839823957008,0.013539115560531986,0.01727468111747735,-0.006597839823957008,-0.027386052254610882,-0.041599477778481164,0.011480409338148645,15080860.0,1.2331023562316739,0,1.652550215653605,2.8863910840460676,16.20505328468709,0.021003176698664364,-0.0138247837039988,-0.001991220203042553,-0.0478663807604668,0.03143004211345074,1
2023-02-01,783.1246337890625,801.1443434244188,772.7554447685386,781.4164646974513,17302790,57.29065943715595,2.266909479197352,3.1735536872151884,-0.9066442080178363,809.7902043676136,778.9071502685547,748.0240961694958,778.9071502685547,780.4055090332031,782.4405728562291,773.4853274908155,783.5551533050702,781.2882438258729,780.9318481457141,0.014998517535951716,0.013582519796705985,0.03625080533927741,0.014998517535951716,0.007272052417310659,-0.04007662799704992,0.011591898443402027,15527098.0,1.1143608419293805,0,-1.618674804884904,1.4910301591814914,17.012730400734338,0.021724167095115002,0.0008742656714954095,0.012462170846235543,-0.03292898634082011,0.04692434080574487,0
2023-02-02,771.4802856445312,781.6569951120864,764.4552483744704,773.7658324138648,17497106,50.739545684918724,1.1357529522621235,2.7659935402245757,-1.6302405879624522,809.7547766888804,778.7459564208984,747.7371361529165,778.7459564208984,780.4459252929687,781.3967359789244,773.4066983988045,781.6974813572949,780.5617284050328,780.5014411048558,-0.014869086786596597,0.014226101511809107,0.022297065858584847,-0.014869086786596597,-0.006690805884507989,-0.027477072881285203,-0.020735417654297206,15884373.3,1.101529513915415,0,-3.540413969672727,0.5777765829329837,17.667467710877613,0.0229007377630102,-0.012690672839796248,-0.002490814675204498,-0.04726676784897158,0.031753337294135875,1
2023-02-03,798.1610107421875,798.9789723443195,773.2365001850776,775.1611710007219,14411100,59.050542119222406,2.36495308336805,2.6857854488532706,-0.32083236548522054,812.0308827427077,780.1678009033203,748.3047190639329,780.1678009033203,780.7697485351563,782.9933335754257,774.3774557456038,784.2303320318938,781.8653789485257,781.2564777317599,0.03458380673378558,0.01693082296408147,0.032252229578722036,0.03458380673378558,0.03448698675022044,0.02661216971283431,0.008941004155175847,16057856.5,0.8974485480051463,0,-1.2327378252394965,1.3664985030875414,18.810236645987352,0.02356697006346657,0.019371400133767154,0.030713129392027385,-0.017080473532821154,0.06662565450692423,0
2023-02-06,794.7688598632812,803.2614827057959,792.0983552594887,798.7384939446326,11167672,60.616701126451936,3.0304516563346624,2.754718690349549,0.2757329659851133,813.4313548819581,781.5475494384766,749.6637439949951,781.5475494384766,781.0979052734375,784.1148122695072,775.1771186521794,785.8516440059534,782.8211923496187,782.1932902418754,-0.0042499581328233615,0.01669147682619741,0.014045753438587763,-0.0042499581328233615,0.0148689309106258,0.023294088505890098,-0.005538940676736437,16161617.0,0.6909996691543921,0,0.6077114895898603,2.022399737494652,18.19846871077827,0.022897812974087623,0.01358735663076873,0.025273889979062502,-0.022942925554406586,0.0601671299026931,0
2023-02-07,795.9476318359375,801.0961617651983,785.5544206626682,798.449739262286,10264588,57.76215531961509,3.6113517024168686,2.926045292763013,0.6853064096538555,814.8093212652963,782.9116577148437,751.0139941643912,782.9116577148437,781.6170837402344,785.2417474663101,775.9916485809542,787.404872902874,783.7935212004571,782.989871631783,0.001483163259389686,0.016342083966233153,0.019526084984613116,0.001483163259389686,0.031714804184484136,0.031618252692246385,-0.011296527886500263,16138379.4,0.6360358587182552,0,2.873181024063456,2.899762163536593,18.15722745896425,0.02281208804790672,0.013633870593573724,0.02571675003394239,-0.023148593096687865,0.05983062635409518,0
2023-02-08,795.8513793945312,802.6839372708745,793.9267085858384,795.9716713200746,8444826,53.16763855832168,4.017639558552446,3.1443641459208997,0.8732754126315463,814.4055486520349,784.9734558105469,755.5413629690588,784.9734558105469,782.1574328613282,786.2521886023312,776.7704615540357,788.7043354400521,784.6866958814996,784.617344149081,-0.00012092810827801781,0.015720296106284393,0.011003598048291955,-0.00012092810827801781,-0.002893691017942124,0.016251239019122288,-0.02447668383858803,15742032.4,0.5364508079655584,0,3.8116157461021203,3.285134063220198,17.34267661988154,0.021791350833714106,0.012208793732280584,0.024564422548099415,-0.02278246911285614,0.05335249451739577,0
2023-02-09,794.1914672851562,799.5324176572361,786.9739509076702,798.738479108453,11777336,51.239211821411565,4.157756547556801,3.34704262624808,0.8107139213087207,814.6139753673506,786.4085418701172,758.2031083728839,786.4085418701172,782.5625769042969,787.0083103816479,777.4536382493739,789.5485095700681,785.3907530225113,786.0753529549768,-0.002085706141060961,0.015707562785809964,0.015812895588636158,-0.002085706141060961,-0.0007264911942125307,0.029438447181642458,0.0011524919416354695,15571109.3,0.7563581870175428,0,5.611574402723477,4.046939850569402,17.655434830740848,0.022230703247283348,0.00912716779321553,0.021529038147498666,-0.025070166606195023,0.047465327581555236,0
2023-02-10,797.3430786132812,798.0167252205403,790.173667284601,793.3494214707791,8172116,49.22985261869395,4.471563564575263,3.5719468139135166,0.8996167506617461,815.2372109052692,787.7967102050782,760.3562095048871,787.7967102050782,782.9244152832031,787.9925740227559,778.2336163028605,790.7476740382547,786.2761104736794,786.8581002494235,0.003968326855611215,0.015492677415023647,0.009836490898722869,0.003968326855611215,0.001753189181711523,-0.001024770839339384,0.02556012749800174,15517211.6,0.5266484862525171,0,4.99924044733018,3.8561605572566577,17.33580448747127,0.021741963970667754,0.011866234402172595,0.024554917585292366,-0.021949601971820748,0.0486441336916002,0
2023-02-13,797.9445190429688,799.5805011250109,791.3044393965116,796.3326188427218,5736944,46.91483739233425,4.714443927689217,3.800446236668657,0.91399769102056,815.6654239101119,789.1848754882812,762.7043270664506,789.1848754882812,783.4176110839844,788.9403783103952,779.006592880904,791.8548809620568,787.1404370343676,787.5627415381255,0.0007543057007950438,0.015351184947254478,0.010371725766630145,0.0007543057007950438,0.0026300634799802936,0.0039957015681688635,0.02738286630003084,15341831.5,0.37394127291777385,0,4.82556604088802,3.829474228724621,17.1828555825453,0.021533897623802107,0.011412954616237198,0.024310354155064266,-0.021725703147000223,0.04620426386206655,0
2023-02-14,805.3303833007812,807.1588441172931,797.7519917688305,801.1442476633639,10908592,45.30166646892191,5.4401947065050535,4.128395930635937,1.311798775869117,815.6106349738662,791.3116302490234,767.0126255241806,791.3116302490234,784.0022290039062,790.5013311666224,780.0388983875658,793.9280351680144,788.4878404615093,789.0969352647844,0.009256112526057514,0.015100816361598185,0.01168073692924271,0.009256112526057514,0.014025479339008662,0.011788151744608344,0.04377912519749039,15149856.4,0.7200459008971201,0,5.259583700312305,4.047249806611603,16.847758854880606,0.020920306999752385,0.018759047644200787,0.03242336371365063,-0.012604361974037267,0.049957140862465006,0
2023-02-15,803.6945190429688,807.3994872360046,797.1746725138561,807.3994872360046,11438712,55.74121428749229,5.816310051603637,4.465978754829477,1.3503312967741596,816.2736237931744,792.788818359375,769.3040129255756,792.788818359375,784.5714501953125,791.757825250084,780.9665697858169,795.4305711487766,789.614261097173,790.309349617019,-0.002031295840481784,0.013009287892756823,0.012722265089382592,-0.002031295840481784,0.007965756021528048,0.009855030538998832,0.026266426014951216,15182474.3,0.753415535174,0,5.5056366477527945,4.1961082317811815,15.852772419150499,0.019724873124713875,0.01507619301282488,0.029102333104200722,-0.015410402080311329,0.044703401437631816,0
2023-02-16,800.7835083007812,809.2761316878249,799.2197129563453,805.0899366009373,8062500,64.9769711741682,5.8124871995079275,4.735280443765167,1.0772067557427603,817.0595504487754,793.4371948242188,769.8148391996621,793.4371948242188,785.0891882324219,792.6174141120553,781.743704629541,796.2540999413927,790.4416127418848,791.172690920422,-0.0036220363250130116,0.011649732014448534,0.012558224073343754,-0.0036220363250130116,0.0035578780103877605,0.008300317098796084,0.03798311272694255,14631067.2,0.5510534460534773,0,5.609103730407355,4.290066380167104,14.5536145406128,0.018174218611837767,0.01030269338439178,0.02435555740133914,-0.019920264243964182,0.04022872452460875,0
2023-02-17,796.7657470703125,802.6600524376097,790.5345890116744,799.2196910269881,8956270,62.392541944034456,5.4227477477203365,4.872773904556201,0.5499738431641354,817.361029903497,793.7210876464844,770.0811453894719,793.7210876464844,785.4394799804687,793.0124934414131,782.3328043331006,796.3328148843035,790.9100671365832,791.3770687661709,-0.005017287679905169,0.011782261432810479,0.01521835429110795,-0.005017287679905169,-0.010634934938584029,-0.0007240691722976145,-0.0017480980066635343,14520272.6,0.6168114226726019,0,5.019919418657196,4.099188030240157,13.931534386751585,0.017485107056845108,0.004732906051216836,0.018448597140848812,-0.025197289911920648,0.034651675139176094,0
2023-02-20,789.283447265625,803.2854159842882,786.61300169689,798.7384045852328,8086706,60.62877581604459,4.458720013350671,4.7899631263150955,-0.3312431129644242,816.7976914074927,793.2254821777344,769.6532729479761,793.2254821777344,785.528974609375,792.6573461865761,782.6053785657487,795.2482967891222,790.7895767757715,791.0015933132041,-0.009390840196381145,0.011959337107143338,0.02112348148837745,-0.009390840196381145,-0.01793103154977882,-0.010854228045493186,-0.006901896733346957,13982437.7,0.578347364994875,0,3.716967876180888,3.5987856848446427,14.170398033408999,0.017953497038992256,-0.004256440613567393,0.008533123950815407,-0.03368550674335969,0.02550521774884437,0
2023-02-21,792.24267578125,799.8691726347396,786.2280790929624,789.1150855033404,12389296,56.09517265915831,3.888679818001606,4.6097064646523975,-0.7210266466507917,815.4925798805477,792.5855255126953,769.6784711448429,792.5855255126953,785.5554382324219,792.6178537670212,782.983311789886,794.7858935571419,790.8972137391403,790.3169779328933,0.00374925956686023,0.011359221690686459,0.01721832710958846,0.00374925956686023,-0.010665594921721588,-0.01625135198039973,-0.004654773638991361,13829682.5,0.8958481874041577,0,2.1165226003987527,2.9444134023201514,13.03105805853281,0.01644831622543252,-0.0004733403165070092,0.011825748840287885,-0.02851025830633965,0.029316403514371963,0
2023-02-22,776.7009887695312,790.0533943514464,774.2230217496752,788.6339729282492,10359102,53.31706651196124,2.157958993724833,4.119356970466884,-1.9613979767420515,811.7978158647147,790.6295776367188,769.4613394087228,790.6295776367188,785.2272814941406,791.1019618624983,782.7369461812447,792.0036005128941,789.8456415191692,787.6977080162039,-0.019617331263293458,0.011922735054098193,0.020381553301290403,-0.019617331263293458,-0.02518275713352247,-0.033586803983161606,-0.024062772423124046,13098440.6,0.7908652881931609,0,-0.6558633875856685,1.7703763954277747,12.984648674031575,0.01671769298839464,-0.01820368775102359,-0.00771134854584438,-0.04323345839234473,0.009408723986537953,0
2023-02-23,771.4321899414062,778.9383950431011,766.0671578181314,776.1235754720026,27882010,26.66935885155229,0.3570859742419543,3.366902771221899,-3.0098167969799445,812.3229049412192,789.5373260498047,766.7517471583902,789.5373260498047,784.659501953125,789.2286502509658,782.2936224071334,788.8387681172806,788.4816821430386,785.4725929102918,-0.006783561376008995,0.006911420140112657,0.016684858880399257,-0.006783561376008995,-0.022617042566979273,-0.03665325029190081,-0.02865716679322905,13757334.0,2.0267015397023873,1,-3.388763861089501,0.5499177775924409,11.939830854401682,0.015477485915266988,-0.02254918179148772,-0.013884086683854458,-0.05033800567616875,0.0061042479529546684,0
2023-02-24,764.5514526367188,778.4812938723913,762.7470736219656,778.4812938723913,17061740,25.13839843483221,-1.6068145066299167,2.372159315651536,-3.9789738222814526,813.755050223388,788.891357421875,764.027664620362,788.891357421875,784.2471398925782,786.8784409543708,781.5978510435878,785.102258043348,786.7090725499779,785.5494310639104,-0.008919432445786524,0.007116782983068572,0.020579674783381765,-0.008919432445786524,-0.03495295569280488,-0.040431324453950146,-0.04112611855061543,12851423.6,1.3276147865828654,0,-6.134052487042254,-0.7349532895128732,12.266337483267298,0.016043835167619154,-0.028374126365150687,-0.02180967921560773,-0.060464875238761526,0.0006855615844971274,0
2023-02-27,766.4521484375,769.3872600713753,758.9459430133319,763.0839740657053,14312972,26.017266432689098,-2.9755492410782836,1.3026176043055722,-4.278166845383856,814.6802616350792,788.3801208496094,762.0799800641396,788.3801208496094,783.7972485351562,784.9330797622879,781.0039019217804,782.2330104116791,785.2085596527573,785.2783496089044,0.0024860273225906226,0.007167440736632601,0.013622920986429778,0.0024860273225906226,-0.013195348635087645,-0.02892661553618181,-0.03946686750006101,12641431.1,1.1322271890561504,0,-7.724266424288203,-1.6014766439682262,11.902021480089681,0.015528720878861528,-0.023544594821235873,-0.018632113678911967,-0.059198823721081005,0.005737151595285879,1
2023-02-28,769.6759643554688,772.4186559261975,764.4312238388164,766.0191009974646,18993992,29.746889244445782,-3.756839865881375,0.29072611026818285,-4.047565976149558,814.85126129922,788.2862945556641,761.7213278121081,788.2862945556641,783.36275390625,783.4800211521147,780.5596690760427,780.301157172262,784.0579970381434,784.9274480539896,0.004206154193110212,0.007376060778216263,0.010377655607408507,0.004206154193110212,-0.002276578043847066,-0.028484594576437927,-0.04427303338435695,12661318.5,1.5001590869071022,1,-9.137832614906529,-2.4236427138432646,11.847036008828606,0.015392238497078943,-0.017618900832144915,-0.01394346281490195,-0.055439930069841964,0.010442974684992353,0
2023-03-01,768.9302368164062,776.1236720304117,767.8235273667264,775.6425042238213,14137256,30.173755087337426,-4.385637397081041,-0.644546591201662,-3.741090805879379,815.4484738169713,787.5765747070312,759.7046755970912,787.5765747070312,783.0225708007813,782.0943274058567,780.1036129089982,778.5517848098226,782.9374222069036,784.086033323206,-0.0009688850550074735,0.007385295061673667,0.010794405352103707,-0.0009688850550074735,0.005727258989027373,-0.010004817897084961,-0.04325559202264995,12503041.8,1.1307053296422636,0,-9.007634456641654,-2.633333272246432,11.542870145551424,0.015011596101802744,-0.016831845121693514,-0.014322938527263804,-0.057046200335407235,0.012143615164753624,1
2023-03-02,762.3861694335938,772.7312753996731,761.2073320156976,766.9813446479279,17391814,23.951243916859966,-5.350340127024879,-1.5857052983663054,-3.7646348286585734,816.3625541744656,787.1218688964843,757.8811836185031,787.1218688964843,782.7035546875,780.2173599799269,779.4088112040804,776.0647670596336,781.4151071866585,783.5976334278442,-0.008510612627104952,0.007325879828081138,0.015115624923438854,-0.008510612627104952,-0.0053049352294141094,-0.01172626787650588,-0.04794971233693934,12497777.2,1.3915925785586898,0,-9.011290271038888,-2.8848112030530046,11.805790534696873,0.015485315720598464,-0.0228541320162267,-0.021840453335636507,-0.06611815358857884,0.005944184804248091,0
2023-03-03,777.5189208984375,779.491696778829,764.0943299288768,767.9436716413649,14986234,37.488962047387865,-4.838017760104208,-2.236167790713886,-2.601849969390322,815.1464535432378,786.0897644042968,757.0330752653558,786.0897644042968,782.7406018066406,779.9603657816898,779.334697858761,776.2884830348341,781.1265007949384,782.6301782850143,0.01984919463595003,0.009552326314766392,0.019803205344713953,0.01984919463595003,0.010189946037273634,0.016960883688073247,-0.02415619175729511,12526533.9,1.1963591939826228,0,-6.918075172681029,-2.263153184826706,12.436466650178017,0.015995066249715764,-0.0031302165986414497,-0.002329906477040523,-0.04616045678815489,0.02706070091574396,0
2023-03-06,783.0042724609375,788.8504134058667,778.5534709474247,779.4917245287281,27004710,35.99889151974328,-3.9439135843389295,-2.5777169494388947,-1.3661966349000347,814.2935529681214,785.5015350341797,756.709517100238,785.5015350341797,783.0259338378906,780.2502616559038,779.478602745121,777.3216814080808,781.2655949924198,782.1249690387689,0.00705494286384889,0.00937262989747377,0.013150557181609374,0.00705494286384889,0.0183033973313389,0.021595769621340244,-0.007955538439886056,13318385.8,2.027626350935111,1,-4.6828181063840475,-1.5252991766594732,12.573940947247056,0.01605858536087917,0.0035296506010634287,0.004523112890334713,-0.03842506230478387,0.03474881016623492,0
2023-03-08,784.568115234375,788.8745431955432,779.4917718675084,779.4917718675084,20099774,37.99464107705616,-3.073708740096663,-2.6769153075704484,-0.3967934325262146,813.302046421298,784.9325592041016,756.5630719869052,784.9325592041016,783.0365209960937,780.6614858062344,779.6781914701899,778.4365173813569,781.5102261214536,781.8353602178132,0.0019972340234140074,0.00943210333667419,0.011959154528261516,0.0019972340234140074,0.029095419998582894,0.019348598070588086,-0.009687133477512933,13810145.1,1.4554353958236108,0,-2.8185353458802638,-0.881477605852865,12.513794990524648,0.015949915306953798,0.005004255364418294,0.006271720586367205,-0.035329962974221425,0.03701613822350885,0
2023-03-09,784.6402587890625,791.9780672791738,782.859961535162,784.27938296168,20700166,39.4926589125545,-2.3511412567397656,-2.611760497404312,0.2606192406645462,812.2722480982835,784.3720031738281,756.4717582493728,784.3720031738281,783.0326708984375,781.0404165665037,779.8727823454398,779.3909391363885,781.7420803931283,781.7113587011065,9.195320748656144e-05,0.009425436471406153,0.011620746758627721,9.195320748656144e-05,0.009159054139024958,0.02043101079975762,0.01022178436016774,14422912.1,1.4352279107351698,0,-1.053910839352966,-0.2308305635584702,12.446772634276954,0.015863030853764875,0.0046090344957868895,0.006113146338156236,-0.03401813785207345,0.037236684955532603,0
2023-03-10,764.4072265625,776.4845264268987,762.6509523697192,774.8966492145099,27387000,32.60933744108662,-3.3722645598554664,-2.763861309894543,-0.6084032499609235,811.7393430615866,782.8827911376953,754.026239213804,782.8827911376953,782.6366711425782,779.4563032327891,779.266289961795,777.0857525865596,780.458017146415,780.0035064003641,-0.025786380446229162,0.011452883202592806,0.018097126212932794,-0.025786380446229162,-0.02375088687573579,0.002650962477989127,-0.009106391294664284,15203395.3,1.8013739338869916,1,-0.7610567471377863,-0.14252124228539742,13.151332848091808,0.017204616062086012,-0.01930714602970449,-0.019068017686256503,-0.058309501570500494,0.01376740862429381,0
2023-03-13,754.7357177734375,771.6968814107662,753.0034668384583,764.0463022356049,26443550,31.85964080146654,-4.905375945072365,-3.1921642369301075,-1.713211708142257,811.3524446390617,780.7524230957031,750.1524015523445,780.7524230957031,781.936572265625,777.10196176047,778.3043067387222,773.6472856922331,778.5526616373055,777.9623630253137,-0.012652299001089773,0.011627005591043656,0.024768159412748837,-0.012652299001089773,-0.038023973803760325,-0.02930244205333754,-0.01283855367670761,16116967.0,1.6407274395982818,1,-2.858404021219826,-1.0303911200388711,13.295690011299646,0.017616351920541874,-0.028781607932584958,-0.03028197166740937,-0.06978068192154237,0.006109846761282677,0
2023-03-14,752.7147216796875,761.9772004206781,750.2848599011005,755.5536230150942,33185612,29.03808209388076,-6.211848930198812,-3.796101175583849,-2.415747754614963,810.398609491918,778.490933227539,746.58325696316,778.490933227539,781.3226025390625,774.7793674670621,777.3007935991523,770.4268912287646,776.6387401589634,775.4827354065053,-0.002677753346180811,0.011460229392392357,0.015533561630741094,-0.002677753346180811,-0.040688120131186944,-0.03868376182169697,-0.017923397808744856,17489400.4,1.8974699670092752,1,-5.470894188841726,-2.177809145968695,13.156493366856816,0.01747872465878975,-0.02847861818972953,-0.031630061517914254,-0.0711796480603485,0.008212700538541604,0
2023-03-15,741.91259765625,761.6404762620406,739.3623849761033,759.2827424375032,37264754,30.575040129778515,-8.026356473917417,-4.642152235250563,-3.384204238666854,808.5734627578919,775.3200439453125,742.0666251327331,775.3200439453125,780.4872973632813,771.6491989136514,775.9130212092346,766.0400768329931,774.0664333069105,771.914164813899,-0.014350887145308522,0.010969529076350877,0.030027918863104956,-0.014350887145308522,-0.029427546109692337,-0.05436815076965307,-0.03607150019614802,18807208.5,1.981408032989053,1,-9.012286892583006,-3.7651702609553013,13.460667456454141,0.018143198402314858,-0.03853642471120994,-0.043819890404720924,-0.08244255861956466,-0.00020756556253357272,1
2023-03-16,746.7241821289062,750.188566152108,737.1730148168983,740.5171069124015,21753342,36.132867094539414,-8.972680643127092,-5.508257916825869,-3.4644227263012226,805.2477487741972,772.4715270996094,739.6953054250215,772.4715270996094,779.6457336425781,769.2753877912947,774.7683608531432,763.0684007246721,772.0410813677992,769.4691545663426,0.006485379123978063,0.011207818142370646,0.01743019932487312,0.006485379123978063,-0.01061502119995894,-0.048322879479409164,-0.028879153952170555,19322940.0,1.1257780648286442,0,-11.765028775208975,-5.104421492296524,13.470975607185567,0.018040095566183346,-0.029314866977788536,-0.03619685591362544,-0.07267771531727911,0.009502394637811072,0
2023-03-17,756.70849609375,759.8601097073861,740.9983568458301,749.4187927190782,22950876,45.74639864466296,-8.81538045208572,-6.169682423877839,-2.64569802820788,800.8846204649341,770.2677764892578,739.6509325135816,770.2677764892578,779.2858203125,768.0785409629572,774.0601308625788,762.0899538583765,770.9053343104622,767.8245986300054,0.013370819110717136,0.01175931230628289,0.024926048747864363,0.013370819110717136,0.005305827425761578,-0.010071504037672208,-0.007447240738983951,20067358.8,1.1436919142543063,0,-11.37776226983192,-5.2061590992161655,13.694370793694864,0.018097286953149584,-0.014803232043108879,-0.022416391281505386,-0.05515916180977317,0.023061640066079733,0
2023-03-20,751.4636840820312,754.5190873460873,743.5966036348024,754.446900441081,26503114,42.15559941045051,-9.010068947765035,-6.737759728655279,-2.272309219109756,797.0269662219038,768.0026733398438,738.9783804577838,768.0026733398438,778.9206115722657,766.4961736409642,773.1739956947142,760.4551431235542,769.4652120713192,766.0715957629835,-0.006931086460365221,0.011833885559003216,0.014534945523851317,-0.006931086460365221,0.01287360055073039,-0.00433533701182065,-0.033510743103587703,20944701.0,1.2653851683058164,0,-10.605788119505746,-5.130311044007954,13.885126179473739,0.018477441390179025,-0.019611956427031525,-0.02807946430373123,-0.057166550281044115,0.016895357096256322,0
2023-03-21,759.9804077148438,761.4479929018443,748.793257108229,756.3716494546454,33050494,45.19207836404997,-8.380527064010039,-7.066313195726231,-1.314213868283808,793.9524519571626,766.5375213623047,739.1225907674468,766.5375213623047,778.7767419433594,765.8756245051432,772.6566000876605,760.3821069068296,768.7626339708396,764.8850718470514,0.01133351326646781,0.012237470735750437,0.016651397411238934,0.01133351326646781,0.017752506083496655,0.00965264239676733,-0.029404519944356222,22192890.4,1.489237922789904,0,-8.903742961918965,-4.644193511491721,14.218505015633323,0.018709041537513325,-0.007697355290695522,-0.016405984717374613,-0.042788512282536245,0.028219698880722646,0
2023-03-22,758.2241821289062,763.156151684689,753.1719206327385,762.1697342790129,14177324,44.74366181651242,-7.931889429017474,-7.23942844238448,-0.6924609866329936,789.6325693692962,764.8365966796875,740.0406239900789,764.8365966796875,778.5679162597656,765.1469157074063,772.0906229128075,760.0501184794567,767.9820079084742,763.8963937284894,-0.002310882712382334,0.012243851523268687,0.013167914301964385,-0.002310882712382334,0.0020029985694365315,0.02198585726160407,-0.03357762391044783,22282291.8,0.6362596867167856,0,-6.502283206245124,-3.8223982964270817,14.338796900509399,0.018911025575905002,-0.009047587380130383,-0.017959602632639626,-0.0397759520804427,0.02457102698063661,0
2023-03-23,752.1373901367188,765.225129615806,749.9240302046185,754.350750068819,28364178,44.945474116911875,-7.975556860476786,-7.386654126002942,-0.5889027344738436,788.3633366034821,763.6084167480469,738.8534968926117,763.6084167480469,778.5183557128906,763.9079132721026,771.3081431960982,758.832775657497,766.8083325179738,763.0317041662538,-0.008027694362236382,0.012221515658019554,0.02034348991532816,-0.008027694362236382,0.0008965251002255314,0.007249273744395879,-0.04142391151647706,23182545.6,1.223514384028646,0,-5.367474519192115,-3.460217657045064,14.608593759595976,0.019422772955005625,-0.015408301093473872,-0.024854856296396485,-0.04595082595144035,0.01797906256108278,1
2023-03-24,750.9344482421875,757.3099208232004,748.1917568712191,750.6216774626521,31477748,34.80060300665819,-8.01484087545191,-7.512291475892736,-0.5025493995591734,787.6696505939526,762.583529663086,737.4974087322194,762.583529663086,778.2272497558594,762.6723451740155,770.5091747665331,757.6176483628341,765.632489238286,761.7544352687684,-0.0015993645712953919,0.010666236728716475,0.012142423314478883,-0.0015993645712953919,-0.011902885101809701,-0.007630478422495646,-0.017625132065926308,23362332.5,1.347371800311463,0,-5.406195788941659,-3.550956096045752,14.038067802934977,0.018694132138691675,-0.015390484532581053,-0.025404923348611375,-0.0466378288462231,0.01821977860649955,1
2023-03-27,754.2063598632812,759.9803728144399,750.092410877359,751.6802291971494,31872006,33.10753962428977,-7.693274537063644,-7.548488088126918,-0.14478644893672588,787.4068692796935,762.066275024414,736.7256807691346,762.066275024414,777.9197827148438,761.8660608587076,769.8698486918958,757.0928347475183,764.7861092845819,761.0499162624888,0.004357120157095995,0.010504869213646592,0.013110419725011695,0.004357120157095995,-0.005298989877036031,0.0036497782119708777,-0.0007013818184170573,24102845.8,1.3223337304012457,0,-4.630112782256674,-3.3041470028184676,13.934958476481524,0.01847632056431821,-0.010053868243970565,-0.020345632258788562,-0.04216436344628735,0.023727527830843406,1
2023-03-28,760.3412475585938,761.6404357125624,752.5944586072359,753.3643152523856,39276302,36.51215436233857,-6.864269703235209,-7.411644411148577,0.5473747079133684,787.0259123277041,761.7607299804688,736.4955476332335,761.7607299804688,777.7229833984375,761.720840544411,769.4961780592173,757.5925905646068,764.456860267842,760.7190421443406,0.008134229597884346,0.010835276563526815,0.01189725946655212,0.008134229597884346,0.010907392092798007,0.0004748015081532664,0.010132026994088328,25351012.3,1.5492991575724966,1,-4.154783960732175,-3.160422028443236,13.910901746288078,0.018295603179434336,-0.001811153000397382,-0.011897304706195726,-0.03390570037292405,0.032377249261030326,1
2023-03-29,763.9981689453125,770.8307274292553,761.1592675027767,762.1697080199377,39763612,38.94901253447306,-5.844818971201448,-7.0982793231591526,1.2534603519577043,786.4939213864595,761.476840209961,736.4597590334624,761.476840209961,777.747041015625,761.9377289635445,769.280569858672,758.5780641616384,764.4228831328398,760.7740594806578,0.004809579117877494,0.0109838124676482,0.01265900930080738,0.004809579117877494,0.0173966192837538,0.007615144639932625,0.029768427384616825,26389493.3,1.5067971009507788,1,-3.2091867438617783,-2.8100530541354374,14.00885704104877,0.018336244261406776,0.002704210466872151,-0.006866676633117084,-0.028602576357476126,0.037392959457814456,1
2023-03-31,774.4635009765625,776.0994241800914,766.2114631109374,767.7511762682442,34711228,56.01257092309871,-4.144655084964711,-6.507554475520265,2.3628993905555538,787.235705882435,761.7535034179688,736.2713009535025,761.7535034179688,777.7532958984375,763.130659631451,769.4838220593737,761.0219775177806,765.1666326027453,761.2384172398447,0.013698111404765845,0.00930468059449082,0.012767497831319044,0.013698111404765845,0.026858883975671377,0.02968355400571898,0.03714801195880879,27418191.9,1.2659925981479472,0,-0.7772536406516792,-1.8243211367245067,13.302567670722746,0.017176493990935435,0.014850460012423914,0.006471453686786675,-0.01622411789815324,0.051872455131144524,1
2023-04-03,774.9447631835938,777.422730170773,771.1916311425683,773.5012598964762,40025398,63.57462816903949,-2.726994028406807,-5.751442386097573,3.0244483576907664,788.5392565529003,762.3814331054688,736.2236096580373,762.3814331054688,777.4958715820312,764.2558123507026,769.6979766132646,763.1639445432902,765.890938571697,762.0413772866574,0.0006214136707856088,0.008446027570047972,0.008040700865706,0.0006214136707856088,0.01920652821597013,0.03197391596245236,0.024099461264122546,28549871.1,1.4019467149187934,0,1.5834671766871224,-0.8111981532684922,12.41240227471537,0.01601714453004791,0.013986090338016514,0.006816682295847344,-0.017240097124314208,0.052594283880058885,1
2023-04-05,795.7311401367188,796.8137675382653,777.5670581774376,778.8180825386323,43365392,73.07693063309377,0.0729584540849828,-4.586562218061062,4.659520672146045,792.7309223410892,763.2920440673828,733.8531657936763,763.2920440673828,777.5887365722656,767.2534626160375,770.7188849867334,768.1742823268946,768.1013238728096,763.7753648764686,0.026823043319541107,0.01061233377726117,0.024187452758881386,0.026823043319541107,0.04153540215314022,0.05505758434729313,0.058908310531018415,29968829.0,1.4470165651117033,0,5.38740175732994,0.8490362948376742,13.139306834364943,0.016512244113140288,0.037116388401276665,0.0324531494390667,0.003784660987828355,0.0843192851476224,1
2023-04-06,801.7938232421875,803.1651395050825,792.531344577113,793.2290730170381,44637344,83.84543947938903,2.749454823948213,-3.1193588096592073,5.86881363360742,797.2952195306984,764.2315216064453,731.1678236821922,764.2315216064453,777.6407019042969,770.5430207709089,771.9375100163592,773.3465193907858,770.5970645668376,765.473553739632,0.007619009486580008,0.009218081351369247,0.013262505421867597,0.007619009486580008,0.03528936125609894,0.05451838344519033,0.055019070364025424,30850460.7,1.4468939194804311,0,8.822180226497949,2.4413319571418697,12.307571380224383,0.015350045140603176,0.040556856176586914,0.03867711160349703,0.0056423312234795825,0.09659341846352015,0
2023-04-10,797.99267578125,804.0313548734133,795.8515026694348,800.3023046039525,31813286,79.31225088444528,4.511866657311089,-1.593113716265148,6.104980373576237,800.1760170471189,764.9027496337891,729.6294822204593,764.9027496337891,777.4997192382813,773.1572736290366,772.9592812228256,777.1382357585496,772.6263691012385,766.5825210631224,-0.0047408041203995666,0.009614767256961422,0.010250535440028028,-0.0047408041203995666,0.02974136182683762,0.04449553443677279,0.05244951900727246,31436136.3,1.0119973299644969,0,11.219544665492094,3.6787113641535143,11.962164299422154,0.01499031841076858,0.032122057179442026,0.032386433757314474,-0.002728576237420908,0.09369576644949032,0
2023-04-11,800.3263549804688,803.2614665555587,794.4560730939902,798.2573101275717,42361542,77.32890442694331,6.027418808660627,-0.0690072112799931,6.096426019940621,803.4199829331512,765.6870544433593,727.9541259535674,765.6870544433593,777.1898474121094,775.7448051863158,774.0324998015567,780.705638715768,774.6782199071074,768.082941226682,0.002924436865205493,0.00929833980248069,0.011002253526667168,0.002924436865205493,0.005774833498360277,0.03339454212018311,0.06406936482042269,32519205.1,1.3026622843250248,0,12.614145554864876,4.548677742183031,11.243852913708768,0.014049084906098293,0.03168767567608655,0.03396996274142645,-0.0038505738199193984,0.09941866725749912,0
2023-04-12,810.7195434570312,812.307361770148,802.4915867834721,802.5877968377349,26955504,84.87687362320756,7.975214944644108,1.5398372199048274,6.435377724739281,810.7552548489969,768.0026702880859,725.250085727175,768.0026702880859,777.5386938476563,779.0757326406697,775.471207395889,785.3231625221163,777.3479475774722,769.7693326455151,0.01298618796180473,0.009008005013921207,0.012107485339282515,0.01298618796180473,0.01113218879480904,0.04616429708676151,0.07961426640473168,32497630.3,0.8294606022396654,0,14.819920289967058,5.77323078262441,11.16307536590388,0.013769342870782209,0.040617117811005576,0.04545408743093086,-4.404706815283861e-05,0.11784825594906331,0
2023-04-13,814.352294921875,816.5657134519994,807.4716316772242,812.3554958466677,35330086,83.95437424674284,9.70017254758568,3.171904285440998,6.528268262144682,817.9471814691977,770.9834991455078,724.0198168218179,770.9834991455078,778.2763232421875,782.4354052388798,776.9959559263199,789.7891828913099,780.0890103437242,772.4763087499036,0.004480897856924848,0.0088498772920524,0.011167257502046621,0.004480897856924848,0.02050096402778201,0.023401314647503835,0.07974731884983943,32941957.1,1.0724950522141259,0,15.181942622842257,6.2770709395864515,10.908742935986734,0.01339560655015194,0.04079172474723448,0.04807790659736395,-0.004395010617758478,0.12476520117444244,0
2023-04-17,801.9382934570312,827.6085828103118,795.5147153318975,827.6085828103118,32405148,74.09184483524172,9.950801064973007,4.5276836413474,5.423117423625607,821.5232176073334,773.444677734375,725.3661378614165,773.444677734375,778.7815515136718,784.292823164418,777.9740868098772,791.6582768244978,781.7074757595248,775.124759986181,-0.015244018519079305,0.010236333438673964,0.04002037032059237,-0.015244018519079305,0.002014101455651618,0.00018018374631467715,0.05470839051807719,32902933.9,0.9848710786243898,0,13.749802393509071,6.036576793518066,12.488002680734146,0.015572273805382593,0.02249857422055497,0.030803348149320085,-0.0238397695044369,0.10556345492136011,0
2023-04-18,798.5459594726562,807.0385817236702,797.0062462186185,803.5501156527228,29637226,76.35969309576404,9.763149459443525,5.574776804966625,4.1883726544769,823.192348862694,776.2763458251953,729.3603427876967,776.2763458251953,779.3214208984375,785.6502647175836,778.7808269143,792.7179203088299,782.9547708493864,777.872317389452,-0.004230168345934926,0.009937326967919831,0.012563253731415626,-0.004230168345934926,-0.015015777136030306,0.0006933443228216429,0.04521972948578723,32521557.5,0.911310167109924,0,12.492991088547,5.821545691474398,12.111662401724443,0.015167145056651144,0.0164140398523359,0.02537958290096853,-0.029940012712810885,0.09485793595594241,0
2023-04-19,801.4810791015625,803.6944976892919,797.3671301762054,801.1442851788886,24741168,78.15604486167379,9.739008605457798,6.40762316506486,3.331385440392938,825.0515009018918,779.0141906738281,732.9768804457644,779.0141906738281,779.6885498046875,787.1579613255816,779.6710328824279,794.0660985846349,784.3270899791771,779.8467726862209,0.0036755800891468127,0.009794129510208117,0.007894593744096028,0.0036755800891468127,-0.015805463925839702,0.0014428165634030599,0.03488554088208429,32670948.8,0.7572834248388892,0,11.413156139265766,5.638533080871184,11.912319798946246,0.014862883366254407,0.0181959892165235,0.027973395572365084,-0.028568424849313875,0.09346024476807073,0
2023-04-20,804.46435546875,807.134801181368,801.8179329013308,804.368086679066,32922716,78.08557736582705,9.847091138259202,7.095516759703728,2.751574378555474,827.5218433996865,781.4019836425781,735.2821238854697,781.4019836425781,780.3482312011719,788.8061893392166,780.6433200426759,795.6658304129603,785.8187392747011,782.0142151541068,0.003722204360122383,0.009797349590400663,0.0066092030602637524,0.003722204360122383,0.0031499456159267414,-0.007715600343872531,0.03809251147641168,33169540.8,0.9925586910747947,0,9.73045669854696,5.1721126467869,11.609874094855147,0.014431806724475988,0.019850460532834065,0.03051462148522819,-0.027863298249880694,0.09408936969349796,0
2023-04-21,805.7635498046875,806.8942823364474,800.3023072681698,803.0690219934318,20128618,76.83351157462661,9.92319305670253,7.661052019103488,2.262141037599042,829.1975067637605,784.116976928711,739.0364470936614,784.116976928711,780.5002819824218,790.4211760502138,781.6284270921665,797.2193257039952,787.2961326472927,783.9946498386842,0.0016149806105212328,0.009774566120929277,0.008181029124332431,0.0016149806105212328,0.00903841569344066,-0.010546719363038637,0.012607788186151714,32850816.0,0.6127280978347691,0,7.985770811334078,4.632471165846596,11.434588235065942,0.014190997145301027,0.019410377934382415,0.03087800018009722,-0.02826100750173795,0.09028932601827343,0
2023-04-24,812.2833862304688,813.8712046366431,805.5229555378388,811.7300315452851,35675852,77.59149499547644,10.389833157178373,8.206808246718467,2.183024910459906,831.9850987023439,786.7321258544922,741.4791530066406,786.7321258544922,780.8505725097656,792.5032913054762,782.830582352492,799.5368734772989,789.1470403201205,786.7968889366535,0.008091500822246855,0.009829583418136709,0.010277508121329083,0.008091500822246855,0.013477931557679845,0.012900110716550728,0.013082618853142325,32982083.9,1.081673677993403,0,8.210468141058186,4.856495542614766,11.281643179933285,0.0138888020747138,0.024959006659024948,0.03762347121067733,-0.023680366995279225,0.09549052449650473,0
2023-04-25,800.7352905273438,812.066755339811,799.6526631336261,812.066755339811,50353068,64.82892052395609,9.715816106792545,8.508609818733282,1.2072062880592629,832.4351402435466,788.8576812744141,745.2802223052815,788.8576812744141,780.9463256835937,793.2872912313684,783.5327277711137,799.7212453311519,790.0054292243593,788.6357540944516,-0.014216831094768234,0.010605893123542695,0.015503365910111604,-0.014216831094768234,-0.004635463232219084,0.002741646900490613,0.003436892128625857,34790871.1,1.4473069057474677,0,7.637026513784804,4.751900856813791,11.319462312937835,0.014136334999651542,0.00938877929635595,0.021955129819740262,-0.038080864422576355,0.07440834542815322,0
2023-04-26,804.416259765625,805.955973055451,796.3326181532963,798.738456878835,27392750,66.05504709173695,9.370657090805821,8.68101927314779,0.6896378176580313,831.9354136135706,791.4716247558594,751.0078358981481,791.4716247558594,781.1176232910157,794.3471929965357,784.3516898101143,800.4435552441478,791.072898153342,790.513797872175,0.004596986397161329,0.010606744897515305,0.011963153137852475,0.004596986397161329,-0.0016720662524248864,0.003662195827944803,0.005110296268146852,34742299.7,0.7884552904251182,0,7.189231670954086,4.680656927686414,11.561766303934267,0.014372864998157679,0.012675901492275092,0.025581088453278132,-0.03307847387865631,0.07111566792589391,1
2023-04-27,808.8429565429688,810.8879194015693,801.5532536644629,803.7906953628967,47790392,58.692190041513925,9.346572053785962,8.814129829275425,0.5324422245105378,830.6933266199549,794.3670501708984,758.040773721842,794.3670501708984,781.4106530761719,795.7277419057198,785.3121316427753,801.7357708285817,792.3891987747958,793.3263346448465,0.0055029926653067385,0.008118973203562523,0.011540764077371974,0.0055029926653067385,-0.004235504192035555,0.0054428776669257495,-0.0023147177457453205,35557931.9,1.3440149481809431,0,6.921552566503124,4.668811600099389,10.666456402679614,0.013187302079341249,0.01648203769525345,0.02996365897336885,-0.026303774662418507,0.0670177444040342,0
2023-04-28,812.0187377929688,813.6547200003124,803.5501965703854,810.6233394768137,27916272,57.04815845429815,9.474527044111937,8.946209272242728,0.5283177718692098,829.0453849699354,797.2576690673828,765.4699531648303,797.2576690673828,781.7041662597657,797.279265323553,786.3594495310182,803.3177657461798,793.8432387020679,795.7124078502897,0.003926326148123271,0.007952631991337162,0.012443707219602636,0.003926326148123271,0.014091357529894877,0.007763056531655543,-0.00286553761002184,35360145.2,0.7894840884307228,0,6.8580892733391465,4.73102243885171,10.62865129567658,0.01308916999201864,0.01848721409233461,0.03263048250676413,-0.020537653891631178,0.06081072736517333,0
2023-05-02,811.8502807617188,817.5040017864336,809.3241500911014,812.547950500037,32221184,60.05582361085398,9.453366694505576,9.047640756695298,0.40572593781027777,827.0443521737935,799.833120727539,772.6218892812846,799.833120727539,781.9822814941406,798.6669810795688,787.3590899714378,804.6304603639551,795.1770936694495,798.6078450424761,-0.00020745461084781258,0.0077944701791109626,0.010075566750629771,-0.00020745461084781258,0.0092415101085348,-0.0005331950352448489,0.012360037406317748,35007389.3,0.9204109373560171,0,6.1636897740926315,4.5285076189458096,10.628651259344704,0.013091885919374652,0.01650662916392248,0.031105490623305535,-0.01837153155346368,0.05077307804070319,0
2023-05-03,814.6891479492188,816.0604642226169,808.193383640843,810.7435373497618,29407270,60.34655598448808,9.555519738181488,9.149216552992536,0.4063031851889516,824.4927771724995,802.3676696777344,780.2425621829693,802.3676696777344,782.1694567871094,800.1929017338213,788.4308569509586,806.177950761688,796.6224310235065,801.1389678595972,0.003496786605575064,0.007805371692804457,0.00965654274587727,0.003496786605575064,0.007227844860313581,0.017426305031073897,0.020215728706739933,34489572.2,0.8526423531573987,0,6.905610502452873,4.8981291798448865,10.561628910787947,0.012963998523086103,0.01811593952406687,0.03330449432155269,-0.011890497399990707,0.04414856025012846,0
2023-05-04,831.3616943359375,834.5614130090665,811.7781309061464,811.7781309061464,56854638,63.636356305405094,10.856663062643861,9.490705854922801,1.3659572077210598,826.857379024828,805.2125793457031,783.5677796665783,805.2125793457031,782.7228002929687,803.1613581721181,790.11441920135,810.0523728500341,799.1957097873902,804.5245196975225,0.02046491772805359,0.008852405329536128,0.027404777316711225,0.02046491772805359,0.0238208253611758,0.033496879561041304,0.03728174752156388,35596742.7,1.5971865313395655,1,8.814165175582389,5.762729391235666,11.333220004590869,0.013632117142038215,0.035111669500633616,0.052204179713971566,0.005447511778176025,0.060995252624726784,0
2023-05-05,782.2103271484375,799.1955126698393,780.5021582230617,788.6339045566583,62770416,36.740828099633006,7.8314479080186175,9.158854265541965,-1.3274063575233477,825.2344483666919,805.5758575439453,785.9172667211986,805.5758575439453,782.3513366699219,801.1660218841484,789.8044548071182,805.7689812036346,797.9375332956159,804.6877630474895,-0.05912152017872363,0.018477337312013946,0.02389811767753649,-0.05912152017872363,-0.03650913760289831,-0.03292682365481714,-0.02766316266100488,36733993.6,1.7087827880494866,1,5.438279978428682,4.492323164342906,14.316466743026629,0.01830257955710912,-0.023660133128376747,-0.009615199828842808,-0.05213563406545617,-0.004716704581674711,1
2023-05-08,791.25634765625,794.095249360511,784.3034965950662,786.7093355416769,37244524,45.46755085159688,6.093637694527956,8.545810951339163,-2.452173256811207,825.5762027361442,805.3521179199219,785.1280331036995,805.3521179199219,782.2411486816407,800.2222433862534,789.861391781594,803.5362683501908,797.4426306556628,804.8030610799849,0.011564690715334836,0.018467513788256167,0.012374943713814856,0.011564690715334836,-0.028762872749631074,-0.02556885595171121,-0.01800429189425856,36427950.2,1.022416133642348,0,2.9429780627003765,3.5019422505757802,12.872970652573722,0.016269026707595148,-0.011204257072463895,0.0017660767941949948,-0.04157079015377443,0.007805497058007928,0
2023-05-09,791.2803344726562,796.8137633850524,789.0909977997552,793.878651970084,43688938,46.82641243841576,4.66457578960285,7.769563918991901,-3.104988129389051,825.965788627271,804.8264434814453,783.6870983356196,804.8264434814453,782.2810864257813,799.3706330135298,789.9170365930082,801.6507400613392,796.9861642717364,804.404007349617,3.0314848629364732e-05,0.018441623851092118,0.009759835103754996,3.0314848629364732e-05,-0.04821169911526513,-0.025337117910167795,-0.025856803319935562,36380529.9,1.2008878958082467,0,0.7036519339609413,2.5579466215704088,12.708001372591257,0.01606004954117863,-0.010120835325628698,0.001725874764681708,-0.04199381455285315,0.00968911719124005,0
2023-05-10,794.937255859375,796.1642571593527,785.7950682892969,791.2803925786036,46340550,47.15960209950055,3.78350305973197,6.972351747139916,-3.188848687407946,826.0636379584786,804.6736724853515,783.2837070122245,804.6736724853515,782.3349780273437,798.9484066178959,790.1139079367873,800.61789633796,796.834393278228,803.8672816473935,0.004621524417330436,0.01845978348787685,0.013044034348152572,0.004621524417330436,0.016270468784698622,-0.024244697673418525,-0.0072408881393878355,37106893.1,1.248839396904399,0,-1.2444951159253606,1.683050985828686,12.996702898089065,0.016349344306474663,-0.0050205379036937815,0.006104623490532932,-0.03768036827771388,0.014877813419102145,0
2023-05-11,795.466552734375,812.2112150220032,793.5659634923215,801.216542964019,35734618,46.00942017216177,3.092310180947379,6.19634343390141,-3.1040332529540304,826.1366672848025,804.4306823730469,782.7246974612914,804.4306823730469,782.7102893066407,798.616801486132,790.3238155759084,799.8253819374086,796.7330717564612,803.959821601592,0.0006658347826808964,0.01842503855689759,0.023439390965703823,0.0006658347826808964,0.0053209115991244005,-0.04317632367008961,-0.011125716222913695,36775546.9,0.9716950803524285,0,-4.544556685986095,0.2093963745584233,13.924669287365939,0.017505034296540326,-0.00394463119971272,0.006507126644942501,-0.037124746745872544,0.01627884659115889,0
2023-05-12,802.4916381835938,804.8974770572269,791.1601135942614,792.4833249747595,22478760,48.61902620055613,3.075942973507381,5.572263341822604,-2.4963203683152235,825.5344551106028,804.019287109375,782.5041191081472,804.019287109375,783.3314782714843,798.9858335525569,790.8009850899354,800.2355752060524,797.159632232545,803.6555521921323,0.008831402684462919,0.01859317200176812,0.01711838829132158,0.008831402684462919,0.01416856103015518,0.025928206687186206,-0.007852350456905577,36551709.7,0.6149851863153749,0,-2.18018833159158,0.9965302828171616,14.435054172700786,0.017987793873309295,0.004387818261368799,0.014783306184588093,-0.027912604718505506,0.02554302090860199,0
2023-05-15,806.3410034179688,808.7227604763904,801.1924728395238,804.5125423272495,18512260,47.43405933078918,3.3351380522037744,5.124838283898838,-1.7897002316950639,824.61595008882,803.6187225341797,782.6214949795394,803.6187225341797,784.1672692871093,799.6863259206914,791.4103975733876,801.1748718540396,797.8397338018358,803.2490767315701,0.004796766783873085,0.018501798087560233,0.009338837545091582,0.004796766783873085,0.014345468745537104,0.019064182936921137,-0.0069921223621413064,35710818.4,0.5183936081397675,0,-0.5359174655619654,1.549005791793661,14.376628353990943,0.017829464572743283,0.008321609713178135,0.018865819668734646,-0.02216176714612765,0.030307765108150326,0
2023-05-16,801.7174072265625,813.641207320555,800.1113205928083,813.641207320555,32722086,50.45105451617948,3.131369964093551,4.726144619937781,-1.5947746558442297,824.6088594031753,803.6076782226562,782.6064970421371,803.6076782226562,784.8725744628906,799.8797622355362,791.8145940303749,801.2583388344276,798.126968870334,803.1049242235042,-0.005734045734754223,0.01814864370895593,0.016876129426391853,-0.005734045734754223,0.007858098458949136,0.013190107600566048,-0.012481209621125089,35726665.3,0.9159009307258241,0,0.5091292220064361,1.897557437366686,14.440854327626953,0.018012399627922785,0.0022974015318132125,0.012506479762872003,-0.027760376226349158,0.024419564949505427,0
2023-05-17,797.4102172851562,803.0314612780545,791.0346460503185,803.0314612780545,30466868,46.80075296730323,2.592443974218895,4.299404490794004,-1.7069605165751085,824.6157467638049,803.5508911132813,782.4860354627577,803.5508911132813,785.4272595214844,799.6445674783572,792.0340302364448,800.6663201345398,798.0738761603209,802.9445387983624,-0.005372454062468779,0.018160347958370092,0.01504472223666764,-0.005372454062468779,-0.006332054636655204,0.003110888824939817,-0.021209231407535056,35768147.4,0.8517876998013042,0,0.6961608604613048,1.9201222996574643,14.610387208025616,0.018322297471642376,-0.0027941791691862236,0.006787823304898309,-0.03299176566226924,0.01907277720754778,0
2023-05-18,800.5980224609375,804.953835962047,798.1645938212387,802.0580796447568,49646942,46.19193751265032,2.3949628397729157,3.9185161605897862,-1.5235533208168706,824.5935513421243,803.50673828125,782.4199252203757,803.50673828125,786.060615234375,799.7353727147935,792.3698730687779,800.6558128001394,798.2608499603665,802.900227364849,0.003997697930977484,0.018126709650693917,0.00848021347834347,0.003997697930977484,-0.00712227324753123,0.006450893138024938,-0.03700395638215315,37013436.1,1.3413221584147925,0,1.1185712286614944,2.0460574928695223,14.48245527515307,0.01808954664993529,0.0010786689892378599,0.010384227961990409,-0.02909982601989943,0.023233172692326,0
2023-05-19,801.522705078125,803.0314188922503,794.0520913358603,802.0580474754112,30460332,45.049283476576605,2.2867119849282744,3.592155325457484,-1.3054433405292096,824.4593773651578,803.3596557617187,782.2599341582796,803.3596557617187,786.8433459472657,799.9055948446345,792.7288076573798,800.7891808429065,798.5024688579782,802.6911581601247,0.0011549898841183293,0.0180888734216768,0.011202836176069108,0.0011549898841183293,-0.00024285633152343333,-0.0012074058586603043,0.024689494959867275,36890316.9,0.8256999277769826,0,0.9197612920776237,1.927822567444423,14.402084141328999,0.017968404450782485,0.002021626356801015,0.011093197744046131,-0.027820257633959854,0.02462451428063016,0
2023-05-22,798.6756591796875,804.4428733296279,794.6117857136817,800.5980440930408,28334032,43.939011891557975,1.9487258932523446,3.2634694390164567,-1.3147435457641121,824.1729670381499,803.0052612304687,781.8375554227875,803.0052612304687,787.2664807128906,799.7884581146395,792.9620175209997,800.4640236639498,798.5152977706974,802.5162613925351,-0.0035520464740421698,0.01810292188479363,0.01230923655047111,-0.0035520464740421698,0.0015869396542718128,-0.00950633070349749,0.009376621805833096,37300587.6,0.7596135563290697,0,0.10213219394813677,1.5516199476120391,14.520029564229999,0.018180132820303285,-0.0013913665840780604,0.007205441789696468,-0.0309368407824545,0.021536575776018533,0
2023-05-23,796.8018798828125,802.8367950174272,794.9768083346355,802.5447954516952,22470074,41.69723088987644,1.5122390012397773,2.913223351461121,-1.4009843502213437,823.100480346481,802.2311859130859,781.3618914796908,802.2311859130859,787.5424328613282,799.5040220925607,793.1126003587178,799.9006169283903,798.3883779271505,801.992509121463,-0.0023461079292181886,0.018058298841644106,0.00986441784493242,-0.0023461079292181886,-0.004741633718324922,-0.0061312468700843725,0.006977988924539602,36640298.7,0.6132612123055645,0,-0.37574014297547365,1.2980063283429217,14.519522857159838,0.0182222497508355,-0.0033797731281899456,0.0046516465914499955,-0.03195065619764704,0.019760355056326662,0
2023-05-24,786.3867797851562,795.6094500592069,785.3160355965606,792.1053367744181,33588112,27.836406609714857,0.3221944028273356,2.395017561734364,-2.0728231589070285,823.5532889921865,801.5137603759765,779.4742317597666,801.5137603759765,787.5788061523438,798.2547609204269,792.8488426891664,797.8215650602004,797.4993706573731,801.23610966271,-0.013071128922522157,0.01713123198032957,0.013089505987700473,-0.013071128922522157,-0.01888396323282371,-0.013824048477244388,-0.01075616473022789,35802050.9,0.9381616738609799,0,-1.389806557930342,0.8148124527216396,13.712563013112108,0.01743742820404284,-0.014867410401143423,-0.008150434932959342,-0.04512945270671228,0.008868218786121642,0
2023-05-25,783.3693237304688,788.455225154943,777.407423655138,786.3380947431477,29776930,51.04739967544896,-0.8545571974746053,1.7451026098925702,-2.5996598073671757,823.8839232396084,800.4614135742188,777.0389039088292,800.4614135742188,787.5533874511718,796.8371002356689,792.4770968476489,795.5981433171648,796.4527005146394,800.4453886825356,-0.003837114422894916,0.006439576410726179,0.014102928421034519,-0.003837114422894916,-0.019164644963563515,-0.021519786768283367,-0.01520771547505384,35921259.9,0.8289500447059766,0,-2.8982724791245573,0.10722377887100265,10.86886768360705,0.013874512767296801,-0.0169015429894228,-0.01149279033224994,-0.04917513058129778,0.008146850549946624,0
2023-05-26,786.3867797851562,787.9441502650901,779.7921647697594,787.9441502650901,26635066,45.061166679666364,-1.5260662908133327,1.0908688297513898,-2.6169351205647224,823.2178948844672,799.3386047363281,775.4593145881889,799.3386047363281,787.992978515625,795.8418316213344,792.238260884414,794.1810104660866,795.7070767568999,799.38848357535,0.0038518945831553797,0.0056694889623157265,0.01036638166470427,0.0038518945831553797,-0.013071128922522157,-0.01888396323282371,-0.020068568483642024,34863493.6,0.7639815534723118,0,-4.063763223300043,-0.49054677296578575,10.602229346696845,0.013482206999453135,-0.011880566540358689,-0.007386011744403063,-0.04474042088757067,0.014091603506974956,0
2023-05-29,795.9744873046875,798.6512587386072,790.7912725552128,792.5676872978805,21816292,53.98738908941594,-1.2699549659074592,0.6187040706196201,-1.8886590365270792,821.6890116089023,798.5363922119141,775.3837728149258,798.5363922119141,788.81775390625,795.8544654959395,792.384779567562,794.4569299797175,795.726884945625,798.8362060568651,0.01219210160444284,0.006600122627316979,0.009874670996063895,0.01219210160444284,0.01219210160444284,-0.0033820635998527138,-0.01285624328830981,34558494.6,0.6312859472761871,0,-3.9339926187000174,-0.5772379534377023,10.926637444422113,0.013727371440536578,0.0001508087394762565,0.004530258316022415,-0.03129471605548756,0.026555513813514425,0
2023-05-30,796.5828857421875,799.4543434930372,792.5920864341458,795.0498137776772,37125928,51.47420980342412,-1.006292315016367,0.2937047934924226,-1.2999971085087896,820.0682184039393,797.7730224609375,775.4778265179356,797.7730224609375,789.6951171875,795.923838852725,792.5494111822532,794.7840000970207,795.790292412037,798.0454442222433,0.0007643441431899323,0.006491888764667749,0.008614617739995395,0.0007643441431899323,0.01686760205109228,-0.00027484139552635956,-0.00640440314516455,34803731.8,1.0667226208196445,0,-3.580183239835719,-0.5631891764646753,10.676142315053223,0.013402424915401128,0.0008280275791368144,0.0050892404978480485,-0.02863826707912209,0.027215554723232057,0
2023-05-31,783.977783203125,795.7068987144811,780.9603551065537,793.2491711514361,43334270,41.53865932576108,-1.7937865396278312,-0.12379347313162814,-1.669993066496203,817.8469248499779,796.2374542236328,774.6279835972877,796.2374542236328,790.5364208984375,794.7861192670488,792.2132689085619,793.1215051902675,794.9152917298953,796.745464828507,-0.015823968559553148,0.007765454245227063,0.01880989987710738,-0.015823968559553148,-0.0030633737035729025,-0.0030633737035729025,-0.01684507395423529,35500081.8,1.2206808492480714,0,-3.4686416533780857,-0.6355737806045454,10.460233679764087,0.013342512892427067,-0.013599049859968888,-0.010395541236999177,-0.041412568315355204,0.012070051436068577,0
2023-06-01,780.6439208984375,788.3822359863269,778.6971779535536,788.3822359863269,50366938,32.984258848158774,-2.656276312109071,-0.6302900409271167,-2.0259862711819543,808.9119166639435,793.7015655517578,778.491214439572,793.7015655517578,791.2148156738281,793.4392432319429,791.7595689865963,791.2018768376784,793.8581531497874,793.37474995212,-0.004252495894802255,0.007260791076229608,0.012406499011260938,-0.004252495894802255,-0.019260122844090177,-0.0034790778110287413,-0.024923995566668578,35175696.8,1.4318675273548527,0,-3.397857003726017,-0.7175278610526448,10.170783291893217,0.013028710042586043,-0.016126404690276947,-0.014039171136745606,-0.03494570321338185,0.0027652289697517284,0
2023-06-02,781.860595703125,785.9001108734474,779.1838242892643,784.7563519232599,17859710,30.118519473180697,-3.2046885276436115,-1.1451697382704156,-2.059518789373196,808.9507547687016,793.6840789794921,778.4174031902827,793.6840789794921,791.7178576660157,792.336514895865,791.371373955872,789.7647566631317,792.9694451907753,793.6535528895313,0.0015585528460750897,0.007078797528394515,0.008590133101851928,0.0015585528460750897,-0.018481805600613077,-0.005755671634342319,-0.02453094497564301,32930161.5,0.5423511208713628,0,-3.50531672546947,-0.8668869285420442,10.112640359558684,0.012934070875466509,-0.01322155295861482,-0.012018097401230084,-0.03348802001343371,0.00442332416866664,0
2023-06-05,780.8386840820312,786.7275701890972,779.8896111568738,785.7541986206603,18697242,31.989975623496207,-3.6793555662534345,-1.6520069038670195,-2.027348662386415,809.4550924357251,793.1631958007813,776.8712991658375,793.1631958007813,792.3053576660157,791.2414833897856,790.9583272941527,788.3915147275778,792.0708702938313,793.5465951363688,-0.0013070253529975373,0.007006156950905314,0.00875719808920864,-0.0013070253529975373,-0.00400406642681661,-0.0190154376353302,-0.0223331898157213,32002797.4,0.5842377391671392,0,-4.612982106153936,-1.426452273409268,9.634645524164155,0.01233884247870074,-0.013147439215632783,-0.01279415471449738,-0.03535268184870444,0.005106875386507006,0
2023-06-06,778.4051513671875,783.4909933701617,774.9253365920524,782.4203085516023,32182852,33.058574277982174,-4.203443684112017,-2.162294259916019,-2.0411494241959978,810.0917785350888,792.5194366455078,774.9470947559267,792.5194366455078,792.6738525390625,790.0189755781096,790.4660458852521,786.8551511336716,791.0585948177836,792.8787795050505,-0.003116562696563463,0.006944837930938898,0.011004111114969668,-0.003116562696563463,-0.00286784982412136,-0.022819639613602227,-0.023088209227531742,31427493.1,1.0240349714689778,0,-5.904863274615423,-2.0833652970010235,9.38956277776225,0.012062565055319151,-0.014700690198515125,-0.01525795393849902,-0.03911486081885819,0.004462313149712355,0
2023-06-07,782.444580078125,784.805053262948,776.7503811233141,780.3761658426776,24949026,34.05974660749888,-4.243917911372364,-2.5786189902072882,-1.6652989211650757,809.9857586383831,791.8948028564453,773.8038470745074,791.8948028564453,793.1582604980468,789.2976045781111,790.1514785986982,786.1766017405106,790.420519651883,792.4486219473459,0.005189365337373131,0.007026849521432395,0.010294239802683113,0.005189365337373131,0.0007469162382776062,-0.0019556716502038274,-0.00501305440067068,30357916.9,0.8218293133281487,0,-5.488514688937698,-2.0617903098636816,9.426066596529617,0.012046944712158975,-0.008682434179752896,-0.009753697524227967,-0.034002052834306476,0.011166567646678541,0
2023-06-08,782.9312744140625,791.350960923385,780.278861070367,780.278861070367,37395522,33.548614981788006,-4.188440132013056,-2.9005832185684417,-1.2878569134446147,809.7032656320408,791.2680389404297,772.8328122488186,791.2680389404297,793.7741381835938,788.6912874196303,789.8683333365557,785.6773206133647,789.8657607453778,791.5145573841869,0.0006220176461428917,0.007012122609107047,0.014141854099906976,0.0006220176461428917,0.002679926564462365,0.002930085605473698,-0.0005591862013695215,30440962.1,1.2284605814084961,0,-4.747955812312625,-1.891235650040585,9.575550332003038,0.012230384255845802,-0.00730325426113539,-0.008782551002126783,-0.033063953616490054,0.013066813423538482,0
2023-06-09,783.8560791015625,787.7009085166137,782.1040222342899,786.4355374130215,18212578,36.424457937759286,-4.02346953058327,-3.1251604809714073,-0.8983090496118629,808.2596493268794,790.3362609863282,772.4128726457769,790.3362609863282,794.4325708007813,788.2307913893382,789.6325586606737,785.397129611549,789.4205991421322,791.0073274297029,0.001181208003463885,0.007027555488507413,0.007140196308407552,0.001181208003463885,0.007002687128677243,0.0025522240274085117,-0.003218137370372798,30227653.0,0.6025137975482251,0,-4.105723506526829,-1.7388152951982647,9.273107379601438,0.011830114770851885,-0.005550039830421708,-0.007315401949621848,-0.030192736016996846,0.014814883155155991,0
2023-06-12,779.0865478515625,786.3868338718737,778.4294745818307,784.8051052341397,13408292,34.589376392407885,-4.228842982105903,-3.3458969811983064,-0.8829460009075962,805.8893749704824,788.9735382080078,772.0577014455331,788.9735382080078,794.9301745605469,787.3599110524071,789.2189896093361,784.4262708792434,788.6551138613493,790.3451630529687,-0.006084702762612637,0.007139928578050182,0.010213703871522975,-0.006084702762612637,-0.004291718943502998,-0.002243915761587334,-0.021216684356694104,29972454.6,0.4473538179952735,0,-3.8815723373784294,-1.7393376848166326,9.28006256583367,0.011911465537974838,-0.010507727260061075,-0.012838568117562819,-0.03325869275780147,0.009104042862171062,0
2023-06-13,780.4005737304688,783.0773452649356,773.8789730190645,773.8789730190645,27926108,43.81290988415372,-4.236733587892104,-3.5240643025370657,-0.7126692853550383,804.1140009360278,787.9076965332031,771.7013921303784,787.9076965332031,795.3313610839843,786.6971170217463,788.8731693787923,783.8069328563549,788.043666444247,789.0029239965489,0.0016866237551269592,0.006359839748317097,0.011786731783013845,0.0016866237551269592,-0.003232340776638032,0.002563475279905969,-0.02031466191574205,29732655.7,0.9392402845467989,0,-3.3218585563632814,-1.5928765064597883,9.116671705806473,0.01168204126532991,-0.008003770644431498,-0.01074012398595764,-0.029490130973910955,0.01127273021508381,0
2023-06-14,779.5488891601562,784.5374180278894,778.7945024942541,783.7830313619872,20113968,45.86629825205582,-4.262574471676544,-3.6717663363649615,-0.5908081353115824,802.9828936803417,787.0146301269531,771.0463665735645,787.0146301269531,795.6423754882812,786.0163334158806,788.5075113310028,783.1518492107859,787.4144236824625,788.3007970600069,-0.0010913428295437066,0.0062918783413524705,0.007366972890978621,-0.0010913428295437066,-0.005494873429243596,-0.003700825581384515,-0.005649259631916426,29215010.7,0.6884805967228347,0,-3.281271162230496,-1.643967267695416,8.7377512796515,0.011208727766984672,-0.00822812959575283,-0.011361492493234905,-0.029183690841506595,0.011027251998314917,1
2023-06-15,769.961181640625,781.5929230405386,768.4767664026215,780.6439096325554,35377476,34.439876729516115,-4.999075200169159,-3.937228109125801,-1.061847091043358,801.8378072835268,785.4827880859375,769.1277688883482,785.4827880859375,795.5523291015625,784.4872713420467,787.7802042843213,781.1225157384534,786.1215909386226,786.2456795211385,-0.012299045836445921,0.006915728713572013,0.017034828444168267,-0.012299045836445921,-0.011712904344327257,-0.016566068053858518,-0.01368452244592877,28501537.4,1.241247989661077,0,-4.20401607758356,-2.0881290522344216,9.092334932693388,0.011808822508843289,-0.018516667168571744,-0.02261928206216402,-0.03975445576817299,0.0010835816700277918,1
2023-06-16,780.0355834960938,783.1746828103192,770.9102257106925,772.4432977006162,15779272,35.0388833316719,-4.71548017903433,-4.092878523107506,-0.6226016559268235,799.0613992476552,784.4084320068359,769.7554647660166,784.4084320068359,795.6541455078125,784.0633010710036,787.4764936651751,780.955295393475,785.6707755725093,785.2836072878276,0.013084298398007954,0.007054176507843465,0.015722945669552305,0.013084298398007954,-0.00046769600979434944,-0.004873975857720869,-0.002334191308605349,27767484.4,0.5682643689537825,0,-4.167490318334558,-2.156064995498582,9.160122233853615,0.01174321072994933,-0.005136980100214,-0.009449056865747065,-0.023810205034900903,0.01335504481699518,1
2023-06-19,780.7169799804688,785.6324943134937,777.8941787861185,784.0507655809437,24829146,35.127784102936715,-4.385196267094898,-4.151342071904985,-0.23385419518991313,796.5998044214426,783.510498046875,770.4211916723074,783.510498046875,795.3538623046875,783.744603824286,787.2114146971475,780.9186314837818,785.3038277508767,784.3927704239009,0.0008735453853541131,0.0070568382341463665,0.009911806359801231,0.0008735453853541131,0.0014984189401783254,0.0020927484031170174,-0.00015586330959715955,27592240.1,0.8998597399128895,0,-3.615307228121196,-2.007574912188602,9.222697838745319,0.011813112914459788,-0.003863023527108052,-0.008249924474452929,-0.019938273086207086,0.013363843595492126,0
2023-06-20,782.3472900390625,784.0506900484788,774.146647589991,780.7169047691681,20005626,48.07570405287815,-3.9463998497378725,-4.110353627471563,0.16395377773369013,794.2866260254183,782.7877685546875,771.2889110839568,782.7877685546875,794.964931640625,783.6115263209314,787.0206647105559,781.1384251076712,785.0848249574091,783.6744817430073,0.002088221596812989,0.005744865058436636,0.012659393832620512,0.002088221596812989,0.016086666047300247,0.00249450906896187,0.00506437896120171,27469017.7,0.7282978306137246,0,-3.085590700814919,-1.8525046682364064,8.814234397520611,0.011266396023536449,-0.001613345694140673,-0.005938058403094371,-0.01503152085803055,0.01433753136624826,1
2023-06-21,796.0231323242188,796.8261756245972,784.050675786365,786.4841043269806,24308946,64.58908225997519,-2.466689883479944,-3.7816208786732393,1.3149309951932953,796.130311319908,783.2695861816406,770.4088610433733,783.2695861816406,794.9255407714844,784.7935840355302,787.3737026561897,783.4283800640632,785.8950699475431,783.7250405774183,0.017480526179714184,0.007277945438142469,0.016049156512487877,0.017480526179714184,0.020495922450703308,0.02113304680840611,0.01735401150678051,27005059.4,0.900162656187307,0,-1.2227493803503648,-1.1338086748130536,9.156650651289283,0.011502995678723312,0.014308919589969705,0.010985164527149368,-0.00013462494037126118,0.033247633271190194,1
2023-06-22,799.9166870117188,806.7059888717916,797.7023024946114,798.1646301932708,56596140,66.30057580516296,-0.9686655771984078,-3.2190298183782735,2.2503642411798657,798.9581857852919,784.0969543457031,769.2357229061143,784.0969543457031,794.9173474121094,786.233879557072,787.8655843956222,785.9650426713948,786.9337082485932,785.5277261960616,0.00489125821775005,0.007337125145756264,0.011255780162326203,0.00489125821775005,0.024592403551579434,0.03890521507495337,0.02169464058051318,28346019.9,1.9966168160349032,1,1.746608215025276,0.08538011130099221,9.439977077245699,0.011801200338138968,0.01740297360672759,0.01529588657605979,0.001199688849153903,0.039884996486764863,1
2023-06-23,799.8680419921875,807.8497002925832,795.2688853504051,796.9722855006775,21339218,67.48650276675053,0.21215859940946302,-2.5327921348207267,2.7449507342301898,801.2088661628146,784.7710174560547,768.3331687492947,784.7710174560547,794.7003173828125,787.5323712175591,788.3362690072523,788.1039656438245,787.891807044415,786.1543238098926,-6.081260751411577e-05,0.007305891740962562,0.01572861307328114,-6.081260751411577e-05,0.022395107871147957,0.02542506895288721,0.020427171922908993,28081227.5,0.7599104419491634,0,3.4690701465555094,0.8597753420772278,9.850181070813894,0.01231475762712133,0.015663699963922646,0.01462798736820402,-0.0016735014142425192,0.041043227763062434,1
2023-06-26,795.9988403320312,803.3964393933287,792.6649956756461,800.5979965482512,16130314,65.75162212937472,0.826233721019662,-1.8609869636526488,2.687220684672311,801.2135814041769,784.7722351074219,768.3308888106669,784.7722351074219,794.3332482910156,788.3387016094136,788.6367620003809,789.3185617497026,788.4923280286829,786.1266814867248,-0.004837299975780307,0.007407754137777885,0.013481732854291932,-0.004837299975780307,-3.0516691288284825e-05,0.019574136010138687,0.02170784815513338,27796928.6,0.5802912340466277,0,4.594097785127701,1.4253473032334796,10.004880137926275,0.01256896320822903,0.009716811704130766,0.009335195474500025,-0.006508553016545864,0.03601046362224583,1
2023-06-27,807.2169189453125,814.1765484676322,797.4589059580019,799.6002755865209,33831864,69.65251361590369,2.1928204011635444,-1.0502254906894102,3.2430458918529546,803.900077308277,785.3039367675781,766.7077962268792,785.3039367675781,794.4388208007813,790.1366270699755,789.3653956060646,792.0721551644117,789.8793347632482,786.6833137817765,0.014093084116305832,0.008088414131523535,0.02071022313490793,0.014093084116305832,0.00912624033493481,0.03178847709053634,0.0343622828038892,27632225.4,1.2243626240831114,0,6.5251007490441,2.344730895508633,10.727954137638205,0.013290051144684945,0.02161688408076338,0.022615031566644447,0.0041259377012891835,0.052835151693757056,0
2023-06-28,815.7583618164062,817.5834334461853,808.1417176661517,812.7652324615918,59562950,73.09144459185032,3.9198872268773357,-0.056202947176061,3.9760901740533967,809.9162544441745,786.8929656982422,763.8696769523099,786.8929656982422,794.7830688476563,792.5767922839212,790.4004138888231,795.7161869570261,791.7962997301488,789.5103267948081,0.010581347678209951,0.008366537738498688,0.011574157522590571,0.010581347678209951,0.019866176656641477,0.024792281393337,0.0464492646449155,28443659.4,2.0940677555715634,1,7.78320824839102,3.0267112326333745,10.677555183913553,0.01308911521315994,0.029248357708890352,0.03208240719766371,0.007213224009488596,0.06792871405908145,0
2023-06-30,828.047119140625,831.6486054517263,819.2137611926184,829.3124901661796,40699016,76.80045188973416,6.208630911327305,1.1967638245246122,5.011867086802693,818.4993748898913,789.2631256103516,760.0268763308119,789.2631256103516,795.3143896484376,795.9549186512263,791.8767552712468,800.6901765237336,794.4815456124063,792.8128195092331,0.015064212516137765,0.008941157678320075,0.015017073269952528,0.015064212516137765,0.04026171545077317,0.03516670246497067,0.0754400856628008,27960263.3,1.4556020293270986,0,9.721039094154321,4.011170875624543,11.412794994841859,0.013782784495025402,0.04031911825330517,0.045676759203505765,0.011664937742949508,0.08949715454563266,0
2023-07-03,837.002197265625,855.3502267293802,832.2326530339916,833.449367439012,44104116,83.42696787539067,8.645417740610696,2.686494607741829,5.958923132868867,827.9508215562533,792.0202056884766,756.0895898206999,792.0202056884766,795.965146484375,799.8641832811691,793.646380447497,806.2766412532554,797.6312235126447,796.8029944496054,0.01081469631135712,0.008615260318540216,0.027619489854280737,0.01081469631135712,0.036898728980097495,0.04642535183797247,0.07303078856250211,29272483.6,1.5066748897247653,1,12.33181206360996,5.310111440244668,12.79463415903559,0.015286261136271757,0.046430400011299354,0.05462863296079276,0.01093226248916365,0.10701457675685346,0
2023-07-04,841.0902709960938,850.2399866599931,834.0820438772298,838.778513734139,38795188,83.94119871818503,10.782172075492667,4.305630101291997,6.4765419742006705,836.6668441978387,795.0327850341797,753.3987258705207,795.0327850341797,796.6716809082031,803.7904773492572,795.506925174893,811.6325842906151,800.8504122151224,800.128130117693,0.004884185183532397,0.00855802629232674,0.01921071178677122,0.004884185183532397,0.03105320198408057,0.056647608488039625,0.07733057249137243,30277380.9,1.2813257569448486,0,15.451775739843583,6.870163174512072,13.291746340242169,0.015802996180779624,0.046404871291637964,0.05730100440191541,0.005286963178869642,0.11639460237240132,0
2023-07-05,814.3712768554688,837.0994772709068,812.0595195781218,835.2744057361592,37165754,65.10451083549366,10.201963864247887,5.484896853883175,4.717067010364712,838.5480489789426,796.8310913085937,755.1141336382449,796.8310913085937,796.7134387207032,804.798172540325,796.2467036721705,812.0539216082849,801.851957744037,802.5263176593247,-0.03176709452242499,0.01307967710338496,0.030747594376697333,-0.03176709452242499,-0.016515777869439918,0.00886299300998794,0.04093321115077586,30526526.0,1.2174904540398734,0,14.661545470349552,6.88130806610593,14.955163189123352,0.018364060243958643,0.011895037342003974,0.022762509533427816,-0.028831707560363004,0.07847441939897842,0
2023-07-06,815.1986083984375,821.4525082286525,808.0930085295972,814.2252369257229,52156544,71.23601351916648,9.69712104274879,6.327341691656299,3.3697793510924914,840.3789706295977,798.4687927246093,756.558614819621,798.4687927246093,797.002705078125,805.7886902410976,796.9899156222202,812.5377195760007,802.8405985332519,804.3685785449427,0.0010159144440400336,0.012327974536572786,0.016388030550373158,0.0010159144440400336,-0.026049619628738085,-0.0006861755198223074,0.024089094016942036,31886901.9,1.6356729845868156,1,13.211897957176348,6.589501733397128,14.972544836347506,0.018366744842416984,0.011677898028730588,0.02284682957625821,-0.02996310368439549,0.07750885711981154,0
2023-07-07,808.093017578125,815.1986175265295,806.0976179186929,810.3317601084606,19926336,63.54877899975065,8.62425265798538,6.786723884922116,1.837528773063264,841.1813695005269,799.7268798828125,758.272390265098,799.7268798828125,797.076240234375,806.0081499874811,797.425331385197,811.8539192686352,803.2296666106498,805.7194863944642,-0.008716392235104897,0.012489476522240129,0.011262316849503903,-0.008716392235104897,-0.039231524315327615,-0.024097785139581274,0.010221477685321112,31013442.6,0.6425064207480146,0,10.05323133625484,5.548576113950162,14.678794724786249,0.01816473401636233,0.002586658200262907,0.013377661547818338,-0.039335573898942815,0.06570281069525596,0
2023-07-10,806.1705932617188,816.0503378295722,802.8854644229833,808.3850372058562,38398442,62.145831998462235,7.532048392169827,6.935788786371659,0.596259605798168,841.6953504384232,800.8426055908203,759.9898607432174,800.8426055908203,797.02279296875,806.0236207755038,797.768282831335,810.9795614214173,803.4475130292475,806.4802170568339,-0.00237896414718175,0.012554152311722614,0.016330133493612765,-0.00237896414718175,-0.010069956820450865,-0.036835750377512744,0.007879488788967937,32022735.8,1.1990993598991626,0,6.159437494334725,4.121902383838005,15.066406001872938,0.018688855842428024,0.00018234265401993537,0.010532269345884956,-0.04220619391351078,0.06076493240757162,0
2023-07-11,802.2527465820312,815.6852604691176,800.8413461228718,809.3583461576029,50670426,59.29545919649947,6.277962712115141,6.804223571520356,-0.5262608594052152,841.5492229063909,802.0009155273438,762.4526081482966,802.0009155273438,796.8274731445313,805.664489899935,797.9441441548918,809.6369745230503,803.3590118109352,806.9618953857677,-0.004859823358026594,0.012702523723917879,0.01850279031076898,-0.004859823358026594,-0.015880623056803378,-0.04617521537618985,0.007856677589368477,33885842.5,1.4953273184811622,0,1.8740125506777758,2.437218979998761,15.419253993855648,0.019219945409409717,-0.004234694914166443,0.0053996291077525824,-0.046695398504016904,0.05220014727262048,0
2023-07-12,794.7334594726562,810.9644765133695,791.9107178120092,805.6352319869237,70958358,49.36100593934849,4.624044045659161,6.368187666348117,-1.7441436206889556,841.1206723519084,802.7175598144531,764.3144472769978,802.7175598144531,796.48513671875,804.6234393830514,797.8182349516668,807.3441260537588,802.7200820080997,807.2768150210082,-0.009372715944458432,0.012181012752990838,0.0239750302120202,-0.009372715944458432,-0.016532203366275477,-0.0241140840067936,-0.01546481395480015,36037455.0,1.9690169019982127,1,-0.1747331572736357,1.5715312794962983,15.746030644986044,0.01981297057183712,-0.0122914389841518,-0.003866514130499194,-0.05514929593817504,0.03979908047536115,1
2023-07-13,798.699951171875,806.6572510904781,797.2155953198356,806.2922367876993,41913546,49.39757943882871,3.591958456257771,5.812941824330048,-2.220983368072277,840.5713007660182,803.6751129150391,766.77892506406,803.6751129150391,796.1653527832032,804.0592976486537,797.8528120583417,806.0142529950074,802.4222945387496,807.6273348676096,0.004990971063242755,0.012184150623099433,0.01182128001484086,0.004990971063242755,-0.009266825349729002,-0.020238819174355882,-0.020911107311910593,37127433.9,1.1289103931311557,0,-1.7293925924439009,0.8628964361214457,15.83466886428954,0.019825553815367672,-0.006665362234416364,0.0010617736764602453,-0.04981296596253713,0.04163002537549945,1
2023-07-14,800.3546752929688,804.7835035114284,795.7311609024043,804.7835035114284,24727214,50.237166166237024,2.8744111755746644,5.225235694578971,-2.3508245190043064,838.5809465368789,805.1947875976563,771.8086286584337,805.1947875976563,795.5452124023437,803.7064764719217,797.9509243420525,805.1435487331553,802.2691375575806,809.0365931127448,0.0020717719071672303,0.012197183452670585,0.01131041385584522,0.0020717719071672303,-0.0023659268193835237,-0.00957605389086058,-0.03344307734129481,36594920.8,0.6757007109030279,0,-2.3016735155594006,0.5255929568555757,15.58263512620711,0.019469662147601135,-0.004170429475281322,0.0030124044945473594,-0.04558447386835422,0.03698591279570703,0
2023-07-17,817.0966796875,818.6053935606003,794.7577929158504,803.0314502823962,49252928,59.13594323280986,3.615017945251907,4.903192144713558,-1.2881741994616513,838.6190230801632,807.0478424072265,775.4766617342899,807.0478424072265,796.242939453125,804.9817339210244,798.7017382771681,806.9824919569006,803.3674740116487,809.7474912944539,0.02091823151829897,0.013286748634239003,0.02918577597680424,0.02091823151829897,0.02813927103268421,0.013553069929746364,-0.02378191794854745,38268603.6,1.287032276244331,0,-1.041886854479344,0.9334554458331468,16.51950347814049,0.020217318083410155,0.015049963565588355,0.023031052179766736,-0.025664029553746318,0.053670239230836865,0
2023-07-18,816.415283203125,829.3124545920268,812.7651403572094,826.3923403152943,81076818,54.38311877168206,4.099712213963471,4.742496158563541,-0.6427839446000698,838.0874596516835,808.8327575683594,779.5780554850353,808.8327575683594,796.7461181640625,806.0706433764625,799.3963870977939,808.433690610166,804.3339783962025,811.5658417205999,-0.0008339239423119649,0.012828616968979925,0.020268256333830136,-0.0008339239423119649,0.022180209232838477,0.017653459812300598,-0.029336907872857032,41080987.2,1.9735849483188659,1,0.4061534765274928,1.452242942902103,16.40304677094167,0.020091547902662883,0.012833415919144449,0.021289683541250635,-0.025859086899553,0.04725277662564584,0
2023-07-19,820.1141357421875,821.8905505906512,815.1986216073076,818.1673927652148,32935134,52.175997043583365,4.727803228588982,4.739557572568629,-0.011754343979647253,837.5527439483901,810.7210998535156,783.8894557586411,810.7210998535156,797.3227941894531,807.4081188398649,800.2088478289465,810.2306821689385,805.5028789403495,812.6142394511415,0.0045306017846094004,0.01257632053041478,0.00815975324859816,0.0045306017846094004,0.024688380113461417,0.03193608620225019,0.007051892729927456,41727462.6,0.7892915587922664,0,2.7846794568134783,2.39061287727975,16.140576376832446,0.019680890346104735,0.01573679605870132,0.024875115999087188,-0.020820907497709994,0.04621146478936682,0
2023-07-20,821.8905639648438,823.4722926593728,817.6320636334198,818.1917641303833,56210948,46.5634452152476,5.307728602782845,4.853191778611473,0.4545368241713721,838.3522442743682,812.0144714355469,785.6766985967255,812.0144714355469,797.8618603515625,808.787399327958,801.0591112068249,812.0245101375393,806.7167815347565,813.7280865929106,0.0021660743855471676,0.011876707115909624,0.0071058475203553215,0.0021660743855471676,0.005866973145915999,0.029035450370245908,0.00820898796620062,43322562.7,1.2974982202518688,0,4.728101679304359,3.2062991484832537,15.422718190449084,0.018764929136123758,0.016200999975733377,0.02600488836165346,-0.019635756237251795,0.0460925790885727,0
2023-07-21,815.5635986328125,822.4015567907909,814.3468843278255,817.6320129512904,42154248,37.671372312271416,5.196883970860654,4.921930217061309,0.2749537537993447,838.5444605255459,812.7968170166016,787.0491735076573,812.7968170166016,798.2638012695312,809.4327516427061,801.627914635295,812.5689852906582,807.3721013197976,814.7277533262701,-0.007698062989687671,0.011550110644980233,0.009876203985155832,-0.007698062989687671,-0.0010432001799023372,0.019002729426521592,0.009244704374599122,42600468.1,0.9895254648622042,0,5.726275170784334,3.676990293242511,14.047829967178384,0.01722468976144566,0.00757425119957668,0.01738422994396044,-0.027405657033773106,0.03622953442422713,0
2023-07-24,816.8533325195312,819.8951183000274,812.813817239081,816.9019892100436,32179444,35.598636959066695,5.153700891561812,4.96828435196141,0.18541653960040172,838.7095694945948,813.6460815429688,788.5825935913427,813.6460815429688,798.55103515625,810.1394736309751,802.2249898464416,813.2281156335619,808.074414742,815.1342349125397,0.001581401976352037,0.011436491001452878,0.008668999414013058,0.001581401976352037,-0.003976035871769534,-0.00029781930831218606,0.013251214255522337,43142479.4,0.7458876830338129,0,5.157739709950647,3.523251569273498,13.39949841562004,0.01640379965677578,0.00828728769191461,0.018234713276495784,-0.026059362823574423,0.03585006714317473,0
2023-07-25,825.7109985351562,826.879056170404,816.8533420034627,819.8951278192749,55992596,58.55353660355677,5.767730800576146,5.1281736416843575,0.6395571588917885,839.2971019561576,815.131689453125,790.9662769500924,815.131689453125,798.9384350585938,811.6224760028019,803.1460097950187,815.1485591568841,809.3808283563079,815.9490134929365,0.010843643115593382,0.008093892282328763,0.01214191670539377,0.010843643115593382,0.00464834947353876,0.011386013372459702,0.029240475714253478,45135593.5,1.240541923969605,0,5.551832626339433,3.7496226972248223,12.041996432255814,0.014583790761681495,0.017358467697616696,0.028095749048042528,-0.016187478056740656,0.043926931650028055,0
2023-07-26,822.8395385742188,827.1710534459679,821.5255108693627,827.1710534459679,24794358,55.59112594269217,5.954016905620051,5.293342294471497,0.6606746111485542,840.0109009457119,815.9128204345703,791.8147399234288,815.9128204345703,799.3608776855468,812.6907676762703,803.9183050412619,816.3317867595509,810.3777698539309,816.5339762756496,-0.003477560509708044,0.008182609801940917,0.006861049222777427,-0.003477560509708044,0.008921364260988884,0.0033231994343869697,0.03536541562024098,44683718.2,0.5548857391191765,0,5.2826488364054285,3.7094572123153284,11.49099949493795,0.013965055100352937,0.012487862913672406,0.023536264088408494,-0.020441832781171145,0.03918189077130617,0
2023-07-27,814.2982177734375,828.8257745170246,811.5240735457453,827.3170606790924,59741302,54.44711370221582,5.350756588932654,5.304825153363728,0.045931435568926204,839.9487088773438,815.8398132324219,791.7309175874999,815.8398132324219,799.6986376953125,812.8438581617148,804.3253604425237,816.0189299924566,810.668173403524,816.8267238320706,-0.010380299439160745,0.008340424811364927,0.021247376690308725,-0.010380299439160745,-0.0031279969663742246,-0.00923766073524479,0.019529569995185625,44692635.8,1.336714671905746,0,4.056458833756778,3.2662492356987514,12.076763878041001,0.014830885803806492,0.00178922384307828,0.012399033800733275,-0.030538163619764597,0.02850375005526233,0
2023-07-28,799.8680419921875,812.2298721075693,798.6999842928814,808.6283856221597,41015684,46.169795909889075,3.666014323064246,4.977062987303832,-1.3110486642395855,838.8278422486487,814.430859375,790.0338765013512,814.430859375,799.6840380859375,811.6080661455693,804.1505636405498,813.5341779924152,809.8681636693509,815.7886503078395,-0.01772099639454805,0.009662108075816068,0.01691514988021003,-0.01772099639454805,-0.031297822832462185,-0.019245043141867257,-0.0006080220629723909,44708469.2,0.9174030051559,0,2.175314502863216,2.5226490052547206,12.250575311895805,0.015315745433939288,-0.014465139816976776,-0.005325522162136447,-0.046445525880521026,0.01244777696671276,0
2023-07-31,803.615478515625,806.3409662159895,797.5319067020986,803.0558374366854,34565006,50.829882150564494,2.603222420643192,4.502294873971704,-1.899072453328512,835.1411861642152,812.7615234375,790.3818607107848,812.7615234375,799.7258935546874,810.8468673236698,804.1295799101605,812.0082242267551,809.405001806112,813.985994855269,0.004685068444669982,0.009668863150132784,0.010961784272948957,0.004685068444669982,-0.023363072819646447,-0.016205912955113866,-0.01649890582963931,44231513.7,0.7814565478006691,0,0.7073936926947226,1.9045900637188424,11.819514252441886,0.01470792259287235,-0.008918316268413506,-0.0006393265555445975,-0.03774895571057525,0.016743321757079863,0
2023-08-01,808.993408203125,811.5241504025686,803.0315076162769,805.1972354940766,35394188,58.91663810665847,2.169892985890101,4.035814496355384,-1.8659215104652827,829.1578762639136,811.1566802978516,793.1554843317896,811.1566802978516,799.9322485351563,810.6703474074275,804.3203182745905,811.544406376966,809.3745133910759,812.5148700876092,0.006692167872915711,0.009399446643430065,0.010497789846217482,0.006692167872915711,-0.006514578387286196,-0.020246297265858026,-0.009090808504810255,44061463.7,0.8032912442715787,0,-0.9521285953744609,1.1743084795717778,11.065148829936984,0.01367767489541609,-0.0020685833762952147,0.005809986173865567,-0.02431921427514784,0.019968246055410446,0
2023-08-02,798.407958984375,803.7615021412346,794.830830666086,799.1379875966741,28116322,49.83137734816912,0.9612384427969118,3.4208992856436895,-2.4596608428467777,829.1575032081126,810.3585144042969,791.5595256004812,810.3585144042969,799.9643701171875,809.5025008909463,804.0884610475232,809.5234144704135,808.5621760276166,811.7100919187795,-0.013084716280027053,0.01007258387062705,0.01118559925994352,-0.013084716280027053,-0.0018254048557508895,-0.029691790980508448,-0.026467263289113863,43608992.1,0.6447367995923025,0,-3.1882667853240036,0.17015600626132255,11.225062109881069,0.01405930637785732,-0.013705383114147929,-0.00706452379101168,-0.037085287300378834,0.008651823599366821,0
2023-08-03,792.6407470703125,803.6884896703888,789.8909607409018,798.1646183703506,57673946,45.7472789786336,-0.45672989542401865,2.645373449430148,-3.1021033448541666,829.459362325654,809.2306213378906,789.0018803501273,809.2306213378906,800.0894494628906,807.8966195746955,803.6395310876326,806.9260810242441,807.3828109196681,810.4483575355237,-0.007223389808637126,0.010232089749985964,0.017407039671483097,-0.007223389808637126,-0.013656694947668413,-0.026596485452643814,-0.035588456878527186,43884862.2,1.314210484179212,0,-4.947238587019342,-0.6858293548910979,11.564003989914129,0.014589212114890587,-0.018883446389977708,-0.013686215761977889,-0.04438869090838727,0.004611987386608538,0
2023-08-04,804.1021728515625,806.1949453417267,792.9327586465489,795.8042164551875,37388304,42.39317314247249,-0.6481670793386911,1.9866653436763801,-2.6348324230150713,829.385413018672,809.0310791015625,788.6767451844529,809.0310791015625,800.5041064453125,807.5352436963019,803.6576739019043,806.4916336130624,807.1398006924011,810.0714386758741,0.014459798873086793,0.009287179983397856,0.016493161121734684,0.014459798873086793,-0.006046075656446326,0.0052935367299202785,-0.014053380754687428,44757960.6,0.8353442270110939,0,-4.072822449267392,-0.49288973864543095,10.828760963247289,0.013466896781096352,-0.0042512953726023565,0.0005530948861597315,-0.030484307741906608,0.019558618611864812,0
2023-08-07,803.6398315429688,809.4070457041624,801.8391180613743,809.4070457041624,28300918,42.50217613239482,-0.8276488853210822,1.423802497876888,-2.25145138319797,829.3649405178106,808.904541015625,788.4441415134394,808.904541015625,800.8491674804687,807.1642520626511,803.6569742015539,806.0528948330481,806.8805437183692,809.9819272661423,-0.0005749783102241279,0.009288017694693469,0.009417063895722949,-0.0005749783102241279,0.006552881267928523,3.0304328369590294e-05,-0.016176099736052163,44253084.4,0.6395241909962778,0,-3.682615261018668,-0.47260570860657936,10.187376206673767,0.012676544649503315,-0.004366422956264462,-2.1330815429293374e-05,-0.031017839937603955,0.019273007724251518,0
2023-08-08,802.9828491210938,805.7569341954113,799.1623777784342,803.8588478451442,43773828,39.57348770827653,-1.0112454919204765,0.936792899917415,-1.9480383918378914,829.3540253223421,808.9410461425781,788.5280669628141,808.9410461425781,800.9893347167969,806.7660232110743,803.6305379238888,805.580580108132,806.5918256000525,809.8304272917755,-0.0008175085356503242,0.009148179726280441,0.008212574433183914,-0.0008175085356503242,0.013047653793987646,-0.007429676213779657,-0.02752555004642443,43908254.5,0.9969384685970607,0,-3.9043241963531727,-0.6897803507016533,10.180421023361873,0.01267825462835834,-0.004689307656912512,-0.0008059534477974449,-0.031797248697260166,0.018331347689316022,0
2023-08-09,803.2747802734375,805.221523152016,793.8330654303563,804.4914945725491,33361236,38.46148608005811,-1.1202768667965302,0.525378946574626,-1.6456558133711563,828.8664495318935,809.3681121826172,789.8697748333409,809.3681121826172,801.1231726074219,806.4335238836803,803.616586643479,805.2258416720252,806.3461185388218,810.3682318867094,0.00036355839064716733,0.009105688052764677,0.014177536754960675,0.00036355839064716733,-0.001028964484937056,0.006095657281840472,-0.02377712468056925,42028398.4,0.7937784276833162,0,-3.0689770072659712,-0.47187440404422887,10.576723073055202,0.0131670050308997,-0.003916929934944568,-0.00042533513583774334,-0.030875503855788886,0.01697115887606283,0
2023-08-10,796.1448364257812,805.099865704745,793.7844225264857,801.5957522263969,50781118,38.08240955154287,-1.7617040700959024,0.06796234324052036,-1.8296664133364227,829.0637792678557,809.2403564453125,789.4169336227693,809.2403564453125,801.366513671875,805.45364888769,803.3235768310203,803.8287639418339,805.5904680119298,810.1186211057786,-0.008876095730565803,0.009171613330755477,0.014212794783746702,-0.008876095730565803,-0.009326311144629673,0.004420778730364505,-0.022293283899470717,42471777.0,1.1956438271937622,0,-2.442970687005527,-0.3159542566122582,10.80963526700476,0.01357747330942146,-0.011557229239403066,-0.008936299907389773,-0.03970616455002423,0.008522622858033266,0
2023-08-11,787.846923828125,797.3859527425766,786.5814933374278,797.3859527425766,28225822,33.608343571486216,-2.906112096766492,-0.5268525447608822,-2.37925955200561,830.3187152194348,808.6149688720703,786.9112225247059,808.6149688720703,801.5105737304688,803.7768179296362,802.7166492622794,801.3700193089555,804.276131405722,809.7578030225719,-0.010422616863168921,0.009401421324890708,0.01371390695117556,-0.010422616863168921,-0.018849624633372697,-0.020215402435479035,-0.01502887668086117,42646707.4,0.6618523145353069,0,-3.7584257666657095,-0.9410246396249704,11.0755751487335,0.0140580293122395,-0.01981880261556103,-0.01852425192354,-0.05115119123875879,0.0011890811525308493,0
2023-08-14,784.0020751953125,785.9974748594191,778.8188601509507,784.0507318876311,31304410,25.01453368267798,-4.0763215573535945,-1.2367463472794247,-2.8395752100741696,830.8749658899302,806.960238647461,783.0455114049918,806.960238647461,801.5534033203126,801.8935090977958,801.9827443969082,798.6980279068566,802.7743494642102,808.7290297262527,-0.0048801975568179,0.008583439556882245,0.009156372075520306,-0.0048801975568179,-0.023992667953006697,-0.024436016704090235,-0.024406452892794972,41749281.5,0.7498191316178698,0,-5.270742964855344,-1.6742298046457336,11.004313722040747,0.014036077288825192,-0.022311483631552043,-0.022420269422526236,-0.05641389212444651,0.0012215941173130528,0
2023-08-16,781.714599609375,783.3937010320665,769.5961724006356,770.4721710730195,34137542,25.190784604678385,-5.129175209314553,-2.0152321196864507,-3.1139430896281026,831.198185981712,805.2252044677734,779.2522229538349,805.2252044677734,801.5709216308594,799.9717081941367,801.1879151895539,796.0851927841671,801.2143679934817,806.3001361320082,-0.002917690728519662,0.008585665246331977,0.01765034021153694,-0.002917690728519662,-0.0181251402460757,-0.026486555142488988,-0.03371944482754141,39402317.7,0.8663841112067374,0,-6.794315016937617,-2.4426227343349183,11.630053737617297,0.014877621248763765,-0.022822192832263333,-0.024305553305271326,-0.05953283730268595,0.003159922529583803,0
2023-08-17,777.3831176757812,783.5153458133944,775.7770310495571,777.529087744607,52884040,26.538766194119177,-6.2411397323704705,-2.860413642223255,-3.3807260901472156,830.871777668371,803.0886535644531,775.3055294605352,803.0886535644531,801.5504809570313,797.8204138590552,800.2543937184256,793.2079504598,799.4490901921705,803.9858087094688,-0.005541001710545279,0.008387745731354378,0.009954312857955247,-0.005541001710545279,-0.013281521874199176,-0.03223263475151383,-0.02633345656440933,40399763.0,1.3090185702327015,0,-8.613110024625144,-3.362192925053364,10.946954722800017,0.01408180146171582,-0.025616411698992238,-0.02858000683554104,-0.06437655174988853,0.002679702564086722,0
2023-08-18,774.1953125,776.8964420218484,771.6402124587459,772.6379419530916,25633366,30.963471328124427,-7.2955107575349984,-3.7474330652856036,-3.548077692249395,829.8463935069266,800.703890991211,771.5613884754954,800.703890991211,801.3854956054688,795.5704042058119,799.2324689647619,790.2829292352154,797.5784399927504,801.7750645473914,-0.004100687425927285,0.007303141487503026,0.006789281048640525,-0.004100687425927285,-0.012508592777473737,-0.027569762336614012,-0.02327086342518836,38870883.9,0.6594490124264965,0,-9.883244681878068,-4.091107866258426,10.243002703977108,0.013230515011645861,-0.02686763056143326,-0.0313265006578027,-0.06706190620621413,0.003413758210100299,0
2023-08-21,773.5869750976562,778.9405181779168,772.3702607612333,778.9405181779168,21837270,26.646445371649364,-8.086973538605548,-4.615341159949592,-3.471632378655956,829.2490951107266,798.6050598144532,767.9610245181798,798.6050598144532,801.1986096191406,793.4767442907495,798.2267633229146,787.7143209063602,795.8012944449657,800.1297480226991,-0.0007857673542085442,0.007042182335834663,0.008493236866939327,-0.0007857673542085442,-0.010397176304216549,-0.01809989770751419,-0.03794940342679487,37855035.0,0.5768656666147581,0,-10.300073638886715,-4.48988593936474,10.08308826846229,0.0130342011862201,-0.025066606345056443,-0.03086815596446068,-0.06712352216150197,0.007325828264534907,0
2023-08-22,770.2774658203125,777.7237811054864,768.963438139342,776.9207377849476,32273570,18.88919188272962,-8.87891265657015,-5.468055459273704,-3.4108571972964468,828.1361829832491,796.2762664794922,764.4163499757352,796.2762664794922,800.9270373535156,791.2672891983269,797.1307124404597,785.031727816199,793.9106404727692,798.2479034521291,-0.004278134694454927,0.006507535120350768,0.011372970591597205,-0.004278134694454927,-0.009140476161500932,-0.0175058329680835,-0.04151407684534669,37859741.3,0.8524508856060251,0,-10.626219899468879,-4.8520319564485135,10.102209709880347,0.013115026932693567,-0.026526843286142004,-0.033687381756919724,-0.06986618668744599,0.007667439144601411,0
2023-08-23,772.1755981445312,774.0980425006611,765.6783552717781,768.9634840803492,36498588,25.499958386680092,-9.246775624478687,-6.223799492314701,-3.0229761321639863,824.0094831730511,793.599496459961,763.1895097468708,793.599496459961,800.788818359375,789.4490329074893,796.1520805072861,783.0538617128655,792.3006373373441,794.9925593439581,0.0024642189450490015,0.006052640703928459,0.01090385043132003,0.0024642189450490015,-0.002608791764634688,-0.012202665102596821,-0.038366013682960554,36885040.9,0.9895227742583309,0,-10.522675286647427,-5.035834682267819,9.692003259297776,0.012551553406487838,-0.021880367247194,-0.030115455262614756,-0.06290447632825864,0.011774386679713209,0
2023-08-24,768.622802734375,776.8477441031978,767.0897307917666,775.4364030038525,43145792,26.600241186810365,-9.713024869952392,-6.92164456784224,-2.791380302110152,819.9603571754496,790.8886596679688,761.816962160488,790.8886596679688,800.5532629394531,787.4655824148117,795.0725009867798,780.8336987930977,790.5467236630501,792.6687928516982,-0.004601020051259508,0.005930107554194244,0.012695451236571571,-0.004601020051259508,-0.006417083693342374,-0.011268980174920507,-0.04313838600443409,37802612.6,1.1413441831795508,0,-10.354831444243473,-5.181892731645803,9.403466429436653,0.012234175717899377,-0.023928385063705468,-0.03326702686808759,-0.06260980057367552,0.008933695246934267,0
2023-08-25,759.9597778320312,767.746749618975,758.4510639302869,766.3110504597091,30069756,4.513498860996265,-10.658697634314535,-7.669055181136699,-2.9896424531778365,818.1734291986685,788.1717376708984,758.1700461431284,788.1717376708984,800.1614807128906,784.8459819783563,793.6955314512994,777.622326337549,788.2810239718635,789.3002448601611,-0.011270840354364986,0.00407312013447399,0.012231812735150628,-0.011270840354364986,-0.01339476804932016,-0.018387523714138654,-0.04545034639199508,36319035.3,0.8279337749920908,0,-10.724422227455534,-5.536937513462476,9.161862181770507,0.01205571985389402,-0.03170839211483838,-0.042504653588739734,-0.07115074785996482,0.00236059403560899,0
2023-08-28,767.868408203125,770.2531801549441,759.9597651143588,759.9597651143588,28867238,18.043431083988636,-10.647254811726725,-8.264695107254704,-2.382559704472021,817.3500973873738,786.5717559814453,755.7934145755169,786.5717559814453,800.1196252441406,783.2290701902391,792.6827030886259,776.1217235476377,786.7689783593644,787.5384700527735,0.010406643353750855,0.005569526756871388,0.013405181057875148,0.010406643353750855,-0.005577992818934008,-0.007392274015225464,-0.0253583723192381,35711613.0,0.8083431571685099,0,-10.24767410051038,-5.544060234288736,9.35653985304173,0.012185082434810411,-0.019611966117885713,-0.03130419622985835,-0.06053916105523815,0.015976579571535334,0
2023-08-29,773.976318359375,775.1200179106506,769.669102242421,773.6842594017068,35538932,26.386637795252113,-10.029712703938799,-8.617698626591524,-1.4120140773472745,815.261019897863,785.0897979736328,754.9185760494026,785.0897979736328,799.9984399414062,782.3478557301568,791.9491193737533,775.7916612109819,785.8213739149207,786.0892774023125,0.00795437094559337,0.006306746169238856,0.007042742185941993,0.00795437094559337,0.006965075204580007,0.004801974227719885,-0.012787921299111216,35760309.3,0.9938094131641083,0,-8.919433468170155,-5.181593066706341,9.403472230938055,0.012149560662102593,-0.01070053085653146,-0.02269438853419094,-0.05063985708977008,0.025244765349005265,0
2023-08-30,768.3307495117188,780.6195643753474,765.8973208258516,780.6195643753474,28084204,23.833859681997055,-9.88194346541161,-8.870547594355541,-1.0113958710560684,811.896506036719,783.0566650390625,754.2168240414061,783.0566650390625,799.7507153320313,781.0128932331627,791.0229087909285,774.6438286418645,784.5257721072761,784.4270761060542,-0.007294239776771683,0.006361221730839635,0.019161335868507084,-0.007294239776771683,0.011015019378483037,-0.00497924130476457,-0.01712114639325424,35394810.1,0.7934554224377658,0,-8.436139674326569,-5.129171716357632,9.641599790069213,0.012548762100432058,-0.01623807216414009,-0.02868710757554983,-0.053659248686346604,0.018713352739447534,0
2023-08-31,764.80224609375,770.4965046276685,760.7384322394234,768.4767470204652,100075772,25.19263117518784,-9.935031161270558,-9.083444307738544,-0.8515868535320141,810.365823662,781.3763793945312,752.3869351270624,781.3763793945312,799.399814453125,779.4690220770281,789.9946475086862,773.1297390190776,783.0647701803482,781.4530379919266,-0.004592427701495927,0.006164756651257239,0.012758948392325874,-0.004592427701495927,-0.003993082768634859,-0.004970652219831839,-0.016183618213430617,38992782.6,2.566520400111173,1,-7.996560337783649,-5.07785347809363,9.530359019353918,0.012461206891102252,-0.01881636802473039,-0.031889331775072784,-0.05622593677797349,0.01650123146355656,1
2023-09-01,766.384033203125,768.4768057096691,758.9134187598048,764.5833196769412,43226776,30.991424605285346,-9.737221909571645,-9.214199828105164,-0.5230220814664808,809.2823413239778,780.0635437011719,750.8447460783659,780.0635437011719,798.8070324707031,778.2228326604659,789.0687410653309,772.0919381243157,781.8291600338873,779.4493522780344,0.002068230209121502,0.00588140840574295,0.012478583237040822,0.002068230209121502,-0.00980945408296685,0.008453414981277607,-0.010089546101294644,38270424.1,1.1295086745589527,0,-6.623149317890466,-4.6267903859685475,9.441710986833593,0.012319816929603399,-0.015212608729132576,-0.02874870930963376,-0.05300783908205829,0.020695739306854314,1
2023-09-04,771.1778564453125,774.5359402767891,766.4813275172515,773.830269769566,25073638,38.83000893122953,-9.088864409181951,-9.18913274432052,0.10026833513856914,805.5705204042937,778.4173278808594,751.2641353574251,778.4173278808594,798.232255859375,777.551882544737,788.3671377468988,771.9513101736999,781.0401745828818,778.0853919012984,0.006255118888831124,0.00619970652412226,0.010444559179467005,0.006255118888831124,0.003705574630981756,0.004309915874689985,-0.0031142182196638446,37654690.8,0.6658835185548783,0,-5.677187645502045,-4.315565341727051,9.379128372297155,0.012162082059162792,-0.008197557285262981,-0.021803650201240202,-0.042693548345985224,0.02650695028641716,1
2023-09-05,766.4813842773438,773.0516417713671,764.38861183011,773.0516417713671,38712082,37.26613257903916,-8.851962558638434,-9.121698707184104,0.26973614854566996,801.4355615227986,776.5594055175782,751.6832495123577,776.5594055175782,797.5645227050782,776.4975493764139,787.5088729049555,771.1097831127221,779.9617456713605,776.5764687467953,-0.006089998732091151,0.006325603338143643,0.0113023357369923,-0.006089998732091151,0.002195519419784686,-0.009683673652856162,-0.004928200176446906,38175249.0,1.014062331328867,0,-5.850306353742894,-4.440246468797795,8.968923168481458,0.011701423351511094,-0.012899158673602844,-0.02670127201239748,-0.04361445751051876,0.019686662932273735,1
2023-09-06,776.507080078125,778.6971658570981,766.4813659496907,767.4060807161218,56320910,49.33135063166006,-7.765708024291143,-8.850500570605512,1.0847925463143682,796.7868580962181,775.2356170654297,753.6843760346412,775.2356170654297,797.1746875,776.4984570622911,787.0774300490014,771.9401364920149,779.705844516306,774.9120810366649,0.01308015563904874,0.007271728047599019,0.015731730232489725,0.01308015563904874,0.013208843655954539,0.010641680775632656,0.005609451974397883,38802603.1,1.4514724657738232,0,-4.5144361708715905,-3.9454787419271042,9.288743535879316,0.011962213576912612,1.110500060299947e-05,-0.013429873056095979,-0.025451948425138524,0.030281514078294748,1
2023-09-07,783.977783203125,785.5108553045627,772.4433538873283,776.5071683013815,34208342,57.0084148553418,-6.230202279155378,-8.326440912315485,2.096238633160107,791.909110868016,774.2707672119141,756.6324235558121,774.2707672119141,796.7099047851563,777.2107738376086,786.9558752707317,773.792082139878,780.0222844190333,774.0538124264901,0.009620907930740774,0.00760186940168199,0.01666820373894283,0.009620907930740774,0.01659789197891759,0.025072542879305937,0.019977263768554243,38844958.4,0.8806378847866136,0,-2.2582482394194585,-3.038772237954504,9.811928978750675,0.012515570197234083,0.008706787905297757,-0.003784318995753265,-0.010015451970488668,0.03614087738773169,0
2023-09-08,790.085693359375,794.7092081887672,782.3960344054848,782.7367500914759,34502210,60.9567114341511,-4.468930560055696,-7.554938841863528,3.086008281807832,790.1742374207479,773.9678100585937,757.7613826964396,773.9678100585937,796.1964514160156,778.4369566492054,787.0786132349922,776.2987915582621,780.7677221183178,773.11305152185,0.007790922507133757,0.007796572275983716,0.015584605425429094,0.007790922507133757,0.03079567170999975,0.0309266100667418,0.03964146051687778,38031013.0,0.9072124899749581,0,0.21412398873951588,-1.990127830338679,10.222137290650599,0.01293801087219662,0.014964264749597422,0.003820558802917198,-0.00011205637589743208,0.042657637880557715,1
2023-09-11,794.173828125,796.4612273788786,790.3776555229446,792.762427572447,31573022,65.70701170489667,-2.7119698237875127,-6.586345038248326,3.8743752144608132,791.8234720004276,774.2841552734375,756.7448385464473,774.2841552734375,795.5189855957032,779.9357063135668,787.3568569561689,779.0487971839141,781.7607670077016,773.3164041913905,0.005174292864667196,0.007662408826792106,0.007660252252705141,0.005174292864667196,0.02275156080366658,0.02981928421244584,0.03425771869353489,38198373.0,0.8265541048044114,0,2.3838237688297568,-1.0102807907298939,10.051793794461966,0.012656918974771164,0.018255507083693983,0.00865804508921747,0.002968282966700331,0.04946051518560222,0
2023-09-12,796.6559448242188,799.576059429664,790.888730360441,798.164658821722,39033340,65.96827413996834,-1.106524384052591,-5.49038090740918,4.383856523356589,794.7013947052914,774.9168487548828,755.1323028044743,774.9168487548828,794.712060546875,781.5281099812479,787.7215270686415,781.7575891285762,782.8641135126288,774.0585767527535,0.0031254073243371927,0.007666120505111561,0.01090474391820417,0.0031254073243371927,0.016171582782989358,0.03936763653474018,0.02930273953719742,38584819.5,1.01162427363435,0,5.030560604834022,0.2126541636860111,10.070911068771968,0.012641481098837596,0.019356737972398504,0.011342101806998954,0.002459477398617396,0.054988565401758636,0
2023-09-13,800.062744140625,803.8102007820438,792.61642814262,793.9305153592652,46420094,70.54707967821095,0.4356806709979537,-4.305168591727753,4.740849262725707,798.4456557397281,775.8342559814453,753.2228562231625,775.8342559814453,793.8915100097656,783.2933132345219,788.2054963655821,784.5737668227376,784.1380861517397,775.3434521661526,0.004276374686638329,0.0074181746050039485,0.013991118473398574,0.004276374686638329,0.01262780843281508,0.030335414404888628,0.04129991497681473,39198947.1,1.1842178791582898,0,6.794856172230766,1.128066316580771,10.173465306485728,0.01271583432798561,0.02140887790405826,0.015043345713416974,0.0020252955091837332,0.06218596200376713,0
2023-09-14,799.5760498046875,803.0315068308923,795.7798770993519,800.2330637010272,23538848,78.98861219564265,1.600171343501188,-3.124100604681965,4.724271948183153,801.9289744886557,776.9439025878906,751.9588306871256,776.9439025878906,793.59560546875,784.8440500507281,788.6514004220176,786.8818103584222,785.281639014921,775.8471156262376,-0.0006083202092609374,0.0063178674984986655,0.00906934335178224,-0.0006083202092609374,0.006802316430449373,0.019896312033017116,0.04546770604891104,37731687.5,0.6238482707671106,0,7.6332762131195295,1.6955251512858922,9.964886087018035,0.01246271207029295,0.01877060768060505,0.013852317230178022,-0.0029340811453639837,0.06332423687883316,0
2023-09-15,808.75,812.7651572137806,803.0314427561306,803.0314427561306,173411202,79.37061833157642,3.2261111014303196,-1.8540582634595082,5.080169364889828,807.3608148185748,778.6716369628906,749.9824591072064,778.6716369628906,793.4666333007813,787.120807188754,789.4395807976248,790.2461472263572,787.0200361249268,782.1062987591177,0.011473517994383897,0.006411314944179617,0.012035504738980006,0.011473517994383897,0.015181026708398937,0.023623142144576725,0.05528033591697512,45120579.3,3.843284033367896,1,8.683850539548644,2.360967562632595,10.17172125619717,0.01257708965217579,0.027478873145909875,0.0244609209774668,0.0017206497465911499,0.07835855382904769,0
2023-09-18,792.8353881835938,805.464858730247,791.399629677695,804.8565015861909,37056288,61.875574106315845,3.1936890449214843,-0.8445088017833097,4.038197846704794,808.890853105662,779.6340576171875,750.377262128713,779.6340576171875,793.1614807128906,787.6650529977865,789.5727497147216,790.6444919890089,787.4508029440874,782.8601668762786,-0.01967803624903397,0.008814204184952651,0.01774041530206644,-0.01967803624903397,-0.009033486448358996,-0.0016853236583812548,0.02808370540890537,45881530.2,0.8076515285882945,0,7.729346684219649,2.215892758552627,10.893061300109983,0.013739373219788116,0.006564129214733384,0.004132156878578951,-0.019848740853509204,0.05658237289124818,0
2023-09-20,761.0304565429688,778.2104866731253,759.4244292708094,778.2104866731253,115474648,46.54218198007552,0.5947462880635612,-0.5566577838139355,1.1514040718774967,809.3294789352955,779.1717071533203,749.0139353713452,779.1717071533203,792.2586779785156,785.1284247639943,788.4534441001431,786.0884865357718,785.4937402477083,781.2802886274594,-0.04011542889563857,0.014154154539032243,0.02468502704563603,-0.04011542889563857,-0.048207538571389486,-0.04471878796951767,-0.007111624425835572,50041584.1,2.3075737924131783,1,3.600314782746409,0.7319170315015526,12.227969540344882,0.016067648062196148,-0.030693027358255794,-0.034780731522419846,-0.059677824235274325,0.016043120967657375,0
2023-09-21,755.9932861328125,763.5855718328563,748.0603441770149,755.8229580049356,72841442,45.886385505356145,-1.8500657198353565,-0.8153393710182197,-1.0347263488171368,810.1357463691542,778.3625915527343,746.5894367363145,778.3625915527343,791.3334887695313,782.3536496562627,787.1804967288753,781.4584557045473,783.3085214243827,779.8704518736369,-0.006618881500535356,0.014208522979920543,0.020536197795166546,-0.006618881500535356,-0.065232412818779,-0.05508250237942158,-0.026418038510670927,51858726.8,1.4046130033412236,0,-0.9396635782591147,-1.0249996367068661,12.639909202316046,0.016719605099899622,-0.0336936672245755,-0.03961888121677437,-0.06683134336312892,0.01259574397088519,0
2023-09-22,744.4588623046875,761.3711919566923,741.5874045249608,758.7430770496563,61704250,40.63214542025502,-4.664558330890486,-1.5851831629926731,-3.0793751678978127,812.160222806998,777.15439453125,742.1485662555019,777.15439453125,790.3279968261719,778.744622289446,785.5051385161621,775.7662105661074,780.4307688969978,778.4428134145276,-0.015257309872588776,0.014692163116983434,0.02657472216864354,-0.015257309872588776,-0.061017112252945815,-0.06893301458124401,-0.05040821531571171,52786649.7,1.168936660134352,0,-6.099427761282072,-3.1462619058554537,13.369937808163709,0.01795927012914213,-0.044026962117518324,-0.05225462469795169,-0.08335961131945156,0.003112983241134778,0
2023-09-25,745.1158447265625,749.8366724935371,742.195730377536,742.195730377536,40208754,38.45655175844294,-6.7640789203608165,-2.620962314466302,-4.143116605894514,813.5193961440114,776.4121978759765,739.3049996079417,776.4121978759765,789.2563146972657,775.5418815691714,783.9212446420603,771.0507696677158,777.8148485880766,777.6706294485031,0.0008824966094715947,0.01453008709209757,0.010254703574053056,0.0008824966094715947,-0.020911924982213503,-0.07868210852975266,-0.05691768501920935,53293599.6,0.7544762279483932,0,-11.578925619582606,-5.518336155564498,13.333440311187774,0.017894452796237057,-0.03923197130378987,-0.049501656168556056,-0.08408349172948285,0.007859875317632572,0
2023-09-26,748.3523559570312,749.4960555884529,742.1957693327212,742.1957693327212,27575308,41.86503828301054,-8.073735706599564,-3.711516992892954,-4.36221871370661,814.4662066700129,775.4363952636719,736.4065838573309,775.4363952636719,788.2162683105469,772.9524029394438,782.5263862622552,767.5587060199182,775.6324417265178,777.1836564910176,0.00434363495740242,0.014591123299092373,0.009755145684542903,0.00434363495740242,-0.010107140256320868,-0.056106264792839644,-0.05769703123578207,53229003.1,0.5180504310440486,0,-14.71265005834266,-7.04636345246638,13.236101476507388,0.017686991122758455,-0.03182608254901798,-0.043671409559052084,-0.08117445533227402,0.016221707357812892,0
2023-09-27,743.0960693359375,745.8458554975613,737.3288555163493,741.2223412220462,39338538,34.33720254172886,-9.42711661480439,-4.854636917275242,-4.572479697529149,815.5220400421525,773.8923828125,732.2627255828476,773.8923828125,786.7362561035156,770.1089425962527,780.9800993239683,763.7952234531518,773.2223400679562,776.0332587702086,-0.007023812485191905,0.01401218223945962,0.011461505897646712,-0.007023812485191905,-0.0018305819673246626,-0.02356592571669125,-0.06723087405077877,53418983.4,0.7364149501954019,0,-15.019482167741558,-7.473344776174827,13.150937228884143,0.017697492654800858,-0.03507669079811915,-0.04850831669183878,-0.08880933579976757,0.014794340029348195,0
2023-09-28,741.5630493164062,748.3279930851168,738.9592924506106,746.5759362770035,55354188,28.944139125881946,-10.502318449117752,-5.984173223643744,-4.518145225474008,816.5882267512268,772.5539978027343,728.5197688542419,772.5539978027343,785.2392114257813,767.3902860934102,779.434332657005,760.3748889705755,770.8772074196933,774.475067127478,-0.002063017263570277,0.013539829103859783,0.012633720953521698,-0.002063017263570277,-0.004768111475954462,-0.019087784350866777,-0.07311888380336384,54782482.6,1.010435916243051,0,-14.963363562852578,-7.746164071870226,12.886737172974977,0.017377803795448458,-0.03365593394266671,-0.04858816420300577,-0.09187638882978522,0.01790381128940099,0
2023-09-29,742.8284301757812,747.2815569377753,740.8816873168103,741.5629997895483,32053782,25.355269666276,-11.124086445064108,-7.012155867927817,-4.111930577136292,817.3606800498942,771.4553070068359,725.5499339637777,771.4553070068359,783.6934973144531,765.0510617203026,777.9988070695061,757.6754337713764,768.7995202164406,774.4030673025318,0.0017063698906538693,0.013230565735346984,0.008615542110377548,0.0017063698906538693,-0.007381450378659782,-0.0021900902943902123,-0.0709721353494367,51381383.1,0.6238403886017618,0,-13.693560569143415,-7.506331446655963,12.464358304238024,0.016779592430635006,-0.029047252734413994,-0.04520620928224994,-0.09118648803801435,0.02381434468281019,0
2023-10-03,733.9464111328125,743.1690816035621,732.9486816600946,743.1690816035621,38971694,20.086977504437996,-12.192993528562965,-8.048323400054848,-4.144670128508118,818.690424621865,769.8334259033203,720.9764271847756,769.8334259033203,781.9346142578125,762.0887140453036,776.2712621308123,754.024814903905,766.217808432468,773.3812577452323,-0.011957026255533743,0.013076932031595752,0.01392526727897303,-0.011957026255533743,-0.01231288736502334,-0.014990197393868199,-0.09249284558539417,51168629.0,0.7616325620137292,0,-13.453167523867819,-7.649982511248027,12.738991584521159,0.017356841577655664,-0.03692785681486703,-0.054523274353633674,-0.10351167051720905,0.0179894701948596,0
2023-10-04,744.4102172851562,747.0626308751249,724.7967576747751,727.5952007546005,54649430,25.957439876326006,-12.056785270962791,-8.850015774236438,-3.206769496726354,818.6463660260617,768.4950439453125,718.3437218645633,768.4950439453125,780.5115466308594,760.4050476871944,775.021809391767,752.5456460394821,764.6024313104449,771.647281468617,0.014256907580205036,0.013953175534915995,0.029910757111250883,0.014256907580205036,0.0038394145600628704,-0.005267757414665453,-0.06107846801513339,52647418.6,1.0380267723135812,0,-12.547355252249417,-7.504576870488222,13.708887593887352,0.018415770331421957,-0.021034618918807965,-0.039497717013453504,-0.09068158343054585,0.03628693984118578,0
2023-10-05,747.4276123046875,755.1172706279191,745.8945403681716,747.0869560565192,48512674,25.691121354122032,-11.571966261074635,-9.394405871604079,-2.177560389470557,818.5709671247341,767.5423553466796,716.5137435686252,767.5423553466796,779.1230322265625,759.169101460289,773.9396840158031,751.758256234129,763.3302224952037,770.7691828672902,0.004053403552863211,0.013942213328116728,0.012339295615944955,0.004053403552863211,0.0061914460218195355,0.005829048419837335,-0.017874244218914814,53137448.2,0.9129658205905341,0,-10.939841135963775,-7.040415308165166,13.674121929840137,0.01829491137968008,-0.015466236880579434,-0.03425599211239599,-0.08691165174100998,0.04314483708588002,0
2023-10-06,746.600341796875,751.9295273041055,744.5562258825445,751.4428415259151,17759356,25.610555232094157,-11.126241137015313,-9.740772924686325,-1.3854682123289876,817.718240775134,766.0470184326172,714.3757960901004,766.0470184326172,777.5408190917968,757.97207673044,772.8675529483942,750.96473093609,762.0909720731053,770.1971815979183,-0.0011068235829040374,0.013931433803101433,0.009875834511159419,-0.0011068235829040374,0.01724094630360229,0.006792804044257972,-0.012424639885343258,51209370.5,0.3467989515707872,0,-9.418209362970174,-6.566779708610852,13.682812764841604,0.018326823601380347,-0.015002841506533703,-0.0339866915764713,-0.08697115391585818,0.04510867513029558,0
2023-10-09,737.937255859375,744.6291848078113,735.8688414571311,743.6558133244023,16454972,17.244496593438498,-11.341303907914607,-10.060879121331983,-1.2804247865826248,816.1498074448558,763.7449920654296,711.3401766860035,763.7449920654296,775.8427734375,756.0639985522433,771.4977373762758,748.9605040012107,760.3018079091253,769.3398531925625,-0.011603377942006055,0.013205008534843424,0.011871393239901109,-0.011603377942006055,-0.00869542259829259,-0.006584527621336211,-0.008760197205689768,50321702.0,0.32699553763106026,0,-8.987063168059308,-6.501069693230306,13.507269402745228,0.01830408926435778,-0.02397514327831838,-0.043500427662994785,-0.0958311217769482,0.03739009835952495,0
2023-10-10,742.1227416992188,744.1424994102023,737.426212407623,740.0300286548502,33266292,23.68687073416669,-11.046669841960124,-10.258037265457611,-0.7886325765025131,813.0614950293673,761.3468444824218,709.6321939354764,761.3468444824218,774.3992639160156,754.7362598043362,770.3457767614892,747.908540570135,758.9552104120951,767.7325990113042,0.005671872244706666,0.012986577443085104,0.009050102665229189,0.005671872244706666,-0.007097504183865011,0.011140228281498743,-0.00401696333332191,50259906.1,0.6618852795668076,0,-7.352454240967404,-5.925485369323042,12.74769202276482,0.017177336451887685,-0.016712484581551033,-0.0366368401225217,-0.08724893967286726,0.045785053216873345,0
2023-10-11,749.3013305664062,750.5424029295025,743.8991308991633,744.6778161774354,31333360,41.82496047972256,-10.117292247126557,-10.2298882617914,0.11259601466484348,808.6702515898728,759.1032196044922,709.5361876191116,759.1032196044922,773.3879296875,754.2186474959619,769.520504361682,748.1228159541768,758.2401082013033,766.2997786605091,0.009673047952621472,0.008597143885931826,0.008865955202985484,0.009673047952621472,0.0036177170278688386,0.0065704542571805025,0.0012680852833841794,50247923.0,0.6235752271790418,0,-6.186400191232451,-5.50130503008495,10.96259933115763,0.014630428218872725,-0.006519749870785327,-0.02627502929509018,-0.0734154878416082,0.056043854621043075,0
2023-10-12,754.2898559570312,755.3362421435227,745.4078415117224,747.5979272653602,22025336,48.81192696090159,-8.875905584718566,-9.959091726376833,1.0831861416582669,803.3097355132554,756.9849151611328,710.6600948090102,756.9849151611328,772.4014172363281,754.225429254159,768.9232240320879,749.0715913392313,757.9474969239499,764.8119422630682,0.006657569107549888,0.008670440463828463,0.013162580078984737,0.006657569107549888,0.022159878726562665,0.009181148166554909,0.01506371394360495,49397522.8,0.445879363003199,0,-4.943672206129918,-5.016459983715208,10.562825972297551,0.01400366966210304,8.542101654661455e-05,-0.019030987252956186,-0.061022389483309444,0.06139328979734902,0
2023-10-13,747.4276123046875,753.7788848660191,744.6048112974557,749.4960266639874,39745300,52.21493624772314,-8.34957472364897,-9.63718832583126,1.2876136021822902,796.1309353141232,754.353158569336,712.5753818245487,754.353158569336,771.1701013183593,753.5780181161142,768.0802588663075,748.818671487763,757.168246211412,762.5462074522541,-0.009097621555094415,0.00797168131369804,0.012274196748331481,-0.009097621555094415,0.007148238838931675,0.0011080499987736747,0.00790838080954459,49063783.1,0.8100741012773636,0,-4.394058614325786,-4.787294082086646,9.841487202857836,0.01316714427034838,-0.008161604589797138,-0.026888656912109028,-0.0611750163812178,0.04891023654353552,0
2023-10-16,744.4345092773438,746.794923276397,740.0056808464606,745.3592240817852,17856084,49.508789685595474,-8.08082144466573,-9.325914949598154,1.2450935049324237,787.7006306914122,751.5960815429687,715.4915323945252,751.5960815429687,770.0906323242187,752.7072077505171,767.1529745687011,748.1441849938524,756.2250064385181,761.3113873278478,-0.0040045390056095975,0.0080514649061554,0.00911999960416534,-0.0040045390056095975,-0.00649514566507392,0.008804614980988168,0.002162113129114296,48779644.9,0.36605604728377183,0,-3.35679080172622,-4.344762807574739,9.8258435844454,0.013199070518619281,-0.01099059287328537,-0.02961399622302166,-0.054927112824692315,0.0404518789844452,0
2023-10-17,750.0800170898438,757.1613181665532,747.0625893528261,757.1613181665532,32902558,51.203748435033475,-7.327816726007427,-8.926295304880009,1.598478578872582,772.7476397456347,748.6625823974609,724.5775250492871,748.6625823974609,769.2394177246093,752.4569991161673,766.4834468244321,748.4420053163126,755.76982204232,751.1891821452921,0.007583619166151134,0.008231561236321074,0.013463535334414203,0.007583619166151134,-0.00558119512537536,0.010722317136388382,0.021981994478492917,41754212.7,0.788005709421507,0,-2.2792606881689608,-3.8623299370570976,10.213452343979522,0.013616483723437425,-0.003158960617172139,-0.02140089235135913,-0.029333797335508494,0.03519636085706892,0
2023-10-18,739.640625,750.0800099587005,738.8375816778204,750.0800099587005,31216200,47.75459599068428,-7.4871198997412876,-8.638460223852265,1.1513403241109774,758.5189580055069,746.0028442382812,733.4867304710556,746.0028442382812,767.9501867675781,751.2363920574846,765.4307871450426,747.0879468061106,754.5750667058519,748.8475899210779,-0.013917704580834522,0.008877545597368284,0.015199852334882465,-0.013917704580834522,-0.010418383234031658,-0.012892951303187461,-0.006407209592784513,41462208.3,0.7528831984571358,0,-2.9822554384772957,-4.089717216639428,10.229090556218198,0.013829811682150635,-0.015435576843829641,-0.033693656667817797,-0.02488841288179091,0.008389919371809633,0
2023-10-19,737.3045654296875,742.8041382598725,731.5860077723223,732.6567520860139,30252364,47.26134990709056,-7.712959105287041,-8.45336000013922,0.7404008948521792,755.7304449340671,744.8165496826172,733.9026544311672,744.8165496826172,766.6234814453124,749.9095514262659,764.327798058166,745.5828112097379,753.2957703150249,745.6787425534116,-0.0031583710944926846,0.00889911492784356,0.015215056319382024,-0.0031583710944926846,-0.00957766433286067,-0.0225182539486668,-0.013543849208066616,37201094.1,0.8132116737932178,0,-4.315877827893132,-4.59542597392192,10.361192688578488,0.014052798767820155,-0.016808675089688856,-0.03535555385677858,-0.024381549834196728,0.00463537088737885,0
2023-10-20,741.1250610351562,743.1691173582408,732.46203118805,732.46203118805,21094010,48.93941098318441,-7.497232803722454,-8.262134560855868,0.7649017571334138,753.7352370914244,744.0731384277344,734.4110397640444,744.0731384277344,765.3863256835938,749.0729332937793,763.4178868023617,744.8970034905715,752.3942362942939,744.3994080857282,0.005181706155911625,0.009009412764337851,0.014447070721418888,0.005181706155911625,-0.011938667676324566,-0.008432323298971256,-0.007333616736018622,34613722.5,0.6094117730330796,0,-4.505084822334879,-4.6623720639457815,10.66885101352318,0.014395480026841366,-0.01061027825912113,-0.029201340645266805,-0.016730246160348523,0.009142048400128848,0
2023-10-23,732.9730224609375,744.0207640901824,730.0772068991747,741.4656641644435,22376136,49.388367476551785,-7.893082991565734,-8.18832424699784,0.29524125543210644,754.3559011976428,743.4988464355469,732.6417916734509,743.4988464355469,763.9802905273438,747.5396084525562,762.2239705536784,743.0625448706278,750.9556278621935,743.6530406374268,-0.010999545154811607,0.008915843778493736,0.019023288393606324,-0.010999545154811607,-0.009014651593890588,-0.015396232541036281,-0.006727175459729784,32647316.8,0.6853897408193742,0,-5.167599297960919,-4.929004015022656,10.934790816918914,0.014918408293126047,-0.019486039036476267,-0.03837579139828559,-0.02834587586940996,0.0004521046864252529,0
2023-10-25,728.3252563476562,741.1251158897211,725.8674694399969,740.2490577379119,28311996,39.095970487424225,-8.484034333054296,-8.247466264209132,-0.23656806884516435,755.4197512674672,742.6593170166016,729.898882765736,742.6593170166016,762.6238989257813,745.7096701568514,760.8946092122659,740.7952697132475,749.2793040463018,742.99893999853,-0.006340978413743703,0.0080271646980012,0.02094894597811558,-0.006340978413743703,-0.012178561618967132,-0.029003253315014965,-0.018591918258657247,32052478.9,0.8833012912458388,0,-6.747328959315837,-5.58883761216623,10.43420319187423,0.014326295979626999,-0.02331257660308811,-0.042804026300472586,-0.03586680765806153,-0.002155951262888506,0
2023-10-26,712.2158813476562,726.1350808000519,710.6828094760561,725.7700665168079,55561798,29.72817413047558,-10.13542459395785,-8.625057930158876,-1.5103666637989743,759.2202916751207,740.8524932861328,722.4846948971449,740.8524932861328,761.1112780761719,742.5197855083567,758.9856394920852,736.3984407339258,746.5338653278836,740.6335841544536,-0.022118380297264317,0.009533289076454104,0.02169604993187874,-0.022118380297264317,-0.03900715440268809,-0.03707847125398733,-0.049493371632900574,33451803.4,1.6609507516117952,1,-8.71660654912796,-6.4451476529574165,10.929588443934035,0.015345892629146443,-0.04081225140681369,-0.06162140060479582,-0.06191142523832625,-0.014213191811558777,0
2023-10-27,715.0143432617188,719.3215000369331,713.9193003827721,715.1846713831347,31940532,32.21912152657761,-11.090506331219785,-9.118147610371059,-1.9723587208487263,761.0947669783848,739.4484069824218,717.8020469864589,739.4484069824218,759.7315234375,739.9002195801054,757.2612749340316,733.1085795843554,744.1990859155752,739.3618967183739,0.003929232676989969,0.009719605527401292,0.007555372427240404,0.003929232676989969,-0.024501146220802128,-0.03023204142914593,-0.05206952259152464,33081903.1,0.9654986263471643,0,-10.009331846160535,-7.066523124134392,10.910468248770883,0.015259090047061186,-0.03363409776051886,-0.0557891088197969,-0.06054492254572907,-0.0038836664459842777,0
2023-10-30,722.7769775390625,725.1373914861161,711.4858921827074,712.1429060469561,23310982,41.378336050027904,-11.093160726252563,-9.51315023354736,-1.5800104927052026,761.3656459462427,738.5091033935547,715.6525608408667,738.5091033935547,758.5527709960937,738.2694346238156,755.9089495459936,731.5191023466181,742.6122630728706,738.3221364527326,0.010856613367967505,0.010045353566843052,0.01888756798797032,0.010856613367967505,-0.0076178585875448235,-0.024757067950807565,-0.032980631648882985,31479742.8,0.740507384323356,0,-10.803498669963687,-7.508937256368199,11.119039603318372,0.01538377666811813,-0.020984827974961887,-0.043830638632907364,-0.05068349039996586,0.009955133381797493,0
2023-10-31,718.591552734375,731.9754116576363,717.3748382868058,731.9754116576363,32634824,36.61778232874573,-11.30270263582588,-9.871060714003065,-1.4316419218228162,761.7068488017667,737.2972595214844,712.8876702412022,737.2972595214844,757.3769396972656,736.395350634345,754.4455222200478,729.5302485601192,740.832951195945,737.2386769920397,-0.005790755564653138,0.009887479213252342,0.02031832035218419,-0.005790755564653138,0.008951880397070955,-0.01962073539661402,-0.03471488253285793,31508794.9,1.0357369776779373,0,-11.144257818211145,-7.778448333630649,11.682202915336315,0.01625708355585778,-0.024176955876532243,-0.04752360300339264,-0.05660352947491009,0.00800109572836764,0
2023-11-01,717.6181030273438,719.053802155173,711.6562028835086,711.6562028835086,33877466,30.613455232631964,-11.415722027239667,-10.179992976650386,-1.2357290505892813,762.4074350791992,736.480844116211,710.5542531532227,736.480844116211,756.2453955078125,734.6070413384402,753.0013097026869,727.6976107858461,739.1133328130858,736.1278639820409,-0.0013546634431299553,0.009285193537345,0.010308546064343784,-0.0013546634431299553,0.0036415489985099914,-0.01470106003738747,-0.04327793478413888,31254083.5,1.083937271748826,0,-11.102628818411176,-7.8932995095790375,11.609198489720645,0.016177404723690888,-0.0231265661164137,-0.04698956856969309,-0.058747239325129,0.009941323752231218,0
2023-11-02,718.7131958007812,725.4051249981815,714.041024388573,722.7283533192214,45225154,27.142005615598194,-11.286818457078994,-10.401358072736109,-0.8854603843428848,762.0001211106311,735.1959930419922,708.3918649733533,735.1959930419922,755.147919921875,733.0933417634251,751.6566777849652,726.315393095836,737.602211552915,734.6647312480833,0.0015260105184327077,0.008968780045956892,0.015811732240350422,0.0015260105184327077,-0.005622455978215757,0.009122675614633646,-0.028294050504890422,30782869.7,1.4691662746439784,0,-9.42644374493159,-7.3289617071200155,11.711748488135518,0.016295441013972806,-0.01961570941028192,-0.043827831186525314,-0.05680697956682505,0.014570086611336451,0
2023-11-03,722.1199340820312,725.8430917067044,721.0979059562075,724.18834838353,18095340,32.9842704191135,-10.78543832175842,-10.47817412254057,-0.3072641992178493,760.6928683640475,733.9306091308594,707.1683498976712,733.9306091308594,754.1847692871094,732.0482553175781,750.4983741103403,725.669937862943,736.4553761847014,733.0766158881985,0.004740052500989966,0.009055537386155325,0.006571187868576276,0.004740052500989966,0.004910134740980565,0.009937689904091274,-0.020594788177945023,29262003.0,0.6183903405382059,0,-7.851964262527304,-6.762900823691325,11.529237862874636,0.015965821352834916,-0.013562386309137114,-0.037812793481331014,-0.0507076323260024,0.021142892193243074,0
2023-11-06,727.351806640625,729.0552066561768,721.7549208752405,729.0552066561768,25593730,38.85003804523199,-9.852350794291738,-10.353009456890804,0.5006586625990668,759.1909975802181,732.9681823730468,706.7453671658756,732.9681823730468,753.2882934570313,731.6009744912016,749.5906655821161,725.9286869056633,735.781037699955,732.3358065715314,0.007245157364675903,0.009396729773893627,0.010036801605888178,0.007245157364675903,0.01356390477360958,0.006329516910097199,-0.01858425132094932,29653721.7,0.8630866054158727,0,-6.668460132614086,-6.318283963877434,11.520548885925304,0.0158390324747175,-0.005808040173171826,-0.02966800410224011,-0.04193831465477682,0.02915680870662578,0
2023-11-07,723.8233032226562,727.1084316790375,718.9320882014275,727.1084316790375,41952848,32.375040970173714,-9.290497866863234,-10.14050713888529,0.8500092720220565,758.6811707837236,732.262484741211,705.8437986986984,732.262484741211,752.3923034667969,730.8602438941972,748.5801807837059,725.6047817236622,734.8952795905254,731.5321570306577,-0.004851164712528333,0.009041274073211146,0.01129604896831408,-0.004851164712528333,0.0071100787514850605,0.007280562189150963,-0.012483023191714904,30928615.5,1.356441189551469,0,-5.535106740147853,-5.865341436341851,11.212899568067305,0.015491211070636241,-0.009628298611573743,-0.033071778009312436,-0.045945344241321934,0.025472356004409318,0
2023-11-08,725.9161376953125,726.8407930714139,720.7815793854345,722.2172785513859,31399546,39.624786600839755,-8.57747532628025,-9.827900776364283,1.2504254500840322,757.5901159276881,731.4521545410156,705.3141931543431,731.4521545410156,751.7114306640625,730.3893766371606,747.6913947802396,725.6526826423776,734.2301579686579,730.6516219804485,0.002891361003905857,0.00850939787062326,0.008346988545008304,0.002891361003905857,0.0052570264773359465,0.011563301751952304,-0.003307751078721055,30835278.2,1.018299423029042,0,-4.217664701279659,-5.309914922447206,10.842669444778453,0.01493653175861676,-0.006124457837056241,-0.029123321783484347,-0.04180885886240742,0.02920959870215044,0
2023-11-09,723.044677734375,726.4271198457463,721.9982915168673,723.2150058605088,22116740,39.30660495669256,-8.15015275916005,-9.492351172923437,1.342198413763386,755.1142097563452,730.1393218994141,705.164434042483,730.1393218994141,750.8149560546875,729.689881503562,746.7248568568724,725.2514511180694,733.4016038772295,729.5126446085658,-0.0039556359362032945,0.008525421507149132,0.006125248501595436,-0.0039556359362032945,-0.005921658359718807,0.006026718249924068,0.015204373660172354,30374447.2,0.7281363790548261,0,-3.4034602598630954,-4.931820928092748,10.357719290587657,0.014325144226278052,-0.00910688764861892,-0.03171205418575784,-0.04246977689946817,0.025356133730951632,0
2023-11-10,725.8917846679688,728.0818705084018,720.3192566823748,720.3435553235623,14015186,38.40743018410106,-7.495357000939634,-9.092952338526676,1.597595337587041,750.9964285098727,728.7194183349609,706.4424081600491,728.7194183349609,749.8532653808594,729.3281579954103,745.9078736337782,725.3499639719001,732.8453209728398,728.5872610258017,0.003937663911053324,0.008458210194965456,0.01069389954534032,0.003937663911053324,0.0028577160145342173,0.005223302124642615,0.015212899585524076,29973939.7,0.46757904166998776,0,-2.720097322167817,-4.590500476562056,10.147399837433104,0.013979218461708643,-0.004711697045794221,-0.02683453235089034,-0.0334284463798537,0.02753143962375662,0
2023-11-13,724.5776977539062,728.0574529993991,723.1662973344708,726.1837249264701,20605914,42.86897798828544,-7.0017506535874645,-8.674712001538834,1.6729613479513699,748.0878235042419,727.5769226074219,707.066021710602,727.5769226074219,748.9782043457031,728.8757332105051,745.071396148293,725.2311537845164,732.2329044381039,727.0985183050244,-0.0018103069105039893,0.00800443116229788,0.006750353592292769,-0.0018103069105039893,-0.0018437941683672188,-0.0038139850088931837,0.002491391218595318,29016970.4,0.7101331984678869,0,-2.725241280696423,-4.5192694338230694,9.500799728427435,0.013112189014205985,-0.005896801417255546,-0.02750568401945187,-0.031426959524896395,0.024766677376093366,0
2023-11-15,732.1700439453125,735.3577999173147,730.2963157159859,732.0240144584016,41245460,53.11019714916287,-5.929572757588858,-8.125684152748839,2.1961113951599813,746.0353575299415,726.9636993408203,707.8920411516991,726.9636993408203,748.3255603027344,729.1894770900105,744.5654607677841,726.2986753477157,732.2282481053046,726.9825749353674,0.010478305107846309,0.00836183165756413,0.006912990012613547,0.010478305107846309,0.01262075013058861,0.011531461733125026,0.018895979446555966,30186439.2,1.3663572482573565,0,-1.6707668041866555,-4.014720015921853,9.180975136547731,0.012539402851113476,0.004087506675489285,-0.016647853648340916,-0.01858533036629237,0.03429619402714923,0
2023-11-16,734.0924072265625,739.2756221207742,731.8536647558356,734.7494210785321,29713838,72.96874699613583,-4.868622944754065,-7.474271911149885,2.6056489663958198,742.2652036895204,726.1643188476562,710.063434005792,726.1643188476562,747.6797277832031,729.6564228173012,744.1547527857754,727.4977110213845,732.3663339661385,726.043234981871,0.002625569424953955,0.005281819971484371,0.01011038568424806,0.002625569424953955,0.011297307300901283,0.011263380308927484,0.022956923926138684,30027003.2,0.9895705476196173,0,-0.7329538198594037,-3.5366419944642757,8.450940171786199,0.011512093148755304,0.0060795523352393625,-0.013521845451559704,-0.011010615104054437,0.03384060081113043,0
2023-11-17,732.5106811523438,733.6787387876133,724.6750527726409,725.16173850318,23701874,68.85152109008168,-4.108089154923732,-6.801035359904655,2.692946204980923,740.9388738836807,725.8078216552734,710.6767694268661,725.8078216552734,746.9063842773437,729.9282569444481,743.6981225256408,728.2689371953782,732.3770263503019,725.3280616124406,-0.002154668892700551,0.005375937121633381,0.012291542289606295,-0.002154668892700551,0.010948423368575488,0.013091865149509108,0.019197484382055263,29651286.9,0.7993539734020786,0,0.2383754408861023,-3.026734331231637,8.616064154975106,0.011762373405150637,0.0035379151078572283,-0.015042987247707225,-0.011375017600520808,0.030722703576037565,0
2023-11-20,732.559326171875,736.3554985735485,730.7829708116128,736.3554985735485,19331452,62.641420738132645,-3.4615330028726703,-6.133134888498259,2.6716018856255888,740.078549167164,725.5705596923829,711.0625702176017,725.5705596923829,746.2279431152343,730.1788349661078,743.2613069823559,728.9289970379161,732.3905300407888,724.9719348491698,6.640861462203773e-05,0.004699568946388114,0.007606930337036296,6.640861462203773e-05,0.0005316828102728266,0.009185310599645558,0.014456590376658696,29105241.3,0.6641914355130256,0,0.8506769706975774,-2.6465666514222903,8.038994759155603,0.010973848085676372,0.003260148188049919,-0.014398678782205134,-0.010160033693383894,0.030231876707692312,0
2023-11-21,738.7645874023438,740.7356883923068,735.9174877356371,739.2756311878541,24959972,74.77560541935213,-2.420517651651494,-5.3906114411289066,2.9700937894774126,739.4574194954942,725.4525360107422,711.4476525259902,725.4525360107422,745.4730932617188,730.9965256743208,743.0849650380418,730.4421647862896,732.8626824379411,725.0449452236307,0.008470660339409575,0.0046666949297632584,0.0065219702444204814,0.008470660339409575,0.006364566817184558,0.019579528451420636,0.015690867414532628,29298539.4,0.851918645473501,0,2.120792463815633,-1.9864311102512602,7.580122534127123,0.010260538557729838,0.01062667393782371,-0.00581410987837287,-0.0009369465703962987,0.0383962681995857,1
2023-11-22,736.1365356445312,739.7623206231069,731.7563640092628,739.7623206231069,29123650,71.85525394524913,-1.7869682414698218,-4.669882801197089,2.8829145597272676,740.0383121028358,725.6107116699219,711.183111237008,725.6107116699219,744.5162683105468,731.4860504333884,742.8124776108453,731.3182218414038,733.1051900828736,725.1757012610022,-0.0035573602235772217,0.004822644961677904,0.010875640898375463,-0.0035573602235772217,0.00494989982464622,0.005417446031860562,0.017011378836593316,29635915.1,0.9827147196814583,0,2.2965733433778723,-1.7529831569387397,7.623576629997103,0.010356199238667334,0.00635758564143162,-0.008987385332818254,-0.005272397921152963,0.03508720048781824,1
2023-11-23,740.3950805664062,741.6360936254299,734.1654789893513,734.1654789893513,13046220,73.81078776764313,-0.9305203252923775,-3.922010306016147,2.9914899807237694,742.0599337402386,726.2142028808594,710.3684720214801,726.2142028808594,743.5224560546875,732.3345294936759,742.7176777267497,732.7146616452503,733.6451819705427,725.1585388669732,0.0057849932935964965,0.0049348617032060095,0.010090038186590256,0.0057849932935964965,0.010696409307186627,0.008585667523323792,0.019945751470772377,28872626.3,0.45185428801812877,0,2.678106676374682,-1.4370750590256876,7.345470489030682,0.009921014714753856,0.011006651670928755,-0.003127160198276487,-0.0022435562117482377,0.0422690613780762,1
2023-11-24,745.6511840820312,746.1622278549652,739.6892839772345,740.3462978210936,16469192,74.83304476873609,0.17038040601096327,-3.103532163610725,3.273912569621688,744.5473724869892,727.8859680175781,711.224563548167,727.8859680175781,742.5520031738281,733.6027823116145,742.8327171916627,734.7048958662936,734.5345154602826,726.6395042254755,0.00709905245670206,0.005069047235660214,0.008680927511299428,0.00709905245670206,0.009321774212137424,0.017938991563939632,0.03126571157192193,26917996.0,0.61182830995294,0,3.6745253671664386,-0.8654053339780603,7.298545344159793,0.009788149606635451,0.016423604245954022,0.003794214801178892,0.0014825270168573159,0.04840471251740273,1
2023-11-28,743.97216796875,748.1576534487249,742.5851254924052,747.1599239182611,28489338,68.96173782738154,0.897029204622072,-2.3034198899641654,3.2004490945862374,746.3154016735356,729.3338592529296,712.3523168323237,729.3338592529296,741.4983276367187,734.5903428503893,742.8774015358622,736.1306300359022,735.2336008312801,728.2425558999304,-0.002251744715390358,0.004991952819297468,0.007490237130152699,-0.002251744715390358,0.010644264949243754,0.01557940959746551,0.024907821913222827,26745436.3,1.0652037110346186,0,4.411507884281491,-0.3839054464937135,7.175134070972896,0.009644358189585235,0.012771506200254282,0.0014736838550000763,-0.003139736496836478,0.044387938930321606,1
2023-11-29,758.8160400390625,760.6897681490088,746.0891967833849,746.5272258063289,34042488,81.7299933476269,2.6402449333066897,-1.3146869253099944,3.954931858616684,752.3169176816821,731.1358123779297,709.9547070741773,731.1358123779297,740.6733935546876,736.8975521064534,743.5024461830466,739.6206931133114,736.9804481800047,730.2850079769746,0.019952187338997396,0.006644109724275364,0.01924125294567095,0.019952187338997396,0.024879905277820136,0.027141870331419016,0.04725282380521856,27282011.6,1.2477997773448641,0,5.901026432132653,0.4174811450047855,7.767839909620136,0.010236789287190426,0.02974428110115733,0.0205965614970496,0.008638809263266252,0.06882316925011954,1
2023-11-30,758.6456909179688,765.2889031775027,750.5423621524202,763.6828760176745,69491440,80.74991484496049,3.962334877080025,-0.2592825648319905,4.221617441912016,756.7594492209951,733.1385192871094,709.5175893532237,733.1385192871094,739.8547863769531,738.9688034218358,744.0962989177493,742.5476158524895,738.5852809754094,734.038262870195,-0.0002244933054986742,0.00671421468924149,0.019437981658129527,-0.0002244933054986742,0.017427058540696816,0.030577418975311854,0.036160516524264885,29124842.4,2.3859850997854672,1,7.482752988447373,1.283821306903974,8.388363290984639,0.011057023576888227,0.02662749415809984,0.01955310357191776,0.002492524802849007,0.06924155553286404,1
2023-12-01,756.990966796875,762.0281520239192,755.3848801865702,758.207681074416,22153536,82.63928338364609,4.821004733600603,0.7567748948545281,4.0642298387460745,759.8193984528516,735.1071624755859,710.3949264983203,735.1071624755859,738.8196057128906,740.6851999337442,744.6019721679112,744.7696698439333,739.9486651103327,736.0376675127827,-0.002181155367918186,0.006584735549449428,0.008775893146333496,-0.002181155367918186,0.017499040137038957,0.022414906130619805,0.031193020585547737,28538645.9,0.7762644407736249,0,8.35067044006837,1.8842944411615008,8.546537827303926,0.011290145064039102,0.02201443590960013,0.01663841232234883,-0.0037225051923336903,0.06559174138283334,1
2023-12-04,783.2720336914062,784.5374047202694,765.873018667368,772.8569470817542,50662456,88.03232503685436,7.535306912106648,2.112481298304952,5.422825613801696,769.9362365338588,738.3351043701172,706.7339722063755,738.3351043701172,738.6283386230468,744.7410888630453,746.1184451688326,750.6931104358522,743.1578035237455,741.0247471774265,0.034717807803885226,0.010678910311951454,0.023828740527016907,0.034717807803885226,0.03222914693669998,0.050453684527692166,0.0692977643127437,28810511.0,1.7584712745983575,1,11.138306551430787,3.285727977169927,9.959668119973019,0.012715464987349379,0.05173736940872159,0.049795831698231846,0.017320651405606294,0.10829826284717026,1
2023-12-05,790.2316284179688,797.6779441560443,786.7275147823341,796.4612297811876,52230820,90.48629898783688,10.131205840267626,3.716226206697487,6.414979633570139,779.9695214056475,741.740689086914,703.5118567681806,741.740689086914,739.2123620605469,749.0735212016094,747.8483739237007,756.7759593561779,746.6447535159102,745.8819075943574,0.008885284329332332,0.010496643293499407,0.01385724005458097,0.008885284329332332,0.041634636402904546,0.06217902018501564,0.07872714220631272,30517285.0,1.7115159490760727,1,14.48317835122009,4.970972387838515,10.63929346280943,0.013463512570496739,0.054945350558295636,0.05667359316688465,0.013157061565466161,0.12326696531905626,0
2023-12-06,792.22705078125,797.4102062498663,786.8004930390686,797.4102062498663,38613060,89.78089205347598,12.208753441564,5.41473165367079,6.794021787893209,788.6898047203875,744.9844512939453,701.2790978675031,744.9844512939453,739.9370373535156,753.1833811615752,749.5887141926243,762.2299734215735,750.0212199800095,749.5617188184201,0.0025251107289594454,0.010466251499817116,0.013392263241118856,0.0025251107289594454,0.04654756203164845,0.04403044872439388,0.07236738778572471,31168251.5,1.2388587149330466,0,16.28582905512178,6.0862680095776795,10.62712282333724,0.013414238775181138,0.0518381985001592,0.0568823086331431,0.004484964861586502,0.1296886691622602,0
2023-12-07,793.5167236328125,795.2444817359088,786.5814519897668,790.86431017188,20450386,89.69451456975675,13.800210468441605,7.0918274166249535,6.708383051816652,796.015174758648,748.4691223144531,700.9230698702582,748.4691223144531,740.9181945800781,757.0246518731216,751.3113812294944,767.043319607918,753.2431091394764,752.8276771473797,0.0016279081234233939,0.010492136778720648,0.0109172617137565,0.0016279081234233939,0.013079351107590398,0.04596484647879495,0.07794775182302494,30093128.4,0.6795699579044099,0,18.055848451285783,7.21508231174505,10.71577085056605,0.013504152504194237,0.04820460161950849,0.05617556642660009,-0.0031386978603680387,0.13210244853218123,0
2023-12-08,804.5888671875,805.4649253113081,793.5167662504412,793.5167662504412,33728038,92.72947396529477,15.773059072569367,8.828073747813837,6.94498532475553,804.8568439151516,752.4027587890625,699.9486736629735,752.4027587890625,742.1076550292969,761.5545771411576,753.4006944043182,772.8195576970845,757.0464986245152,756.998949855957,0.01395325797797664,0.010456446489505706,0.014850017876375318,0.01395325797797664,0.018168392978998193,0.06287776536096645,0.08670207069985558,30209553.0,1.1164692837394847,0,20.869377207413322,8.798722236407002,10.896545652321338,0.01354299828981107,0.0565084779713245,0.06794282665700768,-0.00033294955454191047,0.14949695236498284,0
2023-12-11,803.5181884765625,809.6990738547369,801.5714454396721,803.0558607692541,23187620,91.56227745793687,17.0535779498872,10.47317458822851,6.580403361658689,811.6701782498276,756.4264343261718,701.1826904025161,756.4264343261718,743.2109716796875,765.5511115540533,755.3660863287199,777.5424239708503,760.4888460209631,760.0474362966563,-0.0013307152939863176,0.010531805763197847,0.010115052193746175,-0.0013307152939863176,0.01425240110670023,0.02584817779046711,0.07760599812601532,30263097.0,0.7662011591212888,0,20.81002269100793,9.24764115988728,11.07905284183056,0.013788179285444664,0.04959443771877864,0.06374670907172257,-0.01004347577589077,0.14594698282597424,0
2023-12-12,795.5364990234375,806.0732571804058,794.1981132379304,805.0755276490755,36581476,82.57476796872209,17.225774744119008,11.823694619406611,5.402080124712397,815.824210529158,759.9086700439453,703.9931295587327,759.9086700439453,744.2597802734375,768.4068627416136,756.9413966304736,780.3107432097098,763.0849684655908,763.0815548881554,-0.00993342722988999,0.011403179886246942,0.014927214473569352,-0.00993342722988999,0.0025453469731278044,0.006713057810769918,0.06930948935290471,31391411.5,1.1653339003249343,0,19.3333415400042,9.0930227067729,11.343251536262244,0.014258618617985065,0.03530634302904002,0.0509882304822673,-0.02486774876730065,0.13003446428814552,0
2023-12-13,793.7357788085938,796.2178641804811,786.0461204150259,794.4901060535459,29346914,83.36626213969828,17.020734440476986,12.863102583620686,4.1576318568563,818.6323531675743,763.3665740966796,708.100795025785,763.3665740966796,745.3032348632812,770.8191404622784,758.3843135786352,782.3761333018458,765.3553988613688,765.6388025821394,-0.0022635293503870946,0.011330343971597108,0.012815024894963254,-0.0022635293503870946,-0.013488986514123669,0.0019044136726409366,0.04601871458559792,31828461.5,0.9220336961621598,0,17.63575930070317,8.795599386010963,11.497950618520179,0.014485866613923756,0.029730240394097808,0.04661418306919269,-0.030412399733099928,0.12093614974643599,0
2023-12-14,803.1044921875,807.3872910879392,800.5980487244109,801.0847344683164,35172366,84.29601164840872,17.413483595308662,13.773178785958283,3.640304809350379,822.849818691147,766.913296508789,710.976774326431,766.913296508789,746.5087561035157,773.8939358646805,760.1380460731004,785.5651115919464,768.1516279966378,769.92265374885,0.011803314943127363,0.011457312797465388,0.008453747214183427,0.011803314943127363,-0.0005148561600663015,0.012082629476028561,0.058602852163749386,31524806.8,1.1157044109148988,0,16.869283991558973,8.826664843606068,11.93944330732495,0.014866612531084511,0.03774490917826119,0.05652453042755288,-0.023996270103157566,0.12957908216952574,1
2023-12-15,806.2192993164062,811.7918273650013,801.3767404796611,803.0314839042278,138837130,83.9193767586088,17.771223432365332,14.572787715239695,3.198435717125637,826.8455454018278,770.5196411132813,714.1937368247347,770.5196411132813,747.9542138671875,776.9725419077021,761.9451540434262,788.7426789341711,770.9714555018057,778.1817589407366,0.0038784581075148594,0.011463374796802091,0.012918429134816245,0.0038784581075148594,0.013428422587879352,0.002026416466095915,0.06503159836614114,36980971.4,3.7542856432375924,1,15.417964766544515,8.544459639108027,12.22102495072563,0.015158437612555099,0.037641944639246284,0.05810673516069988,-0.02494570624480745,0.12885237960894474,0
2023-12-18,805.8056030273438,810.1857749432232,803.4938456272962,808.2390318694991,18014754,85.12578766816937,17.815981453354766,15.221426462862711,2.594554990492055,829.6284251635477,774.1843872070312,718.7403492505148,774.1843872070312,749.1821215820313,779.7185477286204,763.6651716506387,791.3677441792745,773.5517627259197,780.4234173368227,-0.0005131312155554069,0.011380255288014235,0.008304644806124488,-0.0005131312155554069,0.015206350199895136,0.0028467489393340095,0.028768510002509906,36696615.4,0.49091050505982087,0,14.167436174567115,8.299085321918824,12.30098219069758,0.015265446336540507,0.033457015194414665,0.05518181650947858,-0.028715050513737746,0.12113589263162772,0
2023-12-19,804.4428100585938,807.2412528497581,800.1356534706899,803.0314096384661,24008446,80.60717376938567,17.53930432182699,15.685002034655568,1.8543022871714214,831.1417875977028,777.7785614013671,724.4153352050315,777.7785614013671,750.3224255371093,782.073239379094,765.2642947254606,793.3792927760929,775.839988454266,782.4229336982135,-0.001691218035255737,0.01075986010222725,0.008832945350770942,-0.001691218035255737,0.001666430563037169,0.011195351873973358,0.017983564729085355,36930465.1,0.6500986633932211,0,13.666376637480425,8.322898094986954,11.614410704898246,0.014437832695716777,0.02860291025589805,0.05119605815032639,-0.032123252539471785,0.1104718121834238,1
2023-12-20,806.4382934570312,812.2541644467366,800.3303634873538,806.9249792104754,34232520,81.29377141112396,17.281840238347854,16.004369675394024,1.2774705629538303,832.658929525493,781.1622467041016,729.6655638827101,781.1622467041016,751.5191845703125,784.3937207198501,766.8789613423849,795.3883698039297,778.1065295655818,784.9845322272936,0.002480578325129379,0.010697778420541081,0.014785757392878707,0.002480578325129379,0.0002716309827992536,0.016003454786307048,0.017938345657052324,37394092.5,0.9154526212930558,0,13.57458025757171,8.49464776374964,11.412786414491125,0.014152088891472292,0.028103963806531407,0.05158484468709336,-0.031490247853829076,0.10521632563526317,1
2023-12-21,820.8927612304688,822.3771764061897,803.1530909094922,806.438219443738,36589240,85.8350795070964,18.036242271812398,16.4107441946777,1.6254980771346972,835.2177949684152,785.4000579833985,735.5823209983818,785.4000579833985,753.1782946777344,787.8698198160995,768.9971495732901,799.3121223310895,781.2758800592771,788.3545766822145,0.01792383607116954,0.011085099412017557,0.023418510193562638,0.01792383607116954,0.01872307433262299,0.022149383070336093,0.034499635335126344,37767372.0,0.9688055605245713,0,13.97588395141895,8.85910350018969,12.311415961587443,0.01499759352626447,0.04191421042384553,0.067484790660115,-0.017151255426122926,0.11597674087150155,0
2023-12-22,813.1788330078125,820.5034769444852,811.3537615362043,819.3840760112807,48578850,71.18230966558275,17.80640067603224,16.68987549094861,1.1165251850836313,835.5375115166431,789.0392456054688,742.5409796942944,789.0392456054688,754.5994165039062,790.280202024834,770.7297646099381,801.4454624352009,783.6390617591686,790.8105398704116,-0.00939699871526889,0.008126762722720308,0.011251787475133451,-0.00939699871526889,0.010859719099959975,0.008632308476499206,0.010676217594632442,39544003.5,1.2284757662435468,0,13.307660117131945,8.784610566511901,11.02517037379245,0.013558112836031639,0.028975331691605398,0.055076461747078906,-0.026759634607243194,0.09512990561490609,0
2023-12-26,818.8244018554688,820.5278019503709,812.059517577905,814.3469167985355,18045856,70.63572611622088,17.873762175150887,16.926652827789063,0.947109347361824,836.2430123056749,792.6979064941406,749.1528006826063,792.6979064941406,755.9898779296875,792.9986972467992,772.6158288156453,804.1191454229344,786.2453832477835,792.3863352778833,0.0069425919840711,0.00802922108561893,0.010342002941383521,0.0069425919840711,0.015359028085510262,0.016156252549268002,0.019048994283410225,39622836.7,0.4554407887711886,0,13.28014951817886,8.950657165006533,10.60105422435158,0.012946675991005432,0.03256714632487218,0.05980795541123887,-0.02082960358877008,0.09300052153496549,0
2023-12-27,828.9718627929688,830.5292334309963,816.9506891067552,818.3620896655261,27009078,73.72720300352424,18.53233274440163,17.247788811111576,1.2845439332900526,836.9141718791464,796.9478912353516,756.9816105915568,796.9478912353516,757.4835180664063,796.424713013101,774.8258693637757,807.9426404029396,789.4103076585379,795.2266824473174,0.012392719262525276,0.00844703500055127,0.016379982160663813,0.012392719262525276,0.009841847734641807,0.03049197833291384,0.04202869863365777,39548823.7,0.68292999571565,0,14.351473634006993,9.561574638315165,10.813113589597533,0.013044005562705147,0.040866574389351366,0.06988149927628685,-0.009489992346938656,0.09510171871302647,0
2023-12-28,829.9208374023438,837.7808237889657,828.3391087868577,831.8919383640549,44076470,73.61109241754752,18.912813840210333,17.58079381693133,1.3320200232790036,838.802710703352,800.5031311035157,762.2035515036794,800.5031311035157,759.1333825683594,799.6148200977908,776.9864563456804,811.3239014797709,792.4110876395606,798.9521039351697,0.0011447609405916825,0.00845527222438169,0.011376645309522098,0.0011447609405916825,0.020588342582166463,0.029118835422171863,0.0455882921745876,40050522.8,1.1005217140386492,0,15.221099377940732,10.107495003295526,10.868733965023678,0.013096109261508445,0.03790076989924548,0.06812780406189335,-0.010588751309065999,0.08884409652129192,0
2023-12-29,831.8675537109375,834.6173398672829,825.4189680232558,825.9056537355337,25011426,70.0679807821831,19.150674531455934,17.894769959836253,1.2559045716196806,839.5007542765643,804.1642242431641,768.8276942097639,804.1642242431641,760.8820434570313,802.6865090133285,779.1386562423571,814.4844633614889,795.333788830033,803.7466201449898,0.002345665057268631,0.007873244197612954,0.011057495634964231,0.002345665057268631,0.015929119632869693,0.013369337627022304,0.035814843277856,37826522.1,0.6612140004274937,0,14.816689197229039,10.141506669066985,10.672317548275926,0.012829347052504958,0.03635422343584501,0.06767588419098879,-0.009092547596582765,0.08199478241476311,0
2024-01-01,826.4410400390625,831.8189412093673,823.4722689184366,830.285869252277,14239686,65.8478744484841,18.685907036168715,18.05299737510275,0.6329096610659661,836.5138135416842,807.6367279052735,778.7596422688628,807.6367279052735,762.4092639160157,804.9488453014936,780.9936516853652,816.3239366965003,797.6380296603315,805.5433510396922,-0.006523290453711583,0.008179525572618883,0.010099537518775861,-0.006523290453711583,-0.00305296580921266,0.01630909031681904,0.025082183891904197,37430829.6,0.38042667373848427,0,14.668643276659623,10.263887075427078,10.691435860949932,0.012936719430637896,0.026700075244556642,0.058191751310171284,-0.012041371391077122,0.06122736102667475,0
2024-01-02,826.9276733398438,828.7284461026671,821.8661301022644,826.7817032735886,29242092,74.2116923088511,18.147647899625326,18.071927480007265,0.07572041961806164,837.5177726624746,809.8195098876953,782.121247112916,809.8195098876953,764.1550048828125,807.0420670194318,782.7949858678937,817.9552807954763,799.8076328958509,808.2858222436022,0.0005888300280418868,0.00744492198710779,0.008298568570920881,0.0005888300280418868,-0.0036065657441120003,0.009896226182332768,0.02621236466108723,36359811.4,0.8042421254143249,0,14.043369772632559,10.179157052248456,10.33337672223046,0.012496107042222223,0.02464011125696768,0.056378347164576695,-0.012644626380840691,0.05728833782782916,0
2024-01-03,814.176513671875,829.653083176837,812.2540695245034,828.3390555600513,28389762,63.48744169487785,16.50193757241425,17.757929498488664,-1.2559919260744152,837.1773950106021,811.0167541503906,784.8561132901791,811.0167541503906,765.6924438476562,807.7215381291883,784.0256340170696,817.3739320072299,800.8719944348156,809.9490672731139,-0.015419921329357211,0.008833274149308994,0.021370075604201993,-0.015419921329357211,-0.021266654721828315,-0.017847830288527877,0.012099932389938672,35167758.5,0.8072667468982989,0,11.296825116087234,9.199764653293869,10.849610285578917,0.013325869886184739,0.007991585265433773,0.038456497270788176,-0.02747432202040746,0.037357675993351755,0
2024-01-04,822.9125366210938,824.907936188308,813.1058074949292,816.6586370098769,26734056,63.180017593121306,15.721397835392622,17.350623165869457,-1.6292253304768352,837.6494771441158,812.5510284423829,787.4525797406499,812.5510284423829,767.328193359375,809.168299890322,785.5506105897764,818.2260250247474,802.5046271893548,811.3437512510833,0.010729888178448999,0.008744482956788086,0.014341899251940824,0.010729888178448999,-0.004269516211104385,-0.008444541292861207,0.020428398921188196,34573808.3,0.7732459140175195,0,9.55347979253122,8.564154244096017,10.717511458009872,0.013023876756108652,0.016985634178494965,0.04756144992779871,-0.017593206854573898,0.04503122828313387,0
2024-01-05,818.7026977539062,829.7504992888211,811.8404409559379,821.1118277236433,31889470,58.18698843330899,14.594875022561382,16.799473537207845,-2.204598514646463,837.36764455211,813.8103271484375,790.253009744765,813.8103271484375,769.0427868652343,810.076337782092,786.8506924393502,818.2993592907719,803.7044842682105,812.3100592873145,-0.005115779235145945,0.008907127080925831,0.021876144273151966,-0.005115779235145945,-0.009946426817133869,-0.015825663470468543,-0.0026679044815546282,35145762.5,0.9073489300452651,0,7.3898287687634365,7.71203619699304,11.2528665614058,0.013744753244709959,0.010648823536103268,0.04048036764867081,-0.022290026274166923,0.036000733509803276,0
2024-01-08,809.577392578125,818.7757651976441,807.8983504931613,816.9020369293803,17998470,52.21998297211954,12.818003744667521,16.00317957869978,-3.1851758340322576,837.3095971410847,814.0597534179688,790.8099096948528,814.0597534179688,770.6678295898438,810.028819191238,787.7419355820472,816.957518258057,804.1395145133895,812.8499131268908,-0.011146054850944442,0.00949254752022062,0.013435917065128688,-0.011146054850944442,-0.0056488009866659805,-0.020405142828023637,-0.004428841828514329,34359284.1,0.5238313449027886,0,5.079973889744338,6.748283896681983,11.551829803445498,0.014268962929730941,-0.0005572969781046707,0.027719048599264974,-0.03312060993645451,0.023731977373062995,0
2024-01-09,803.2747802734375,816.5613241836867,801.4497088247701,811.3781093874959,25326888,49.35030544504942,10.77702151979372,14.957947966918567,-4.180926447124847,837.3209038501574,814.0475830078125,790.7742621654676,814.0475830078125,772.4890075683594,809.3855773895426,788.3510667464154,814.8524816450387,804.075460125245,812.9049042449063,-0.00778506460588857,0.009731312429102088,0.01881251065018186,-0.00778506460588857,-0.023863722417317268,-0.028603339601485978,-0.01899017853741969,34466247.5,0.7348316059066192,0,2.3435103701108346,5.556080878521698,12.123688087720382,0.015092827990433655,-0.00754992093609311,0.018930289000068674,-0.0406607830046634,0.015807947610406953,0
2024-01-10,805.92724609375,807.8739890989318,798.8460040583302,799.6246893784266,16115824,49.71780203069295,9.266739027056701,13.819706178946195,-4.552967151889494,836.5274036951502,814.5671203613281,792.606837027506,814.5671203613281,774.307265625,809.056212504229,789.040328681605,813.479368483302,804.2126294562453,813.4777685462653,0.003302065352293937,0.00975026735872859,0.011201985147368278,0.003302065352293937,-0.015604506611747393,-0.010132038249201503,-0.027799033638580828,33442964.9,0.48188980995521724,0,1.3346743750407768,5.014694664535455,11.916844093521727,0.014786501078455278,-0.0038674277041815513,0.02140184322436476,-0.03657998227700805,0.016805821554857134,0
2024-01-11,802.5447998046875,809.309743595266,799.6246853117656,807.8983430417109,18314010,38.45686564080825,7.708040629037782,12.597373068964513,-4.889332439926731,835.5138896550187,815.0075714111329,794.501253167247,815.0075714111329,775.9026220703125,808.4360779614155,789.569915784471,811.7971271481306,804.0890865190928,814.1672414227488,-0.004196962325640263,0.008307669336292204,0.012067934756860249,-0.004196962325640263,-0.008686745501924165,-0.0247507917427493,-0.03298632395270784,32891319.7,0.556803745396692,0,-0.7322219289064833,4.0193051946946525,11.235485006864792,0.01399982282559071,-0.007287252903882926,0.01643285003751106,-0.0394596550201506,0.01012402007595989,0
2024-01-12,798.7485961914062,805.95156875827,795.0497965259408,804.0048258385641,19773552,40.45087770741901,6.096166204128281,11.297131695997269,-5.200965491868988,835.9116807136571,814.7897766113281,793.667872508999,814.7897766113281,777.5057629394531,807.5134606499861,789.9298640357234,809.7896608470961,803.6934946429678,814.3018746872716,-0.004730207726976854,0.008059873112061433,0.01364856512338308,-0.004730207726976854,-0.005634664741360984,-0.024372829865155765,-0.039812777132355426,32121379.0,0.6155885150509883,0,-2.562877132105882,3.0791715963732713,11.332825902440845,0.014188226378710443,-0.010854140377455499,0.011163943227349624,-0.0444581471699534,0.006401574082047277,0
2024-01-15,814.1278686523438,818.0700109690749,799.9166104629336,801.9120099654888,28320356,47.246779417468495,5.990666196263987,10.235838596050613,-4.245172399786625,835.9241753816978,815.185205078125,794.4462347745523,815.185205078125,779.4359582519531,808.1434042692583,790.8788053932379,810.4570774325189,804.4664112362549,816.1565271859414,0.019254209064365035,0.009555207829168143,0.022297972106263036,0.019254209064365035,0.010175388161079546,0.005620804281265324,-0.014899031860925893,26595540.3,1.0648535687015164,0,-1.8854149219796454,3.1368698111907634,12.108049502812475,0.014872417428548886,0.007405201046584935,0.029396492990536007,-0.026074502175273757,0.024774028771596738,0
2024-01-16,817.2183227539062,819.4084084513863,806.9735647828543,814.2251937520415,25322500,42.48827426517168,6.086271745825343,9.405925226005559,-3.319653480180216,836.031013064367,815.7558410644531,795.4806690645391,815.7558410644531,781.4060607910156,809.0076822201772,791.9117276426759,811.4972690204247,805.4109972745994,816.4030837341036,0.0037960303541484386,0.008927664813857724,0.015216060778750573,0.0037960303541484386,0.01828374310417291,0.017358372032696412,-0.011741474978969824,26960927.6,0.9392295538080818,0,-0.37789516936538803,3.560660896260515,12.026356598833258,0.014716210177845983,0.010149026658432194,0.03195633329810854,-0.022502383304544175,0.027326438636063804,0
2024-01-17,748.279296875,777.1397839265529,743.8504686909188,764.0965828252033,170145236,22.08352725352657,0.5924076846762318,7.643221717739694,-7.050814033063462,849.1343878402378,812.9476654052735,776.7609429703092,812.9476654052735,781.929248046875,803.2240264730175,790.2006519262965,801.7714271518978,801.1790194672216,801.9491615304299,-0.08435815003093883,0.023956545498447283,0.044487820757113807,-0.08435815003093883,-0.0631854623057293,-0.0715299668774867,-0.08093726076632146,34267767.1,4.965168448340481,1,-5.832186031211563,1.1603232446914262,16.592509388896076,0.022174219516951105,-0.06840523663028553,-0.05305153184713717,-0.11877400374958476,-0.03666719645608891,0
2024-01-18,723.2880249023438,737.32889662945,720.3192537681881,727.1084960821111,161070930,17.926973104672513,-5.712258591076193,4.972125655976517,-10.684384247052709,862.8287454702752,808.790151977539,754.7515584848029,808.790151977539,781.8479724121094,795.6110739424771,787.5766273371219,789.6970575750433,795.4093161661195,786.8962267492656,-0.03339832075673621,0.02476466443574648,0.023517108365728165,-0.03339832075673621,-0.11157933200391557,-0.09875682319744916,-0.12106330537606291,40609687.6,3.966317879283563,1,-12.825004018938444,-1.9932884473491868,17.932628764809277,0.024793205676577442,-0.09090251683118519,-0.08162837773912177,-0.1617247006436675,-0.041687272094705685,0
2024-01-19,715.744384765625,735.0171279009493,714.6493418669147,732.924355486129,109600538,17.70552216279664,-11.188486839781945,1.7400031568248244,-12.92848999660677,871.3234919226727,803.5327331542969,735.7419743859211,803.5327331542969,781.6863940429688,788.0047225923007,784.7596766480435,778.3197232966713,789.5082101364533,777.6556146809505,-0.010429648877066988,0.024748811484034947,0.02845678774092531,-0.010429648877066988,-0.12416992517535452,-0.10391781822410961,-0.12575787678573092,44260252.5,2.4762745761561122,1,-19.508738057685377,-5.170187387679903,18.787807424918828,0.026249325631902812,-0.09170038675524778,-0.08794449299077729,-0.17855493235209924,-0.027180166847197897,0
2024-01-23,694.6708984375,717.7154569857805,693.5271987986505,712.9946289403671,115469402,15.55332435270654,-17.032550766341615,-2.014507627808464,-15.018043138533152,880.8124519265151,797.6073364257812,714.4022209250473,797.6073364257812,781.0614892578125,779.1157869585102,781.226783384885,765.4506733183373,782.4832240846789,766.5706277948498,-0.029442754671453852,0.02506714707527022,0.034819737290760086,-0.029442754671453852,-0.0716422312649595,-0.14672998531862735,-0.14193392156703089,47604780.1,2.425584190441413,1,-29.027617310748155,-9.652022008352901,20.025374723970774,0.02882713925257727,-0.10838554414442518,-0.11079482525209555,-0.21132938468556597,-0.027619346510426777,1
2024-01-24,708.5657958984375,709.8068089160445,671.7480069982282,671.7480069982282,86004404,22.656278642287617,-20.308705318570446,-5.673347165960861,-14.635358152609586,883.5793113892956,792.0944061279297,700.6095008665637,792.0944061279297,780.7719116210938,772.3967401908842,778.3773328952204,756.6991537152758,777.0078590338462,759.785587403646,0.02000212977424387,0.026452107310177032,0.05371244581395434,0.02000212977424387,-0.020354586965398713,-0.13295410030617716,-0.11790359500986791,51002707.5,1.6862713415753467,1,-36.61094202929303,-13.534394747455508,21.501073885790966,0.030344498718751067,-0.08264010057405474,-0.08968855341292481,-0.19807335146369112,0.011356247698657887,0
2024-01-25,698.3453979492188,709.27146932584,690.8017687875753,706.9110553088505,98941852,17.99427164161503,-23.459357236424466,-9.230549180053583,-14.228808056370884,884.3247135551331,785.5630828857422,686.8014522163513,785.5630828857422,780.2209838867187,765.3442314059637,775.238825642436,747.72165282819,771.1810100646145,752.6958480056992,-0.01442406338039448,0.0258162467937512,0.02644780160720385,-0.01442406338039448,-0.024308939317915335,-0.06673163233877721,-0.13348828776539057,54599346.2,1.8121435307589817,1,-37.879795067053806,-14.961826283860432,21.977329017568536,0.03147057184325664,-0.08754078322856863,-0.09918676045345916,-0.21030659072983096,0.016808272166015947,0
2024-01-29,707.9573974609375,711.9238979776146,703.6502407027771,704.7452835773879,65645498,22.314156522545844,-24.893704421997313,-12.36318022844233,-12.530524193554983,881.6949008541756,779.4649108886719,677.2349209231681,779.4649108886719,779.8885778808594,759.8788186492945,772.6003382627695,741.6040750793819,766.4977795013792,746.9122337093328,0.01376396198778651,0.026645815995189625,0.011686659825168444,0.01376396198778651,0.019126321619809206,-0.021195743484728857,-0.11785934239031814,55677797.6,1.179024689008173,0,-35.73225529318256,-14.976289074352394,21.66793199581944,0.030606265396096802,-0.06832855438798623,-0.08366931465133041,-0.1970494592005956,0.045364578211487115,0
2024-01-30,702.9202270507812,712.1185398649957,701.2654836786888,707.90875580775,41728768,22.779782527492486,-26.135617327492696,-15.117667648252404,-11.017949679240292,877.5705203255355,773.017544555664,668.4645687857925,773.017544555664,779.3035815429688,754.4541908780076,769.8677848819071,735.6527138442126,761.7883311717053,743.5282551710715,-0.007115075607969978,0.026654084764514103,0.015439954305828767,-0.007115075607969978,-0.007967600017296683,-0.01791723132978973,-0.11997312996549092,56513664.7,0.7383836851054537,0,-33.55053171429313,-14.891891766136382,21.666192101664016,0.03082311657550122,-0.06830628612090138,-0.08695981199082804,-0.19901567934388636,0.05154447950408868,0
2024-01-31,711.80224609375,717.8371016849802,699.2700884068386,700.5841161285045,65761040,26.958450102670923,-26.10224708959572,-17.31458353652107,-8.787663553074651,872.0760551749556,767.2856048583984,662.4951545418412,767.2856048583984,778.8577783203125,750.3921008985544,767.5907049294303,731.9834111133722,758.0856582029679,740.6336358908511,0.012635884843198664,0.02731729479813606,0.026084510662946436,0.012635884843198664,0.01926961670263605,0.024661098794814817,-0.12568740918791688,59089732.4,1.1129012999219472,0,-28.723686059955753,-13.636078455454708,21.913006238751525,0.030785244580227706,-0.05142625403251864,-0.07267995622850765,-0.18378421025337238,0.07442634291568197,0
2024-02-01,713.651611328125,717.1800828855794,708.6387839338071,713.0189555223712,32690740,26.66172683993109,-25.631113100015682,-18.977889449219994,-6.653223650795688,865.0756189511185,761.6218017578125,658.1679845645065,761.6218017578125,778.4805969238281,746.8930066537516,765.4754463568302,729.1631342233343,754.79424732335,737.7735720344251,0.002598144701739802,0.02729505783873742,0.011968443448024632,0.002598144701739802,0.008043158935282735,0.007177619155662063,-0.1267307750476967,59262164.8,0.5516291905691573,0,-25.503733537132575,-12.901886538390272,21.87824294669229,0.03065675548041752,-0.0445062345335854,-0.06770149882057383,-0.17504135396462928,0.08430009976910481,0
2024-02-02,703.8206176757812,720.7085896391353,701.8252179588541,717.8614898495053,44867754,25.819514428040392,-25.754137381300893,-20.333139035636176,-5.420998345664717,859.5273539447579,756.1040069580079,652.6806599712578,756.1040069580079,777.9058227539062,742.7908743701354,763.0576099379656,725.2642855237107,751.0184229050116,734.7795432104937,-0.013775620339521177,0.027304646818210612,0.026829807490777388,-0.013775620339521177,0.001280928603773157,0.007840274658702073,-0.05941455200603463,60086064.4,0.7467247929787859,0,-22.5533570358283,-12.181215704470446,22.535265332176632,0.03201847852453453,-0.052464641178312475,-0.07763108773268135,-0.18115390458996838,0.0783537200363429,0
2024-02-05,703.1879272460938,706.6190857097415,697.931756543557,703.7476277670278,38605046,26.22593159260714,-25.60750051480352,-21.38801133146965,-4.21948918333387,851.0897674842154,750.1177764892578,649.1457854943003,750.1177764892578,777.1942895507813,739.0191651202267,760.7097792441667,721.8679227117697,747.4754232265732,731.8711335087224,-0.0008989370498647675,0.02736956498206929,0.012354206933282945,-0.0008989370498647675,-0.012102123721764224,-0.006736945234203762,-0.027789894155877737,60679613.9,0.6362111344943808,0,-20.859653529067828,-11.890559018602744,22.37709082745201,0.03182234785384865,-0.048484856097478594,-0.07561602804058347,-0.17377936604186076,0.08325116323545469,0
2024-02-06,702.8228759765625,705.5483042801744,697.2259898811583,703.5286059562596,41075740,20.073263535718837,-25.229911612242063,-22.156391387624133,-3.07352022461793,841.9691034178031,744.3237854003906,646.6784673829782,744.3237854003906,776.5280163574218,735.5718994874968,758.4397046062215,718.9379155217378,744.1678271339798,728.5622771374321,-0.0005191375667681353,0.02630559070258044,0.011841268523669492,-0.0005191375667681353,-0.015173699855325684,-0.0001384951954322977,-0.018053245074767466,61138927.4,0.671842666314097,0,-18.882291390510773,-11.428080275685602,21.5914408004054,0.030721027357574832,-0.04452185236242969,-0.07333058685071749,-0.16526286638833265,0.08681966607113624,0
2024-02-07,695.9362182617188,707.5437201567751,694.330191039234,707.1543478186637,54837086,18.043065854488546,-25.195922499314065,-22.76429760996212,-2.4316248893519443,833.4845287029577,738.6417266845704,643.798924666183,738.6417266845704,775.6388391113281,731.7970727040894,755.9885874946724,715.3991928663502,740.5951153656642,726.0936214885684,-0.009798567961059712,0.02600186689948794,0.018986695577570687,-0.009798567961059712,-0.011202285377912125,-0.022289937857180586,0.0018214665780080797,62980858.2,0.8706944866622982,0,-18.595028194465044,-11.602117434757929,21.64706118962033,0.031104949881311655,-0.04900382330016695,-0.07943554998887711,-0.1650280307605557,0.08098381590582734,0
2024-02-08,682.8444213867188,700.3163911601653,681.6033490400813,695.8875630019661,69106124,25.567854220933853,-25.926519697170193,-23.396742027403736,-2.5297776697664567,825.4559213501669,732.6202087402344,639.7844961303018,732.6202087402344,774.3827038574219,727.1349154357684,753.1201888237723,710.3907664848684,736.3172861820386,722.5134217204031,-0.01881177690061908,0.015622593773473966,0.027404547117894834,-0.01881177690061908,-0.028930396941037606,-0.04316838840183268,-0.03630061549768282,65169820.0,1.0604007192286244,0,-19.75809121798318,-12.355257533057852,17.74314605084151,0.025984170764416253,-0.06091097141512813,-0.09331281843182385,-0.1727669476647329,0.06730379607018036,0
2024-02-09,683.112060546875,688.2709172654594,675.033089526087,677.5395328507874,56642124,31.60235738286454,-26.1821158628037,-23.953816794483732,-2.2282990683199664,815.047813562948,726.4794494628907,637.9110853628333,726.4794494628907,773.1655017089844,722.9422625892071,750.3747720285999,706.194042494408,732.3761583572117,719.8320093921287,0.0003919474945885959,0.013611597294026263,0.0193787059311684,0.0003919474945885959,-0.028045210398565334,-0.029423061230135383,-0.021813471452777344,67196135.0,0.8429372314345163,0,-19.84861178092831,-12.68283790936573,16.691559238881545,0.024434584313324643,-0.05509458238017624,-0.08963882314417843,-0.16187486282469896,0.07085779855719565,0
2024-02-12,676.4931640625,688.0032934481292,673.2566920790741,681.18969323455,34447812,31.872293213032947,-26.612000716537295,-24.485453578894443,-2.126547137642852,803.7534033891858,720.1768676757813,636.6003319623768,720.1768676757813,771.5190441894531,718.5185389199969,747.477454069145,701.6246765818069,728.2366772983441,717.6731288271484,-0.009689327515424284,0.013586058467925296,0.0217985962792266,-0.009689327515424284,-0.0279379829487576,-0.03796248790581325,-0.04444368193804149,68002825.1,0.5065644250712167,0,-20.500626200229817,-13.232325175021742,16.290046048525863,0.024080134011555,-0.058488922110019756,-0.0949651251957074,-0.15833244225165047,0.06266542773729009,0
2024-02-13,678.658935546875,683.4771364619307,673.7434212435891,677.4422211445823,57580994,41.04028830640479,-26.472766330064815,-24.882916129128517,-1.5898502009362971,790.9606418536088,714.1723846435547,637.3841274335006,714.1723846435547,769.9193090820313,714.7223862177948,744.7786886368991,698.0914856533558,724.5642519834206,714.901335145388,0.003201468395288787,0.011514830452175816,0.014342572842569408,0.003201468395288787,-0.006129486759727576,-0.03438126625589988,-0.03451499981114292,69893197.2,0.8238426099643357,0,-20.849513269702015,-13.66101596932242,15.25757869361241,0.02248195359178111,-0.05045798391982969,-0.08877771893693294,-0.14198140888977204,0.06475656725179543,1
2024-02-14,673.597412109375,677.2231970540489,663.6203545889955,669.6795681971766,91320810,28.28643373011782,-26.465763864679616,-25.199485676238737,-1.2662781884408787,769.8496135170687,707.1458618164063,644.4421101157438,707.1458618164063,768.2514379882813,710.8057220169928,741.9872660279766,694.3231666465895,720.7889305112691,710.329773780664,-0.007458125388743797,0.009756016232457213,0.020194321148675462,-0.007458125388743797,-0.01392838596625412,-0.032098927410532996,-0.05367338217045059,73043219.9,1.2502297971669782,0,-20.991350687096542,-14.0013214666958,13.61327719647407,0.020209812199016616,-0.052346666262104616,-0.09217119625880879,-0.1250272776886439,0.045241149726225637,1
2024-02-15,688.197998046875,688.903668609651,673.7433958465795,674.0597534612269,41584944,44.02406262378355,-24.99395434989424,-25.15837941096984,0.16442506107560106,736.49141978519,700.6948455810547,664.8982713769193,700.6948455810547,766.3499572753906,708.6526054484102,739.8778829698942,693.3808330158641,718.3747873657584,707.7913129431861,0.021675537457571448,0.011311544877796075,0.022028940517259368,0.021675537457571448,0.017302220637507526,0.007840111879781064,-0.035666721516791844,73856342.1,0.563051768034962,0,-18.482309987358235,-13.242305853878065,13.387316908046305,0.01945271120526343,-0.028864082689136893,-0.06984920905538422,-0.0655722801935705,0.03504254360852067,0
2024-02-16,691.0451049804688,694.8412181662663,685.4725175238648,692.9918479710976,32175742,39.17783223103247,-23.328876207141548,-24.792478770204184,1.4636025630626364,725.9369839910503,697.8331359863281,669.7292879816059,697.8331359863281,764.3662268066406,706.9757006419396,737.9628720683481,693.021490241188,716.3503664483295,701.1958551040592,0.004137046230407337,0.010617235765325634,0.013557292533989304,0.004137046230407337,0.0182509487237692,0.011613093797879781,-0.018151660202141984,66957867.4,0.4805371384931534,0,-15.96656194726745,-12.41189996025173,13.086616951903855,0.018937428045704377,-0.022533441597788674,-0.06357740865252363,-0.0480646113644097,0.03182751207297995,0
2024-02-19,689.682373046875,695.4739454261017,688.7576582283627,695.4739454261017,34451756,41.111099271392845,-21.867179626101915,-24.207418941383732,2.340239315281817,721.755860495441,696.1528533935547,670.5498462916684,696.1528533935547,762.3153332519531,705.3287170614574,736.0695191655453,692.5077799036013,714.3749595297032,697.4898769972872,-0.0019719869568169957,0.010502824518599426,0.009738232351898208,-0.0019719869568169957,0.023879190519942473,0.01949644088813951,-0.019206180419096164,60626908.7,0.5682584967423879,0,-13.189821858539517,-11.407934903599653,12.79113345272044,0.018546412018929585,-0.022183052576915097,-0.06302006116386631,-0.044438139271289735,0.028532594349271665,0
2024-02-20,707.7870483398438,709.22274741334,687.1029057664576,688.660276266856,56133508,47.60101903358099,-19.028529522131976,-23.171641057533385,4.14311153540141,720.3016201737112,695.7549865722656,671.20835297082,695.7549865722656,760.6007397460937,705.5628438498752,734.9604026625767,694.8584365861002,713.8869661082322,695.3787523586989,0.026250743821371048,0.012359293583480594,0.03125211417581852,0.026250743821371048,0.028464265151254553,0.04292010502962995,0.0070631912149752285,57953557.2,0.9685946939595279,0,-9.159542367919585,-9.818285974322407,13.04490690763049,0.018430553283262374,0.003152383248857409,-0.03697254195503694,-0.017374071476958988,0.0544967821200729,0
2024-02-21,700.413818359375,712.5079475266035,698.3940605878935,712.5079475266035,45893136,42.58049022787263,-17.175844458806864,-21.97248173778808,4.7966372789812155,720.6695978122156,696.0421325683594,671.4146673245033,696.0421325683594,758.5172387695312,705.0724604698275,733.6056346506865,695.7131107050656,712.8889551638724,695.0336067031014,-0.010417299946026248,0.0126088092039507,0.02015078310672099,-0.010417299946026248,0.013557310964775748,0.03981073229783383,0.006433923081112569,54474743.9,0.8424663011586917,0,-5.733261547165284,-8.381631377290091,13.44294890669747,0.019192866494532855,-0.006607323887460084,-0.04524476738393118,-0.028106887697680556,0.04319111935762353,0
2024-02-22,690.874755859375,695.3765988884213,687.2975681948778,689.9986977762575,50560882,42.72028928703075,-16.289525312796627,-20.83589045278979,4.5463651399931635,719.1538223974518,695.1575805664063,671.1613387353608,695.1575805664063,756.2643701171875,703.720298125975,731.9299139137723,694.9687484211131,711.2582737339097,694.712370520003,-0.013619180904146044,0.012596931067740054,0.011693915033114816,-0.013619180904146044,0.0017288868892391118,0.003889516999608711,0.01176012312782504,52702567.8,0.9593627808017355,0,-4.932307322435236,-7.947969056121906,13.031011655570037,0.01886161210125682,-0.018253761190075067,-0.05609165204748551,-0.039322695169445844,0.029372098758190253,0
2024-02-23,691.3858032226562,697.8587478235042,690.1204320838871,692.3348761341468,29833452,43.35434380649286,-15.368712798335423,-19.74245492189892,4.3737421235634955,718.8130458955084,694.8096008300781,670.8061557646479,694.8096008300781,754.1813562011719,702.545584325659,730.3399487886305,694.4175260828889,709.7862388812243,694.18597470569,0.0007397105755377886,0.012608071608291223,0.011192471270812462,0.0007397105755377886,-0.023172570274714088,0.0004930188199467889,0.012111838091626748,49247147.8,0.6057904535133302,0,-4.430116316280646,-7.622923279717611,12.963224982243796,0.018749625638565613,-0.015884778656340835,-0.0533370050900065,-0.03815629506095404,0.030678978243051082,0
2024-02-26,692.213134765625,698.3210050066913,687.9546346452112,687.9546346452112,23506870,44.05670389304186,-14.40613850809791,-18.675191639138717,4.269053131040806,717.2297754513464,694.0223876953125,670.8149999392787,694.0223876953125,752.1509033203125,701.5615415104177,728.8447796112578,694.078388957156,708.4845274652539,693.2011870686138,0.0011966279016901726,0.012622847951605341,0.014975691504308187,0.0011966279016901726,-0.011708340667748396,0.0036694597653259553,0.02323744205887146,47140216.4,0.4986585084917005,0,-3.7671755510397134,-7.2247395542875665,13.10922897956265,0.018938139600603327,-0.013325141404795566,-0.05025987133388113,-0.034879534483880946,0.031898712503869574,0
2024-02-27,691.1668090820312,694.3545652339111,687.7113519923358,687.9546948776648,32087150,47.14124953538263,-13.57127991918901,-17.654409295148774,4.083129375959764,716.2859250477972,693.434716796875,670.5835085459529,693.434716796875,749.9121496582031,700.5715669934285,727.3672121395234,693.6304535917521,707.2017335109412,692.581110680606,-0.0015115657751105793,0.012370928660026915,0.009611591810084759,-0.0015115657751105793,0.0004227296194849739,-0.023481977095789253,0.018430279010586137,46658135.5,0.6877075060146799,0,-4.991276856446689,-7.593190523053295,12.639920702707952,0.018287800479735973,-0.013424407090568503,-0.04976908836873474,-0.03506856003639849,0.030694611892126255,0
2024-02-28,685.9348754882812,693.1377886016653,683.3067606806109,691.1667470533215,25321986,52.04509103833788,-13.179892195537377,-16.759505875226495,3.5796136796891176,713.4943690418494,692.1413482666015,670.7883274913537,692.1413482666015,747.5064611816406,699.1775963738907,725.7424146237885,692.4465184989105,705.6264106944478,691.1794896075223,-0.007569711862609241,0.011413088997749671,0.014332305109951213,-0.007569711862609241,-0.007884060836897966,-0.020671983464016663,0.01831578203406603,44636182.8,0.5672973003417309,0,-5.894864095936896,-7.863220026898034,12.005491117062986,0.01750237747937354,-0.018940425085542577,-0.05485078222435535,-0.03862608417019147,0.02258021998321488,1
2024-02-29,683.0147705078125,686.4215706434694,680.0459994144303,682.3820552900959,53295700,49.937802306543325,-12.955994037892879,-15.99880350775977,3.042809469866892,709.7458140195076,690.609506225586,671.4731984316643,690.609506225586,745.05064453125,697.6382796247404,724.0668207368875,690.9954803464339,703.9514743843267,689.9249377375676,-0.004257116943339634,0.0114802321946899,0.009334455862936838,-0.004257116943339634,-0.013288341113213531,-0.011376859966153341,-0.007531593456785224,45666430.8,1.1670651519365074,0,-6.082018501234529,-7.863093176884831,11.515329937753465,0.016859562098769796,-0.02096144885397334,-0.05669649409884031,-0.03766284067292917,0.017188432990483383,1
2024-03-01,696.3256225585938,697.2989940386686,681.360036052442,681.360036052442,34738898,61.67957907722214,-11.57109424608177,-15.113261655424171,3.542167409342401,708.5580151061112,690.2347564697266,671.911497833342,690.2347564697266,742.88830078125,697.5132646660599,722.9789306122485,691.8155022252276,703.3865964713094,689.0548400622488,0.01948838096266181,0.012201835711178433,0.022890092608771503,0.01948838096266181,0.007463919575961819,0.007144808749199427,0.007641350094324428,45159988.0,0.7692406384164673,0,-5.032319659599125,-7.361018176382004,11.60049826755144,0.01665958840481314,-0.0017026803182512912,-0.0368659540757068,-0.01726378403282267,0.03633532809600373,0
2024-03-04,697.274658203125,699.3674307159147,693.186545384466,696.422958130924,35616474,61.12242397367377,-10.27848792762245,-14.146306909863828,3.8678189822413778,707.5596601225609,689.9390930175781,672.3185259125953,689.9390930175781,740.7050280761719,697.4905402410185,721.9709199295379,692.6553723756733,702.9338603032958,688.773737531318,0.0013629193207684853,0.012199363793189161,0.008864348157119119,0.0013629193207684853,0.016531864933637452,0.007312088117504167,0.011008379295977644,45010559.4,0.7912915208070043,0,-4.071001269399176,-6.873859681719864,11.346724704201945,0.016272962986267743,-0.000309512495780796,-0.0342067263994832,-0.014535879444645515,0.03711950709175328,0
2024-03-05,701.2410888671875,702.2874750189414,691.8967470591605,692.067075174591,37991672,66.7353945795108,-8.832217990640856,-13.083489126019234,4.251271135378378,707.2497706080258,689.8600036621094,672.4702367161931,689.8600036621094,738.3119946289063,697.8477353482727,721.1579853780732,693.9762518359062,702.808469826547,688.585144539834,0.005688476724916347,0.011917780345678773,0.014817625670746942,0.005688476724916347,0.026685101327785343,0.01457575747674622,-0.009248487222265789,44856356.0,0.8469629588279529,0,-2.7238316451557694,-6.209226761450168,11.014735204337764,0.015707486881767586,0.0048625987404275805,-0.027617937975746253,-0.00849584120143661,0.042783829796673604,0
2024-03-06,702.0927734375,707.0813018234176,697.688303532932,697.688303532932,42409530,60.091852114549155,-7.53050781228967,-11.972892863273321,4.442385050983651,708.215978067219,690.1678314208984,672.1196847745779,690.1678314208984,736.0902734375,698.2520246901039,720.4103300078548,695.2249474669206,702.7554552792103,688.5796964048991,0.0012145388851763084,0.01062863941939188,0.013378571388075616,0.0012145388851763084,0.00828226147662825,0.023556023358218603,0.0023970901688630253,44234978.2,0.9587329241636203,0,-0.9255716837867567,-5.332084615933695,10.59235961792416,0.01508683755006216,0.005500519313353506,-0.025426560124637666,-0.008645956628131632,0.04459486805980812,0
2024-03-07,703.7962036132812,706.2053335588424,701.5088045068723,703.504204064998,49348046,59.417650442406064,-6.288945489732328,-10.836103388565123,4.547157898832795,709.894964213431,691.2154205322265,672.5358768510221,691.2154205322265,733.7897094726562,698.7800417304065,719.7587956394402,696.5436022586684,702.8325477484008,689.4761328996483,0.0024262180729208715,0.010605560532903091,0.006673137803043338,0.0024262180729208715,0.009352907542864441,0.030426037624366575,0.018703024888835795,43247074.3,1.1410724725024926,0,1.1417621056660892,-4.308025097447285,10.25863307575049,0.014576141535124503,0.007178456142583959,-0.022177696365596564,-0.008591074606237262,0.0464812775619164,0
2024-03-11,694.8899536132812,703.7232526512562,692.5538381955413,695.9606385239804,50531094,53.46058219191972,-5.955012667332994,-9.859885244318697,3.904872576985703,710.1478052667891,691.8043151855469,673.4608251043047,691.8043151855469,731.1080712890625,698.4095571478231,718.783546932532,696.2891947747627,702.2442074420957,690.4060152499626,-0.012654586589520456,0.011229558292289792,0.016073645039241538,-0.012654586589520456,-0.009056992459135715,-0.0020617781377012534,0.0050682996010209536,42941522.8,1.1767420134434543,0,0.8962924817632256,-4.195383679716542,10.58192437717913,0.015228201706119587,-0.005039454999606888,-0.03324170874697759,-0.02148545914012329,0.03181941355780808,0
2024-03-12,710.3422241210938,712.5079519871562,695.5956218426523,697.9073792005341,65418454,51.76002986635814,-4.392861239845956,-8.76648044342415,4.373619203578194,712.1359008222399,693.4967681884766,674.8576355547133,693.4967681884766,728.7164990234374,699.5460016214679,718.4525146654167,698.4511992895829,702.8440605294288,691.9952689217276,0.02223700375500326,0.010555173072597923,0.02380870736697292,0.02223700375500326,0.011749801444620678,0.018740916171604116,0.026190039519557784,44490054.9,1.4704062322926017,0,2.055461380449401,-3.5184052641211565,10.26036414339288,0.014444254888674296,0.015433184486225984,-0.011288554746168512,-0.0025187280954031156,0.05258085068151177,0
2024-03-13,710.755859375,716.2067158438075,705.7429725398497,713.2379447418698,63067454,57.87912267779688,-3.0858957850662136,-7.630363511752563,4.544467726686349,713.8881511912524,695.1016143798828,676.3150775685132,695.1016143798828,726.2942651367188,700.6136071218043,718.1506850461847,700.3442239181086,703.4301197031748,694.1869413071862,0.0005823041906569681,0.010094679722828395,0.014721993728140433,0.0005823041906569681,0.009888737287851113,0.013568472610729465,0.02834200085357952,44764377.9,1.4088759178310841,0,2.7658717735315577,-3.0073003318885867,9.999639598053436,0.014069021684670422,0.014476242182707742,-0.010297039082694876,-0.004387650657915537,0.05092416678082687,0
2024-03-14,708.3467407226562,713.4812990740788,702.9202422173576,711.5832127948388,52432158,64.93346062152109,-2.218933503188623,-6.548077510039776,4.329144006851153,713.5663871975041,696.8390808105469,680.1117744235896,696.8390808105469,723.9323791503906,701.3500960361711,717.7662166413404,701.5753803495775,703.7943138527661,697.4691891074337,-0.0033895164149082557,0.009285518318134197,0.01490944511998019,-0.0033895164149082557,0.01936534992253458,0.008907608113577936,0.03267345929658583,42819945.3,1.224479798669897,0,3.0980713460671723,-2.6441133665143752,9.81712579035516,0.01385920937582026,0.009975965963401454,-0.013123320240343607,-0.007314871564155053,0.04151518523995032,0
2024-03-15,706.9840698242188,710.2205419583659,701.9225261192986,705.6943406988961,143613804,63.14067757566783,-1.6231056502745105,-5.563083138086723,3.9399774878122127,714.5723047667291,697.7783843994141,680.9844640320991,697.7783843994141,721.5335070800782,701.8866649683661,717.3433873543944,702.4074864225993,704.0305920728738,699.40488483921,-0.001923734267552768,0.009336614863976623,0.011737203415531614,-0.001923734267552768,-0.004727516094133466,0.004529530273921667,0.03509338355682323,47921388.3,2.9968623425711565,1,3.106623237959525,-2.415408285045828,9.857104368887308,0.013942470261512586,0.007262432968551165,-0.014441225377962193,-0.010619268185866079,0.03817944045033909,0
2024-03-18,703.77197265625,708.6144722431341,698.7834435762417,704.2343003680048,21437856,59.36152963973584,-1.3940276974273047,-4.729272049954839,3.3352443525275346,715.0985192026724,698.4147277832031,681.7309363637339,698.4147277832031,719.3254162597656,702.0662180814978,716.8111750132907,702.6174073816225,704.0114350790498,699.8065064391578,-0.004543379837069539,0.00948224210192523,0.01396905396756153,-0.004543379837069539,-0.009825999499872173,0.012781907403876192,0.010693775808931383,47384494.0,0.4524234446821359,0,3.6566609336747433,-1.9723719192412545,9.818865676416758,0.013951771394585899,0.0024296206409324317,-0.01819056790904377,-0.01583914138019942,0.032330990302538075,0
2024-03-19,705.3779907226562,706.8624060469253,698.6374048635253,698.6374048635253,36183594,61.406260716210255,-1.0705489120082348,-3.997527422365519,2.926978510357284,715.6284474956591,699.1995086669922,682.7705698383253,699.1995086669922,716.9747253417969,702.3816249997034,716.3628148450306,703.0421125110123,704.1126614230205,700.2605767227087,0.0022820148127591366,0.00945218051867469,0.011660416530679684,0.0022820148127591366,-0.004191097141170275,-0.006988509523814024,0.011621435576639971,47471085.9,0.7622238529833167,0,2.835623378235482,-2.0896998203861585,9.931850529404244,0.014080182058457923,0.004266008130486242,-0.015334162933555757,-0.014323713386289072,0.03311129958293929,0
2024-03-20,696.4716186523438,706.4973325344582,693.3568181834665,705.2319615530049,43606094,57.98601473652268,-1.5153909528359009,-3.501100128459595,1.9857091756236942,714.5900343805062,698.6337371826172,682.6774399847283,698.6337371826172,714.5301037597657,701.8187672523359,715.5827679355135,702.0312673019864,703.5466582548223,700.124920668875,-0.012626382148935411,0.009910741267433786,0.018867264650953425,-0.012626382148935411,-0.014869431463270133,-0.020097253556540573,-0.0068014699802438905,46844715.2,0.93086474779123,0,1.2051601305315671,-2.5679171106711465,10.168242417256904,0.014599650789693648,-0.007618987763645227,-0.026707112216111963,-0.02535497957772341,0.020205997532193334,0
2024-03-21,703.6259155273438,706.3026871236781,700.0001304926251,702.0928435492851,28922860,64.67943228498771,-1.2759313657028315,-3.0560663759082427,1.7801350102054112,714.8901311175924,698.7943420410156,682.6985529644388,698.7943420410156,712.41107421875,701.9908766118604,715.1138717626442,702.2765977981952,703.552529163898,700.0431053656298,0.010272201599317743,0.010062256649387076,0.008957254830970008,0.010272201599317743,-0.00020753473366519337,-0.006664568245907776,0.002183674505489286,45996201.4,0.628809752102703,0,0.6407805756892913,-2.6523448786962263,10.41506364884942,0.014801989834390458,0.002329145534447488,-0.01606451320400821,-0.015756568876729715,0.03065388445900957,0
2024-03-22,702.2144775390625,706.0593065998343,699.7323922549797,701.3141208411934,45980326,55.05006464174863,-1.1863733934733318,-2.682127779421261,1.495754385947929,715.0769023020068,699.361328125,683.6457539479932,699.361328125,710.3898681640625,702.0121719382605,714.608013165641,702.2670408352517,703.453414228725,700.6644053760575,-0.0020059494073969564,0.008774354484313773,0.009009945746244773,-0.0020059494073969564,-0.004484848159711841,-0.006746392866167628,-0.002247420582973003,45767173.6,1.0046573205910185,0,0.12550696989444532,-2.7353741887534397,9.728489103037125,0.013854013857889954,0.0002881796197969402,-0.017343124339841014,-0.017987470608457703,0.027161323658980704,1
2024-03-26,693.7218627929688,699.8297331586394,692.1401341445468,694.5978614753975,56844290,47.30228880697107,-1.7801605073012752,-2.501734324997264,0.7215738176959889,714.9773552177753,699.4781311035156,683.9789069892558,699.4781311035156,708.1457604980469,701.2226186863279,713.788948445144,700.9523980595159,702.7325585668171,700.575419703411,-0.012094046787324064,0.009403298893592893,0.011084556255923441,-0.012094046787324064,-0.003948123348795907,-0.014280349678247428,-0.001680972381653656,47117715.5,1.2064313686855213,0,-0.8435993951699174,-3.0222265681467206,10.006593250399053,0.014424503229740903,-0.010696682755914361,-0.028113472050649777,-0.029728902978098295,0.014244526701268505,1
2024-03-27,701.1681518554688,704.6966236214441,691.7021375713913,692.8215385852401,62168668,49.94739728825317,-1.6310856369979092,-2.327604587397393,0.6965189503994837,715.0543816260811,699.9258819580078,684.7973822899346,699.9258819580078,706.1182275390624,701.2174313691032,713.2940152455488,700.9855909512008,702.6166765881987,700.6731617367413,0.010733824983576001,0.009742029946923896,0.018532624471984553,0.010733824983576001,-0.003492997653494645,-0.0059682027544898375,-0.012915003436514083,49050805.4,1.2674341938532165,0,-1.1641936306001526,-3.0687995994817356,10.192575971132758,0.01453656436642283,-7.027708016079597e-05,-0.016999810920754487,-0.01941982334131582,0.0239060048839424,1
2024-03-28,704.6723022460938,710.8045307526719,701.1681292352769,701.1681292352769,55592142,51.79182095611834,-1.2161678511889704,-2.1053172401557085,0.8891493889667381,715.282522292734,700.6011566162109,685.9197909396878,700.6011566162109,704.2367016601562,701.5464666907214,712.9559088534135,701.5527773042612,702.7689451554502,701.2494717304376,0.004997589210736564,0.009829295163655239,0.013675011046524282,0.004997589210736564,0.0035001054316692315,0.01177461273959457,-0.00855927819470359,50226055.0,1.1068387115014309,0,-0.27230056161442917,-2.6268590821000544,10.209961915912004,0.014488950230296357,0.004455635804307083,-0.011618680067665803,-0.014833607303350238,0.027339218891345326,1
2024-04-01,715.67138671875,717.2774734382766,708.4197572494843,709.5878149173326,25199570,57.305439720162724,0.00018949279001390096,-1.684215893566564,1.684405386356578,716.5366273104943,702.0879821777344,687.6393370449745,702.0879821777344,702.2675720214844,702.8916971695813,713.0623981814658,703.7248710603365,703.7246815675464,701.9117445732817,0.015608793530833331,0.010645493251758644,0.012376792412232204,0.015608793530833331,0.03164023667556193,0.01711914090369815,0.010340480974926347,50219934.2,0.501784209824791,0,0.9008205577209765,-2.0514735811783567,10.774864925927195,0.015055603906883012,0.0181815912759109,0.0036588502548134927,-0.001207531560517632,0.04076562838048068,1
2024-04-02,720.3678588867188,727.5221149937069,712.1428585816917,713.0675733041284,41225446,66.52981250663284,1.327821208818932,-1.0818084730894648,2.409629681908397,717.6610310232086,703.9556365966797,690.2502421701508,703.9556365966797,700.3305627441406,704.5560935235944,713.3488868365738,706.2853307259337,704.9575095171148,703.6707321168693,0.006562330498500746,0.0099298145999751,0.02134917073588315,0.006562330498500746,0.02738245737551348,0.025851619310492513,0.018930821264229625,49616421.5,0.8308830978469497,0,2.543921585333919,-1.2591263290671577,11.070357139803994,0.015367644465582492,0.022442166789087337,0.00983946590464503,0.0037717358843504406,0.043632895545067746,1
2024-04-03,721.414306640625,727.9115494819865,716.109420115624,716.450076374618,45584386,58.834948808386244,2.4363339557763766,-0.3781799873162966,2.814513943092673,720.4785154868205,705.2100708007813,689.9416261147421,705.2100708007813,699.7932629394531,706.1616376299783,713.6651778092817,708.6128654820401,706.1765315262637,704.9109291155328,0.0014526574735351794,0.008169050808148524,0.01635971072062735,0.0014526574735351794,0.023758567409513986,0.03991865520305882,0.025068253169826304,50158695.9,0.9088032529968547,0,4.939018943650353,-0.12377063586234271,10.654937924981684,0.014769512923299258,0.02159940189024965,0.010858213448399752,0.0012988467160220938,0.045616439615499806,1
2024-04-04,743.461181640625,744.6292393883092,731.9754091764817,731.9754091764817,88935066,69.39956787191399,5.035787430392247,0.7046134962254123,4.331173934166835,730.0014956988846,707.5193969726563,685.037298246428,707.5193969726563,700.1967260742188,709.7139751548017,714.8336485477657,713.9741448910531,708.9383574606609,708.1464148196958,0.030560629026979758,0.011330093638922978,0.01702016261817979,0.030560629026979758,0.03883038422045515,0.06031795607549806,0.05398976352941309,52824625.5,1.6835910365327627,1,8.496543785698464,1.5396333022168847,11.56573717096214,0.015556612041854793,0.04755043252242909,0.040047825324140925,0.018437888170152943,0.08528569691570313,0
2024-04-05,754.1439208984375,756.5529915753328,744.7022055513205,749.0093625181328,59055902,74.73716345548378,7.867192715339797,2.1371293400482894,5.7300633752915076,740.58390990129,710.1645385742188,679.7451672471476,710.1645385742188,700.964716796875,713.9453985589575,716.3752278556353,720.1541104306508,712.286917715311,710.8798335427266,0.014368926746435529,0.011518756907841371,0.01571422336719772,0.014368926746435529,0.046887241837687554,0.07020514144611112,0.08280639253856226,53877837.0,1.0961075144868937,0,12.398931868236104,3.4193190022218687,11.746505247961181,0.01557594634452157,0.05630475722739792,0.0527219417620808,0.018309891446270935,0.10945094902637145,0
2024-04-08,752.7081909179688,757.8914061879058,750.2504634550537,756.7720051664586,20482940,74.67822356215214,9.881344404929678,3.6859723530245674,6.19537205190511,748.2719699218998,712.6953094482421,677.1186489745845,712.6953094482421,702.1254626464844,717.6370930693396,717.8000499365112,725.1624305056228,715.2810861006931,712.0542741768243,-0.0019037877793383062,0.011517896300333362,0.01015126821395888,-0.0019037877793383062,0.04337851909683965,0.051751131715670695,0.06975620753513545,52781507.5,0.3880703862048654,0,14.74539589975825,4.737651755045363,11.699571454660097,0.015543302963651598,0.048870241222662834,0.04863212392440647,0.00592862110888907,0.11163411620379321,0
2024-04-09,753.6572265625,756.7233110790663,749.6420692068525,756.7233110790663,21884494,77.5982511517843,11.422482111665886,5.233274304752831,6.189207806913055,754.8884140179434,715.1883605957031,675.4883071734628,715.1883605957031,703.0272912597657,721.06758197345,719.2062137257657,729.5462452836039,718.123763171938,713.3274661781527,0.0012608281083985595,0.011267231516083623,0.009395838880908773,0.0012608281083985595,0.013714293595497473,0.046211622666269214,0.07325788725365023,51408329.9,0.4256993767852396,0,16.51148844985562,5.8573268891918815,11.503158112183055,0.015263116582388546,0.045196380205940134,0.04790143936363506,-0.0016309529098351848,0.11572209105458839,0
2024-04-10,747.7196655273438,754.3142814277871,746.0649220391629,754.3142814277871,27807400,72.35353937645726,12.026103855031693,6.591840214808603,5.434263640223089,758.8514302396959,717.8298461914062,676.8082621431165,717.8298461914062,704.0147766113281,723.6058756452495,720.3243883062197,732.3421560903331,720.3160522353014,715.1419670859174,-0.00787833092537038,0.01176918062275221,0.011032690149731786,-0.00787833092537038,-0.008518606585650512,0.03646359469805027,0.07783782756532487,50272145.2,0.5531373266323236,0,17.444238015271253,6.659210496938044,11.504897983984781,0.015386646245114778,0.033324480485446076,0.03803186129174616,-0.01466922808439064,0.10477325315102679,0
2024-04-12,739.2512817382812,744.5561681914903,736.5745101656407,740.2490112702176,41084208,72.68969750177723,11.686436669595082,7.6107595057659,4.075677163829182,761.2130623228684,719.2752990722656,677.3375358216629,719.2752990722656,704.640654296875,725.0959143207764,721.0666194212025,733.4050984977098,721.7186618281147,716.7878965555158,-0.011325613300661286,0.011630129970344245,0.010796948511311945,-0.011325613300661286,-0.01787798956096931,-0.00566256854601821,0.05431383296864656,49055432.9,0.8375057678881477,0,15.3819391659747,6.232970873436784,11.362372341892735,0.015370108409112479,0.01952206203060006,0.025219115442724965,-0.028851029588969464,0.09140752230940843,0
2024-04-15,727.4490966796875,734.8954117012732,726.1594270943376,728.8361984614614,23415248,62.041761250924765,10.345652041919607,8.157738012996642,2.1879140289229646,761.9982405234562,720.1099609375,678.2216813515438,720.1099609375,705.1312316894531,725.320026926387,721.3169126470256,732.4887905257063,722.1431384837867,717.4983975962635,-0.015965051870917235,0.012666582703230464,0.01200906654061361,-0.015965051870917235,-0.034774601714296804,-0.03539751959672044,0.032322533979261436,47072822.6,0.49742604557560566,0,11.374628367429409,4.94168479139023,11.595285639936256,0.01593965226276434,0.0029353522228286986,0.008501372871126213,-0.04534018847607189,0.07258307524177715,0
2024-04-16,734.5304565429688,736.3068713842836,721.3899415012858,723.7016987771374,20744886,65.4490439633867,9.742175390618854,8.474625488521085,1.2675499020977696,763.3960346968775,721.4191467285157,679.4422587601539,721.4191467285157,705.5857958984375,726.1972106993948,721.8350908390235,732.8028929899006,723.0607175992817,718.3334327752547,0.009734509116311907,0.012736957178939518,0.020308116225981422,0.009734509116311907,-0.017639243144786154,-0.024149776227134212,0.026351577238101997,45488459.0,0.4560472360692632,0,8.560117630055174,4.035040902512264,12.208858178375058,0.016621309667451293,0.011475182940386549,0.017587626128273796,-0.037812061946811644,0.08107855682003029,0
2024-04-18,727.4490966796875,739.2025682918519,725.6727413912242,734.7980983246009,34234884,66.34425006640193,8.593449302749718,8.49839025136681,0.09505905138290771,763.9326095272478,722.4423980712891,680.9521866153303,722.4423980712891,705.8617456054687,726.3164379356132,722.0552479308143,731.9792320190985,723.3857827163488,721.0111546568386,-0.009640662004145262,0.01252405543519755,0.018599001582904083,-0.009640662004145262,-0.015965051870917235,-0.034774601714296804,0.009830030179181382,40019513.0,0.855454787768157,0,5.248855962163134,2.8490342050486106,12.455678428811625,0.01712240552041835,0.0015594562988187912,0.007470133018671775,-0.0477575016337341,0.06828219510604679,0
2024-04-19,745.2619018554688,747.0382572891224,720.4165709168466,723.4827148610226,34576434,69.41699976563021,9.016483700319213,8.60200894115729,0.4144747591619229,766.2249098613004,724.51689453125,682.8088792011997,724.51689453125,706.6905712890625,728.1207678327422,722.9653127906047,734.0227196862324,725.0062359859132,722.170594823278,0.024486668905198572,0.013628389343194328,0.03572124954461799,0.024486668905198572,0.024486668905198572,-0.0032870122121793077,0.03305672620479849,40676441.9,0.8500358533080054,0,4.5148921874927055,2.640924484384982,13.42904988039898,0.0180192357169538,0.02354160845287694,0.03084046865097927,-0.027358818195595186,0.09146486602126673,0
2024-04-22,735.9661254882812,757.9643557818745,734.0680986992392,757.9643557818745,42298438,63.11166439409205,8.503625541484553,8.582332261222744,-0.07870671973819121,767.0364377705212,726.0463012695312,685.0561647685413,726.0463012695312,707.3461352539063,728.8679447523174,723.4751485826704,734.3217051942399,725.8180796527554,724.0469519754353,-0.012473167277226915,0.014355029590419012,0.03246923500287625,-0.012473167277226915,0.001954539709720704,-0.004443896589905516,-0.0100813012668719,40982184.1,1.0321177099001904,0,3.7720304315409976,2.408529161467868,14.447610992201858,0.019630809750403256,0.009738637550284856,0.017265246677900976,-0.04050695736508857,0.07431501727590586,0
2024-04-23,733.7273559570312,742.9257276507318,731.6102850251966,742.8284142738174,26827060,58.16454330233613,7.826314878463336,8.431128784670863,-0.6048139062075268,766.5596028868514,727.9090881347656,689.2585733826799,727.9090881347656,707.9642248535156,729.330745819433,723.8771959306846,734.230266850054,726.4039519715907,725.821871578369,-0.0030419464343751645,0.013975628534358644,0.015421862812755534,-0.0030419464343751645,0.008630513538335105,0.008630513538335105,-0.027072504830488175,40143232.4,0.6682835037469479,0,4.0107188930460325,2.5602832836590323,14.355487523155594,0.019565152377930807,0.006028280259402045,0.013607501495723132,-0.042830651140725935,0.06451683633924435,0
2024-04-24,735.7228393554688,740.6140550056098,734.4331696198528,737.3289261268269,22441580,57.117056765356885,7.3656534633965975,8.21803372041601,-0.8523802570194121,766.5508078177598,729.5139343261719,692.477060834584,729.5139343261719,708.7599572753907,729.9395166323887,724.3417309669506,734.4598933893486,727.094239925952,726.9523004403692,0.002719652446152354,0.013914009544746926,0.00840110576310464,0.002719652446152354,-0.012799611084708284,0.00162332657805897,-0.022565652622678956,39819168.4,0.5635873601016741,0,3.742305932993986,2.5066401279271986,13.748876282910121,0.01868757573837839,0.007923016347658013,0.015712346675546413,-0.040216471169149365,0.062450846341053204,0
2024-04-25,735.260498046875,739.616311752735,733.0704121681982,733.0704121681982,35445204,56.45266991533957,6.88391540175121,7.951210056683051,-1.0672946549318407,765.9554598502826,731.1662353515625,696.3770108528423,731.1662353515625,709.8082788085937,730.4462767671017,724.7699179112615,734.5830633366604,727.6991479349092,728.7804405192271,-0.0006284177734631191,0.013926778586119366,0.00890283049602841,-0.0006284177734631191,-0.0009587770645531624,0.01073807281202388,-0.024409941107490174,39292412.3,0.9020877549938567,0,4.1298388314885415,2.7146699804471837,13.373431298493992,0.018188698201547334,0.006590794467569396,0.014474359208846137,-0.040074081865553154,0.055836833479630046,0
2024-04-26,734.7981567382812,743.6558134751455,732.729742335618,739.6650141563123,24854694,44.9460726888168,6.391154190354769,7.639198883417395,-1.248044693062626,763.2222425695674,733.2200500488282,703.217857528089,733.2200500488282,710.8420007324219,730.8607415262618,725.1631821789878,734.6161546292175,728.2250004388627,731.5832668367509,-0.0006288129306849521,0.01112416176848053,0.014869486319927062,-0.0006288129306849521,0.0014593987433564326,-0.014040359625436483,-0.017281221004063596,37692932.5,0.6593993184266043,0,2.7399736935195733,2.197869388383083,12.49565546933994,0.017005561805989416,0.005387367234689507,0.01328662954225293,-0.03724221366451498,0.04490827255326183,0
2024-04-29,744.3858642578125,746.7949349875348,733.216449914726,737.3289207914913,36093350,44.23356590086736,6.697085417281983,7.450776190190313,-0.75369077290833,761.6571509981707,735.3809356689453,709.10472033972,735.3809356689453,712.1998547363281,732.1488484530762,725.9170128487457,736.1191868797706,729.4221014624886,734.8405578893341,0.013048083247909181,0.01099060042084497,0.018241191463713766,0.013048083247909181,0.011774848406137517,0.011440389004242713,0.006945652508654199,36389166.6,0.9918707508954052,0,3.280903700758813,2.4418642660752994,12.530417979204296,0.016833229351685377,0.016713836032920537,0.025442097487960433,-0.02267593328274239,0.04975449028345199,0
2024-04-30,739.8109741210938,749.2526892649995,737.2802320622603,744.2398024289921,52307382,42.65115852029915,6.495506562318269,7.259722264615904,-0.7642157022976352,759.1161185491512,737.1378692626953,715.1596199762394,737.1378692626953,713.4228955078125,732.8785747071731,726.4618740751123,736.6871541476665,730.1916475853483,737.613380429042,-0.006145858426906181,0.011079292879248774,0.01618313004475587,-0.006145858426906181,0.006188930435276241,0.008291387958579532,0.016993460432942697,36224928.6,1.4439609413060375,0,3.5478288877401383,2.5846781444276985,12.839811869910518,0.0173555304247337,0.009459137779666312,0.018375499833321235,-0.02543108222356565,0.034469723200637944,0
2024-05-02,745.7241821289062,748.0359392606487,739.9326102747762,740.7356535814621,33475006,45.72177358035956,6.735260445094468,7.154829900711617,-0.41956945561714853,758.4406298105716,738.6405090332031,718.8403882558346,738.6405090332031,714.8654309082032,734.1019658901954,727.2172587046729,738.0774661447804,731.3422056996859,738.7501985247281,0.007992863332201061,0.011336346709039461,0.010866388914382507,0.007992863332201061,0.014869424059424485,0.013593900091777966,0.015239294009155469,36638700.4,0.9136515660910287,0,4.1624492578066565,2.875527737722223,12.92150638900631,0.01732746060630322,0.015831882733916097,0.02544896068225623,-0.016766569698199646,0.0373988361147896,0
2024-05-03,739.567626953125,749.7880273318675,733.5327119903678,746.2108990812835,31865242,45.61403163106677,6.355225490852831,6.994909018739859,-0.6396835278870281,757.434533304485,739.6004974365235,721.766461568562,739.6004974365235,715.8928234863281,734.6225050390459,727.7015868712788,738.3067216537564,731.9514961629036,739.9155603656582,-0.0082558073391229,0.01135517623939658,0.021979484700362595,-0.0082558073391229,-0.006472768406868501,0.005857963154135559,0.01665893920103878,36170690.2,0.8809685915255219,0,4.176228271944183,2.931668960017305,13.493360385640269,0.018244931083895997,0.006731514322197708,0.016306189646863,-0.023588713698346173,0.02466333133002192,0
2024-05-06,741.0520629882812,746.819277196089,738.3752913854279,740.7357053714223,28793396,51.04758442030632,6.103469635025249,6.816621141996938,-0.7131515069716894,756.2287293773007,740.5823852539063,724.9360411305119,740.5823852539063,716.8929626464844,735.2348438913541,728.2251349542985,738.729081859068,732.6256122240427,741.1717268514968,0.002007167405733812,0.010949409445327926,0.011394591867959878,0.002007167405733812,0.001677575638374229,0.008511053263607238,-0.005648804610441371,35331140.7,0.8149580067195509,0,4.3741023650923125,3.061952775310715,13.300419703422993,0.017948023314029046,0.007912055780896531,0.017613959500021585,-0.020068883658408965,0.02223095686156952,0
2024-05-07,733.021728515625,741.7334150168236,732.0483570497901,740.7113274497933,28480602,53.39061225763038,5.196073326970918,6.492511578991735,-1.2964382520208169,755.9962401809549,740.0604125976563,724.1245850143576,740.0604125976563,717.7597497558594,735.0240709984275,728.4132366625859,737.8510274985382,732.6549541715673,741.0844479944782,-0.01083639716253415,0.010439860446014722,0.013212511430794683,-0.01083639716253415,-0.017033715571644792,-0.015266458281711248,-0.004000723498928438,32308417.5,0.8815226558218149,0,2.8752225453513347,2.4962238138401744,13.057077083643703,0.017812673998197012,-0.0027241862706382258,0.0063267546786411255,-0.03038971683223024,0.012286757949380965,0
2024-05-08,721.5845947265625,728.5441648774708,720.465193806477,728.0574791574124,41687862,42.519708920909686,3.5135718337612616,5.89672362994564,-2.3831517961843787,754.9521028901913,738.4324462890625,721.9127896879336,738.4324462890625,718.0357006835937,733.7441208772975,728.1454467827418,735.3484993797726,731.8349275460114,738.9143604888882,-0.015602721371197004,0.01091888836375923,0.011196152370818372,-0.015602721371197004,-0.024315602212943155,-0.024636535590979114,-0.016549418706939822,31440015.5,1.3259491554639977,0,0.8655461701243894,1.683572707629537,12.888477428368715,0.017861353363915256,-0.016571889034281518,-0.009010359242329923,-0.04419817897835854,-0.0004546185717432065,0
2024-05-09,704.4776000976562,723.5800151607533,703.4069152466064,717.83709973452,46281278,38.10491530127008,0.7906714133139303,4.8755131866192984,-4.084841773305368,757.1923757295192,736.0209167480468,714.8494577665745,736.0209167480468,718.1169763183593,730.9568331839984,727.2172959323462,730.5991302594471,729.8084588461331,736.444531102754,-0.023707538594818223,0.012312274772081008,0.028635544851036313,-0.023707538594818223,-0.04935478182617703,-0.05531077443874566,-0.04246876348868678,32729932.4,1.414035245609001,0,-3.145132706197046,3.7227673374218284e-05,13.362996929334372,0.018968661214326707,-0.03622544025069218,-0.03126946507169639,-0.06961873537233486,-0.01450914952264679,1
2024-05-10,709.361572265625,716.2928456267198,703.8856031439476,709.9042250216206,27276608,28.536198915043357,-0.962061009971535,3.7079983473011318,-4.670059357272667,756.4273708324282,733.8061340332031,711.184897233978,733.8061340332031,718.4867126464844,728.9001416679628,726.5170714748277,727.3318136450129,728.2938746549844,734.7850122156964,0.006932757219380248,0.010073761694510873,0.017490716959962703,0.006932757219380248,-0.03227756467453158,-0.04084285680802857,-0.035224149604184074,32999538.1,0.8265754483393815,0,-5.722363371083134,-1.1845153964510473,12.347679508655542,0.017406749944486526,-0.02680555028789967,-0.023613346310468814,-0.06222117334941033,-0.002563784713995523,0
2024-05-13,717.9208984375,720.1655815796556,705.6122976051453,706.4509373389452,27047202,39.11541409603078,-1.6415255101171624,2.638093575817473,-4.279619085934636,755.0041368686924,732.316195678711,709.6282544887296,732.316195678711,719.0174145507813,727.8544994555377,726.1799666498346,725.8839805361647,727.5255060462819,733.3404066962535,0.012066238863965184,0.010512608416011647,0.020271431025596916,0.012066238863965184,-0.005077292830026114,-0.0312139533860889,-0.02296856374231837,32961528.2,0.8205688108841993,0,-7.380344435816369,-2.045168304463914,11.680324286646615,0.01626965353992055,-0.013647784035776982,-0.011373307708331629,-0.049116602969874565,0.011685898773499495,0
2024-05-14,720.7328491210938,722.9775322143812,715.4789152317669,716.4408878596623,25665142,42.21575145628796,-1.9308474940457927,1.7243053618448196,-3.6551528558906123,754.3958092620268,731.3902740478516,708.3847388336764,731.3902740478516,719.5878088378906,727.1762470427335,725.966354197727,725.0914987799999,727.0223462740457,732.3647267036706,0.003916797365439262,0.010609364420053051,0.010404155980622462,0.003916797365439262,0.023074188620311187,-0.01676468638851447,-0.03177520728486949,32190574.9,0.7972874693828472,0,-7.847823955694025,-2.446882464858845,11.407693883580837,0.015827908908955773,-0.00886084762510278,-0.007209018773902911,-0.044622411375618815,0.017431361251158527,0
2024-05-15,709.6575927734375,720.116199874965,708.3256213801538,720.116199874965,38931996,35.91774875501309,-3.019016534896423,0.7756409824965712,-3.794657517392994,755.442353993651,730.500698852539,705.5590437114271,730.500698852539,719.9576245117188,725.507803778991,725.3267949261863,722.7170517020672,725.7360682369637,731.3052436609775,-0.01536665958983563,0.011178259305029225,0.016614461135731635,-0.01536665958983563,0.00041730553132035553,-0.016528903250276006,-0.04075822392804984,32966412.3,1.1809594458053903,0,-8.236317098306472,-2.8186518565555616,11.80201736160665,0.016630579989263237,-0.021847057913083376,-0.02160295505744188,-0.060606558499364,0.0058089384560234235,1
2024-05-16,720.3875122070312,721.5221990437014,708.1775543730138,713.3822271543565,34945236,42.76704432459387,-2.981217890889866,0.024269207819283767,-3.0054870987091498,755.0540709409642,729.7935516357422,704.5330323305203,729.7935516357422,720.6466772460938,725.020156962614,725.1330975646507,722.3586610105232,725.339878901413,730.5645826447903,0.015119854339414207,0.012134203010652106,0.018524258742081818,0.015119854339414207,0.0034357737390005028,0.022583985789143002,-0.03397592639351377,33676429.8,1.037676386942894,0,-5.936676221384346,-2.084198367695535,12.28764201061743,0.01705698919318038,-0.006389677184963623,-0.006544433530282155,-0.04591268369791148,0.02250352949962616,1
2024-05-17,722.286865234375,724.210870736283,713.4562165510583,713.4562165510583,20920190,43.9994402970875,-2.7661142343913525,-0.5338074806228434,-2.2323067537685093,755.0014841592517,729.5354400634766,704.0693959677014,729.5354400634766,721.432119140625,724.7598434646865,725.0214806105223,722.3476155065003,725.1137297408917,730.2184357032932,0.0026365712830374033,0.012181252106674067,0.014889726925513058,0.0026365712830374033,0.0021561610729639025,0.018221022217862703,-0.023366033191505986,33010695.1,0.6337397602996854,0,-4.140298203276302,-1.4955908643054272,12.275397942452944,0.016995183677429464,-0.003412134726573001,-0.003771771525782316,-0.04333053591451784,0.025874536474681922,1
2024-05-21,719.6721801757812,725.0494465734148,715.3801590157026,715.3801590157026,43769978,37.29739497290443,-2.7746419243227365,-0.9819743693628221,-1.7926675549599143,752.9549322720319,728.2559539794922,703.5569756869526,728.2559539794922,721.8990502929687,724.2753041038383,724.8117041228854,721.9360100710052,724.7106519953279,729.1726688815704,-0.003620009146567127,0.011480495416670573,0.013435683390388201,-0.003620009146567127,0.014111858316354198,0.002439379800884378,-0.028850716272600274,33470372.3,1.3077230694562665,0,-3.579195351699468,-1.3682625269491382,11.996169548517473,0.016668936050282485,-0.0063554892759357055,-0.007090840169756447,-0.04420284756727785,0.022905329697134772,1
2024-05-22,719.8695068359375,723.0268413842214,714.4182283327197,719.203521164468,39996278,39.26729260794926,-2.7339621538084202,-1.3323719262519418,-1.4015902275564784,752.1412807095961,727.451123046875,702.7609653841538,727.451123046875,722.350947265625,723.8557043640382,724.6178924645737,721.6180864963794,724.3520486501878,727.7134840178661,0.0002741896457745252,0.011445263250221835,0.01195857439404455,0.0002741896457745252,-0.0007190648953737666,-0.0011978672627577236,-0.017942471782277036,33355264.3,1.1990994177191994,0,-3.3205426786953467,-1.3484617331532718,11.755894966286226,0.016330591662310073,-0.005506895233495239,-0.006552951118121044,-0.042906531926039625,0.02434475204870205,1
2024-05-23,736.3468017578125,737.8514873644924,718.808897899437,719.5982164877166,40861920,45.46831189685004,-1.35650618993634,-1.3371987789888213,-0.019307410947518644,752.4396574863758,727.5820953369141,702.7245331874524,727.5820953369141,723.0530615234375,725.0453326872548,725.0778496917595,723.884042690446,725.2405488803823,727.5809609939772,0.022889280300673054,0.013018854214595902,0.02586089790788355,0.022889280300673054,0.0194658621112751,0.03760857243853333,0.020458040733039695,34057007.3,1.1998094735705096,0,-0.4624710917362336,-0.248945234426742,12.528582418107687,0.017014513254079957,0.015587258563089774,0.015541713308224158,-0.021387569844901116,0.047845588110969436,0
2024-05-24,748.4827880859375,749.814819731989,733.0908640200075,733.8308615274302,31060206,54.07293392001695,0.7062688300412674,-0.9285052571828037,1.6347740872240712,754.5677434654777,728.2200927734375,701.8724420813973,728.2200927734375,723.9808618164062,727.2774712966532,725.9956904130999,727.6684650589832,726.9621962289419,728.0071813974466,0.01648134588098138,0.013598494953189284,0.022343808004922777,0.01648134588098138,0.04003296042806492,0.03900022613222642,0.06246499247411297,34487938.6,0.9006106848032952,0,2.2573143340391653,0.8625928484491396,12.56205673028496,0.016783360860453934,0.02915712039241041,0.030974147601402748,-0.00806416048424503,0.06640857114480464,0
2024-05-27,753.6627807617188,762.1974428837648,749.3955099218479,751.5168000055969,29385440,55.57308227210983,2.727573246267866,-0.19728955649266977,2.924862802760536,757.71430145541,729.1402069091797,700.5661123629494,729.1402069091797,724.978193359375,729.7903579123738,727.0806743483398,731.6675905517118,728.9400173054439,728.757536865876,0.006920657038791633,0.01369118505993029,0.016986287884586983,0.006920657038791633,0.04694361075844666,0.04343968724554137,0.06245222496984204,34184950.4,0.8596016567571209,0,5.030514447687324,2.059193737817509,12.93853308651111,0.01716753622015708,0.0327113431830396,0.03656005083232843,-0.005347029462040164,0.0757910887520363,1
2024-05-28,755.0440673828125,757.7820820455768,752.2321011517142,754.846722684579,27908904,60.34005066657496,4.39032095814207,0.7202325464342781,3.6700884117077917,760.9208300465326,730.1525024414062,699.3841748362798,730.1525024414062,726.1812756347656,732.1954731000346,728.1772779967505,735.2639716026504,730.8736506445083,729.5242669445713,0.0018327648072227198,0.013239018914050382,0.007350539039529544,0.0018327648072227198,0.025391928885093007,0.04914999937664888,0.05170927469322639,34337660.9,0.8127782518814496,0,7.920168996196367,3.36557387386506,12.643170438427465,0.01674494375176289,0.03120559348180541,0.03689594580590841,-0.007723224850291893,0.07958414638072443,0
2024-05-29,744.0921630859375,751.763434227272,740.6141508121484,748.8774560751649,35147706,60.61625182088797,4.769355193527645,1.5300570758529515,3.239298117674693,760.8778090256112,730.1378173828125,699.3978257400138,730.1378173828125,726.8562744140625,733.3284911939302,728.801391137503,736.6221549077715,731.8527997142438,729.7140400356959,-0.014504986887503457,0.013128269147618325,0.014983739875561525,-0.014504986887503457,-0.005866033354257838,0.033648676628166285,0.03241050271724055,34290378.7,1.0250019781787945,0,9.472786829892016,4.183498672929204,12.77698342853576,0.017171237734243016,0.014677831314699116,0.020980711802112414,-0.02206089563995775,0.06390402672275089,1
2024-05-30,747.3234252929688,751.6400771573121,738.8381451452329,739.6027730570852,33755350,73.25303918645864,5.2697322184671975,2.2779921043758007,2.991740114091397,761.9273221267165,730.5134399414062,699.0995577560959,730.5134399414062,727.5876257324219,734.6613420605054,729.5277454181095,738.2685041978018,732.9987719793346,729.5624698732671,0.004342556429610012,0.010789829886383471,0.01713037699448606,0.004342556429610012,-0.008411395163156254,0.014906866586441136,0.05307606499682205,33362777.1,1.011766793238564,0,9.616009373250563,4.449895726349951,12.250471435530926,0.016392462782400332,0.017235265431212177,0.02439342435791822,-0.01916704705244703,0.06897997145307497,1
2024-05-31,755.5620727539062,757.7573743920395,746.9040786650703,749.370736784836,74079588,74.19274833435928,6.25892561416731,3.074178806334103,3.1847468078332075,763.703894217401,731.0053344726563,698.3067747279116,731.0053344726563,728.5319323730469,736.6518878408292,730.548699431278,740.9290532064332,734.6701275922659,731.3485160427939,0.011024206096186262,0.010921806934305327,0.014364532205025407,0.011024206096186262,0.000686059785741211,0.009458179641073983,0.048827276918101514,35393006.2,2.093057243608767,1,9.374416544176029,4.553009018178159,12.13947523868786,0.016066813934216363,0.02567044926539716,0.03423915933612749,-0.010660966279133557,0.08199161185039858,1
2024-06-03,775.615966796875,788.8372786068238,764.6640286682782,788.8372786068238,72637256,76.96566518707851,8.562348732583246,4.171812791583932,4.390535940999314,771.0053033790396,732.8077514648437,694.6101995506478,732.8077514648437,729.9045703125,740.3627525033097,732.3160432495367,746.2655014511165,737.7031527185333,735.3078064624593,0.026541689645531497,0.012285835892954082,0.031166519222619753,0.026541689645531497,0.042365455886808956,0.02912865885849958,0.07383368593473616,37431606.9,1.9405326678615018,1,10.572394590935914,5.235368901196921,13.476755372859802,0.017375551754711636,0.047616137054933345,0.059127372596128984,0.005980067060017041,0.11662046900352285,0
2024-06-04,731.6848754882812,769.1040704644005,717.3042453208712,768.1174071283333,89531240,53.6975630101103,6.764973820883711,4.690444997443888,2.074528823439823,770.3405183501874,732.3393920898437,694.3382658295001,732.3393920898437,730.4628283691407,739.536288025688,732.2912915726248,744.0223282260649,737.2573544051812,735.5155402481377,-0.056640261661991764,0.02070318375183023,0.07079526566537436,-0.056640261661991764,-0.020926080028278005,-0.03093752127011673,0.016691898955390805,40468499.1,2.2123686815951125,1,7.340814925653376,4.11401357587431,17.106262836673334,0.023379276256404333,-0.010616669749049608,-0.0008281077370744741,-0.050179942429477334,0.05378734184290502,1
2024-06-05,765.5520629882812,769.4000136473305,731.2901444599279,737.062160780223,81631650,66.35394853812281,7.981336367889753,5.348623271533061,2.6327130963566923,774.7712525764642,733.9659088134765,693.1605650504888,733.9659088134765,731.6663098144531,742.0139808792683,733.5956355497094,747.3345951125598,739.35325874467,737.3959714077816,0.04628657586696616,0.023285777962537484,0.04978089803408447,0.04628657586696616,0.013221931849971114,0.028840378876380246,0.0634594960871917,43126051.5,1.8928616731814643,1,8.685489685338098,4.794244412206467,18.942165797134958,0.024743145127446305,0.03172188491801856,0.04356136526715531,-0.011899240656548649,0.1044368384293754,0
2024-06-06,769.4493408203125,772.2859977724349,762.9867083301413,772.0147015010076,46422870,64.95266029815697,9.154265525302662,6.1097517222869815,3.044513803015681,779.6460389701654,736.3591461181641,693.0722532661628,736.3591461181641,733.1258642578125,744.6268723022249,735.0016632073801,750.7368636829833,741.5825981576806,739.7134966625601,0.005090807040371015,0.02312690926744359,0.012085642223540903,0.005090807040371015,-0.007950617625922973,0.029606880740651098,0.04495509314833357,43362801.9,1.0705689661626778,0,9.965530241719534,5.473917789270672,18.653211852249676,0.024242287130122726,0.033335445498148486,0.04686748253413539,-0.013078624965916181,0.11020075784915083,0
2024-06-07,776.1832885742188,781.6099363682906,765.675361251112,770.115345809898,36712216,65.9559043815544,10.506086019025474,6.9890185816346815,3.517067437390793,783.9845575756432,739.9444305419922,695.9043035083413,739.9444305419922,734.57701171875,747.6322452805101,736.6166289080405,754.6516982816349,744.1456122626095,742.7790560403733,0.008751645360729254,0.02313722868218525,0.020529397310845278,0.008751645360729254,0.060816363132068396,0.02729255022707977,0.037008867711064486,42884348.8,0.8560749324005126,0,10.980357439680915,6.067929476762515,19.023206204532098,0.02450865212452084,0.038188619436814605,0.053714046239808334,-0.009950794216596186,0.11535923066024727,0
2024-06-10,770.23876953125,779.784725413951,768.4134061980604,776.5040577255814,22454058,64.68067416598416,10.971270516160985,7.785468968539942,3.1858015476210424,786.5408354285303,742.9882904052735,699.4357453820166,742.9882904052735,735.9374975585938,749.7852475901044,737.9351442265978,757.0497092431142,746.0784387269532,744.6230207393279,-0.007658653736140497,0.02328312535562483,0.014763369056079745,-0.007658653736140497,0.006121995837454319,-0.006932808884571595,0.02199390654899802,42643221.3,0.526556327488327,0,9.422495086794697,5.619100977061066,19.14477989440198,0.024855643018402027,0.02727917361255847,0.04377569703433548,-0.020726280395090273,0.10122877564766478,1
2024-06-11,771.9653930664062,775.0240252200629,765.7493660748642,767.6240504407497,29545326,64.99154294305582,11.34843893106688,8.49806296104533,2.8503759700215507,789.4004990958159,745.6905151367188,701.9805311776216,745.6905151367188,737.5023681640625,751.8976423973712,739.2696637889433,759.3444298313129,747.995990900246,746.48152528188,0.0022416731063887863,0.02325757275129526,0.012014345757596525,0.0022416731063887863,0.0032699387894872256,0.05505172913577616,0.022411043824564603,42768127.5,0.6908258024623594,0,12.361354371683205,6.978372216318462,19.19235461538034,0.024861677463473248,0.026689471461900673,0.04422706744097835,-0.022086515082496073,0.09969630036801748,1
2024-06-12,776.5780029296875,783.5586575880445,772.7546827700062,776.9973227739393,39280436,62.425763777247596,11.88257179302343,9.17496472744095,2.707607065582481,792.6127019554195,748.4827728271484,704.3528436988773,748.4827728271484,739.0105651855469,754.2481529242585,740.7327359121097,761.9957487695244,750.113176976501,748.6796606913585,0.00597515109447988,0.022703909702354853,0.013912285407621247,0.00597515109447988,0.0005085324063003327,0.014402599737459054,0.043658355047072384,43448892.2,0.9040607023808077,0,12.23417204499026,7.137100362400247,18.660259976564834,0.024028828921457825,0.02960544208010984,0.048391633418819226,-0.020230181759860202,0.10254116225544428,1
2024-06-13,779.8340454101562,782.2760131134276,776.5040566032491,780.3273770852536,24120192,60.24508796878958,12.425379312451014,9.825047644442963,2.6003316680080513,794.2431267903161,751.9915954589844,709.7400641276528,751.9915954589844,740.5138000488281,756.6849045895822,742.2661205983077,764.7401020988524,752.3147227864014,751.1909729006521,0.0041928080220983155,0.022422082877626846,0.007401519007986763,0.0041928080220983155,0.012457534284785021,0.013496281092102214,0.043502744617489375,42708302.0,0.5647658855648253,0,12.058032287357264,7.264457390927532,17.87797431929319,0.022925357548207854,0.03059284079828436,0.050612474110453456,-0.018141902515907932,0.09876007404014392,1
2024-06-14,787.8013305664062,788.8373149959045,778.329326673916,781.4373401835603,25540554,60.956340435067744,13.344623001817922,10.528962715917956,2.815660285899966,797.753818374523,755.3622863769531,712.9707543793832,755.3622863769531,741.9563989257813,759.648373730232,744.0518151068607,768.287983401553,754.9433603997351,753.6397971951449,0.010216641865205434,0.0224817042605885,0.013338373412537465,0.010216641865205434,0.02051379199408987,0.014968168167506901,0.04266923787610577,42238067.9,0.6046809257579702,0,12.016128449721919,7.4351861988201335,17.64892671387614,0.02240276327178462,0.037060510901813566,0.058799017180358994,-0.012475637946046588,0.10495602481221067,1
2024-06-18,793.1785888671875,794.5105601294592,784.1259056214269,787.8012622589033,32415714,61.93273317871101,14.341707773870553,11.291511727508475,3.0501960463620783,801.5084708867073,758.9068725585937,716.3052742304801,758.9068725585937,743.4126135253906,762.8417275527992,745.9783552543245,772.1173073193429,757.7755995454723,755.8614740405415,0.0068256527275920575,0.022494415573085885,0.013092454402814407,0.0068256527275920575,0.02137658532030695,0.0297827378254385,0.02264345091146369,42812844.1,0.7571492780130438,0,13.056479962694766,8.04321102772667,17.994260543459696,0.02268626611461989,0.03976822480819077,0.06327292646013996,-0.010392756061959604,0.10731920788841275,1
2024-06-19,817.869873046875,823.8145435842582,791.3039754417663,795.941305047812,90131196,71.25804316277525,16.92913637287404,12.419036656581588,4.510099716292453,809.8736827376524,763.8167572021484,717.7598316666445,763.8167572021484,745.3417248535156,768.0825033141397,748.7976304618754,779.156163585117,762.227027212243,763.104319515489,0.031129539458385258,0.022945450511192306,0.03975029428749803,0.031129539458385258,0.048774258908783175,0.05946442728232504,0.11778977596206186,45130905.0,1.9971058856453243,1,16.184860916768457,9.527966672932166,19.285735655733113,0.023580445118838337,0.0648203409372192,0.09224420561052556,0.009873379614204406,0.1394756810892777,1
2024-06-20,823.5431518554688,829.5124525875813,814.983860042712,823.7651872236406,41408742,71.65690636632412,19.21596864032449,13.778423053330169,5.437545586994322,817.5029885373492,769.000439453125,720.4978903689007,769.000439453125,746.9433642578125,773.3644698418852,751.7288273792714,785.984931011325,766.7689623710005,767.7797822928617,0.006936652144256872,0.022932611697136222,0.017641568037006828,0.006936652144256872,0.04536907961727499,0.06047705285058602,0.07575067937355318,45201528.2,0.916091637804405,0,19.116316917626705,10.996091467161705,19.409068550932407,0.023567761455126138,0.06488361435047897,0.09553222100921872,0.007388551972056286,0.1430195186745211,0
2024-06-21,821.7672119140625,825.2698546527171,810.6179284522095,825.2698546527171,51630776,69.52859025004474,20.64699052245612,15.15213654715536,5.494853975300762,824.6269842762243,773.2714599609375,721.9159356456506,773.2714599609375,748.295830078125,777.9742548011402,754.4754306943613,791.4898973040538,770.8429067815977,772.3257043384214,-0.002156462521004543,0.02303423084353572,0.017829777080519235,-0.002156462521004543,0.03604310989748871,0.053771910511872356,0.06799391242310215,45739971.0,1.1287889972645588,0,21.28935021155803,12.209310096053628,19.680399299042286,0.02394887385833105,0.056291010714893536,0.08919015581166241,-0.003467958745822341,0.1383142708702076,0
2024-06-24,825.0478515625,826.3798229097616,811.9005512360641,812.5172157896385,28544994,66.1822403203312,21.794571621181603,16.48062356196061,5.313948059220994,831.9695264170566,777.0997131347656,722.2298998524745,777.0997131347656,749.7426232910157,782.4574544926984,757.242976610759,796.6526594976609,774.8580878764793,774.82346121433,0.003992176374129297,0.022283595881306382,0.017549614420880294,0.003992176374129297,0.008776431009598573,0.04727907855818758,0.0629549279243582,45614210.4,0.6257916940725998,0,22.80908076246635,13.191161503898343,18.337832571955143,0.02222638667227169,0.05443158196686213,0.08954176802698076,-0.008319625460760998,0.14236180436593313,0
2024-06-25,844.2631225585938,847.025767804676,824.4065232844747,824.4065232844747,74521548,93.96929437711982,23.97814456578385,17.98012776272526,5.99801680305859,842.9348697283075,781.6297302246094,720.3245907209113,781.6297302246094,751.5547412109376,788.3437085942122,760.6555313538114,803.9773461224198,779.999201556636,780.3906551736235,0.023289886713483643,0.014111937542270633,0.026791700260047128,0.023289886713483643,0.025159544653418964,0.06440483191101376,0.09610572195994926,47871015.8,1.5567154102462142,1,25.501981041413046,14.677176099486928,15.788369932254966,0.01870076935778895,0.07093278395548812,0.10991518204827608,0.0015757478756506765,0.1720592819323897,0
2024-06-26,839.40380859375,844.041138181783,834.2731473521208,842.5857736709851,47596666,87.29460775822479,25.028028299364564,19.389707870053122,5.638320429311442,850.9423673705343,785.8477172851562,720.7530671997782,785.8477172851562,753.3884240722656,793.2065752608349,763.743699088711,809.427571118009,784.3995428186445,783.9819527033034,-0.0057556866277864716,0.010246945432886631,0.011636819763811347,-0.0057556866277864716,0.02146179164122186,0.026329293028795497,0.08735937664182636,48855403.9,0.9742354417419933,0,25.124071946695267,14.94606862683554,13.779806076474276,0.01641618245640264,0.058241112433698304,0.09906479044647529,-0.013559741786555002,0.16462051539363645,1
2024-06-27,836.7644653320312,845.0770913433391,832.0531241260426,836.7397746618053,55074650,84.43110631865439,25.35482118315133,20.582730532672766,4.772090650478564,856.2509784537576,790.481332397461,724.7116863411643,790.481332397461,755.3386877441407,797.3549457438061,766.6072585492334,813.6332471509355,788.2784259677842,788.3208157004374,-0.0031443069887190367,0.01057434750786829,0.015564675314132274,-0.0031443069887190367,0.014201132391705507,0.016054184224317147,0.07750214682271017,49851751.1,1.1047686146374907,0,23.99047590192083,14.878431169962028,14.045854488974483,0.01678591177195967,0.04942531528598262,0.09151649165906273,-0.02275794552307044,0.15461704440918472,0
2024-06-28,830.671875,841.9198007397313,828.3038589383985,837.4798157900913,26476046,78.05450752726287,24.835893060678018,21.433363038273818,3.4025300224042,859.459648528343,794.6487548828125,729.8378612372819,794.6487548828125,757.4031433105469,800.5279866253484,769.1195964492634,816.25457451233,791.418681451652,790.9784842644038,-0.00728112937923775,0.01111475554974309,0.016391480452293782,-0.00728112937923775,-0.016098355116358265,0.010835992184692778,0.06519057469862766,49487785.9,0.5350016275430096,0,22.55373182420817,14.644165754902133,13.88023782355692,0.01670965183882856,0.03765500879204006,0.08002952835280798,-0.033495200824886245,0.13815947228577025,0
2024-07-01,841.2290649414062,842.2651095333842,828.7971320491276,828.7971320491276,21187024,84.8933523814438,24.9884643211808,22.144383294855217,2.8440810263255827,864.1881372113553,798.9321044921875,733.6760717730197,798.9321044921875,759.5371154785156,804.4042797983063,771.9474187430731,820.096803809111,795.1083394879302,794.9997719991901,0.012709217994657962,0.010666373535232516,0.01600988131002664,0.012709217994657962,0.002174467555388082,0.01961245441493098,0.06781879174612082,46843157.7,0.4522970918333287,0,21.946825305607945,14.704442132314057,14.029999128440206,0.016677977156456702,0.04577895228545184,0.0897491778794226,-0.0265672152640692,0.14659465846892264,0
2024-07-02,853.7597045898438,855.8810546817267,840.0204307746837,846.0637432263002,45921690,86.34376000043392,25.822826570496545,22.880071949983485,2.9427546205130604,871.4867704972689,802.8392913818359,734.1918122664028,802.8392913818359,762.0633276367188,809.1047964451194,775.1557436782405,825.2757116215314,799.4528850510349,799.2557373221953,0.014895633271195141,0.010824653551042417,0.01857738637906622,0.014895633271195141,0.02031066083939015,0.011248367691899075,0.07637764883338294,45507379.4,1.0091042509030965,0,20.761087850907188,14.500212324429071,14.500425182857652,0.016984199541045134,0.055190512206725294,0.10140408756905375,-0.020341176145806723,0.16285647745695028,0
2024-07-03,872.531005859375,885.0369507276009,870.5576793248654,883.5569558267186,123217802,87.86999324547635,27.679677703905895,23.839993100767966,3.839684603137929,876.6669814114765,809.8815979003906,743.0962143893047,809.8815979003906,764.6087097167969,815.1453878179057,778.974381410834,832.5457568888919,804.866079184986,814.961426200957,0.021986632970162567,0.011501627313272372,0.016594563752464698,0.021986632970162567,0.05039189614957773,0.03946515005825724,0.06683353258736213,47191707.5,2.61100537631532,1,21.93881255707072,15.230682322123016,15.906423869723287,0.018230210460035975,0.07039924275973287,0.12010231232392597,-0.004717841141276236,0.17418308553279752,0
2024-07-04,852.0578002929688,868.1404005851939,850.9231133709549,868.1404005851939,45848658,75.09432793888364,27.185847490266497,24.509163978667676,2.676683511598821,880.1030193768652,814.206884765625,748.3107501543848,814.206884765625,766.9305432128906,818.6608556726735,781.8403978375844,835.5476097202883,808.3617622300218,822.439215092963,-0.023464158212053166,0.01431422595944602,0.0202067127468572,-0.023464158212053166,0.01287251689564095,0.01827675002292195,0.03462435255912899,45402557.9,1.0098254398129407,0,21.305909928867436,15.233139288351026,17.037562153883407,0.019995782150019948,0.04079460302624802,0.08981040459100316,-0.031865836687792685,0.13864166740512524,0
2024-07-05,813.0598754882812,831.2638253093144,810.1492067263514,831.2638253093144,82242548,57.21940115933008,23.37818768045713,24.28296871902557,-0.9047810385684372,878.8439843660581,816.3874114990234,753.9308386319888,816.3874114990234,768.5171936035156,818.1274289884457,783.0646910787882,832.0879582999796,808.7097706195225,824.7318205767126,-0.045769107202913495,0.01990644650850229,0.025969327991105993,-0.045769107202913495,-0.047671293084879385,-0.021202113664578803,-0.010595867417854343,47193541.8,1.7426653068026356,1,17.599442363097296,13.94509462952476,19.280462528499747,0.023713459623033187,-0.006194088256434672,0.038304861336769275,-0.07485300013201919,0.07842766713665993,0
2024-07-08,806.7698974609375,816.4391857049037,802.7246020410699,811.678583484828,39087800,53.86450693001126,19.626795705570885,23.351734116334633,-3.724938410763748,877.6675572064391,817.9167419433594,758.1659266802797,817.9167419433594,769.938134765625,817.0457593191592,783.9943070153431,828.19287201705,808.5660763114792,826.0165708159145,-0.007736180590102726,0.020039791772119977,0.016999374551524837,-0.007736180590102726,-0.07536821953240269,-0.04096288266367609,-0.02215381091769064,47312321.0,0.8261653449637357,0,12.64147952085284,12.046888272270053,19.51831461105699,0.02419316173358096,-0.012576849877765117,0.02905070896790155,-0.08077962910143842,0.06410730035505045,0
2024-07-09,807.3372192382812,812.3691778178521,799.369901303005,801.6639054458949,48550878,46.52900723898715,16.509260189473025,21.983239330962313,-5.473979141489288,875.4553238302886,819.7716644287109,764.0880050271331,819.7716644287109,771.3796691894531,816.1211364543137,784.9097153378113,824.9843100510857,808.4750498616127,826.2636523883008,0.0007032014693770794,0.01812641214381807,0.016101421072983436,0.0007032014693770794,-0.0524853842536398,-0.05437418175394493,-0.04373743485136028,48617162.0,0.9986366131367356,0,7.016340009194323,9.75397165957088,18.124650923368076,0.022449913730558088,-0.010763006646531325,0.028573354950534022,-0.07780877303250307,0.05660239910403032,0
2024-07-10,802.20654296875,809.063864597064,799.5672308205436,804.1058576798249,45507182,42.94337200312481,13.469322174567992,20.28045589968345,-6.811133725115457,873.0026987803034,821.2837219238281,769.5647450673529,821.2837219238281,772.7278369140626,814.7959370747362,785.5880223037306,821.4800381922648,808.0107160176968,826.8753735867684,-0.006355059753558767,0.018039537537548656,0.011838140513509067,-0.006355059753558767,-0.013348749393165327,-0.08059823939592947,-0.04431391094986381,49415254.8,0.9209136365720005,0,-0.34945074316942737,6.613640892896569,17.76522529705744,0.02214545051117775,-0.015450978009517839,0.021154243946191757,-0.08109500223821149,0.042415921611040394,0
2024-07-11,800.1346435546875,802.0832795528332,789.8239996598078,801.1459373403621,44177074,42.85946835447119,10.768828082286177,18.378130336203995,-7.609302253917818,870.8600883670712,822.4615539550781,774.063019543085,822.4615539550781,773.8428125,813.3996234061601,786.1584780390622,818.1961313249452,807.427303242659,827.509583716436,-0.0025827505799129735,0.01804068995560866,0.015321521186187152,-0.0025827505799129735,-0.008224468869168833,-0.06093853811376193,-0.04377554651870752,49660086.7,0.8895891436291028,0,-5.261232266513389,4.3180802014777555,17.603126519088487,0.022000205416534187,-0.01630807228054116,0.01777779659705061,-0.08121332663780614,0.03368152637881094,0
2024-07-12,800.5292358398438,808.2745787950348,794.8312914757237,800.1839277769812,56049960,41.74964335870864,8.56181211726539,16.414866692416275,-7.853054575150885,868.8463989071129,823.4963134765625,778.1462280460121,823.4963134765625,775.057177734375,812.173872209368,786.7220371685046,815.4781474041604,806.916335286895,827.2004406148449,0.0004931573558710767,0.0179791401889912,0.016792999827429968,0.0004931573558710767,-0.008432639095792949,-0.015411705861037905,-0.03628705878618588,51256575.1,1.093517463674626,0,-5.953556779077644,3.657346089716384,17.529127636632317,0.02189692374975203,-0.014337615094471347,0.017550288436094567,-0.07862973611124192,0.028764526495279948,0
2024-07-15,800.2332763671875,804.031966294815,796.8292758573642,800.9239527377698,33375694,33.02260013320499,6.711488743806171,14.474191102694256,-7.762702358888085,867.7148761545434,824.1179107666015,780.5209453786597,824.1179107666015,776.1473596191406,811.0366726053508,787.2518896861,813.1327826292414,806.4212938854353,827.3770566670706,-0.0003697047645558893,0.016467456820222583,0.00900073847234742,-0.0003697047645558893,-0.0024597986875798394,-0.008102212432965161,-0.048733205119433465,51648332.1,0.6462104901157109,0,-6.009086713808415,3.2575826707568467,16.427945202150138,0.020528945355444285,-0.013320478102992238,0.016489495739748044,-0.07776932451177333,0.025255351704834297,0
2024-07-16,799.0739135742188,802.6505679180453,797.6186093434653,799.5672452078501,28950324,33.992514262872916,5.092836205687718,12.597920123292948,-7.50508391760523,867.2010805478578,824.4126770019532,781.6242734560485,824.4126770019532,777.3374853515625,809.8973622214335,787.7154984660261,810.9698796976995,805.8770434920118,827.7588706533356,-0.0014487810332405315,0.016466142620016395,0.006297237951458472,-0.0014487810332405315,-0.001325689356176829,-0.010235259154605658,-0.0640529070669793,51475062.6,0.5624145467284968,0,-6.22377423288026,2.8057831282147845,16.073801157014923,0.020115537353882062,-0.013363975674062618,0.014419438401696625,-0.07855982712867408,0.0223248441876229,0
2024-07-18,796.6320190429688,801.1459557272271,788.9113662252444,793.2773395385489,33717064,34.045877837035164,3.571828115430435,10.792701721720446,-7.220873606290011,867.8430778306472,823.3507843017578,778.8584907728684,823.3507843017578,778.4490844726563,808.6339962044368,788.0651659396317,808.7640549815872,805.1922268661567,828.1959326526211,-0.0030559057050524308,0.0164662581830599,0.01535789324245436,-0.0030559057050524308,-0.004868300397282033,-0.0069489883554819665,-0.08698715152437664,48654356.0,0.692991681978074,0,-6.161940870299418,2.477143635901143,16.017417034492514,0.020106418837815464,-0.01484228614899064,0.010870742006623982,-0.08205522473680976,0.02281997112525984,0
2024-07-19,792.9319458007812,800.677228233124,791.0572615353138,797.2239068544229,26002152,34.70606596813937,2.0442879784967545,9.043018973075707,-6.998730994578953,868.3443463332452,821.8202239990235,775.2961016648018,821.8202239990235,779.6472888183594,807.1385628326601,788.2560200518337,806.3283458768478,804.2840578983511,827.5301139647682,-0.004644645399305647,0.01643321355735536,0.012132146710390047,-0.004644645399305647,-0.009124002690255595,-0.009001857139827707,-0.06939183523917958,47884026.5,0.5430235070143903,0,-6.261060573500004,2.097542012771555,15.731990241383755,0.01984027800203715,-0.017601212091788318,0.00593198863059751,-0.08684619281614217,0.02274723695644779,0
2024-07-22,810.3218994140625,814.4905276323838,795.5712715150735,797.7172520784763,53744822,38.13223626267261,2.2114333106936783,7.676701840599302,-5.465268529905623,868.0555268222643,821.2479583740235,774.4403899257827,821.2479583740235,781.4220349121093,807.4417377451746,789.121348654274,806.942738728727,804.7313054180333,826.8161231047989,0.02193120570482132,0.017282368533455703,0.02334782773486765,0.02193120570482132,0.014076277111252589,0.012232736964247426,-0.003367496240758938,47989728.8,1.1199234366167121,0,-4.73213446419345,2.399311485769431,16.309890551908463,0.020127668478048068,0.003567021042200434,0.026866021044726247,-0.06650914097575097,0.04633217734384752,0
2024-07-23,798.407958984375,812.9119216218081,791.7973027922226,812.7885887086006,52002152,28.6448440778304,1.3667863052237408,6.41471873352419,-5.04793242830045,867.772651985213,819.9159637451172,772.0592755050214,819.9159637451172,783.3006420898438,806.5813778631937,789.4855294515329,805.6296956911343,804.2629093859106,825.6185004392183,-0.014702725470337574,0.016790118428202175,0.02644590223830516,-0.014702725470337574,0.002229310269928453,-0.002280981604637633,-0.010364713040086349,49162586.7,1.057758663459423,0,-4.455294742157093,2.2336397654329403,16.685175903518648,0.020898058086423935,-0.010133408857605662,0.011301574506426538,-0.07993417727805965,0.034127798622869056,0
2024-07-24,791.3286743164062,799.6906218755655,783.4353677463822,793.3513220807449,61728206,15.56482050427249,0.12472065728024972,5.156719118275403,-5.031998460995153,865.311094968043,817.2692413330078,769.2273876979726,817.2692413330078,784.9399841308593,805.1287394301663,789.5578096423122,803.4295385565608,803.3048178992806,822.4531817089797,-0.008866751124292471,0.014949803486182177,0.020541722620155894,-0.008866751124292471,-0.0020219534511953796,-0.009692769500093457,-0.019828820646939804,48522919.6,1.2721453389214443,0,-4.768622791267148,1.8423111762861026,15.612176474334799,0.019729067050200683,-0.017140196887676786,0.0022428562576010187,-0.08549806084986002,0.028731798908740114,0
2024-07-25,797.5198974609375,801.6638951787058,785.8772830890329,785.8772830890329,25535732,23.68473598122722,-0.3559422708300417,4.054186840454314,-4.4101291112843555,862.8040462150562,815.1750457763671,767.546045337678,815.1750457763671,786.5319641113281,804.4040878140493,789.8700483802975,802.5203630033881,802.8763052742181,820.8721108693754,0.007823832682266385,0.014609483077590338,0.019794631005361486,0.007823832682266385,-0.01579866218891779,0.001114540210215731,-0.005842193072208679,47419872.9,0.5385027508161035,0,-4.22990839038755,1.8048824406657786,15.196370731567145,0.019054534914988076,-0.00855812452646704,0.009684946398875051,-0.07566509341316476,0.039051536133018074,0
2024-07-26,798.2846069335938,800.0605887969758,787.5792741911353,791.7972838101718,43810540,38.70234579470656,-0.6674712477891944,3.109855222805612,-3.7773264705948066,860.3134457221739,813.2510528564453,766.1886599907167,813.2510528564453,788.0829992675781,803.8212801111488,790.200031068662,801.8687082234197,802.5361794712089,818.6724776259958,0.0009588594279477114,0.008575120509406219,0.01563516883256004,0.0009588594279477114,-0.00015449752146534657,0.006750467251520398,-0.0023121566301326224,46856667.4,0.9349905238886025,0,-3.317282721511333,1.9440110168283127,13.094422234368803,0.016403200212851,-0.0068879405342309975,0.010231049793807491,-0.07210027821489089,0.04189039673762064,1
2024-07-29,791.822021484375,805.0432741154053,788.4920327099303,796.7306475152811,51001148,38.60045503969495,-1.4194740291302423,2.2039893724184414,-3.6234634015486837,858.5501112295746,811.308560180664,764.0670091317535,811.308560180664,789.7262878417969,802.6784935752655,790.2636385359449,800.3230641097206,801.7425381388508,817.0114786374133,-0.008095590711742706,0.008596462839484481,0.020902729346233054,-0.008095590711742706,0.0006234415407668781,-0.022830282561861703,-0.010876822439013,48082922.5,1.0606915168269981,0,-4.763244169909058,1.1422898816708766,13.297040644486035,0.016792966454202644,-0.01352530580772628,0.001971978555557982,-0.07772183460512837,0.036325364164277806,0
2024-07-30,797.0020141601562,806.4739582617092,788.8373508245744,790.317345854264,54595834,42.636240765512284,-1.5792548662540185,1.4473405246839495,-3.0265953909379677,854.5482078483398,809.0972076416016,763.6462074348634,809.0972076416016,791.2585778808593,802.1378764881122,790.5278885604238,799.8121333482491,801.3913882145031,815.5027769686062,0.00654186488280617,0.008839361301100954,0.022128686156106425,0.00654186488280617,-0.0006493672476762802,-0.0017609353819658669,-0.004037900325390309,49753363.0,1.0973295212225151,0,-4.443501375081496,1.042359108890878,13.628278567506584,0.01709942801319948,-0.006402717635578494,0.008189623280112307,-0.06734107351658793,0.043679660031753616,0
2024-07-31,797.1006469726562,803.0946388161857,793.8693004409521,796.2373165488889,37820484,46.08107589000872,-1.6785739317639354,0.8221576333943725,-2.5007315651583077,846.7902311936554,806.2642547607422,765.7382783278291,806.2642547607422,792.754853515625,801.658140343783,790.785643792276,799.3949815981579,801.0735555299218,813.2330597886203,0.00012375478448944932,0.00869937258084077,0.011573617974431365,0.00012375478448944932,-0.001483130140120581,0.007294026924066888,-0.002469441897729019,49348302.7,0.7663988816377265,0,-3.470599086383345,1.227834149963769,13.608900324557526,0.017073001227942003,-0.005685083381268093,0.007985733213486453,-0.058679921414487156,0.04095703392719808,0
2024-08-01,808.471923828125,814.0219048337823,798.1859108540549,800.627938629233,26215174,55.599738292440165,-0.8301485623480858,0.49169639424588085,-1.3218449565939667,829.0556253019226,803.0613006591797,777.0669760164367,803.0613006591797,794.5308483886719,802.3070721041965,791.479223401525,800.7914342489221,801.6215828112702,804.3502633925611,0.0142657980502916,0.009505385932217402,0.019587562057497006,0.0142657980502916,0.02102732923812556,0.013732605797116104,0.014862451548683708,44498171.3,0.5891292436100627,0,-2.0970157098527125,1.6091750212275429,13.933094221142085,0.017233862810187277,0.007683905499873013,0.021469547050863545,-0.024827889523458144,0.04041472457455718,0
2024-08-02,818.51123046875,824.1105327295066,804.6239322848401,804.6239322848401,44119238,60.692341807111994,0.6448889213448865,0.522334899665682,0.12255402167920448,815.8307753267206,801.3839721679688,786.9371690092169,801.3839721679688,796.5036828613281,803.8503252817732,792.5393021100436,803.5175567442802,802.8726678229353,802.1966761645295,0.012417631762756454,0.009998914173781149,0.023807370893991122,0.012417631762756454,0.026987656149475514,0.02533760936823226,0.0322591173220248,44411700.3,0.9934147466090147,0,0.02904517062438572,2.3392710413816076,14.36475944438176,0.01754986237165648,0.018238351998971645,0.03277052417408085,0.0032855528659799594,0.040122722248951664,0
2024-08-05,797.1006469726562,812.0239300120638,789.824004829474,809.1132611105608,41333634,48.51114761003294,0.08522913342335414,0.4349137464172165,-0.34968461299386233,814.0467402508809,800.5860107421875,787.125281233494,800.5860107421875,797.718759765625,803.207498776143,792.7181783791657,802.5303398563381,802.4451107229147,800.5232300152015,-0.026157959352411386,0.012467199773504127,0.02785084326164318,-0.026157959352411386,0.0,0.006666429254374329,-0.016316049771043395,42366254.6,0.9756263420085286,0,0.5290052008774637,2.4545398432208003,15.899369101654989,0.019946501313278197,-0.007603081162454058,0.005528406832364043,-0.020817101083166388,0.012673161410252256,1
2024-08-06,789.922607421875,805.5858871810888,786.0253355957136,804.1305829139676,45116050,45.885999364522924,-0.9268291732261105,0.16256516248855107,-1.0893943357146616,813.675318155186,799.7436462402344,785.8119743252828,799.7436462402344,798.5475561523438,801.9422710281175,792.6085481455465,800.5906887125745,801.5175178858007,799.7981400540831,-0.009005185954926831,0.012686695428573414,0.024762617757220894,-0.009005185954926831,-0.022943674182795082,-0.008882545605284564,-0.010627839398412164,42667667.1,1.0573826287305967,0,-0.19560545999468104,2.080659585122703,16.937125745283215,0.02144150020033239,-0.014988190597351687,-0.0033887354986969686,-0.029191878140244674,0.005231064466944143,0
2024-08-07,800.9239501953125,804.1306059860544,790.4159617464212,797.7172944045706,42346264,51.79157509512145,-0.8315901988086125,-0.03626590977088165,-0.7953242890377309,812.9067649117425,799.422982788086,785.9392006644294,799.422982788086,799.4927795410156,801.8452880916599,792.9346423435766,800.6419597099189,801.4735499087275,799.3567633788103,0.013927114719938682,0.013248497886061214,0.017123528689944646,0.013927114719938682,-0.021486913824463327,0.004796512507143191,0.012125525322578712,42357436.4,0.9997362352174836,0,0.18714774787690658,2.148998551300565,17.07808353544012,0.021322977707528255,-0.0011490220246103912,0.010075619635084859,-0.014740699959276325,0.019066041645734187,0
2024-08-08,810.3958740234375,815.6252376687839,798.8272709671206,801.1705962949537,33976950,56.95481457246931,0.008099105885321478,-0.027392906639641026,0.03549201252496251,814.1441058658457,799.8324493408203,785.5207928157948,799.8324493408203,800.5998156738282,802.6596296089721,793.6193965271005,802.1425619119987,802.1344628061133,799.4879364248251,0.011826246207040203,0.013488940378622713,0.02072809998188305,0.011826246207040203,0.016679483452028077,0.0023797365605506826,0.016145022341753856,41780924.8,0.8132168007923081,0,0.3525575047755183,2.1401731255755294,17.59079782142963,0.0217064256930322,0.009638262756822917,0.021139197919999513,-0.004603892376549216,0.03166699269471265,0
2024-08-09,814.0958862304688,820.1885804457108,811.9252750900921,814.9839073123685,26644618,51.68688115908184,0.9610407131906413,0.17029381732641546,0.7907468958642259,816.2016057502993,800.5305114746094,784.8594171989195,800.5305114746094,801.9998901367187,803.7487969062574,794.4223961233112,803.981534884071,803.0204941708804,800.1218845312059,0.0045656849024433566,0.012218289794996114,0.010150285114300918,0.0045656849024433566,0.030602085041583793,-0.005394359996444553,0.01980656918540613,40904302.0,0.6513891375044121,0,-0.10152837551572702,1.8830940132675096,16.75037814933469,0.020575436422967865,0.012873536313881549,0.02476452099432485,-0.0025799012217023122,0.03725058066563203,0
2024-08-12,818.9797973632812,826.7990913723679,812.6898193077751,814.9838233487179,39316196,59.81173522529651,2.0862951031477905,0.5534940744906904,1.5328010286571,819.1634300019832,801.4530395507812,783.7426490995792,801.4530395507812,803.433017578125,805.199368378355,795.3854314660551,806.2889598808727,804.2026647777249,800.995881505685,0.005999184144544145,0.011480101779297007,0.017227863385663275,0.005999184144544145,0.02254377230642901,0.027448416299397982,0.03429782847917684,40067613.8,0.9812462552985873,0,1.9918696022119775,2.6672530868894455,16.249996237549492,0.019841754692687927,0.017114306749494376,0.029664065953203287,-0.0002241709431554101,0.044960100492406556,0
2024-08-13,790.9093017578125,805.3146225179424,789.8980079765901,803.1439511462899,54055042,49.83334958362863,0.704887410476772,0.5837727416879068,0.12111466878886512,819.3126117252352,800.9868408203125,782.6610699153898,800.9868408203125,804.1399621582032,803.838409652589,795.2098969676927,803.922858631171,803.2179712206943,800.6518183471828,-0.034274954883920405,0.014829537389875273,0.01949226606273137,-0.034274954883920405,-0.024045744666589264,0.0012491025407639356,-0.007644538274804713,41101581.2,1.3151572377950267,0,1.8961386244715186,2.6013488221461785,17.166177327371486,0.021704356351884214,-0.016084212622241252,-0.005408125862466321,-0.03466724368811262,0.010538702076129025,0
2024-08-14,793.1785888671875,796.0891971974215,790.9092152779186,792.5372336839343,32334428,48.219346259145105,-0.20441921648603056,0.42613435005311934,-0.63055356653915,819.3343168926493,800.6920745849609,782.0498322772725,800.6920745849609,804.4912145996094,802.8231886254079,795.1302378264965,802.2698940520967,802.4743132685827,800.397980581317,0.0028692128216616375,0.014688594353340075,0.006530662819455212,0.0028692128216616375,-0.025693898860164044,-0.009670532796823283,-0.004920405121190741,41270786.4,0.7834701206468894,0,0.9779005337479703,2.1955954829198845,16.408560886645052,0.020687095084197433,-0.012013354739707775,-0.002454502251912622,-0.03192314478497402,0.014230239724633543,0
2024-08-16,805.1665649414062,806.177918901087,794.7572792867222,803.3905830654421,27849246,52.58476585029934,0.04179640895358716,0.3492667618332129,-0.30747035287962576,819.7604518011544,801.1188018798828,782.4771519586111,801.1188018798828,805.9608483886718,803.0463673221695,795.5238192819832,802.715535727375,802.6737393184214,800.6524833664009,0.015113842257567622,0.015257219418246414,0.014184195061795506,0.015113842257567622,-0.01686638970380827,-0.006452783447759791,-0.004088402811897041,40977395.5,0.67962459937211,0,0.3867377131974763,1.904422754882603,16.445561988649256,0.02042504334472214,0.002640193275896005,0.012121253224229493,-0.017802623714870493,0.02899690160409348,0
2024-08-19,804.895263671875,807.9045746403995,801.0225621096914,807.9045746403995,19502164,55.14961859663565,0.21258181013070043,0.3219297714927104,-0.10934796136200997,820.0171477177449,801.7169677734375,783.4167878291302,801.7169677734375,806.7477124023437,803.2224526888082,795.8913269051162,803.0508784880673,802.8382966779366,800.9316779774699,-0.00033695049117077325,0.015051802388399416,0.008550196331523666,-0.00033695049117077325,0.01768339540700614,-0.01130164482367757,-0.016635039679391284,40652396.1,0.479729754478113,0,-0.5263442174492639,1.4689307818050565,15.75490278330876,0.01957385450553655,0.0020826247790597064,0.011313022849201378,-0.01844093637304641,0.027416409983072102,0
2024-08-20,807.92919921875,812.0238759013653,802.8725499307859,802.8725499307859,31134494,54.3782987458713,0.5859887998620934,0.37474157716658707,0.21124722269550633,819.690771549746,801.5973327636718,783.5038939775976,801.5973327636718,807.5173095703125,803.6707142630884,796.3634003291803,803.8013893697108,803.2154005698487,800.7960327209032,0.0037693544536892,0.014995334431748079,0.011326890994196643,0.0037693544536892,0.01859683375042831,-0.01349312666821434,0.013584924673214038,39521879.7,0.7877786744034848,0,-1.5286541152665905,0.9779688631251702,15.148811249983371,0.018750171753455554,0.005298793249628825,0.014523267750362357,-0.014348791933766758,0.03117445290176282,0
2024-08-21,802.05859375,806.3752455426795,798.1119406824072,803.1932203742449,47630904,51.89872352560312,0.40355579089248295,0.38050441991176626,0.02305137098071669,819.8113796242959,801.7798645019532,783.7483493796104,801.7798645019532,808.0348156738281,803.5171789761275,796.5867412476438,803.5332669666784,803.1297111757859,800.8639320540129,-0.007266237529757191,0.015160695500722618,0.01030261993907143,-0.007266237529757191,-0.003860035086817648,0.014096802209062398,0.015363513101282145,39303317.3,1.2118799956867763,0,-0.3212306764614823,1.376844279951115,15.191091261491172,0.01894012654420383,-0.0018152508300894204,0.00686912324674901,-0.02165471999477694,0.02336240246615302,0
2024-08-22,804.77197265625,808.2252943260683,803.1439540663039,805.1172807347715,21300638,48.48240875927028,0.47247689842765794,0.3988989156149446,0.07357798281271333,819.8337077646203,802.4520294189454,785.0703510732704,802.4520294189454,808.7254797363281,803.6366831361391,796.907730714648,803.7238370727664,803.2513601743387,801.7694044930059,0.003383018307382857,0.014674598819422872,0.006314012456215118,0.003383018307382857,-0.00015317647051682481,0.01461635998725086,0.004804479201800715,37281938.9,0.571339330208494,0,0.8134945107312888,1.777492888151528,14.422908598272759,0.017921733221732555,0.0014126900176836964,0.0098684472975931,-0.018371695339824447,0.02509535808611986,0
2024-08-23,801.6885986328125,806.1038926835937,800.6772446912317,806.1038926835937,20333422,42.68238677454948,0.2751234064679693,0.3741438137855496,-0.09902040731758033,819.8924483415507,802.6604644775391,785.4284806135275,802.6604644775391,809.3199438476563,803.4511512786795,797.0952157310466,803.4107234666196,803.1356000601517,802.031101514614,-0.00383136357651781,0.014233584551769525,0.006769022288225718,-0.00383136357651781,-0.007724192406923791,-0.004319561268477212,-0.010744471522782129,37021823.4,0.5492279993967019,0,0.40478395650995935,1.5713964490633998,13.418626280251,0.01673795324410865,-0.0021937272017868536,0.005762652705866741,-0.02220272884030128,0.020702226135960303,0
2024-08-26,809.0392456054688,812.9858989531632,805.2159251748899,805.2159251748899,22364266,55.91686228008615,0.7037428119369906,0.44006361341583783,0.2636791985211528,820.5261697141957,803.1981964111328,785.8702231080699,803.1981964111328,809.9691687011718,803.9833507383737,797.5636090594553,804.2766499495195,803.5729071375825,802.6600214420782,0.009168955358966002,0.01253433639351846,0.009603951625929369,0.009168955358966002,0.008703418814866026,0.005148473497892381,-0.006211357544642415,35949509.7,0.6221021145108969,0,0.760898049565526,1.6722821543390864,12.176488757470622,0.015050553880557404,0.006288556675274113,0.014388365286057057,-0.013999460995531756,0.02948199564778867,0
2024-08-27,807.9539184570312,812.714580974844,805.2159036816922,810.7412543536698,35773244,59.51083544685232,0.9449570714810989,0.5410423050288901,0.4039147664522088,820.5889705341745,804.0047912597656,787.4206119853568,804.0047912597656,810.5315661621094,804.3615000449125,797.9710721730858,804.8423835660599,803.8974264945788,803.5098736404399,-0.001341501236599818,0.012220788010224517,0.009281070518813979,-0.001341501236599818,0.0039538476846787685,3.059579763320386e-05,-0.013462943703554053,35188114.5,1.0166286119138324,0,0.690785781824161,1.6076718439054503,11.314926308026097,0.014004420363025752,0.004466173992561965,0.01251028593901226,-0.015397540706546699,0.02607666875763254,0
2024-08-28,807.6332397460938,808.9405806750858,804.2292392849356,807.9539173658313,26921188,53.98826649638453,1.0975926531975801,0.6523523746626281,0.44524027853495207,820.8548397233019,804.5363525390625,788.2178653548231,804.5363525390625,810.9282043457031,804.6730943021679,798.3499807053606,805.2717460552959,804.1741534020983,804.1365710576385,-0.0003969022287185764,0.011705657229432814,0.0058335159553752096,-0.0003969022287185764,0.0074151498766716895,0.006950422375040732,0.021145203313593486,33804382.2,0.7963816004896548,0,1.1559153260403718,1.7632394577168498,10.636593652738295,0.013170079101848583,0.0036786932045900743,0.011628056948822314,-0.016107110949927457,0.024631989764061855,0
2024-08-29,808.3485717773438,811.2345497877237,804.6979056469421,810.0505418236547,49052604,48.641584530513825,1.2617342806454417,0.7742287558591908,0.48750552478625087,821.1106481146447,805.0987487792969,789.0868494439491,805.0987487792969,811.2316040039062,805.0231397759942,798.7420823160267,805.7451038586879,804.4833695780425,804.7554680705431,0.0008857139553528626,0.011259592278401117,0.008086417628485783,0.0008857139553528626,-0.0008536963217502525,0.004444239166640829,0.01912555775342084,34365988.2,1.4273590421590145,0,1.386456639855055,1.8343516013786711,9.903642041246744,0.01225169733333142,0.0041308526886256825,0.012027023082923326,-0.015542456265308499,0.02441014236515026,0
2024-08-30,807.5346069335938,819.9172195651064,799.7646332824804,816.9572296027775,445342100,45.4731200183265,1.3110248641229418,0.8815879775119411,0.42943688661100077,821.0276576110182,805.0518829345704,789.0761082581225,805.0518829345704,811.0248986816406,805.262327124337,799.08688720299,806.020412024058,804.7093871599351,806.4422727134724,-0.001006947834348626,0.011179383521476894,0.024955693675036753,-0.001006947834348626,-0.0005189795034824529,0.007292118549210969,0.002941058527883289,55322334.5,8.049951326620173,1,1.8111758456575444,1.991671471943505,10.643633459843361,0.013180405357808551,0.0028217882952145715,0.01057171612485457,-0.01643434365741805,0.023392545386044152,0
2024-09-02,802.6258544921875,812.4185353190471,800.7758609185206,812.4185353190471,34049680,38.72064955938031,0.9431209970016425,0.8938945814098814,0.04922641559176111,818.9433383739023,804.2576141357422,789.5718898975821,804.2576141357422,810.606552734375,805.0112344927038,799.2256702339389,805.4981724037702,804.5550514067686,806.0314782119062,-0.0060786898781292065,0.01110345240463466,0.014505730578405934,-0.0060786898781292065,-0.00620007326033345,-0.007927169353177166,-0.0028195086766129585,54818856.6,0.6211307953475265,0,1.0278837543301051,1.662061174483597,10.467447912410055,0.013041503527235232,-0.002963163615995382,0.004254348158328477,-0.019925046235939676,0.016532965220302728,0
2024-09-03,807.7565307617188,809.0391809529892,801.4665524914798,806.1038818486695,37282860,66.99843456133847,1.053414125493191,0.9257984902265434,0.12761563526664765,819.1524760806798,804.7904083251954,790.4283405697109,804.7904083251954,810.3263391113281,805.2726912802291,799.560213784048,805.845612151147,804.7921980256538,806.2748806937378,0.006392363566181558,0.005968272300287142,0.009374889800480379,0.006392363566181558,-0.0007324080678750011,-0.00024430563526378624,-0.00021371731235630964,54616317.9,0.6826322504615421,0,0.9111912353165508,1.5891416109622014,8.931079274897074,0.011056647559970847,0.003084470029079018,0.010251031550057244,-0.013911873127071667,0.02192253149667977,0
2024-09-04,809.9519653320312,811.4319603519671,805.1172908451134,808.5706125582972,24682744,66.94917867579126,1.30295578304856,1.0012299487909468,0.30172583425761323,818.4850912473203,805.7918762207031,793.0986611940859,805.7918762207031,810.0244213867187,805.7183364280198,799.9677334525963,806.4773587943599,805.1744030113114,806.8569950666332,0.0027179409719437775,0.0059657842741534135,0.007796350619712387,0.0027179409719437775,0.0029935043992934673,0.0028710130685885016,0.009841390197100175,53594652.6,0.46054490145160487,0,1.045242125851928,1.617752747235727,9.01212838827927,0.01112674426882197,0.005254477542090347,0.012480793239426996,-0.010425511724697474,0.021249946523136293,0
2024-09-05,811.7525024414062,813.947864316631,810.0505324148638,812.0238589250097,22876318,58.38034644729975,1.6272497196811173,1.126433902968981,0.5008158167121364,819.0759268431523,806.3333038330078,793.5906808228633,806.3333038330078,809.374208984375,806.2930189054853,800.429881256079,807.2889193554439,805.6616696357628,807.3036378490045,0.0022230171497106266,0.004526094733850722,0.004801133214921632,0.0022230171497106266,0.011370986740756095,0.004210968860349551,0.00867392257972921,52621155.3,0.4347361411884471,0,1.2698791294910734,1.687798940052403,8.36902617047215,0.010309824910057781,0.006771091164018808,0.014145675280836725,-0.00894108123769631,0.022885628646383802,0
2024-09-06,807.5592041015625,812.8872099026286,806.1532209716318,808.2252499925564,26029602,53.08212696843443,1.5282738797369575,1.2068018983225763,0.32147198141438116,818.806203708756,806.1914703369141,793.5767369650722,806.1914703369141,808.7373168945312,806.4136079717783,800.7094625441373,807.3305016240776,805.8022277443406,807.31073528883,-0.005165735032823582,0.00477920729936924,0.008338693803247046,-0.005165735032823582,-0.000244289773764117,3.0459583722608485e-05,0.007322800247828942,52223787.9,0.49842424394497054,0,1.151280847441285,1.6225753411472397,8.358453056207063,0.010350266598107975,0.0014206061485810874,0.008554590494860835,-0.013735850505590452,0.017619552697530388,0
2024-09-09,812.2705688476562,813.2572321563082,804.1799176724811,808.0772497858858,23792914,54.83520113985368,1.8091478438026343,1.327271087418588,0.48187675638404626,818.4987075574743,806.1002044677734,793.7017013780726,806.1002044677734,808.2474389648437,806.971413769481,801.1628392619224,808.0905119661666,806.2813641223639,807.1629329025262,0.0058340796837741404,0.004925882522906315,0.011175234991838734,0.0058340796837741404,0.0028626432367189203,0.012016451129114092,0.003994025332812123,52081202.7,0.4568426373917052,0,1.9601792767772395,1.9371690279834866,8.353166521439041,0.010283724219245597,0.006566719697569061,0.013864509237556435,-0.007609222412096119,0.023395272351493367,0
2024-09-10,814.169921875,815.9705945420105,808.0772877024264,815.9705945420105,26606646,64.79802168037848,2.1601040646245337,1.4938376828597772,0.6662663817647565,817.360405000804,805.8597106933594,794.3590163859147,805.8597106933594,807.9173999023437,807.6569859700068,801.6729209330235,809.0258057982949,806.8657017336703,806.8361138342548,0.0023383255533169223,0.004419761914034806,0.009694913343649698,0.0023383255533169223,0.002978025230994996,0.007939757673309566,0.007693512310503525,51445725.2,0.5171789472607142,0,2.3842946897776756,2.1127071489755735,8.215741400241996,0.010090941926866421,0.008063987581524004,0.015588652947678321,-0.0039033981904235612,0.024939485900492053,0
2024-09-11,810.9879150390625,815.2305552034559,808.6692201411954,814.1945707781381,22226684,57.50885502531903,2.156617891009887,1.6263937244897995,0.5302241665200875,816.1643439034317,806.8636413574219,797.5629388114121,806.8636413574219,807.3125769042969,807.9742173099169,802.0382148195349,809.327668758413,807.1710508674031,807.5643571756826,-0.003908283455877903,0.0045550472840155945,0.008090546037229706,-0.003908283455877903,0.0042457703659195545,0.0012790261044759443,0.004153711273725547,49854307.3,0.44583277160487195,0,2.255880881897042,2.0704813669385658,8.243929577827155,0.01016529275584837,0.003729942941966007,0.011158695501237857,-0.006342385455865581,0.016832497567724633,1
2024-09-12,822.1865234375,823.8638631072175,812.541925723635,815.970556634334,32424046,70.70247291969238,3.02264599883938,1.9056441793597156,1.1170018194796643,817.6760735423309,808.3140380859375,798.952002629544,808.3140380859375,806.68111328125,809.3277702744485,802.8283445692591,811.3059540936571,808.2833080948177,808.4129977514093,0.013808600832107443,0.005573065117952172,0.013770521725710536,0.013808600832107443,0.012207698973891512,0.012853697358139016,0.017118792737804034,49858788.2,0.6503175702934553,0,3.0347513689632706,2.3984633131800592,8.776022440383802,0.010674004243820383,0.015888189724036,0.024112475598537957,0.0055161818244589085,0.029081247348383306,1
2024-09-13,821.8658447265625,825.8371886289187,817.4752411837702,825.8371886289187,23860532,65.09863821923851,3.6411307331741227,2.252741490122597,1.3883892430515257,820.1621826113036,809.1490020751953,798.135821539087,809.1490020751953,805.6678100585938,810.5218726032214,803.574913202879,812.9305526525656,809.2894219193914,808.9117053978924,-0.0003900315826106393,0.005174684686265127,0.010174345969968588,-0.0003900315826106393,0.009452477480178967,0.01771590312182325,0.017746902324580205,49659352.5,0.4804841545205407,0,4.108264631443035,2.865450658741679,8.566354377869361,0.010423056795503427,0.013995886485958413,0.022761949412755753,0.0020772258845618073,0.029731810735816395,1
2024-09-16,824.3324584960938,827.7118283198007,820.9285184448568,822.383822656841,15172820,68.67253582870137,4.280971088035244,2.6583874097051265,1.6225836783301175,822.8502808925302,810.1208618164062,797.3914427402822,810.1208618164062,805.1133032226562,811.8371664977806,804.3889345869267,814.6846920131084,810.4037209250731,809.233080262483,0.003001236497852,0.005144786497159453,0.008228852091205241,0.003001236497852,0.016454676092662268,0.014849595825624062,0.027044486397263867,49442885.3,0.3068756992626399,0,4.865752728299526,3.2260953250042803,8.51525670514023,0.010329881611935314,0.015391377130733196,0.024793384209603243,0.001801272525490085,0.03378643701420623,1
2024-09-17,823.2718505859375,827.8104775064535,820.9778464556504,827.8104775064535,20127122,67.5331642673068,4.6488776172384405,3.0564854512117896,1.592392166026651,824.8507741992331,810.8879943847656,796.9252145702982,810.8879943847656,805.3175427246093,812.926184029986,805.1294410966918,816.0057933320052,811.3569157147667,809.5891659364765,-0.001286626408101399,0.005174720644840882,0.008299361925152923,-0.001286626408101399,0.0013200497910130782,0.011179396912595507,0.019207916288324745,48892516.7,0.4116605844509534,0,5.269198059979203,3.4565201636683014,8.666777395186866,0.010527236403162046,0.012726452609342848,0.02253353133445639,-0.0019141930427699935,0.03306036191845858,1
2024-09-18,836.0985107421875,838.1211584780381,824.4065144173259,824.7765131575844,40917342,74.4671530804111,5.907354168340817,3.6266591946375955,2.280694973703221,829.9149483049345,812.589990234375,795.2650321638156,812.589990234375,805.9041149902343,815.1330722882909,806.3439144161231,819.0969806258794,813.1896264575386,810.9335945695021,0.015580102911475713,0.0064090773086503666,0.016403143749817224,0.015580102911475713,0.017317505170640457,0.03096297150360816,0.032281600056909276,48556838.6,0.8426689871032913,0,7.158854978374052,4.30569959658817,9.260539091709648,0.011075894733372097,0.02572026478454755,0.036900627380079924,0.007450838727369238,0.05134574880938645,1
2024-09-19,842.8571166992188,848.0370989791965,838.2444778560398,838.2691083056365,30651776,78.18891194435514,7.365167848331225,4.374360925376322,2.9908069229549037,836.0553525417079,814.4942474365234,792.933142331339,814.4942474365234,806.6145129394531,817.773457470284,807.7758047017347,822.7523861756239,815.3872183272927,812.0581324354678,0.008083504360068439,0.006493709008345987,0.01161836440499707,0.008083504360068439,0.02247231443114739,0.02514100228169225,0.03831785447444025,49024395.5,0.6252351648068766,0,8.44568719583549,4.947460132475612,8.673824945594147,0.010290979068388741,0.03067311490706606,0.04342951570632589,0.008135542864276528,0.06296113972622708,1
2024-09-20,858.989013671875,860.8390072921377,842.3884524296358,846.8037464482039,60623386,88.14696089690099,9.71027099886794,5.441542940074646,4.268728058793295,845.8652921365808,817.3592681884766,788.8532442403723,817.3592681884766,807.7501623535156,821.6987485371022,809.7841658378187,828.3272519442778,818.6169809454099,814.7372748847072,0.019139539375109926,0.007214736608493366,0.02147938398377449,0.019139539375109926,0.043384409488210984,0.04516937792647102,0.0636854973717127,51038893.7,1.1877880103815808,0,11.176875933880865,6.20925263493973,9.160102121449532,0.010663817552559057,0.045381917887987386,0.06076291672503622,0.01551514367275293,0.08890851364760509,0
2024-09-23,868.1650390625,871.3963251528371,858.5203814686755,862.8370332933276,26965350,88.76231818897459,12.168934797556403,6.787021311570998,5.381913485985406,856.4353272318189,820.3155578613281,784.1957884908373,820.3155578613281,809.1107702636718,826.1241095395211,812.0736118466298,834.4561422701581,822.2872074726017,816.2094768502914,0.010682354773550173,0.007373119485358224,0.014831216536968436,0.010682354773550173,0.038352571985623696,0.05317342549676396,0.06881262519967901,51268947.9,0.5259587158409389,0,14.286943041740528,7.684677259703108,9.538910351638972,0.0109874389343525,0.05088936279369982,0.06907185062733426,0.013695969161610911,0.10707689559677323,0
2024-09-24,872.2350463867188,878.9443447710721,865.4270455398441,870.7303607683197,33039036,89.02631365584045,14.28123397284753,8.285863843826304,5.995370129021227,865.914440866607,823.5296142578125,781.1447876490179,823.5296142578125,810.5448864746094,830.5156273344923,814.4328837893784,840.2682813650135,825.987047392166,818.2836604920525,0.004688057156291059,0.0073410425213609265,0.015497312665002547,0.004688057156291059,0.03485517189740217,0.05947390982205114,0.07131818917849131,51132237.5,0.6461488410320397,0,17.58944330450629,9.30344269268653,10.053383903379995,0.011526003162824844,0.05023315357246601,0.07097228482278312,0.0072993418538973105,0.11661123543031224,0
2024-09-25,877.6863403320312,882.0770041306025,868.3377295053485,868.3377295053485,31965312,89.50640581160272,16.208281174506965,9.870347309962437,6.337933864544528,875.0851648414647,827.0322692871093,778.979373732754,827.0322692871093,812.0939477539063,835.0080761914007,816.9134114969333,846.0249058214778,829.8166246469708,820.3772265919388,0.006249799257544986,0.00728861895271902,0.015653968842737575,0.006249799257544986,0.02176666565295382,0.04974034644904113,0.08224342688233044,51384443.7,0.6220815036283053,0,19.875003903109814,10.569497080810265,10.749339306283868,0.012247358552051025,0.051111199229703974,0.074393354276968,0.002972482673772449,0.12671319668746567,0
2024-09-26,879.832275390625,882.0769584056752,872.2350164313859,874.7016745924757,31899644,94.39396484240267,17.704551936327334,11.437188235235418,6.2673637010919165,883.2250378586166,830.6064544677735,777.9878710769303,830.6064544677735,813.7091149902344,839.2770475437078,819.380817924137,851.2260396013467,833.5214876650193,822.793983803233,0.0024449908355437255,0.006680914609411896,0.01118615700920916,0.0024449908355437255,0.013438961261010851,0.04386883370719774,0.07011274243721788,50526795.7,0.6313411242106532,0,21.503590073423766,11.605013222402249,10.97133595223333,0.012469803915027229,0.0483216215260613,0.07377699861175535,-0.003841334113690161,0.13090744483293354,0
2024-09-27,864.6377563476562,877.2423442796407,863.3304153886946,876.6503703689774,35613502,78.49672646883769,17.462984182914624,12.642347424771259,4.820636758143365,886.997981546101,833.4616119384766,779.9252423308523,833.4616119384766,815.0692297363281,841.6923531440839,821.1555998230986,853.2893806392403,835.8263964563257,835.6686998897683,-0.01726979046798749,0.009161188214318803,0.016089892893079216,-0.01726979046798749,-0.008710140770580965,0.006576035997986507,0.0520424493797087,30040365.8,1.1855215824302645,0,19.99360460698165,11.37143398527985,11.50166063209785,0.013302288209900039,0.02726103322414822,0.05295239603057575,-0.025208879460434888,0.10861619732121464,0
2024-09-30,854.47509765625,864.0456833682003,850.701098537286,862.738402689165,26383534,70.12318426322865,16.264016911463045,13.366681322109617,2.8973355893534283,888.3094874753208,836.0540740966796,783.7986607180385,836.0540740966796,816.3000927734375,842.9097573833378,822.4622467969476,853.4717986418573,837.2077817303942,838.336036302025,-0.011753660555299694,0.010140192522469905,0.01561728933647958,-0.011753660555299694,-0.02644594271229106,-0.015768823657116293,0.03656611946974442,29657058.5,0.8896207289067457,0,16.78564784381672,10.38863495031785,11.933328558582568,0.013965683249651906,0.013720733651031287,0.03892318581670512,-0.03808851565374144,0.09017167351812617,0
2024-10-01,851.5890502929688,859.3837142697525,848.5797393423385,850.5037447767241,24572284,70.33103191121951,14.909084166543039,13.675161890996302,1.2339222755467372,889.1635991455881,838.2457000732422,787.3278010008963,838.2457000732422,817.1254357910157,843.7363567080646,823.604474385027,853.1821450497206,838.2730608831775,841.0360543901198,-0.0033775675513509906,0.010111297636934765,0.012686841057546727,-0.0033775675513509906,-0.03210069224286749,-0.023670220749873794,0.03439592849783146,29021529.7,0.8466915512037948,0,13.22072937357234,9.171590595648581,12.236374263236396,0.014368872238348726,0.009307046593964915,0.03397817372087186,-0.04225830756986159,0.08161943374840801,0
2024-10-03,829.7838134765625,851.5644172954591,825.5164827720641,846.3844351066934,48473398,53.43903269227794,11.938173988826406,13.327764310562324,-1.389590321735918,888.5833467830332,839.2372924804688,789.8912381779044,839.2372924804688,817.7529528808594,842.4075430669691,823.8468014082243,849.5824017307732,837.6442277419468,841.9171606290606,-0.02560535132398034,0.012286241362770806,0.031391229981049346,-0.02560535132398034,-0.040310456737768896,-0.054578184317357725,-0.0075525756648215925,30211062.4,1.6044916712362953,1,7.399466875568351,6.933389911290988,13.178989938432794,0.01588243796081838,-0.01498529980447128,0.007206451561370224,-0.06617222066938859,0.05050388378871126,0
2024-10-04,817.771240234375,834.0511850540141,815.4772359655595,826.083866681385,48683232,48.32392603948265,8.516222291935833,12.365455906837026,-3.849233614901193,888.2478384138321,839.5382293701172,790.8286203264022,839.5382293701172,818.2818041992188,840.0612285114839,823.608544107289,844.6883768851735,836.1721545932377,841.5009138421152,-0.014476750506686953,0.012944027325350554,0.022712891056343887,-0.014476750506686953,-0.042954859097182,-0.07053734773334652,-0.029762905204009704,31501408.1,1.5454303453819258,1,0.7841809677761375,4.227726183152072,13.90841862724037,0.017007713090098627,-0.02653376625487748,-0.0070874736726306235,-0.07934339396233048,0.0340688478078255,0
2024-10-07,798.1119384765625,818.4371776300311,795.7439225540929,815.0824984433904,94458296,40.591265146394896,4.169891650820546,10.72634305563373,-6.556451404813185,889.242376721131,839.0658660888672,788.8893554566034,839.0658660888672,818.2936450195313,836.0660580319676,822.6086772198096,837.5227709761564,833.3528793253358,837.6587493332536,-0.02404009922405448,0.014357371235940239,0.028433674503422532,-0.02404009922405448,-0.06279685230570864,-0.07694068109182228,-0.07087060978240511,34922842.8,2.70477110185314,1,-5.626295112116281,1.4530773967110235,15.044843284454243,0.01885054283634933,-0.04539607748787943,-0.029779334234643986,-0.10248098901965315,0.011690591280219658,1
2024-10-08,814.5151977539062,817.351854577489,800.1838900610866,804.1305430330278,29734406,47.16950310198738,2.025648821349364,8.986204208776858,-6.960555387427494,889.1117081636272,839.1780975341796,789.2444869047321,839.1780975341796,818.6182568359375,834.0135951483427,822.2912858682056,833.9831443265793,831.95749550523,837.4576013432885,0.02055257976550795,0.01559823111664625,0.02107752508945755,0.02055257976550795,-0.018400715312443916,-0.04676543530870614,-0.06179682306319112,35219917.4,0.8442497369400418,0,-8.896162234995131,-0.1709609287420335,15.931077930891629,0.019558969525458714,-0.02337899227046573,-0.009456610142826772,-0.08390004284590147,0.03201886268256512,1
2024-10-09,805.6846313476562,817.3272467507278,803.4892692768091,813.750592132383,41125642,39.90832246804309,-0.3818304742771943,7.112597272166047,-7.494427746443241,889.7157163995641,838.7538330078125,787.791949616061,838.7538330078125,818.8955090332031,831.3155985958963,821.6400445144586,829.6295269452066,830.0113574194838,836.7349817956277,-0.010841499864706061,0.015073001841326972,0.017175426879835295,-0.010841499864706061,-0.014779938804468928,-0.05390442600162626,-0.07629871708864622,35945867.2,1.144099313870497,0,-12.4207581121683,-1.964429870568324,15.85884004387864,0.019683681960461132,-0.030831813202508294,-0.01941898191711322,-0.09444711777370718,0.02271244551345758,1
2024-10-10,820.114501953125,821.6191272702827,805.363874384187,808.5705299330368,21754766,42.81929439206771,-1.1125800681435294,5.4675618041041325,-6.580141872247662,889.2808558232126,839.2101623535157,789.1394688838187,839.2101623535157,819.3577587890625,830.2488274870609,821.5802193159749,828.1656769464248,829.2782570145683,836.8747118233779,0.017910073053438058,0.01581610354996144,0.019820711434053753,0.017910073053438058,0.027568267577303907,-0.011652808076510701,-0.06559500328685375,35922271.3,0.6056066393552348,0,-12.158715579908176,-2.2665820922494504,16.167173233099113,0.019713312219935813,-0.012206371389418007,-0.0017840222152259249,-0.07777785096482248,0.03925165866195775,0
2024-10-11,814.4906005859375,821.1258875682706,810.6672800804614,821.1258875682706,23672594,34.95162223816604,-2.121056012080544,3.9498382408671975,-6.070894252947742,889.5607877149655,838.8253662109375,788.0899447069096,838.8253662109375,819.7055578613281,828.7480439726683,821.3021950520518,826.0618190448114,828.1828750568919,836.9517303898729,-0.0068574587497161055,0.01464694961494859,0.012840673029603272,-0.0068574587497161055,-3.0198537776304768e-05,-0.00401168381453143,-0.07426605801165609,35484698.7,0.6671211780642793,0,-11.313184538815676,-2.306349055237206,15.596319849192493,0.019148557193873858,-0.0172035922020239,-0.008293651845996397,-0.08439017115610778,0.03349954666512882,0
2024-10-14,832.7931518554688,834.741848018609,815.9705545228965,816.9819085005773,18527508,38.73346908130609,-1.426968333982245,2.874476925897309,-4.301445259879554,889.5706750793437,839.3717315673828,789.1727880554218,839.3717315673828,820.191982421875,829.1332923424587,821.7528208090486,827.0974087079894,828.5243770419717,837.2277039120742,0.022471163272313355,0.015828172445006818,0.02254016312921152,0.022471163272313355,0.03364656523541787,0.0434540716745897,-0.03682999528808839,35218047.5,0.5260799310353591,0,-6.932765689508869,-0.8558564107610209,16.123127259800338,0.019360302403877722,0.004414078588824027,0.013435099663607536,-0.06382575866589887,0.055273527496469556,1
2024-10-15,830.81982421875,837.6771462351046,826.5771840500105,835.7038196244212,19651130,36.629989860382224,-1.0243221488403833,2.0947171109497704,-3.1190392597901537,889.5686474233313,839.6960998535156,789.8235522837,839.6960998535156,820.438154296875,829.2939144259151,822.1083895702133,827.6700880173371,828.6944101661775,837.350420842548,-0.002369529134962467,0.015681318433244433,0.013360251960203058,-0.002369529134962467,0.013053448317436045,0.02001758409150023,-0.027683982251073602,35441963.0,0.554459412984546,0,-4.719680722427597,-0.18289629799232898,15.950460327933635,0.019198458995525813,0.0018400108408985875,0.010596455113529439,-0.06604192197504875,0.051905608305188124,0
2024-10-16,838.565185546875,842.585790426718,828.8465156450762,828.8465156450762,20470682,37.55491412756581,-0.07932184486060123,1.6599093197876962,-1.7392311646482974,889.7384245126191,840.4607666015625,791.1831086905058,840.4607666015625,821.2674450683594,830.1768926279112,822.7537541183176,829.3462568680352,829.4255787128958,837.7089853734351,0.009322552378198568,0.01584671633913744,0.016384265670034426,0.009322552378198568,0.029557842587279115,0.04081070051469138,-0.0152936028729036,35459141.0,0.5773033813763283,0,-1.1387059679850609,1.1137096038589789,15.950460339104186,0.019021133495664984,0.010104223561813156,0.01921769587730572,-0.05751492523634208,0.059887624414519745,1
2024-10-17,825.4178466796875,837.5044718768119,821.4958240034423,836.1724403142362,14695732,33.822227157977565,-0.38682360357097423,1.2505627351159623,-1.6373863386869365,889.633075867929,839.9267333984375,790.2203909289459,839.9267333984375,821.9773498535156,829.7236501566518,822.8582283364105,828.741886069828,829.1287096733989,837.7926582742822,-0.01567837431578245,0.01609413967630121,0.019394598672376296,-0.01567837431578245,-0.008856106896831473,0.006466590596718502,-0.005261571418925137,34148060.5,0.4303533432008532,0,-0.5251773304090648,1.2780090204356611,16.466704594043,0.019949537873795317,-0.005189442865888428,0.0031106431887444152,-0.07218170156903503,0.04454131550486203,1
2024-10-18,829.7098388671875,834.2238355924767,816.0198853262701,820.4598702584595,24809724,38.89583770733749,-0.28095439553999313,0.9442593089847713,-1.2252137045247644,889.1599392937561,839.2693695068359,789.3787997199157,839.2693695068359,822.5530676269532,829.7223347957505,823.1269189454607,828.8908018848063,829.1717562803462,837.1466151487999,0.005199781183269581,0.01583342770159963,0.021940140291768297,0.005199781183269581,-0.0013360121162325767,0.018685591055687345,0.014598946557952797,33855957.9,0.7328023053809386,0,0.9742908230822422,1.8247238934088728,16.58828247006273,0.019992871836630146,-1.5060373861183922e-05,0.007997454305297674,-0.06686097494876879,0.05109212353002371,1
2024-10-21,852.8223876953125,862.4177242903107,844.1151323678729,846.063768270474,46548354,49.51454813786417,1.6489294135146793,1.0851933298907528,0.5637360836239265,888.4127607624911,838.9610382080078,789.5093156535246,838.9610382080078,823.4015979003906,831.922339833804,824.2914471317295,832.5725843171917,830.9236549036771,836.7203649028017,0.027856182662219453,0.01755996396139702,0.021461200112134957,0.027856182662219453,0.017001900858953034,0.024050673081567053,0.06854984442806522,33152206.3,1.4040801260337235,0,2.7890474913452863,2.538626322680898,17.92908444240223,0.021023233795320753,0.025122594815381153,0.03461268543166569,-0.04006062794126539,0.08019293855878046,0
2024-10-22,845.841796875,858.3970631644344,843.9424218629189,853.4884373802005,38875280,48.35150714294968,2.5852991766693094,1.3852144992464641,1.2000846774228453,885.4961331516107,837.8448760986328,790.1936190456548,837.8448760986328,824.0365161132812,833.248002409156,825.1365588863675,834.6140016337777,832.0287024571084,836.2794629406452,-0.008185280922534233,0.017677811656898117,0.017089060099558576,-0.008185280922534233,0.02474377102151304,0.01808090300490317,0.038460423092754326,33747702.8,1.1519385550592203,0,3.9540879832409246,3.028169316154276,18.189846326266622,0.021505021853341622,0.015114100999260433,0.02509310460874132,-0.0447820547058462,0.07042347152404682,1
2024-10-23,856.3251342773438,861.603759041874,841.1551854708522,841.1551854708522,38036090,58.141683220777864,4.125737739137776,1.9333191472247264,2.192418591913049,882.7756387186762,837.0493804931641,791.323122267652,837.0493804931641,824.7834228515625,835.4458244918407,826.3596402742489,837.954175886634,833.8284381474962,835.4708740075991,0.012393969464591148,0.01636869551353808,0.02387945040090229,0.012393969464591148,0.032077835121847365,0.021178972173625965,0.06285400137890429,33997555.5,1.1187889670479396,0,5.268931863929424,3.60588615593133,17.788132472703563,0.020772638523234566,0.024991817749766027,0.03626204928540555,-0.029962884430889597,0.0821434508616644,0
2024-10-24,863.15771484375,872.5310159915173,857.4597103207274,857.4597103207274,30832258,64.37950609243421,5.830666256464383,2.712788569072658,3.117877687391725,879.7339819017997,836.32294921875,792.9119165357002,836.32294921875,826.2283911132813,838.0850521444034,827.8027020220725,841.831643418498,836.0009771620336,834.8739795628483,0.007978955998030335,0.015675864360041356,0.017460662647866318,0.007978955998030335,0.01211896790886069,0.04572213735851993,0.052484394298742965,33940902.8,0.9084100732877384,0,8.361401987751606,4.944473685661933,17.61898480311206,0.02041224274558152,0.02991660886349574,0.042709467769694254,-0.018842363031396452,0.08859218387706877,0
2024-10-25,860.0744018554688,867.2030200365818,852.8223905419693,865.7970368926951,26130478,71.93508449343909,6.854027833578584,3.5410364219738435,3.3129914116047408,875.3429776877084,835.3350555419922,795.327133396276,835.3350555419922,827.5663073730469,840.1792759264097,829.068258878284,844.6382216395704,837.7841938059918,833.8044967259414,-0.0035721316455352703,0.013690340327754338,0.016720215673886714,-0.0035721316455352703,0.016826556730882514,0.03659660469946746,0.05596602494459568,33652444.5,0.776480828903826,0,10.456941130659175,5.941339932823325,17.025225833017373,0.019795061678720183,0.023679619932450782,0.03739878187971581,-0.017442963754130843,0.08140960585954511,0
2024-10-28,855.5357055664062,863.8237012026692,852.9210840084185,859.383716444917,22012142,65.85321668767597,7.215637025254864,4.275956542630048,2.9396804826248157,873.6730243700949,834.8799530029297,796.0868816357645,834.8799530029297,828.5736901855469,841.6417930349808,830.1061979640929,846.3147576283144,839.0991206030595,832.7244810007744,-0.005277097282829213,0.013229974165001976,0.012743614466719058,-0.005277097282829213,-0.0009218796451696543,0.003181574393733122,0.027308766480928615,32972376.5,0.6675934323387336,0,9.719453201176748,5.814750832363416,16.429704482540533,0.019203996251288272,0.01650810671048511,0.030634041360830026,-0.02075984756055095,0.0746763014213837,0
2024-10-29,864.2430419921875,870.2370336046123,851.0464203091243,851.5644426318723,35794926,72.6526755496707,8.111321924205868,5.043029618945212,3.0682923052606554,875.425512003054,835.3683502197266,795.3111884363992,835.3683502197266,829.7606457519531,843.7942929356672,831.4448977299005,849.0729552227564,840.9616332985505,833.3485723608288,0.010177642346343108,0.012645205950338809,0.02220511171400495,0.010177642346343108,0.0012573914706119904,0.02175494895756125,0.04022920108444272,33442946.1,1.0703281311690418,0,10.546290526511143,6.308338843532965,16.812035612652625,0.0194529024774082,0.024234282250685243,0.039447165232279355,-0.012773753857458388,0.08667280752243653,0
2024-10-30,855.7330932617188,865.6737383463702,850.6024319063034,859.3837596235229,32715724,64.4400290000668,8.041776326090712,5.642778960374313,2.398997365716399,876.026926664871,835.575552368164,795.1241780714571,835.575552368164,830.7167236328125,844.9313215381483,832.3973759860503,850.0975918441352,842.0558155180445,833.7878233430362,-0.009846707832153578,0.012657845272675272,0.017612157994989868,-0.009846707832153578,-0.005047596561860601,-0.0006913740960372561,0.020472955484847066,33850118.1,0.9664877358286085,0,9.485497046307614,6.037735711801361,16.727468009364852,0.01954752964572903,0.012784200855409746,0.02803434747499676,-0.023165764413672817,0.0762257228012689,0
2024-10-31,856.2756958007812,857.8543931673494,848.234426273393,852.4770662952162,22895912,67.66788838633387,7.938929392494401,6.102009046798331,1.83692034569607,878.2773603997066,836.900146484375,795.5229325690434,836.900146484375,831.8010656738281,846.0117381345895,833.3337806846672,851.0480693759268,843.1091399834324,834.36604841975,0.0006340791811547675,0.012358634241831316,0.011234660683624696,0.0006340791811547675,0.0008649437183747555,-0.007973072504153578,0.03738451893816208,32571243.8,0.7029486543587261,0,7.926685990186002,5.531078662594723,16.667565109803938,0.019465185327041872,0.012132169334698921,0.027530283360486074,-0.0250509299122914,0.07636833678137256,0
2024-11-01,857.0651245117188,860.419743696405,851.5397737386437,854.9437742666823,1759692,62.04703065377843,7.830853550891334,6.447777947616932,1.3830756032744018,880.1491221892041,838.8648406982422,797.5805592072803,838.8648406982422,832.8469287109375,847.064441599078,834.2644216190614,851.9737701660487,844.1429166151573,835.3910233978519,0.0009219328713974129,0.011113466793095494,0.010360904561156136,0.0009219328713974129,-0.008305438553399047,-0.003498857002670941,0.03296970141016975,30225066.8,0.05821962319037786,0,6.885165672668336,5.196162740777368,15.855331004453214,0.018499563861598272,0.011806283467361199,0.027330307156582197,-0.026227371130097057,0.07458126281758982,0
2024-11-04,845.6197509765625,860.8637106769045,844.0411138190809,860.8637106769045,28089248,56.714393627249,6.743916999242401,6.507005757942027,0.23691124130037444,877.854412290444,841.2402313232421,804.6260503560403,841.2402313232421,833.7255517578125,846.9268520159812,834.7097286526889,850.9962287522816,844.2523117530392,841.6556219383356,-0.013354146852815663,0.011819471865120616,0.01989380787096802,-0.013354146852815663,-0.011818337241824017,-0.01159034570424955,-0.008445646857623612,26906614.4,1.0439532667476739,0,5.285058981000475,4.603530688596038,16.26409062393389,0.01923333815837595,-0.001543345846583307,0.013070438679903177,-0.03671982604698286,0.05094751854278496,1
2024-11-05,867.2030029296875,869.5956493162819,837.6277954866241,840.1437747820238,44232406,61.54300711274508,7.537215674419258,6.713047741237474,0.8241679331817844,879.9706325207385,843.8746215820313,807.7786106433241,843.8746215820313,834.8888269042968,848.8579140077627,835.9839747027673,853.4895786257287,845.9523629513094,844.6416544971586,0.025523590157632503,0.013355817726318542,0.036863172430976594,0.025523590157632503,0.01276143557792686,0.003424917290253182,0.02525437514864759,27631514.4,1.600795575648941,1,5.063621072095543,4.539076972866837,17.566131984506463,0.020256078363615534,0.02161149542131386,0.03734405104837091,-0.014509154191290688,0.07356519658156971,0
2024-11-06,865.92041015625,873.9370497603172,861.0364145993881,873.9370497603172,27787910,68.05191032069362,7.970536686726177,6.964545530335215,1.0059911563909623,879.4440630769781,846.8864105224609,814.3287579679437,846.8864105224609,836.0481567382812,850.482913640952,837.1579525636882,855.4020142458089,847.4314775590827,848.5225409204072,-0.0014789994604544887,0.012373518622665664,0.014898176564057777,-0.0014789994604544887,0.010332103583815977,0.011904783132438146,0.011205178377724279,26964627.8,1.0305319326528957,0,5.551592102803738,4.7605765776379485,17.268365814327638,0.019942209020355192,0.01815144815691763,0.034357264963535784,-0.015377502093097123,0.06335482037628985,0
2024-11-07,861.62841796875,868.7323455565536,857.4104082699865,860.5184217555121,18895456,64.22604591037293,7.876819736263087,7.1470003715207895,0.7298193647422977,879.5680051296112,848.9621063232422,818.3562075168733,848.9621063232422,837.1280603027344,851.5443902435994,838.1175786580045,856.3599225108768,848.4831027746137,850.3492048007168,-0.004956566604921053,0.012562357895350996,0.013140162337330985,-0.004956566604921053,0.018931283208203142,0.006251166761148008,-0.0017717467488277405,26821662.3,0.7044848968961928,0,5.532652109009973,4.7837979733373,16.7767934586391,0.019471030793285153,0.011842045864767968,0.02805195823286644,-0.020395906918212213,0.0528769868846929,0
2024-11-08,865.5256958007812,869.1517316326272,861.2830556229201,864.3170573375987,19902986,56.832062647346724,8.024524405706075,7.322505178357847,0.7020192273482273,878.288804947294,851.5138610839844,824.7389172206747,851.5138610839844,838.2716027832031,852.8759431538073,839.1924067812507,857.7700414785544,849.7455170728483,852.4605636092596,0.004523153775752853,0.010327536202450149,0.009091210171902541,0.004523153775752853,-0.0019341574270842488,0.009871561736784606,0.0063381655512038115,26633181.9,0.747300344162032,0,5.811501554729261,4.927985162189316,15.002564214823662,0.017333470615154115,0.014831878831283589,0.03137932231838548,-0.01453179076702301,0.04945416995423932,0
2024-11-11,871.3717041015625,879.5116762015548,863.9223481240455,865.5750573030832,24565362,63.90006938702808,8.51514810626395,7.561033763939069,0.9541143423248819,880.0973723065308,853.4427886962891,826.7882050860474,853.4427886962891,839.5483447265625,854.6374441964506,840.4543400094983,859.8626049590171,851.3474568527531,854.1803676325369,0.006754286243775276,0.010062078571219935,0.017890560370654764,0.006754286243775276,0.006295375280886306,0.030453348677417225,0.018510038134144313,26935074.6,0.9120213091965967,0,7.710592180469348,5.744611356809401,15.083613270251792,0.017310194030002293,0.0195805367746856,0.036786488712420455,-0.009914435015412403,0.05392372404596066,0
2024-11-12,847.6423950195312,875.6636561032956,842.9311140165652,874.1836611915717,31395406,45.868498733174334,6.9095648325646835,7.430739977664192,-0.5211751450995088,878.9177131527814,854.2839172363281,829.6501213198748,854.2839172363281,840.4486755371094,853.971249036744,840.7362245196957,857.9825726606347,851.07300782807,855.0535030875274,-0.0272321317875448,0.012292038466978562,0.03861598036985418,-0.0272321317875448,-0.01623208178554525,-0.022555973450361977,-0.019208308503577576,27522288.4,1.1407265828956288,0,5.1133350289812824,4.7522498169283836,15.961039592802406,0.01882992130476748,-0.007411085589065799,0.008214431944788571,-0.03558389786122514,0.02168657996582092,0
2024-11-13,829.463134765625,853.1677439816382,825.3438276461692,846.9270867373347,35728500,35.52966401576907,4.122690340522013,6.7691300502357565,-2.6464397097137438,879.9752198283156,853.8288146972657,827.6824095662157,853.8288146972657,840.8828076171875,851.637142915685,840.2941425685557,853.5949668306331,849.4722764901111,854.5149770301365,-0.0214468511258068,0.0131850400300204,0.03354448819878051,-0.0214468511258068,-0.04166550018112558,-0.04210233984904743,-0.03069877594188042,28285179.3,1.2631526786892244,0,1.1542292747329839,3.1361900048674443,16.790899208609225,0.020243092796829,-0.026036919989356658,-0.012889543380396745,-0.05740171305340349,0.0021514595197722744,1
2024-11-14,835.087158203125,841.05645917869,824.8998474928816,825.39317914741,27146470,39.498254886599696,2.3408994846137148,5.8834839371113485,-3.5425844524976338,878.5334353862609,854.3122802734375,830.0911251606142,854.3122802734375,841.3855114746094,850.0609538954412,840.0899471032448,850.7476116571703,848.4067121725566,854.2071768015154,0.006780317535256319,0.013424078978928264,0.01934721606852749,0.006780317535256319,-0.04164072086303183,-0.03080360305222385,-0.024744994750599436,28907716.2,0.939073492080291,0,-1.4834363481581931,1.9723684452402495,16.91775507940893,0.020258669904362113,-0.017614967048772398,-0.00595506340406776,-0.04945318576752179,0.00601865613434204,1
2024-11-18,841.1797485351562,847.987749103584,836.1971111266544,838.6637692715708,27081968,44.04420910192159,1.4042511825729207,4.987637386203663,-3.5833862036307425,877.1154903965121,854.885775756836,832.6560611171599,854.885775756836,841.9740563964843,849.2151248135093,840.1326844143002,849.275632715322,847.8713815327491,854.8055750787619,0.0072957538290263635,0.013608695080355093,0.014016787728736923,0.0072957538290263635,-0.007624260563590668,-0.028128508932481977,-0.01853461950818802,29021328.4,0.9331746509577419,0,-3.660818340297965,0.9402776330495044,17.060467486995233,0.020281595600351292,-0.009462121014528153,0.0012463080419088603,-0.040970365082836004,0.010236744576818778,1
2024-11-19,859.507080078125,865.1803941380466,839.9957889401087,845.5704607570133,50981272,48.180449576265225,2.1164164116657957,4.413393191296089,-2.2969767796302936,877.5200015928343,855.2200103759766,832.9200191591189,855.2200103759766,843.0130139160157,850.195311029187,840.892464636411,850.8497015403686,848.7332851287028,854.9475989620242,0.021787651895904814,0.014663120176748482,0.029301219014564436,0.021787651895904814,0.03622095311202633,-0.013616030871315354,0.016422664070375292,29242974.3,1.7433682181911296,1,-4.4421331672635915,0.43812462691266774,17.488609765741653,0.020347255038494882,0.010952505769134185,0.022136737126979365,-0.020527077994818448,0.031920304840130184,1
2024-11-21,858.989013671875,867.7703408111802,855.5356922473849,863.0343691875372,35716512,51.3327647003859,2.6089346822608377,4.052501489489039,-1.4435668072282013,877.7850130990156,855.8773712158203,833.969729332625,855.8773712158203,843.9473828125,851.0328065189668,841.602133226037,852.1019034067542,849.4929687244934,855.6759543470064,-0.0006027482707913201,0.014405665216435921,0.014243079211800971,-0.0006027482707913201,0.028621989015110927,0.013386091492134877,-0.009471818282527855,29085035.9,1.228003022681502,0,-2.938442517777162,0.8659087063413153,17.28599134600798,0.020123646601854037,0.009348884193374346,0.020659263753515466,-0.021412987401985162,0.030000230774888465,1
2024-11-22,861.1597290039062,865.4517505554312,853.2417920363309,860.1484352390544,24773612,51.97291276086483,3.1382418474502174,3.869649561081275,-0.7314077136310577,878.1538668695973,856.1191009521484,834.0843350346995,856.1191009521484,844.8871789550781,851.9972753270563,842.3690977663456,853.4954150370853,850.3571731896351,856.0394545154586,0.0025270583179546335,0.014417235887641211,0.014178506156138294,0.0025270583179546335,0.02375233177396807,0.03821338515211714,-0.005497827625387308,28421912.0,0.8716377701823861,0,0.36013241137129626,2.0749551977899046,17.470990747803967,0.02028774704550161,0.01075408800260866,0.022306885767042657,-0.01935211869677349,0.03246121864652974,1
2024-11-25,880.8929443359375,889.7482832055338,870.6810037082952,880.6216480727867,427737274,58.34769180371896,5.091337381165658,4.113987125098152,0.9773502560675063,881.5211471547848,857.0058624267579,832.4905776987309,857.0058624267579,846.2852795410156,854.7492438040925,843.879836847506,857.710419544601,852.6190821634353,866.5850260232323,0.022914698246347953,0.015614825432511881,0.021645399273361742,0.022914698246347953,0.024881545194332277,0.05485150344231582,0.022358276451237336,48267162.8,8.861869005484616,1,4.6882899086513135,3.789889744261245,18.87874676522298,0.02143137470519162,0.03058639796566706,0.04386063734702075,-0.0007126349956264634,0.05814163899729187,0
2024-11-26,880.8683471679688,892.9302818593218,873.0983737208503,892.9302818593218,30935566,63.42289943906327,6.561557328584399,4.603501165795402,1.9580561627889974,884.7727544607046,858.0455596923828,831.3183649240609,858.0455596923828,847.458916015625,857.236777457795,845.3303666639948,861.2731776405037,854.7116203119193,867.2625731292085,-2.7922993511175775e-05,0.01499590539380026,0.022514043332618264,-2.7922993511175775e-05,0.025471028322664235,0.047182066261018285,0.01772639615626037,48507417.2,0.6377491894167475,0,8.021652644285723,5.197682249694594,19.093697570983547,0.021675994639120184,0.027567144027878798,0.04204034529626652,-0.0044128927716764075,0.05960409914489753,1
2024-11-27,894.06494140625,896.5562300169572,880.6709755435701,883.0143007972586,32714976,60.92716514319084,8.691383239973788,5.42107758063108,3.270305659342709,891.1252940385624,859.972021484375,828.8187489301876,859.972021484375,848.9028979492188,860.7442216433622,847.2415264578088,866.3180643736954,857.6266811337216,868.25604799808,0.014981346850194921,0.014011669594696399,0.017767450369322903,0.014981346850194921,0.038210347388637045,0.04020660460991654,0.026043119369001833,49042558.9,0.667073185693824,0,10.548910614175156,6.349061821397868,17.944940474107074,0.020071182352684555,0.03871152303441642,0.055265722330918914,0.0032988036445079165,0.07872190700352776,1
2024-11-28,884.6176147460938,905.8061839354122,882.07694483503,897.3702251985009,35722392,57.132074276851185,9.50737026615002,6.2383361177348675,3.2690341484151517,894.00879254792,860.9907501220703,827.9727076962205,860.9907501220703,850.1086010742188,863.0178781293366,848.7072554102907,869.1333798156029,859.6260095494529,869.3124616478433,-0.010566711904950399,0.014403865221801686,0.02682428961941148,-0.010566711904950399,0.004228289526105877,0.029835772828648244,0.04362124870560602,49038932.2,0.7284496296597583,0,11.9850716103698,7.105122184253673,18.718412184068004,0.021159890863625446,0.025028145029366438,0.0423118326217712,-0.010504569843280286,0.06841397853255815,1
2024-11-29,886.04833984375,890.2662893460416,879.561016559754,888.6383310231244,27669536,59.52288466555085,10.152462157512332,7.021161325690361,3.131300831821971,897.2467423840523,862.5065124511718,827.7662825182914,862.5065124511718,851.364130859375,865.2112554354712,850.1716116625832,871.7356813583947,861.5832192008824,870.1671508345083,0.0016173373374064326,0.014279466243044152,0.012082041469854195,0.0016173373374064326,0.005880552630180391,0.028901271159802233,0.0682190717181348,48786622.8,0.5671541584960867,0,13.213980108414944,7.802513896237656,18.674364719762334,0.02107601118360592,0.024083233172678985,0.042199395614970894,-0.012480850596957593,0.07040883224688572,1
2024-12-02,890.3156127929688,892.0176431336934,875.6636867426915,889.7236388960249,15110876,59.63935313299506,10.88258769618119,7.793446599788528,3.0891410963926624,900.9416402641943,864.2085083007812,827.4753763373681,864.2085083007812,852.4484729003906,867.6021466123758,851.745886216716,874.5941323483291,863.711544652148,870.7938506959377,0.0048160723939409955,0.014283514548518953,0.018368717964743493,0.0048160723939409955,-0.004193575253475523,0.010696723725190704,0.06613495854574025,48397371.0,0.31222514132017626,0,12.852902808283261,7.866049369210032,19.2804561755691,0.02165575431737657,0.02617958734804835,0.045283138081912776,-0.011794357144053854,0.0759421225725758,1
2024-12-03,900.9715576171876,906.4475265301776,895.9395389832724,899.1955156163089,43410242,61.094649648422234,12.180652161786156,8.670887712188055,3.5097644495981015,906.4390494322995,866.4038299560547,826.3686104798098,866.4038299560547,853.61076171875,870.7801857556913,853.6763047030091,878.6521977743074,866.4715456125213,872.1229709985932,0.011968727349159547,0.014480447982967829,0.011662951463968275,0.011968727349159547,0.0184870192481843,0.022822037497262304,0.07108089464368805,50479898.5,0.8599510555671978,0,13.543408297896235,8.3459380390143,19.319212294119065,0.02144264392231522,0.034671633961555176,0.055401857417879646,-0.006031836137836472,0.09027805048652741,1
2024-12-04,917.6461791992188,920.063516299678,903.3642521901576,906.7435619082082,44669084,77.70402011215502,14.389012628142495,9.814512695378944,4.574499932763551,914.83887784446,870.0051513671875,825.1714248899151,870.0051513671875,854.7839050292969,875.2436137026939,856.1849272322722,884.6512718396784,870.2622592115359,874.5332022965997,0.01850737844170225,0.01224716286272244,0.018197933460686315,0.01850737844170225,0.0356615298901648,0.02637530754296047,0.0676423737147216,51308890.3,0.8705915044902073,0,14.49939205933174,8.943400774463385,18.34488490810192,0.01999123989608994,0.04844658656478735,0.07178501981531947,0.0030686292665800994,0.11206732506720112,0
2024-12-05,920.4335327148438,927.4388181075852,905.3622266087298,917.596875706611,39682714,90.99598363086152,16.177585209831705,11.087127198269497,5.090458011562207,922.8060510521015,872.6666778564453,822.5273046607891,872.6666778564453,855.8292749023437,879.5474155133747,858.7044803884515,890.1562350512422,873.9786498414105,876.9213232772952,0.0030375035376459802,0.009505445331366344,0.023984992630309714,0.0030375035376459802,0.0338283632108769,0.04048745737335335,0.07153120478260266,51081405.7,0.7768524271445412,0,16.52953738403812,9.99722497816083,17.93436170548667,0.019484689625103923,0.04648540428898262,0.07188625858626926,-0.0025709826399087517,0.11903097623541048,0
2024-12-06,915.5494995117188,919.6688066050772,909.7035317020062,916.1168429341786,17783156,86.50397327997598,17.0049190828737,12.270685575190338,4.73423350768336,928.6793656585035,875.1481323242188,821.616898989934,875.1481323242188,856.6955639648437,882.976185417979,860.9336968246581,894.0628911220848,877.0579720392111,877.8637407844623,-0.005306231280730711,0.01010599722340096,0.010884474196518754,-0.005306231280730711,0.016180246503103346,0.03329520336686276,0.06315874822749157,50581168.0,0.3515766183967915,0,17.764929982507738,10.762085162074868,17.546746657417316,0.019165262682984758,0.03689036537074936,0.06343787319336852,-0.014138212425420528,0.11432651961913397,0
2024-12-09,922.5301513671876,927.4634676846592,912.1701871004972,914.4641912323508,26947912,86.61185329163182,18.016188002270155,13.419786060606302,4.596401941663853,935.2958753461488,878.1932189941406,821.0905626421323,878.1932189941406,857.5924401855468,886.7432297940941,863.3492440616201,898.4424696213314,880.4262816190612,879.2794042581249,0.007624548819252119,0.010108021999367608,0.01657754010695201,0.007624548819252119,0.0053222824642835675,0.03618327940263799,0.047267045671069985,50983790.8,0.5285584217484276,0,19.141083181718272,11.603357844904053,17.71765306339611,0.019205500261577996,0.04035770488081812,0.06854805018088786,-0.013648861622785054,0.12354250960897616,0
2024-12-10,921.5928344726562,926.3288062229568,916.881553393078,926.3288062229568,13325480,83.12708954946814,18.52840830933019,14.44151051035108,4.086897798979109,940.9162989780922,880.9965759277344,821.0768528773766,880.9965759277344,858.4276513671875,890.062239763481,865.6333064306804,902.0040642138429,883.4756559045127,880.110307887308,-0.0010160284659989083,0.009287276896527363,0.010251005082178875,-0.0010160284659989083,0.0012595170825568935,0.022887822241587807,0.04623220647627835,50654915.5,0.263063907391179,0,19.282054007789725,11.95700172767124,16.593556465677604,0.018005301088492714,0.035425157141318546,0.0646457658528844,-0.020536858088676658,0.12241969949954387,0
2024-12-11,919.1261596679688,923.4675021564424,915.9935158212784,918.435483332828,14045426,81.4337260606988,18.521798784181783,15.257568165117222,3.264230619064561,945.4563711562757,883.3842987060547,821.3122262558336,883.3842987060547,859.5174194335938,892.8302321353369,867.7310653811622,904.6382327452468,886.116433961065,880.8710115505704,-0.0026765342702549377,0.009399949234391228,0.008131621819864154,-0.0026765342702549377,0.003906572127621244,0.0016128007747402417,0.028030646434139994,50128918.7,0.2801860954563139,0,17.586618432643036,11.546138148890009,16.25350916363251,0.0176836541890006,0.02945232652991732,0.05922928927781391,-0.027849208373418248,0.11909470026769908,0
2024-12-12,917.2268676757812,921.864197216933,912.0221946944998,913.1568815747592,17293790,79.38972279206902,18.154035278957394,15.836861587885258,2.3171736910721368,948.2976311579104,886.8635223388671,825.4294135198239,886.8635223388671,860.7724548339844,895.1537212344269,869.6720772358532,906.5749458114828,888.4209105325255,882.3123644545335,-0.002066410548986708,0.009567292238871745,0.010730172511597316,-0.002066410548986708,-0.005748629119110005,-0.003483863771894913,0.03686254081549922,49423837.9,0.34990787309943006,0,15.606305721052195,10.967596847401637,16.084369449584862,0.01753586818748785,0.024658498219630027,0.05468128928673344,-0.03276478023486195,0.11121175554492482,0
2024-12-13,923.3934936523438,924.996821476236,902.4268990322158,918.8301759997275,19009002,75.97228842772553,18.15094246497233,16.29967776330267,1.8512647016696597,948.7314352192398,891.5600402832031,834.3886453471664,891.5600402832031,862.2085437011718,897.8432233694666,871.7787994482646,909.1624147100769,891.0114722451045,884.6927857636086,0.006723119648891718,0.008033168819820129,0.024442366769066453,0.006723119648891718,0.0019538554471485448,0.008567525999204184,0.042147986886561295,48587863.0,0.39122943110298963,0,14.867037951487646,10.845102623606522,15.65446718118434,0.016953191991060556,0.02845738500647243,0.059206181931408815,-0.026707180374012516,0.10667073287909479,0
2024-12-16,920.1621704101562,922.5054957499956,915.2535445762154,920.1128492893369,13107082,73.10701174822077,17.68390159748776,16.57652253013969,1.1073790673480701,947.7098559450659,895.8137908935547,843.9177258420435,895.8137908935547,864.0161108398438,899.9688373733419,873.6761865448094,910.8546848177814,893.1707832202936,886.6124303939681,-0.0034994000546900716,0.008199023002919342,0.007881166393254,-0.0034994000546900716,0.0011271692479755124,-0.0025668331311686776,0.03352356983110427,47885893.6,0.2737148879268278,0,13.225607579247821,10.326942483189328,14.819327248159832,0.016105125514510352,0.022437813620025795,0.05320733766269667,-0.029067636431235395,0.09034582665275528,0
2024-12-17,904.4002685546876,918.7562078618506,901.0702798391582,915.7962178924912,21079532,55.89976113029694,15.859100751615074,16.43303817443477,-0.5739374228196965,944.1218626190002,898.9748168945313,853.8277711700623,898.9748168945313,865.74869140625,900.390878438232,874.8810525059811,909.8616977003824,894.0025969487673,888.3633335464815,-0.017129482565494847,0.009079745466923625,0.01955542102055779,-0.017129482565494847,-0.013984107501774035,-0.018655272995700245,0.0038055706736936923,47585771.8,0.4429797227750334,0,10.328638674751005,9.24774607530071,15.048372683703471,0.016639062599740396,0.004452943951864645,0.033740833641502065,-0.04207252859723496,0.059230326176111764,0
2024-12-18,893.2755737304688,905.7568882727958,891.5242825465077,902.7228866518356,23422312,54.84939565451046,13.361242943354227,15.818679128218662,-2.4574361848644344,941.9567438540296,900.6632415771485,859.3697393002674,900.6632415771485,867.6519641113281,899.713230370826,875.6024062794904,907.3099863203956,893.9487433770414,890.4248001790916,-0.012300631933687023,0.009257675968044422,0.015933051507106933,-0.012300631933687023,-0.032616560685031604,-0.028125177012520708,-0.026557736545055888,46207823.8,0.5068906101568021,0,6.882998235489026,7.871340898328185,14.370041728411033,0.01608690772590963,-0.007155231715003078,0.020184009687768137,-0.05168089770702328,0.039454303403572054,0
2024-12-19,884.790283203125,888.5395915672278,877.6369745293333,887.7995941182149,25380770,49.346959362699245,10.575077690332023,14.769958840641335,-4.194881150309312,939.1763951696529,901.9533050537109,864.7302149377689,901.9533050537109,869.0574658203125,898.2919973072354,875.9627151784565,903.8454166100463,893.2703389197143,891.3960376701018,-0.009499073720226958,0.00964487171690014,0.01232226126899221,-0.009499073720226958,-0.03844092741963567,-0.03536375308635398,-0.038724414360033155,45691036.7,0.5554868489118786,0,3.1382760728084804,6.290637942603325,14.722422186614446,0.016639448314595198,-0.01503042901927639,0.010077561375280783,-0.05790830375022743,0.023198065614949918,0
2024-12-20,873.93701171875,886.7883251977108,871.7417099804251,879.2156362475025,25692348,42.04219183054471,7.405882941314985,13.297143660776065,-5.89126071946108,937.2150593271806,902.5921691894531,867.9692790517256,902.5921691894531,870.4225134277344,895.9724748702367,875.8832758270955,899.2441235498468,891.8382406085318,891.8570442012002,-0.012266490365472671,0.010052715345655598,0.017217047699689434,-0.012266490365472671,-0.0336833788037465,-0.05355948712393033,-0.04545083342316447,45736973.5,0.5617413229145999,0,-1.870748499229876,4.1044763788308956,14.629040674206156,0.016739239187771197,-0.02459390636378436,-0.002222058762918696,-0.06751710504295291,0.0068755113931500715,0
2024-12-23,888.4902954101562,890.956953642833,878.7716860618692,879.1169941259847,11044592,44.157059057154164,5.9994437835214285,11.837603685325139,-5.83815990180371,936.7488801803319,902.972036743164,869.1951933059962,902.972036743164,871.790029296875,895.2598863502291,876.3776687519214,897.5896884514328,891.5902446679114,901.5334334544239,0.016652554470470093,0.010591029529308656,0.013714575886660278,0.016652554470470093,-0.005357001199896683,-0.03441988381882999,-0.03689836685184156,24902339.4,0.4435162424940687,0,-4.7089510231128315,2.701482207112008,14.692471258982883,0.016536445400566088,-0.007561593056146969,0.01382124064786455,-0.05151709896988128,0.022198813629848598,0
2024-12-24,887.0596313476562,892.2889348142179,882.8416818560752,889.0083275055933,14485834,33.2974260044609,4.715035985010559,10.413090145262224,-5.698054160251665,936.3106851926675,903.2816009521484,870.2525167116294,903.2816009521484,873.2414099121094,894.4789096833173,876.7965692458718,895.9696796662364,891.2546436812258,902.3437506957767,-0.0016102191210085604,0.008993118998439754,0.01065007652731313,-0.0016102191210085604,0.002564842977610171,-0.019173631200644414,-0.0374712148719778,24079852.8,0.6015748568031113,0,-5.91196875491471,1.915516739890677,14.003563707243766,0.015786496434257745,-0.008294525734863627,0.01170518049655658,-0.05260118743051268,0.019312917013483522,0
2024-12-26,883.4336547851562,893.916952377888,878.5003382709294,887.2816657547127,10481678,29.97863792672959,3.3657492833566494,9.00362197288111,-5.63787268952446,936.7321212772506,902.7500366210937,868.7679519649369,902.7500366210937,874.2542199707032,893.4269806453972,877.0568471101574,894.0410604537625,890.6753111704058,902.8028991454742,-0.004087635638419518,0.008863572270278352,0.01745078877565265,-0.004087635638419518,0.01086650747029183,-0.011017785815200298,-0.03883308565138255,22968187.9,0.4563563327518755,0,-6.286249725428775,1.4544408306669538,13.527851036393988,0.01531280924506306,-0.011185386245020173,0.007270689118966484,-0.0568983013195074,0.01688103570930445,0
2024-12-27,887.1336669921875,890.9322967259654,882.6196702111419,885.4316968356189,7259330,34.42404444566377,2.5654173793926702,7.715981054183422,-5.150563674790752,936.5928804343133,902.8758392333984,869.1587980324836,902.8758392333984,875.3804968261719,892.8276174403296,877.4520165172958,892.9783845365971,890.4129671572044,903.5271809022117,0.004188217402619765,0.009026197501103544,0.009370207471673822,0.004188217402619765,-0.0015268916554035394,0.002648518901653185,-0.032808895753183465,21545034.8,0.33693749243793286,0,-5.4643798669058015,1.4893013388392546,13.355181429392994,0.015054305710968588,-0.006377435393929962,0.011033823266278745,-0.05280759065688261,0.020680765126457543,0
2024-12-30,877.0943603515625,895.3969526845203,873.6903598921683,884.1489668763874,22222218,25.90268624094591,1.108284818010361,6.3944418069488105,-5.286156988938449,937.3038469298367,902.4281402587891,867.5524335877415,902.4281402587891,876.1510803222657,891.3292120033042,877.4379907853062,890.5346885081302,889.4264036901199,903.5918796010193,-0.011316565940579282,0.008856378416257162,0.024748298214631592,-0.011316565940579282,-0.011234048584709111,0.003612787409704721,-0.050140198754977106,21272668.9,1.0446370459890908,0,-4.6432628669325595,1.5547149582106385,13.813275158549418,0.01574890431744732,-0.01597036365469071,-0.00039162930868325024,-0.06423689263144707,0.010998674425199452,0
2024-12-31,874.60302734375,879.0183818635131,871.0263727843891,873.3450677348718,14117236,25.482636794594896,-0.24471209900082158,5.066611025758884,-5.3113231247597055,938.3280170017131,901.6425109863281,864.9570049709432,901.6425109863281,877.1347839355469,889.7362420357276,877.3268157483825,888.0836637136101,888.328375812611,903.2633404325899,-0.0028404389771858884,0.008829374485532808,0.009137870358620315,-0.0028404389771858884,-0.0099958014884024,-0.01563018542593697,-0.049512080078339404,21222986.9,0.665186105354473,0,-5.523644314501439,0.9491469964610815,13.709329176352648,0.015674916216548145,-0.017008652651208905,-0.0031046451057227045,-0.06791334000831262,0.01115202526526833,0
2025-01-01,879.4869384765625,885.0369191568942,868.8062969452952,874.8989303590305,7313806,29.82672921337634,-0.9123639282410068,3.8708160349589056,-4.783179963199912,938.5710913988563,900.5682800292968,862.5654686597373,900.5682800292968,878.1303259277344,888.7601178872357,877.4115264436052,886.7610906002182,887.6734545284592,903.0229949625168,0.005584146155594105,0.0091720393985881,0.018454648388199473,0.005584146155594105,-0.008619590034894209,-0.008536847584405316,-0.027546796417850294,19418165.1,0.37664763701076986,0,-5.718791796081632,0.6149571977334745,14.334803167526575,0.01629905179985636,-0.01043383835980106,0.0023653804063521948,-0.06295117489100817,0.01961760635180295,0
2025-01-02,884.9136352539062,889.6989281059142,874.6770036544534,876.699651347947,18558576,34.1250517250685,-0.9921567702991752,2.89822147390729,-3.890378244206465,936.6560194746392,898.9316528320312,861.2072861894233,898.9316528320312,878.7721508789062,888.3937862078709,877.7057267891073,886.4768667007856,887.4690234710848,900.6866400894478,0.0061702983181806115,0.009502010054288523,0.01697558253484317,0.0061702983181806115,0.008914975692249971,0.001675259325625289,-0.009360984138009787,18112639.7,1.0246201717356527,0,-5.0331944375262765,0.6488796789499247,14.704797591028548,0.01661721212693184,-0.003917351750983938,0.008212215375610558,-0.05524160753245858,0.027526879352561307,0
2025-01-03,862.9356689453125,885.6536147489581,861.5050553855514,883.5569553072743,24426194,24.292001704625378,-2.7965939814829426,1.7592583828292434,-4.5558523643121855,935.6013701189954,896.0567596435546,856.5121491681139,896.0567596435546,879.1140283203125,885.9692036114368,877.1265088344487,882.8551439691744,885.6517379506573,896.5779327514992,-0.024836283941186754,0.010796735390103845,0.027984194224954632,-0.024836283941186754,-0.01334017609551652,-0.027276608866528496,-0.02470033257903137,17349813.7,1.4078649155754337,0,-6.858413828892822,-0.32550768284704645,14.81755737098473,0.01717110313575852,-0.025998121122307326,-0.016178783500675878,-0.0776673736213542,0.007499624825447565,0
2025-01-06,843.8438110351562,866.8823756490298,841.5251763034672,858.4464162412277,18816348,21.404813980356593,-5.701454034571157,0.26711589934916335,-5.96856993392032,937.233011435024,892.4714752197266,847.7099390044292,892.4714752197266,878.8644018554687,881.9572614613148,875.8213049991823,876.8534004408639,882.554854475435,893.1602768618161,-0.022124311924074824,0.011734741986891423,0.030049635979976532,-0.022124311924074824,-0.04052718224917229,-0.03790988839909826,-0.03443406135690508,17401473.3,1.0813077534072932,0,-9.37195054198935,-1.6166857861238668,16.0473609616586,0.019016980099638408,-0.043214622852595384,-0.0365114365013716,-0.09964352435354029,-0.004560673163527403,0
2025-01-07,845.2744140625,849.0237223493897,838.6637582765616,846.063732614296,13527906,25.181161091178495,-7.798245526580672,-1.3459563858368038,-6.4522891407438685,935.7204099119158,888.6086883544922,841.4969667970686,888.6086883544922,878.5067358398437,878.463656947142,874.6233877075477,871.9950948441925,879.7933403707732,888.9661058009128,0.001695341020026886,0.011448891243398889,0.012256332263787296,0.001695341020026886,-0.04479445181114505,-0.033533628817091654,-0.04863967740661301,16730473.0,0.8085788130437197,0,-11.272585088585629,-2.7034280408347513,15.423651926075033,0.01824691682307871,-0.03778100849383121,-0.033556127194327115,-0.09665921026338406,0.0044889612375066,0
2025-01-08,835.8518676757812,844.4111600559388,830.4498497882179,842.7338203435289,19738190,25.546215866381786,-10.103818110695897,-3.097528730808622,-7.006289379887275,934.3120507311326,884.3216400146484,834.3312292981643,884.3216400146484,878.02228515625,874.4053913022506,873.1029359415962,866.4345983567446,876.5384164674405,884.6775797657665,-0.01114732237242666,0.011394452529603423,0.016703091549633755,-0.01114732237242666,-0.031385655089021025,-0.04961423404009324,-0.057727532470481346,17051108.5,1.1575898423260869,0,-14.354726584985087,-4.308590502008997,15.46593467950318,0.01850320048037778,-0.04409113211098986,-0.04266515061668145,-0.10538254641830071,0.0018225835546106638,0
2025-01-09,822.778564453125,833.237171528912,817.9932112311335,830.844525028491,40420222,24.585513742833413,-12.83791975862539,-5.045606936371977,-7.792312822253413,933.7599863804287,879.5042602539063,825.2485341273839,879.5042602539063,877.3671423339844,869.4885506499529,871.1294311773424,859.7182854484954,872.5562052071208,876.7432797420729,-0.015640693917462478,0.011708403797209332,0.018527415463127254,-0.015640693917462478,-0.024963442649641787,-0.07021597173486083,-0.06865834237069235,18369848.3,2.200356875021118,1,-18.90523555791799,-6.576295611764863,15.624510196896917,0.018989933466827782,-0.053721220551911406,-0.05550365421458742,-0.11885433467491517,-0.002993000983480246,0
2025-01-10,817.3272094726562,826.2811909461473,815.9705474379197,824.3571854708366,17453280,25.724538109408982,-15.26858703383698,-7.090202955864978,-8.178384077972002,932.4139023401882,874.50927734375,816.6046523473118,874.50927734375,876.4288256835938,864.5208038711628,869.0195401300999,853.1965814522124,868.4651684860494,872.1462986137042,-0.006625543270068146,0.011539123240928897,0.01261507434076504,-0.006625543270068146,-0.033062877717457195,-0.05285267617735545,-0.07868764326824496,18377822.8,0.9496924739093686,0,-21.448399740274,-8.106968704348787,15.286226503392763,0.018702701104561924,-0.054589310271288376,-0.05948350787337288,-0.12342876117428689,0.00088483101739315,0
2025-01-13,804.5499267578125,812.3939122066796,801.3186405131205,809.0639234971638,21669066,13.447870227193832,-18.018225405812473,-9.275807445854477,-8.742417959957995,929.653657157937,868.5670989990234,807.4805408401098,868.5670989990234,875.4051623535156,858.8092917651294,866.4913199978535,845.7124807299971,863.7307061358096,865.9799111102333,-0.01563300789054567,0.01007462203360219,0.013765797901679514,-0.01563300789054567,-0.0374491487409232,-0.046565352217421974,-0.0827099533106932,18510826.0,1.1706158331346208,0,-23.14796969618544,-9.32998500132885,15.213985577353672,0.018909933456414844,-0.06317976007897683,-0.07148530148022071,-0.13457025574726575,-0.0036293309052974677,0
2025-01-14,812.3198852539062,817.0558570637163,807.5839134440961,809.0145872775671,26661432,19.157129040058038,-19.347338832534433,-11.29011372319047,-8.057225109343964,924.1238775308933,863.1749847412109,802.2260919515285,863.1749847412109,874.5260461425781,854.3817292402509,864.3669500078948,840.5751583490601,859.9224971815945,860.4307234449498,0.009657521848774886,0.010951604383735923,0.011660361627931317,0.009657521848774886,-0.012711414286990186,-0.0389867814053545,-0.07121304196602585,19188543.5,1.389445321892201,0,-24.081927706891065,-10.256437699652906,15.432462530765179,0.018998011511119742,-0.0492307390792962,-0.06021408471658155,-0.12098377175980876,0.012582230126451254,0
2025-01-15,810.5685424804688,820.2624606383587,807.2385540448483,817.2038286822469,14022892,19.45818831911076,-20.307892777476468,-13.09366953404767,-7.214223243428798,920.506891234982,858.4833984375,796.459905640018,858.4833984375,873.5961145019531,850.2090447869384,862.2572085362311,835.9587559077384,856.2666486852148,855.9875770540435,-0.0021559767343256597,0.010992507749327921,0.016067619098139568,-0.0021559767343256597,-0.008269230381487302,-0.030248571754247333,-0.07836204607594677,18835711.5,0.7444843270189183,0,-24.196346515312143,-10.845727405365096,15.261554851233159,0.018828210140662962,-0.046624418488047895,-0.05994576275391089,-0.11943240164885287,0.017714183401502683,0
2025-01-16,815.008544921875,819.201863784551,810.469857784879,815.4031740939097,21212454,19.95474261770734,-20.474846325595536,-14.569904892357243,-5.904941433238292,917.2238508736256,854.5700469970703,791.9162431205151,854.5700469970703,872.9838903808594,846.856616228361,860.4043197670406,832.7356465252979,853.2104928508934,851.104181601334,0.005477639716709337,0.011090066123587011,0.010714005459303637,0.005477639716709337,0.012999340148110772,-0.009443633885156566,-0.07899651169006283,18725218.6,1.1328281102149589,0,-22.63193442159195,-10.725111410301793,15.291510528722338,0.018762392890234236,-0.03760739503734113,-0.052760979695518975,-0.11143986918176392,0.029160030498131442,0
2025-01-17,807.4605712890625,814.2438814190301,803.3905852110819,810.7905598983193,23112076,20.377709647133102,-20.974436360208415,-15.850811185927478,-5.123625174280937,915.0270313324107,850.7035614013672,786.3800914703237,850.7035614013672,871.7890417480469,843.1046119484278,858.3280943365318,828.8471734120309,849.8216097722393,846.2310017610719,-0.00926122024099274,0.01102742927238551,0.013441270811058422,-0.00926122024099274,-0.005982020202946137,-0.01207183373958609,-0.06428648119743641,18611783.9,1.2417979987399275,0,-21.416191922735038,-10.691445793568164,14.57089388003956,0.018045331745150106,-0.04227712688819402,-0.05926349537327997,-0.11755549984869411,0.02680698563887072,0
2025-01-20,814.6138305664062,819.3991231510713,802.1572072678132,802.1572072678132,17557618,25.454112271507867,-20.556197768504944,-16.791888502442973,-3.7643092660619715,913.013947967725,847.73740234375,782.4608567197749,847.73740234375,870.76291015625,840.3912041977591,856.6138094828013,826.6574283588578,847.2136261273628,842.377370627469,0.008858957987167182,0.011694856688650212,0.02116575392694929,0.008858957987167182,0.004990679842519219,0.012508737461638164,-0.03463908852148023,18205047.4,0.9644368187692827,0,-18.41808756737032,-9.877510515052109,15.231601508906278,0.018697941205240338,-0.030673064523515575,-0.04903023795723474,-0.1077750428899222,0.04109211798967517,0
2025-01-21,810.2478637695312,819.4485105158285,805.6352251722408,818.0671578930118,31158144,21.54873051709791,-20.342541547764313,-17.50201911150724,-2.8405224362570713,908.1901183258467,843.8252807617188,779.4604431975908,843.8252807617188,869.7352990722657,837.5204098712612,854.7955371018888,824.1328799604998,844.4754215082642,838.6397587252768,-0.005359553978894871,0.011291885519005928,0.01704822186055995,-0.005359553978894871,-0.005841265324156963,-0.002550745736979443,-0.04143808177586561,19210725.0,1.6219140089715511,1,-16.86131936898971,-9.571412906006003,15.058934589762616,0.018585589994281077,-0.032563440580417796,-0.052115004581554866,-0.10784333872390257,0.039498374600821,0
2025-01-22,821.9152221679688,824.8012002853578,801.8859089377631,810.2479165643738,30619306,25.376004244570467,-19.01259379263331,-17.804134047732457,-1.2084597449008534,902.2584679666134,840.5680603027344,778.8776526388554,840.5680603027344,868.8630895996093,836.0342015185666,853.5061129868332,823.791701838572,842.8042956312053,835.1594070971747,0.014399739783524046,0.012143901815250597,0.0278803588612837,0.014399739783524046,0.0179013705348241,0.013998420975945391,-0.01667358301963906,20017398.6,1.5296346249507164,1,-14.174843268371774,-8.751095549397974,15.622746510915038,0.01900773472683334,-0.01688804037556392,-0.037013080911995476,-0.08904681823570047,0.05525587925562009,0
2025-01-23,821.347900390625,832.2505181334424,814.6139111249832,832.2505181334424,34909158,30.47708333572102,-17.79920063575014,-17.803147365335995,0.003946729585855735,896.2521149666412,837.4637725830078,778.6754301993743,837.4637725830078,867.8626135253907,834.6355061730484,852.2450066105114,823.4157323850417,841.2149330207918,832.9016813895838,-0.0006902436675249035,0.010777157305135843,0.02147276081191822,-0.0006902436675249035,0.008266579293818799,0.007778268716627679,-0.00173882029054917,21238772.6,1.6436523266885958,1,-12.221110055312579,-8.159313156529265,15.157607056990205,0.018454551414548447,-0.01592024983857853,-0.03625378380657009,-0.08357493759309474,0.05480135694062505,0
2025-01-24,813.8986206054688,824.0119199318104,811.2839386423929,818.9305795964561,24236200,34.21736976536212,-17.23994112947821,-17.69050611816444,0.45056498868622796,888.5480906867768,833.8020202636719,779.055949840567,833.8020202636719,867.1877380371094,832.6605646904218,850.7412267671764,821.9515613420305,839.1915024715087,831.1089584906989,-0.009069579141327888,0.009531537837517694,0.015638288316484786,-0.009069579141327888,0.004505728430992839,0.007973205807595418,-0.004194879146871444,22087616.1,1.097275500002918,0,-10.44404725800598,-7.586867569355377,14.25552005297985,0.017515105311734037,-0.022532523912584486,-0.04330647793067446,-0.08401286420368087,0.04472422137592592,1
2025-01-27,804.0319213867188,810.839861804967,802.157237088582,809.6065327196525,22804166,30.038220956002462,-17.392395401222757,-17.630883974776104,0.2384885735533473,882.4265057882652,830.1488983154297,777.8712908425942,830.1488983154297,866.6791137695312,829.9340272329263,848.9094893012762,819.1946936565978,836.5870890578205,827.2380687322554,-0.012122761937365167,0.009772157550121756,0.010798855723800176,-0.012122761937365167,-0.021758084409337464,-0.012990092707276801,-0.0006438449049162021,22116713.5,1.0310829409622728,0,-10.457176964832797,-7.7043201815251905,14.354192870412614,0.017852764907213946,-0.031209837163283256,-0.052864962024980325,-0.08883978879523474,0.03363105291594856,1
2025-01-28,824.0611572265625,830.918478848159,812.5171851743912,812.5171851743912,30179312,44.82456530463637,-15.715861895835815,-17.247879558988046,1.5320176631522315,875.5574439560227,827.6218048095703,779.686165663118,827.6218048095703,866.45859375,829.3747062799392,847.9350449061894,819.9433803596694,835.6592422555052,825.45875123454,0.024910995828746785,0.012085830128658586,0.02233000974793991,0.024910995828746785,0.0033034197015018307,0.017048231874092767,0.014454000432337466,22919817.3,1.3167344052083696,0,-8.14570359132199,-6.860492195699408,15.21576381235248,0.018464362358204377,-0.0064066929135203786,-0.028155326074850696,-0.05881542905601373,0.05691391423586932,0
2025-01-29,827.4651489257812,829.3644636153648,823.2964606110903,826.3304621132276,12619890,52.24795580498687,-13.951696855542764,-16.58864301829899,2.6369461627562245,866.2884936333886,825.0207153320313,783.7529370306739,825.0207153320313,866.1843017578125,829.1928436747813,847.13230388735,821.1005755236865,835.0522723792293,824.6675771238915,0.004130751303307534,0.01137074338588765,0.007333242991746534,0.004130751303307534,0.016668572690564654,0.006752432134269792,0.020845376497842016,23185121.5,0.5443098497456655,0,-6.8413578437853175,-6.373809099483196,14.373574280897246,0.01737060986744527,-0.002083586179233477,-0.02321615510507555,-0.04481572246766712,0.05577294811897661,1
2025-01-30,834.470458984375,837.627793486482,825.1218486077116,829.2904768269195,25744846,58.102108928112976,-11.851694419236765,-15.641253298486545,3.78955887924978,853.1555737281038,822.4985565185547,791.8415393090055,822.4985565185547,865.6835693359375,829.6954737042664,846.6357609499784,823.1574806714848,835.0091750907216,822.7879068653331,0.008465988045161854,0.011362132330572611,0.014986683763486643,0.008465988045161854,0.03785737454945659,0.015976857781591747,0.023879398791291973,23544435.0,1.0934577958655622,0,-4.940032468781965,-5.60924566053302,14.530381521650302,0.0174126973162538,0.0057551058568394205,-0.014368991397142416,-0.021901181119967316,0.05383516468783553,1
2025-01-31,838.047119140625,840.9824182950722,830.7457868177106,832.3738053097981,15821686,67.33910357752612,-9.786013701185198,-14.470205379026277,4.6841916778410795,846.5520427659577,821.2541290283203,795.956215290683,821.2541290283203,865.2647314453125,830.4908685077291,846.2989514672587,825.4481942821218,835.234207983307,820.7640881541208,0.004286143527001629,0.010237272476787825,0.012214863870493024,0.004286143527001629,0.01697199508970093,0.029670155377818253,0.03787992744058433,23114209.6,0.6845004122485763,0,-2.1696961826926326,-4.442275299917696,14.118100272923575,0.016846427784873212,0.009098535479954564,-0.009750493383369072,-0.010046545511300626,0.05288092867592026,1
2025-02-01,834.1990966796875,845.0770832229423,826.8485035606199,837.4304429485957,5587528,61.80459645205801,-8.363046113257383,-13.2487735258725,4.8857274126151164,844.5805760084311,820.7718933105468,796.9632106126626,820.7718933105468,864.7255187988281,830.8440330955347,845.8244473579422,826.7944869586704,835.1575330719278,819.6893974994583,-0.004591654064610928,0.01022918361242974,0.021851593624203802,-0.004591654064610928,0.008138043955867147,0.03751987264503032,0.024042393313729482,22452768.6,0.2488569716965773,0,0.9100058626083865,-3.0850419433339766,14.526860941239192,0.017414141299192942,0.004038138869039772,-0.013744401352512545,-0.012291875545856677,0.046722214490176994,1
2025-02-03,827.8104858398438,832.1518283284162,820.6324864421063,823.8638327488314,20276540,58.85931449230457,-7.662512872181878,-12.131521395134374,4.469008522952496,841.057108630851,819.8986968994141,798.7402851679772,819.8986968994141,863.6638696289062,830.5551238330879,845.1180174944873,826.9507944788509,834.6133073510327,819.2775670347855,-0.007658376597711403,0.010501111634487637,0.013915433644964193,-0.007658376597711403,-0.00798107718832497,0.004549818396852867,0.021675616629960093,22790200.3,0.8897043348934498,0,1.1804175531486862,-2.8170274117021563,14.565625487244258,0.017595362388369486,-0.003304582579151897,-0.020479425709032908,-0.015749968289990753,0.03639506008608674,1
2025-02-04,848.9744873046875,851.391824544325,828.8219005259823,833.0891713164636,28616502,64.89294171044912,-5.338043545115966,-10.772825825130694,5.434782280014728,844.4350558212817,820.5548278808594,796.6745999404371,820.5548278808594,863.0259924316406,832.3093489256213,845.2692516046912,830.339054913595,835.6770984587109,819.9936018561369,0.025566239890489006,0.012297158231762983,0.02658492611479691,0.025566239890489006,0.013039085648630211,0.025994252938422502,0.03292220950154001,23234115.9,1.2316587436838946,0,3.116505250839964,-1.863052282658714,15.626292109016342,0.01840607973818681,0.02002276965959621,0.004383497557686016,0.005375702313768613,0.0656477404553384,0
2025-02-05,857.311767578125,860.4690419690123,847.9877873258422,854.9437515638108,23675506,71.70784474235353,-2.7909635258000662,-9.17645336526457,6.385489839464503,851.2833413952112,822.2814880371094,793.2796346790076,822.2814880371094,862.2909289550781,834.6905316544311,845.7415071330612,834.4887030158304,837.2796665416305,821.4354387545342,0.00982041321395477,0.01188535263698935,0.014558594802016107,0.00982041321395477,0.02770642043420035,0.027372219528957187,0.04378639936912965,22396880.1,1.057089464884888,0,4.995057950164664,-0.8942538169171712,15.687956032757556,0.0182990093289813,0.027101344828791347,0.013680610857430048,0.007081574241818827,0.08071823616778888,0
2025-02-06,860.29638671875,862.8370567631686,850.5037655001158,856.1770794811201,26760716,70.6420049852148,-0.5254928837699708,-7.4462612689656495,6.920768385195679,857.9074515303525,824.4299468994141,790.9524422684756,824.4299468994141,861.8045043945312,837.1291845176995,846.3122867246569,838.4591158932027,838.9846087769727,823.6284868319874,0.003481369617795549,0.011815228961749866,0.014336095621757802,0.003481369617795549,0.0392431618523752,0.026548945840826343,0.057006812566859244,22862251.9,1.170519689707382,0,6.638316009970367,0.013335257398239264,15.337339988457172,0.01782797210965305,0.027674584316873328,0.016523569624888032,0.0027846071090022865,0.08767144615091381,0
2025-02-07,854.8203735351562,871.7169816976605,850.9970534399911,863.3303440695562,23509600,69.94038712326912,0.8186040648131439,-5.793288202209892,6.611892267023036,861.6619996819755,826.9434692382813,792.224938794587,826.9434692382813,861.1799450683594,838.8140596622193,846.6459371878137,840.9762324535031,840.15762838869,826.2769146221641,-0.006365263493061657,0.011879195114245114,0.024238926561823727,-0.006365263493061657,0.006885820855498492,0.02471985037810076,0.06316720866112169,22954278.6,1.0241925006521442,0,7.9700265666846235,0.8214898298715525,15.83067162517729,0.018519296117977025,0.019082076282057703,0.009655082471067436,-0.007940034664804087,0.07901219928245573,0
2025-02-10,846.4337768554688,850.2324064646851,842.857122399865,847.1984649999539,17195950,61.30057679886756,1.1933263940719598,-4.395965282953521,5.589291677025481,863.6931142513456,828.6491638183594,793.6052133853732,828.6491638183594,860.3023083496093,839.5397470139574,846.6376171747806,841.8158546691901,840.6225282751182,827.8782735437048,-0.009810946181598723,0.011994390968445694,0.008713362186725991,-0.009810946181598723,-0.012688488755247307,0.02249704652717832,0.02714922240019524,22481004.5,0.7649102156445011,0,8.984623180869448,1.5195996802933678,15.048383038584186,0.01777857104721111,0.008211677727030558,-0.00024076454338528742,-0.01998318281237816,0.06656781303733965,0
2025-02-11,839.3544921875,844.090464044396,833.0891440189461,840.1438107934578,22724704,57.82925213684286,0.9085838421254948,-3.3350554579377185,4.243639300063213,864.3617786427621,830.0884613037109,795.8151439646597,830.0884613037109,859.0699670410156,839.5221036971519,846.3520044301814,841.4371835181609,840.5285996760354,828.8867228116949,-0.008363660408577389,0.012306321315762423,0.013106881690450713,-0.008363660408577389,-0.024342650805641908,-0.011331312378689895,0.01436839155963665,22916095.1,0.9916481800601359,0,7.212754771530626,1.0827528254901608,14.74181345487444,0.01756327462602217,-0.00019965109782551203,-0.008267850972235346,-0.028931504230241507,0.05471037910378569,0
2025-02-12,842.0184936523438,844.5837941723514,829.389155095277,835.2104927183359,22809570,62.75736756002981,0.8876536536977255,-2.49051363561063,3.3781672893083554,865.3368899424273,831.4389587402344,797.5410275380415,831.4389587402344,857.5574133300781,839.759855121456,846.1820628310505,841.5266158464967,840.638962192799,830.0170163607933,0.0031738693122389527,0.011917126626404784,0.018045493289780418,0.0031738693122389527,-0.01497610524871984,-0.01783863759269766,0.00904529883197469,22995950.9,0.9918950557508801,0,5.069323467024901,0.440555697989339,14.918003296849927,0.017716954448519912,0.0026896243218974716,-0.004920417675573066,-0.026947188500925912,0.05576824837664012,0
2025-02-13,837.5291137695312,845.6937766231139,835.4818356095761,838.1704689996619,12602434,65.97645297115017,0.5030124766288964,-1.8918084131627246,2.394820889791621,864.9785572800786,832.9423858642579,800.9062144484371,832.9423858642579,855.8993249511718,839.5474035641298,845.8427314953046,840.9116155269636,840.4086030503347,831.3983659263621,-0.005331687981506628,0.011403519586625095,0.012192938544638857,-0.005331687981506628,-0.0105202123656013,-0.026464452601103194,-0.000618110079090739,22470468.8,0.5608442846550669,0,2.418219046430295,-0.4695552293522951,14.808757403753564,0.017681483736252054,-0.0024040212452927793,-0.009828798447054496,-0.03173424737471179,0.04572682626306668,0
2025-02-14,836.1231079101562,839.601120018604,828.7971451888767,839.601120018604,19959892,56.99569758032258,0.08376308157778567,-1.4966941142146226,1.5804571957924083,864.8861640188982,834.0178497314453,803.1495354439924,834.0178497314453,854.3107971191406,839.2212801685132,845.4615697860831,840.1749220474549,840.0911589658771,832.3020544546972,-0.0016787546083585347,0.009530257983317547,0.012921512068636905,-0.0016787546083585347,-0.003849844502436861,-0.021872742161814007,0.002306417302688102,22590582.5,0.8835492400428364,0,0.4072205062939247,-1.184367401730583,13.660001501488352,0.01633730891092195,-0.0036917227095752975,-0.011045400772373004,-0.03325646461389505,0.041055334045528184,0
2025-02-17,847.2230834960938,848.5304243918573,829.413823260936,831.3624591587258,12938946,60.52008641891857,0.6398049061955362,-1.069394310132591,1.709199216328127,865.127896621329,835.8666107177735,806.605324814218,835.8666107177735,852.8046557617188,839.9833566759017,845.5306487551031,841.2592545780146,840.6194496718191,834.0580958266228,0.013275527827093958,0.010054391682450254,0.022563834134494982,0.013275527827093958,0.006181087331199375,0.000932508439771107,0.023450533652705774,21679622.6,0.596825241782576,0,0.4436096619443788,-1.1069684196775142,14.592044224820265,0.017223378953044714,0.008618893175267248,0.002001624356825428,-0.020696145847522336,0.05035642269189222,0
2025-02-18,850.0350952148438,854.2284140997132,841.697778564227,845.1017788797033,16350910,58.67473461559656,1.2924790095291883,-0.5970196462002351,1.8894986557294233,866.4133766675562,837.2726043701172,808.1318320726781,837.2726043701172,851.3735009765625,840.9406651081819,845.7072937143087,842.6093839067576,841.3169048972284,835.9311844999118,0.0033190924250390275,0.009881902562784886,0.014741315512766149,0.0033190924250390275,0.014931996081934296,0.012724782111439348,0.00124928125169399,20966202.8,0.7798698770575662,0,1.4185614110299412,-0.6447107158727476,14.59380784315711,0.01716847683738113,0.010814591901667576,0.00511737516360723,-0.018903541766295755,0.05185201408870768,0
2025-02-19,852.0823974609375,857.3610822217985,844.8057556604201,847.0504387449713,11884112,57.95803132907713,1.9524218165641969,-0.08713135364734864,2.0395531702115455,867.6542145934259,838.8093292236329,809.9644438538398,838.8093292236329,850.0326257324218,842.001782475111,845.9572977828038,844.0667706074006,842.1143487908364,837.557760792478,0.0024084914347874964,0.009851916049286242,0.014734873761963784,0.0024084914347874964,0.019087248516155286,0.011952117304384169,-0.006099729777371721,19814950.5,0.5997548164452896,0,2.241927353655001,-0.2247650482466952,14.759428920586881,0.017321598198211233,0.01197220147942441,0.007240436005679167,-0.017947031052900693,0.051999756195097814,0
2025-02-20,832.2998046875,845.9157460199498,831.4118438608401,844.0904430253034,26390510,49.087910876834265,0.8691226342624532,0.10411944393461173,0.7650031903278415,866.3140319333761,839.7293884277344,813.1447449220927,839.7293884277344,848.3340844726563,841.0777845905766,845.4217098182821,842.256468158185,841.3873455239226,838.7775627652458,-0.02321676029499764,0.011769658223263767,0.01742629528136844,-0.02321676029499764,-0.017614343965950963,-0.006243734093607012,-0.032542949689736034,19922666.0,1.3246475145444891,0,1.5303810264467756,-0.4210216770225088,14.933855630427948,0.017942880133241287,-0.010436585133858417,-0.015521135757919668,-0.039263160923257406,0.023556765120879557,1
2025-02-21,834.9638061523438,836.1724445897772,827.4404985932164,829.2411711352042,15680940,53.562656550181174,0.22299236459184613,0.1278940280660586,0.09509833652578753,862.0888991037078,841.2759826660156,820.4630662283233,841.2759826660156,846.5654907226562,840.4955009297926,845.0115959490297,841.1345201572864,840.9115277926945,840.4693208204899,0.0032007714646093977,0.011589570498779726,0.010457873661373606,0.0032007714646093977,-0.01773019625582728,-0.0013865204140932619,-0.0232289355723877,19566504.7,0.8014175367765097,0,1.2742207612793663,-0.44997383705344873,14.588522470355063,0.017472041737451437,-0.006581468635262674,-0.011890712322593998,-0.031464380273966364,0.01767384848982961,0
2025-02-24,827.3665161132812,830.8691588600108,819.4732095421047,829.3398427560753,20693646,37.5567901034963,-0.8918279052415983,-0.0760503585954728,-0.8157775466461255,861.724351460974,841.4412506103515,821.158149759729,841.4412506103515,844.7095776367188,839.2451214234582,844.3196320339023,839.0163656889779,839.9081935942195,841.1002129224267,-0.00909894534719069,0.009349620583457695,0.013773761804430826,-0.00909894534719069,-0.029006445176318008,-0.023437236035724784,-0.0225265830163619,19092221.4,1.0838783799144505,0,-0.7382352524435873,-1.2110167212008491,14.010612320766338,0.016933985178157772,-0.01415391642674002,-0.020079026090844592,-0.03987102753849565,0.007560500197640167,0
2025-02-25,829.9564819335938,832.7438177754724,824.406500920576,824.406500920576,24138708,33.13048263360632,-1.5484923485878426,-0.37053875659394675,-1.1779535919938957,861.5153747643793,841.5658172607422,821.616259757105,841.5658172607422,843.2207019042969,838.3604890910901,843.7563712456549,837.6225374189187,839.1710297675065,840.8215779925938,0.0031303730207494773,0.008868660710269234,0.010045486765128295,0.0031303730207494773,-0.002815479158722267,-0.02362092270575622,-0.011196711689018812,19668162.3,1.2272985971851573,0,-2.5801760170917305,-1.9509224686537436,13.714616764461068,0.016524501058789727,-0.010024335911402026,-0.01635530086924038,-0.036631839378858194,0.010150994551829298,0
2025-02-27,839.0090942382812,843.9671012979777,830.0551731686357,830.0551731686357,35786800,37.7865650850214,-1.3231806904526593,-0.5610671433656893,-0.76211354708697,861.5043046770293,841.7927490234375,822.0811933698458,841.7927490234375,842.1353723144531,838.4222610098702,843.5702035198756,837.8358538526668,839.1590345431194,841.0796553384562,0.01090733369971053,0.009443020212958581,0.016581379421128094,0.01090733369971053,0.004844866395561365,-0.015342768799839646,-0.003574030067925116,20170260.0,1.774235929531895,1,-3.5795214652407594,-2.387094262928258,13.834425914556155,0.016489005911331796,0.0006999256290072615,-0.005406911318776637,-0.026111547344132287,0.02059151943258211,0
2025-02-28,854.6477661132812,857.0404125816553,831.2638337603047,831.2638337603047,54516728,49.91131026229332,0.11595390000024963,-0.42566293469250155,0.5416168346927512,863.0551263286527,842.6227813720703,822.190436415488,842.6227813720703,841.5325219726562,839.9675472101951,844.0046177392248,840.4223018927613,840.3063479927611,842.0505575463375,0.018639454545123835,0.01077322565245468,0.030160470597818234,0.018639454545123835,0.03297359691102697,0.026850855064386447,0.020439471371571427,22105012.1,2.4662609435983978,1,-1.1102373803814771,-1.4170920790572836,14.195615240533389,0.016609901532992247,0.01747712629118103,0.012610296377957568,-0.009741394215611111,0.039476656818459036,0
2025-03-03,839.4285278320312,859.9017921530082,835.7531707549724,858.2984642242569,21205364,46.636694821681004,0.028089298574400345,-0.3349124880391212,0.36300178661352156,862.9940089615516,842.8842529296875,822.7744968978234,842.8842529296875,840.8423522949219,839.9162120313224,843.8251632330604,840.2694135757259,840.2413242771515,842.2699821450667,-0.01780761488497562,0.011521661885836325,0.028767930320885947,-0.01780761488497562,0.011412701876091003,0.005347203850980975,0.003953269429590067,22885903.9,0.9265687775609336,0,-0.5792888984701676,-1.1864327159693175,15.065998830729427,0.01794792329686479,-0.0005806343445993223,-0.0052103629905793656,-0.02730665669148373,0.020241306697035426,0
2025-03-04,843.5971069335938,845.7184570804238,835.3338019387764,837.6771272358142,19920958,52.09549861658685,0.2914656297920146,-0.2096368644728941,0.5011024942649087,862.4898127170092,843.673583984375,824.8573552517408,843.673583984375,839.9444885253906,840.2667734505862,843.8162198487676,840.7813664000133,840.4899007702213,842.9215750119184,0.004965972638943494,0.011374478795131003,0.012309970074926827,0.004965972638943494,0.005468370637243147,0.019617171476262962,-0.004279836837704276,22868124.8,0.8711233725644176,0,1.0216520271280842,-0.5034121851347209,14.854571852524048,0.017608609288051257,0.0039634239841846546,-0.00025966900140066043,-0.02190484514118462,0.022718778662201133,0
2025-03-05,833.73046875,843.991790915382,832.8671383829512,839.6257577393887,21583872,46.178318314836254,-0.2925891866608481,-0.2262273289104849,-0.06636185775036321,862.0556368991321,842.9113830566406,823.7671292141491,842.9113830566406,838.8779052734375,839.6442682410066,843.4207001978356,839.6966129153959,839.9892021020568,842.6222295112991,-0.011695912779333906,0.011784465193598836,0.013343224158653836,-0.011695912779333906,-0.024474758131537322,0.004547210484595388,-0.019181121528544454,22516493.3,0.958580526391292,0,1.2837791499164268,-0.3356710478193463,14.563858527906648,0.01746830549415092,-0.007043220223959291,-0.011489202773375848,-0.03285770307241361,0.012094849603134354,0
2025-03-06,834.3224487304688,838.6144701478811,824.973838204501,832.2504799228543,32966088,48.46625157934808,-0.6996241676431509,-0.3209066966570181,-0.37871747098613284,860.0050697825362,841.7619171142578,823.5187644459794,841.7619171142578,837.8956811523437,839.137428287622,843.0639060226447,838.8698184254071,839.5694425930502,841.2552488944063,0.00071003759926902,0.01170989050499467,0.016349352656321408,0.00071003759926902,-0.006082803874619125,-0.0055859293302028545,-0.02084299450779692,22981022.4,1.4344917918012212,0,0.7151672777517888,-0.5062974972308893,14.808765022895386,0.017749450521712402,-0.00573801071771868,-0.010368676952872824,-0.029863336804004735,0.013118929101460739,0
2025-03-07,833.3604736328125,839.2311321984157,827.6131479773222,829.7838192395386,13372914,48.6729949802311,-1.0872920475118235,-0.4741837668279792,-0.6131082806838444,856.7770828655758,840.4151214599609,824.053160054346,840.4151214599609,836.8202172851562,838.5872421300211,842.6833792622591,838.0222269188541,839.109518966366,840.0229506113335,-0.001153001575254331,0.011705660370602985,0.01394112702567711,-0.001153001575254331,-0.012134504986616834,-0.024907679308960096,0.0012743832683113077,22311632.3,0.599369594307988,0,-1.3803050801740255,-1.321238476965732,14.866908550850114,0.017839709250958107,-0.006232826156444416,-0.011063355299126106,-0.027331040595115087,0.011294554804999099,0
2025-03-10,832.4971313476562,838.6144556459366,830.3018296675241,833.2371287977431,15604050,42.155045716441016,-1.4475002604981455,-0.6688470655620125,-0.778653194936133,854.529865484704,839.298959350586,824.0680532164679,839.298959350586,835.9282727050781,838.0072315793196,842.2839185597256,837.1722122155929,838.6197124760911,838.7741932234891,-0.0010359770021162173,0.011047304342718058,0.009985170717592631,-0.0010359770021162173,-0.0014792999039520138,-0.008257280107308862,-0.0029542296163164172,21916354.8,0.7119819943780067,0,-1.9089804520027656,-1.5412446733347451,14.095196039956631,0.016931224756461517,-0.0065752418642963,-0.011619344732123615,-0.02578345711129761,0.01022861898151292,0
2025-03-11,831.510498046875,835.7038170818192,823.8885481247595,829.9811819724781,19898430,39.93565600434531,-1.7919247332933992,-0.8934625991082898,-0.8984621341851093,853.7741562943768,838.5527954101562,823.3314345259357,838.5527954101562,835.0664221191406,837.3884950524202,841.8614314807904,836.3011792665594,838.0931039998528,838.0933686742411,-0.001185149189864565,0.01097106044653677,0.014209404433031796,-0.001185149189864565,-0.0033703404335727605,-0.014327466023031477,0.005008641095437305,22051478.8,0.9023626116176843,0,-2.878278398166003,-1.9547883679771303,14.044098427211882,0.01688986303865062,-0.007019438456910348,-0.012295293556457,-0.026076753534134137,0.009934108158579766,1
2025-03-12,844.1644897460938,847.7904654359072,834.4952011662076,834.4952011662076,18784106,46.14278077060537,-1.031916937018309,-0.9211534666902937,-0.11076347032801526,854.218621495115,838.7932952880859,823.3679690810568,838.7932952880859,834.3599731445313,838.0338278803891,841.9517474911945,837.5109193403339,838.5428362773522,838.2286440778132,0.015218078098763188,0.011824531845554475,0.015749613293611207,0.015218078098763188,0.012964397106793424,0.012514861081828199,0.01711897927394812,21854448.9,0.8595094795549844,0,-1.6104403606174174,-1.468952706641062,14.310144200615728,0.016951843360433115,0.007315530306468281,0.002628110531859644,-0.011769974917455924,0.025257869441104804,1
2025-03-13,841.9197387695312,848.9250839737969,838.688452760047,846.5817587561914,15736264,55.65215707397332,-0.6037779501807563,-0.8576783633883862,0.2539004132076299,854.2093994061166,838.7883575439453,823.3673156817739,838.7883575439453,833.5000952148438,838.403914631736,841.9504922472078,838.189199252518,838.7929772026988,838.3866720980913,-0.002659139307361391,0.009923756392265488,0.012158678247300344,-0.002659139307361391,0.011318486355168078,0.009105939856494105,0.003469145389767725,21500783.6,0.7318925808824939,0,-0.7335136558859858,-1.1134137754369249,13.564864030162337,0.01611182563552606,0.0041934729507310635,-3.6526467957076445e-05,-0.014387175609551576,0.02253237739027248,1
2025-03-17,843.7944946289062,850.5037932506908,841.1304915849349,841.1304915849349,18950652,55.23700864811177,-0.11190758766349518,-0.708524208243408,0.5966166205799128,854.668822131323,839.1016265869141,823.5344310425052,839.1016265869141,833.1172717285157,838.917303202895,842.0228060660979,839.051552387347,839.1634599750105,838.6459620431311,0.002226763161670142,0.00990953967656431,0.01110851247006321,0.002226763161670142,0.01477311063526554,0.012520417425858188,-0.012699116425159418,21818194.5,0.86857104514308,0,0.3300610728739457,-0.6605731961611809,13.610675149390554,0.016130319925086043,0.005813673656975051,0.0021040861958188414,-0.012723440028266204,0.024601355842225135,1
2025-03-18,843.7944946289062,843.7944946289062,843.7944946289062,843.7944946289062,0,60.70740921083201,0.27473623012247117,-0.5118721205702322,0.7866083506927034,855.1212704036437,839.4851959228515,823.8491214420593,839.4851959228515,833.1162854003907,839.3817976244198,842.0922840489532,839.7812358091253,839.5064995790028,838.8283749304759,0.0,0.009500497912599578,0.0,0.0,-0.0004382974191425859,0.013570453105299807,0.005201117965517366,20820199.9,0.0,0,1.3745660451002095,-0.19163451077247373,12.504203962944903,0.01481901581787891,0.005257079694812323,0.0020214062190054873,-0.013245812221921336,0.024209982954081107,1
2025-03-19,860.4197387695312,863.823739278078,854.5490799535085,855.930432694155,15221406,66.7844570500033,1.9007617027954211,-0.029345355897101577,1.9301070586925226,858.0980962393063,840.1450286865235,822.1919611337406,840.1450286865235,833.4191918945312,841.3854110668113,842.8110077634857,842.9563901107263,841.0556284079308,839.4940028106453,0.019702954032589037,0.010684977208012973,0.010779226587517737,0.019702954032589037,0.021973591006475113,0.034767138587619595,0.01994154756775579,20934322.9,0.7271028574800478,0,3.996916014391104,0.9495762826952614,13.339341662536006,0.015503295730537664,0.02262260249864073,0.02089285835595899,0.0027055677438276122,0.04649495427208679,1
2025-03-20,872.580322265625,875.1703133281802,862.9850461318551,865.3036807089222,17833978,67.88436039052038,4.123127218648506,0.8011491590120199,3.3219780596364856,864.028691126389,841.2722900390625,818.5158889517359,841.2722900390625,834.1537609863282,844.356354990508,843.9784318616088,847.5139181345568,843.3907909159083,840.4427775954522,0.014133315343839437,0.01090961428644693,0.01396463670494705,0.014133315343839437,0.034114737438976306,0.03366148761845933,0.04659761754164027,21008476.3,0.8488944055404912,0,6.322527110118813,2.026684370414273,13.392195604983508,0.015347808406005683,0.033426606086756266,0.03388936177068824,0.009897392560063759,0.06605178230947827,1
2025-03-21,873.3696899414062,875.2196836615442,866.0684175252852,866.0684175252852,33508264,61.848257023049136,5.880279078782223,1.8169751429660606,4.063303935816163,868.8955573099857,842.3366546630859,815.7777520161861,842.3366546630859,835.1655834960937,847.1195297477364,845.1310302176793,851.4917291817644,845.6114501029822,842.5071442687198,0.0009046361184625873,0.009921508427633684,0.010478112810249842,0.0009046361184625873,0.03505023498109794,0.03735504671483203,0.04680113938004782,22089683.9,1.5169191262171027,1,8.715615116000322,3.180537970471505,12.204673270334101,0.013974234978492216,0.030987551664033684,0.03341335096458781,0.005149217985728886,0.07059758345074042,1
2025-03-24,887.9969482421875,890.1676194932312,874.997671627427,877.6369838460287,17393736,80.96879322328883,8.356800097709765,3.1249401339148015,5.231859963794964,878.1431895178455,845.1215118408203,812.0998341637951,845.1215118408203,836.5789782714844,851.0126172233984,846.8120466107973,857.1079167295219,848.7511166318121,844.5539825513484,0.016748071829424838,0.008976716630771361,0.017083333333333457,0.016748071829424838,0.03205087962311737,0.05238533066362461,0.06556163429638295,21639845.2,0.8037828292782797,0,12.095314020503338,4.789240544699396,11.679623852747616,0.013152774765575184,0.04345920409436235,0.04863523351636864,0.011221129813410422,0.09345786181146352,0
2025-03-25,898.5789184570312,909.5555477752322,888.7369760332164,890.4143157035983,39101416,82.40763258815826,11.046005926284693,4.70915329238878,6.336852633895912,888.6474084156239,848.3022674560547,807.9571264964854,848.3022674560547,838.4595581054688,855.5427411504111,848.8421200165319,863.4880708414464,852.4420649151617,849.618740082561,0.011916674078431333,0.009219436168823184,0.023168328695896658,0.011916674078431333,0.029795075052691855,0.06492626365406506,0.07937779557558478,22810869.0,1.7141572291700067,1,16.16094352599123,6.749835967578747,12.477762737847424,0.013886106697532203,0.050302778852113574,0.058593697541223184,0.011175984926478689,0.11216163455789507,0
2025-03-26,891.2283325195312,901.5636066855512,888.9836493829623,900.3302775382388,24478442,84.9265946269002,12.440681632560882,6.255458960423201,6.18522267213768,894.8595302287199,851.4953582763671,808.1311863240144,851.4953582763671,840.0377270507812,858.9413688998511,850.5043244284143,867.7558034073056,855.3151217747447,853.0433302799222,-0.008180234130266362,0.00878002275804746,0.014115302267181046,-0.008180234130266362,0.02044797613634053,0.03580647021656991,0.07181849731654233,23000108.8,1.0642750524727953,0,17.55595783303977,7.693316664928602,12.581713078573005,0.01411727233020532,0.03758925205923416,0.04788218815758019,-0.004057841020322537,0.1028263079086267,0
2025-03-27,900.5029296875,908.2235821777276,887.0596420099644,887.9969842041877,41658100,86.36487725565662,14.131456029708488,7.830658374280259,6.300797655428229,902.3093161194058,855.0226806640625,807.7360452087191,855.0226806640625,841.8364147949219,862.8996127843891,852.4650540464177,872.7938228350278,858.6623668053193,858.2307977934711,0.010406533129113216,0.008814063460335043,0.02350235570594728,0.010406533129113216,0.014083360838196946,0.03200004252831978,0.06673869918213637,23876078.4,1.744763076335015,1,18.54325779388114,8.48662218480888,13.119092237457519,0.014568628046563063,0.04357785812624622,0.0563517242297027,-0.0020019591947411253,0.114848018766836,0
2025-03-28,901.9088745117188,905.7568853680812,890.8829244709937,902.3035639097062,28773648,87.48312070257927,15.40724973391059,9.345976646206326,6.061273087704263,909.1892009338058,858.1676696777344,807.146138421663,858.1676696777344,843.5744213867188,866.6147805679443,854.4040273979981,877.2730615545188,861.8658118206082,862.3188919207289,0.0015612884510065594,0.008685302314988645,0.016491644907186506,0.0015612884510065594,0.0037058025581162557,0.032677095277060975,0.07125279641247251,23525420.8,1.2230874952085873,0,19.495250820207957,9.27299718031884,13.35166200002852,0.014803781598508974,0.04072639278162798,0.05559998032592601,-0.008007493285896441,0.11740468247219761,0
2025-04-01,872.1363525390625,892.8809726796349,870.9030234039785,888.9836405685396,28511006,66.46855514166097,13.856206014496138,10.24802251986429,3.6081834946318487,910.4079199977781,859.0420989990234,807.6762780002688,859.0420989990234,844.8679370117187,867.1406445651936,855.0994126976477,876.482798629064,862.6265926145678,865.1647643096328,-0.03301056549507253,0.013475228715040873,0.025200129786668822,-0.03301056549507253,-0.02142209721553079,-0.017861092579790294,0.03358857884302835,22225134.7,1.2828271407506926,0,16.128027341795246,8.287366086850398,14.972606652123359,0.017167735995103753,0.005761127684625905,0.019923928830294757,-0.042037823505323854,0.07980929525179427,0
2025-04-02,886.4676513671875,887.602278026219,873.5423260418547,873.5423260418547,11573564,70.55350927491664,13.626332852930773,10.923684586477588,2.702648266453185,913.2835343533967,861.3940551757812,809.5045759981657,861.3940551757812,846.3050134277344,868.9813118796693,856.3295397042964,878.0189298195445,864.3925969666137,866.609042485494,0.01643240622455666,0.013830713472175347,0.015860648679824674,0.01643240622455666,-0.015586044040060032,-0.013478245306088654,0.05057292623963905,21743544.7,0.5322758620860931,0,13.438570729258231,7.487419687764486,15.233367832844554,0.0171843471212405,0.020122802698361808,0.035194525314750036,-0.029362056773743112,0.09507429315531897,0
2025-04-03,885.456298828125,889.9702954640933,876.6503409310941,878.6729886492828,11250038,66.9159076668112,13.210269257671712,11.381001520716413,1.8292677369552983,915.7295893420228,863.4870147705078,811.2444401989928,863.4870147705078,847.8091821289063,870.5503582557128,857.4717655522896,879.1631404362493,865.9528711785775,868.2400650723375,-0.0011408792385178002,0.013559526306149382,0.01504304001296027,-0.0011408792385178002,-0.01824194899124476,-0.006476492589826632,0.02909807728771785,21309998.7,0.5279229791787834,0,11.608989355861695,6.967441123875346,15.02193834312791,0.016965194513844442,0.01712243344805306,0.03263609881989617,-0.0330592031383959,0.09147903511169642,0
2025-04-04,896.5316772460938,908.6922548603656,893.4729847277881,894.4103269547068,33540454,70.86322581367239,13.617255098059786,11.828252236185088,1.7890028618746978,918.8883810735377,866.6270751953125,814.3657693170873,866.6270751953125,849.3015112304688,873.02476958813,859.003526795184,881.8352230223792,868.2179679243194,872.1836547283147,0.012508102808265864,0.013635017959117441,0.01697571934025463,0.012508102808265864,0.027971915900545596,-0.004410038335782462,0.02744888277824087,21907827.8,1.5309803557977573,1,10.125156803740879,6.538472748766367,15.950461544448672,0.01779129722827445,0.02692581983562015,0.04368800508994618,-0.024330162713913788,0.10089558159831469,1
2025-04-07,867.1289672851562,878.0562747489253,857.5090006629878,869.6450067324856,37995450,57.365269691797316,11.435420929422207,11.749685974832513,-0.31426504541030553,918.2700517035606,868.2674011230469,818.2647505425331,868.2674011230469,850.2171325683594,872.4632646068944,859.322171520281,879.5727221397295,868.1373012103073,874.7293216081675,-0.032796063660856634,0.016918679148146556,0.023695753297537453,-0.032796063660856634,-0.021815442506227356,-0.038562551283678026,-0.007145568169040439,22159295.9,1.7146505995255925,1,5.848484038950119,4.918144122282911,18.068274038545105,0.020836893611239877,-0.006114065242783202,0.009084829908512355,-0.055692858896495875,0.059716878565555694,1
2025-04-08,872.7777099609375,879.1170096868965,863.4784203033727,870.730371547347,35563872,58.83324609112105,10.046300458849146,11.40900887163584,-1.362708412786695,917.4787951173299,870.2382629394531,822.9977307615762,870.2382629394531,851.3947143554688,872.49321178347,859.8498396944244,878.5273356506846,868.4810351918354,875.6923600860139,0.006514305125184139,0.016946490485146175,0.017918181462521256,0.006514305125184139,-0.014318706506427525,0.0007353866399535391,-0.017138840748694983,23268843.8,1.5283901643621844,1,5.352567218276363,4.750426996776696,19.185316137368236,0.021981904347931736,0.0003260749466302222,0.015035032478586518,-0.04872165481565807,0.06048616823438436,1
2025-04-09,870.7303466796875,875.6636630914704,865.0570328061372,870.7303466796875,22454608,53.44883272255853,8.68014802831351,10.863236702971376,-2.1830886746578653,915.9273094253592,872.1499237060547,828.3725379867501,872.1499237060547,852.7286828613281,872.325319868824,860.2765262428661,877.3277988859157,868.6476508576022,876.8288079240099,-0.002345801522980695,0.01623957166629777,0.012181303116147266,-0.002345801522980695,-0.028779050669644035,-0.01775282455397953,-0.030991792935853746,23611371.7,0.9510081957669575,0,3.3440079891546475,3.9469865385697176,18.512272254236912,0.02126062600761399,-0.0018284155610389687,0.01215169787612007,-0.049345578279599185,0.05113376741807792,1
2025-04-11,891.3269653320312,897.567622795633,875.540352413462,875.540352413462,32775766,55.935648521948245,9.153916722772351,10.521372706931572,-1.3674559841592213,915.2471270501724,875.1407470703125,835.0343670904526,875.1407470703125,854.0739990234375,874.1350003891295,861.4941905208726,879.4815168007027,870.3276000779304,879.4991607385855,0.0236544169281383,0.017013897262192667,0.024712895759824376,0.0236544169281383,0.027905881316172776,0.006630103045939029,0.00011067064286574002,24255238.5,1.3512860737279495,0,3.5846421334166507,4.022424968582982,19.3756080797581,0.021737935497710904,0.01966740255824172,0.03462910735720838,-0.02613519454055588,0.06741351070102829,1
2025-04-15,920.0142211914062,925.8848799667484,915.1302257322174,920.063542312984,49298344,62.55143100214494,11.70922694541514,10.758943554628287,0.9502833907868524,921.0031484349711,878.9332336425781,836.8633188501851,878.9332336425781,855.92498046875,878.5044499893463,863.7890936844229,885.7173174761956,874.0080905307805,884.7648871434561,0.032184884980663186,0.018861343139313133,0.011689660862637409,0.032184884980663186,0.054122041261322806,0.02619265391429848,0.021667104970638063,25780950.4,1.9122004129064227,1,5.479680401216342,4.785566889238908,21.190368686790823,0.02303265340762839,0.04725049622977246,0.0650912681325479,-0.001073750122619321,0.09936019475135671,1
2025-04-16,926.4768676757812,929.33821542373,917.8435635307726,929.33821542373,19136820,60.8303233593337,14.093350891305704,11.425825021963771,2.667525869341933,926.5438956860802,883.1610900878907,839.7782844897012,883.1610900878907,857.7651086425781,883.0732516737686,866.2474377625155,891.9880175069011,877.8946666155954,887.4928030704729,0.00702450716034142,0.018527496471642178,0.012406841761514957,0.00702450716034142,0.06402271519382463,0.06844183809985482,0.02723999492450191,25950978.2,0.7374219134444805,0,10.609987066874169,6.925266242234443,20.811563139728857,0.022463122249277597,0.049150640583604875,0.06952912907752563,-7.234196956131098e-05,0.10323984888316477,1
2025-04-17,940.6354370117188,947.048748489299,925.835487448072,928.450169292776,35703084,61.603361174727205,16.93010480287535,12.526680978146087,4.403423824729261,934.3984306676685,888.0031372070313,841.607843746394,888.0031372070313,859.816875,888.5553645630972,869.1646142036608,899.4722358922577,882.5421310893823,892.3458078965247,0.015282161735410194,0.018670644749815446,0.022552053863310658,0.015282161735410194,0.05532029613994616,0.07774915224842105,0.07854171457620573,26788599.8,1.3327715620284117,0,16.06215277962724,9.314774509236372,20.786896104599027,0.022098780554809204,0.05861207362608104,0.08222932876016864,0.006674889575310595,0.11766476988202268,0
2025-04-21,950.6994018554688,962.3420166432836,942.2634427629204,949.170085798879,34247298,66.16597912966841,19.762520535340173,13.973848889584904,5.788671645755269,942.8287774641991,893.3483825683594,843.8679876725197,893.3483825683594,862.1468811035156,894.4738443052279,872.3620568566729,907.3533383481363,887.5908178127961,895.915966615999,0.010699113012073935,0.018447616965674804,0.02111979227206427,0.010699113012073935,0.03335294167988567,0.09184135534120674,0.07245808731905501,28500964.7,1.201618905201479,0,22.14852443640393,12.085530613806782,21.438797699525878,0.02255055347429906,0.06285880566347181,0.08979911996753259,0.00834788307208676,0.12659730638390704,0
2025-04-22,967.7686767578124,972.1593405008402,954.5967457498784,954.5967457498784,45961750,67.54145651379463,23.118087320388895,15.802696575745703,7.315390744643192,955.8534563107663,898.7158294677735,841.5782026247806,898.7158294677735,864.946044921875,901.4543045388074,876.1034929312275,916.6480057957788,893.5299184753899,902.1093920052552,0.017954439509512365,0.01873267280582544,0.018147513112120397,0.017954439509512365,0.04456863470927064,0.08576169508941711,0.09296040701119335,30037981.9,1.5301211031091273,1,27.31930414967792,14.609302410354871,21.459940447926467,0.02217465905160402,0.0735637645581293,0.10462825975033573,0.012465530535438269,0.14994503628950817,0
2025-04-23,949.1207275390624,976.2539669757358,947.4433879660209,976.2539669757358,30570642,61.29601791196301,23.99605295708932,17.441367852014427,6.554685105074892,962.4937634013638,902.5428497314454,842.5919360615269,902.5428497314454,866.9489697265625,905.9939638721651,878.9669138962406,921.6438091408994,897.6477561838101,905.8010729195719,-0.01926901507209733,0.019848452953241853,0.030355020361231357,-0.01926901507209733,0.009020806779617363,0.03163701786040174,0.05865832923439829,30674815.1,0.9966039534497471,0,27.489513882818756,15.177820211817675,22.455413170257,0.023659174769558297,0.04760160154111409,0.07981394126867353,-0.01389415326187919,0.12642987301240521,0
2025-04-24,945.6181030273438,949.1207455952106,939.8460867592294,942.2634238174406,25931754,70.1093153019709,24.131046837249187,18.77930364906138,5.3517431881878075,967.3975756321964,906.1552703857421,844.9129651392878,906.1552703857421,868.7150964355469,909.7676914107535,881.580686019029,925.3321620465061,901.201115209257,909.3667529805185,-0.0036903888094409476,0.01700478723009303,0.009808038579516292,-0.0036903888094409476,-0.005344800699577434,0.020660240983222167,0.09051610395155474,30295989.6,0.8559467554081811,0,26.69443973698492,15.33324825651357,20.90318515084564,0.02210531406275457,0.03940611647902985,0.07263931483967703,-0.02251346618335254,0.11918995451969919,0
2025-04-25,942.8554077148438,953.6100615716746,933.2848220611924,949.5647662059754,18500878,66.47443517287105,23.74142763766224,19.77172844678155,3.9696991908806893,971.6124956979957,908.898193359375,846.1838910207543,908.898193359375,870.3662768554688,912.9189024873335,883.98361628161,928.0280459954812,904.286618357819,911.1152020189469,-0.002921576166589168,0.01687143477572549,0.02155711187969276,-0.002921576166589168,-0.025742999997098726,0.0023600755571973053,0.08029272167943269,30351346.7,0.6095570711529581,0,24.36353792423631,14.819002077949222,21.250279009654623,0.02253821618434365,0.03279207511855149,0.06659828343976795,-0.029597280922671883,0.11424409956265445,0
2025-04-28,947.29541015625,951.982060830828,941.4741328194632,942.8554253066496,13920492,67.71226459623944,23.519801079036256,20.521342973232493,2.9984581058037634,976.111112100424,911.334017944336,846.556923788248,911.334017944336,872.2157775878907,916.192855598659,886.4664317276744,930.9922558663686,907.4724547873324,912.7888039307223,0.004709102164633272,0.016791982366616654,0.01109255666047363,0.004709102164633272,-0.001923166705615209,-0.0035805131386169586,0.0879320030231221,29092300.5,0.4784940262802524,0,21.719011293431095,14.104374871001482,21.04941997239502,0.022220544665072388,0.03394760651922785,0.06861960729863542,-0.029520923988015563,0.11899788843165852,0
2025-04-29,941.6714477539062,951.5380804410966,937.4287475214968,946.6047640975014,18918308,63.34592910995862,22.62949493885435,20.942973366356863,1.6865215724974867,979.2621726616128,913.8561737060547,848.4501747504967,913.8561737060547,874.1205310058593,918.619388184873,888.6313343169384,932.6352084644514,910.005713525597,914.5997585601159,-0.005936862294536049,0.01687798968450322,0.01498328631844325,-0.005936862294536049,-0.004173624913485163,-0.02696639148451907,0.056482620160740904,28814293.8,0.6565598355910427,0,17.16508364606557,12.527841385710872,20.397518321492107,0.02166097142495366,0.02509424454297938,0.05968742198106043,-0.0383867833938033,0.1098724188852022,0
2025-04-30,949.6633911132812,955.5340495753018,942.4114402150566,943.7434115323152,31936870,77.93920270283677,22.311609599130747,21.21670061291164,1.0949089862191066,983.2835494950385,916.3141967773438,849.3448440596491,916.3141967773438,876.326708984375,921.5759598923404,891.0247483089518,935.2549288719637,912.9433192728329,917.727080001583,0.008486976406088864,0.01323406934155211,0.013818169135551988,0.008486976406088864,0.007220601740979271,0.0005717540018601586,0.0322268604538305,28328232.3,1.1273866177664746,0,15.581996020175325,12.057834412711145,18.600370124227076,0.01958627688324601,0.03047760840486992,0.06581034131276146,-0.03419172262062432,0.11811285811088866,0
2025-05-02,948.1341552734376,958.0007887427043,947.1968130496268,952.0314875380284,17840404,76.24122097427323,21.686300452873866,21.310620580904086,0.3756798719697798,986.6833387945052,918.6254608154297,850.5675828363543,918.6254608154297,878.4490222167968,924.1053118333972,893.2643328957944,937.2363483183442,915.5500478654703,919.7420270802968,-0.0016102925038006255,0.013414836625556594,0.011394986282254225,-0.0016102925038006255,0.0008854103041091577,0.0026607488139649416,0.02337596150887955,27781570.1,0.6421668730666882,0,14.337620422643681,11.683646876765351,18.255040574909483,0.01925364725379481,0.02600227823857858,0.061426187475509764,-0.039069458260200876,0.1147076074916139,0
2025-05-05,955.4847412109376,962.9833580251332,953.2647488384408,956.57004672681,15068024,78.46259485030981,21.535620080275294,21.355620480778327,0.1799995994969663,989.0482502471609,922.7928802490235,856.537510250886,922.7928802490235,880.808134765625,927.0938289169725,895.704348908153,940.0437933787432,918.5081732984679,922.9456029056674,0.007752685520943103,0.01320042952656124,0.010171391302780422,0.007752685520943103,0.014668909724277146,0.013394772297804503,0.01578646052969601,27109421.0,0.555822420552619,0,14.174926429638958,11.72073262654294,18.55808146536393,0.019422687422348855,0.030623558704010883,0.06674121028401375,-0.033935158398830254,0.11552002075317076,0
2025-05-06,952.9686889648438,957.112686715781,949.318083066804,952.1300492793256,17490156,73.56213178992678,20.971434764957962,21.278783337614257,-0.307348572656295,991.3646130814923,926.1179321289062,860.8712511763201,926.1179321289062,883.1450463867187,929.558101302484,897.950009302533,942.0322388535278,921.0608040885699,924.762137412248,-0.002633273078652354,0.012457677066780661,0.00817928620240806,-0.002633273078652354,0.0034804941229626962,0.005988922513261219,0.002386965958899312,27405250.6,0.638204563617455,0,13.365245703825053,11.4835775748586,17.197890574866182,0.018046648094542626,0.025184641637308224,0.06127142835606803,-0.03873037589802724,0.10698166266172664,0
2025-05-07,959.8260498046876,961.355365881208,948.3807795701132,954.1034146874002,21420778,68.26618321042507,20.83744445938396,21.1905155619682,-0.35307110258424146,993.7898407447842,929.8364196777344,865.8829986106846,929.8364196777344,885.3971057128906,932.4407630645986,900.3765206947744,944.7697482306293,923.9323037712453,926.8015970908247,0.007195788192466912,0.009733740156763091,0.013517643445637799,0.007195788192466912,0.012331477002722302,0.01927912553161093,-0.008207154399472727,27913787.6,0.7673905923107331,0,13.821374879725681,11.745186377836035,15.656224266036011,0.016311522561011815,0.029369465412562364,0.0660274093598521,-0.034176029526165046,0.10849393202630762,0
2025-05-08,951.3900756835938,964.364722012384,946.752746184645,964.364722012384,34803430,61.227203313001155,19.8220473446803,20.916821918510625,-1.0947745738303247,995.2103766998181,932.5793395996094,869.9483024994007,932.5793395996094,887.4242053222656,934.2454595045028,902.3770522629634,945.78826014647,925.9662128017897,930.1364729609587,-0.00878906560497128,0.010148794729224359,0.018511834712049553,-0.00878906560497128,-0.004285432671749967,0.0018182069420284996,0.002391000510983954,27976936.4,1.244004329223124,0,12.66949961216244,11.352303954011632,16.093175975663264,0.016915433939228324,0.018351297300587294,0.0543154585965107,-0.04403119384821457,0.09361679648113244,0
2025-05-09,932.248779296875,946.7034204881496,930.8181657127636,942.3127568324844,17188796,46.382969762220014,17.273674994964153,20.18819253380133,-2.9145175388371776,990.3897952639572,935.8353302001954,881.2808651364335,935.8353302001954,889.0275329589844,934.0552994847288,903.5484925388031,943.7052630926861,926.4315880977219,934.755413316791,-0.020119293732347665,0.010948859394865867,0.017039716359153658,-0.020119293732347665,-0.021742487353362705,-0.016754354737891886,-0.014138185053424457,26936603.7,0.6381203878349371,0,9.94998765133164,10.284159643008707,16.04736518492063,0.017213608149773012,-0.0019340612797233746,0.0317639694992235,-0.05870518481219466,0.05783390537198495,1
2025-05-12,965.5487060546876,966.880737676539,943.398162578518,946.0127842578852,18618972,55.334994340267286,17.73664038831737,19.69788210470454,-1.9612417163871712,987.7428733492203,940.4738800048829,893.2048866605454,940.4738800048829,891.6925109863281,937.0546715390107,905.9798734609947,947.0657927791478,929.3291523908305,939.8981033557636,0.035720000387587714,0.014423129398203949,0.024320445929623437,0.035720000387587714,0.005962180596332578,0.010532836799670209,0.024068694048056116,26089358.7,0.7136615435472548,0,9.960842622038172,10.275524552841716,16.970606524070565,0.017576126836121895,0.030408081172978517,0.06575072398256492,-0.02246957977968205,0.08099353292234711,0
2025-05-13,948.4793701171876,967.7686246091652,947.1967199365026,961.9966686855104,24242102,43.06982366026014,16.535579178542093,19.06542151947205,-2.5298423409299566,978.422827033423,944.3613311767579,910.2998353200927,944.3613311767579,893.962822265625,938.1427380702656,907.6465203886885,947.2832662157693,930.7476870372273,943.5503189558724,-0.017678378967796227,0.01438371522697387,0.021689353844481406,-0.017678378967796227,-0.0030594239322022654,-0.004710877597177587,0.0012498318351847892,26178733.4,0.9260227234675915,0,8.584636767781603,9.69651108615551,16.907175526019923,0.01782555958379041,0.011018186921303843,0.044987612260126285,-0.030603800411141184,0.04194171339564141,0
2025-05-14,942.5594482421876,952.2287366384548,938.8101397074493,948.2327622761528,15445308,47.405397160080575,14.933892677395647,18.23911575105677,-3.3052230736611214,970.1846047242107,946.9229553222656,923.6613059203205,946.9229553222656,896.2666809082032,938.5633771342582,909.0156548143159,946.5565249890644,931.6226323116688,947.1674008241938,-0.006241487228413334,0.013530827274862562,0.014236340165100897,-0.006241487228413334,0.011059997260698173,-0.017989302922142514,0.0009430045802061304,25312210.5,0.6101919861957532,0,6.122614069659562,8.639134119541495,15.80774823468354,0.016771088830698125,0.004257646532225389,0.03690122744335321,-0.02847412373635418,0.02046003464769732,0
2025-05-15,954.0047607421876,959.4314088460198,935.85013208818,943.9901042439284,32241458,53.12041697910884,14.421839661655326,17.47566053317648,-3.053820871521154,968.2964016524749,948.6224822998047,928.9485629471345,948.6224822998047,898.747646484375,940.0339850969181,910.779933478154,947.7024074126218,933.2805677509665,950.0416577831145,0.012142801731333419,0.013892511884388316,0.024718196101552296,0.012142801731333419,-0.011955839451817551,0.002748278677087379,0.004571482558485274,24459366.2,1.3181640822729086,0,5.788525592415226,8.402881215190632,16.829649514816303,0.01764105401499604,0.014861989956489881,0.04745913439151367,-0.014759572467580608,0.02697264282918,0
2025-05-16,954.44873046875,958.9380967138302,951.340777169636,954.0047801554118,15868010,54.389252737491496,13.891723463275184,16.75887311919622,-2.867149655921036,966.8355141160815,950.0210754394532,933.2066367628248,950.0210754394532,901.0564392089843,941.4068179894736,912.4924353209225,948.7403032674108,934.8485798041356,951.204429576071,0.00046537474951069413,0.013853659010763937,0.007959903242223381,0.00046537474951069413,0.006293611162913271,0.023813333591725216,0.006660001815345762,24295925.7,0.6531140322017037,0,7.351518504744718,8.943942782119393,15.920512374367158,0.016680322228044935,0.013853641412040716,0.04597988270781833,-0.012811676305308255,0.022762476035973457,0
2025-05-19,956.4220581054688,959.5300716290252,952.6234284399216,955.5834183781088,10202964,53.52113206711887,13.475496470171151,16.102197789391205,-2.6267013192200537,967.2476357597247,950.8104064941406,934.3731772285564,950.8104064941406,903.0919250488281,942.8368408576636,914.2151656261989,949.9221117040352,936.446615233864,952.3513032668903,0.0020675051196825667,0.013816633617584435,0.00722133406540695,0.0020675051196825667,0.014707411706639917,-0.009452291626500187,0.0009809857280851375,23020919.7,0.4432040132610341,0,5.782169318652905,8.235292165204214,15.663277744205645,0.016376951588958844,0.01440887400565216,0.04616735104187418,-0.011192146927041123,0.023597510517490993,0
2025-05-20,944.6807861328124,954.3993955236706,943.7434439560598,951.1927398071444,23879090,51.108693569734655,12.0592001048758,15.293598252488124,-3.2343981476123247,967.174065586568,950.5094757080078,933.8448858294477,950.5094757080078,905.1969702148438,943.012454693392,915.4098958421445,949.115753923847,937.0565538189712,952.1439885724928,-0.012276245485088544,0.014153233314668256,0.011279949506787906,-0.012276245485088544,-0.00977350951804623,-0.00400491998461272,-0.00869693089395629,22502509.3,1.061174541987635,0,4.869716623126351,7.7633754534559785,15.561083546334876,0.016472319300614154,0.001769151012923615,0.03197571975529033,-0.023256702442816163,0.011603533378822544,0
2025-05-21,950.5514526367188,960.4674068130724,947.739426083267,950.6500948788124,15132040,50.33237268869632,11.28045469528513,14.490969541047527,-3.210514845762397,964.2046097653349,949.6486145019531,935.0926192385714,949.6486145019531,907.3360571289063,943.7304544975183,916.7879961085983,949.3366306489042,938.0561759536191,950.7798617708002,0.006214444699292221,0.014065121253206693,0.013390101813531043,0.006214444699292221,-0.0040832762490209396,0.008479045443166244,-0.009662789595944132,20961023.8,0.7219132111285518,0,5.167077363260091,7.772341294282455,15.6985134648252,0.016515164351471302,0.007227697386148522,0.03682798713708392,-0.014160020591416815,0.01653187404124225,0
2025-05-22,947.1474609375,949.2687509312964,939.895449442171,944.828766015395,21306670,49.635822816063225,10.270230837744634,13.646821800386949,-3.3765909626423145,964.1477026675456,949.549951171875,934.9521996762045,949.549951171875,909.6043969726562,944.0558836822784,917.9785633567906,948.9998353086883,938.7296044709436,949.9931583980629,-0.003581070429987232,0.014094011890252597,0.009896348642319747,-0.003581070429987232,-0.00969718032888156,-0.007187909418138405,-0.004459385119237602,20497825.2,1.039460030130416,0,4.021898585360304,7.198629878636552,15.687944000644507,0.016563359611518523,0.0032747820427356245,0.031775140232084435,-0.017632403917999615,0.013043727011411935,0
2025-05-23,953.9060668945312,955.583406549638,944.4834444188342,947.246089616049,9566072,49.41477266299364,9.90085329535782,12.897628099381125,-2.996774804023305,964.5626906810267,949.9643493652344,935.3660080494421,949.9643493652344,911.9960693359375,944.9939963691595,919.387485064153,949.7546401680487,939.8537868726909,950.3636014699088,0.007135748376859485,0.01406890719049587,0.011636326170919541,0.007135748376859485,0.009765500576637942,-0.0005685623092108738,0.023231231918577233,19679541.1,0.48609222905101174,0,3.5871783796859518,6.895049743230516,15.420141099152236,0.016165261585297335,0.009430822375182866,0.03754519437250075,-0.011048140146257704,0.019821180891265725,0
2025-05-26,957.1619873046876,961.9473401627192,950.6007128758196,954.596686963064,10802860,51.54600897321137,9.758356241644378,12.269773727833776,-2.511417486189398,965.2132328641972,950.6796783447265,936.1461238252559,950.6796783447265,914.472099609375,946.1528526487336,920.8688380931936,950.8942320352239,941.1358757935795,950.8783897060347,0.0034132505528097212,0.014075550036421,0.011854448293387729,0.0034132505528097212,0.0069544206677418785,0.0007736429675038181,-0.008685961357939975,19294640.2,0.5598891654895954,0,3.316011791070082,6.653672466994749,15.673857073289566,0.016375344279421538,0.01163568299258851,0.039411855098327314,-0.008341416471900284,0.022449340914383335,0
2025-05-27,950.3047485351562,961.0100208805312,945.3714322062008,952.9193700568148,26162148,46.48962958129024,8.988490713767874,11.613517125020596,-2.6250264112527226,965.278233670656,950.8301452636719,936.3820568566877,950.8301452636719,916.828251953125,946.5482713045834,922.0231875222903,950.8035422659827,941.8150515522149,951.1056234800781,-0.007164136123751552,0.014065837071300715,0.016456393276405783,-0.007164136123751552,0.0033334699483131836,0.005953293943202098,0.0019245314927018864,19906723.0,1.3142368033151413,0,3.5358166111914215,6.613291680145835,15.86414295637783,0.01669374269762574,0.00396860608640219,0.030673372856127038,-0.015512092382483592,0.014868601524900268,0
2025-05-28,948.9234008789062,954.3500488693757,946.0620533045636,947.2953823933068,18157594,49.04066822322089,8.172693798109435,10.925352459638365,-2.7526586615289297,965.0238586513993,951.1927429199219,937.3616271884445,951.1927429199219,919.1765100097656,946.7744741211856,923.0780978500007,950.5142897448941,942.3415959467847,951.4048787705923,-0.0014535838723096495,0.013873466120951973,0.008734103887769632,-0.0014535838723096495,-0.005223434663589321,-0.001712744484579476,0.006751778520269536,19868687.3,0.913879901869511,0,3.044019623667282,6.290101741402395,15.19814436616876,0.016016197252688703,0.0022697345740286916,0.027999042647749335,-0.01668399970441471,0.012334379128726,0
2025-05-29,950.896728515625,957.4580633637506,940.9314535555671,951.1433943336576,28917794,58.37025404885914,7.597817008450193,10.25984536940073,-2.662028360950538,965.0678016355208,951.2544097900391,937.4410179445573,951.2544097900391,921.3111547851563,947.1670697777988,924.1690245427703,950.5731264788526,942.9753094704024,951.4627361299703,0.0020795436543044055,0.012621064332501989,0.017380025940337343,0.0020795436543044055,-0.00654566193827355,0.003958483480928976,-0.0032578791579034316,19717733.5,1.4665881349902614,0,3.111186095520452,6.190461185979757,14.909194354551143,0.015679088914129287,0.003937698909550504,0.028920796156393702,-0.014684018154869333,0.014353660991462508,0
2025-05-30,959.480712890625,961.4047183192448,949.8607459686727,953.0674016093236,28748078,46.49970143704542,7.745592442381621,9.756994783996909,-2.0114023416152875,966.0221481822458,951.8217376708984,937.621327159551,951.8217376708984,923.6623742675781,948.3397976933061,925.553796634843,951.9435243883561,944.1979319459745,951.865033298975,0.009027251979717876,0.008343347078420719,0.012031479315299177,0.009027251979717876,0.009655812379779194,0.005844019856422689,0.005272134857787103,20263117.2,1.4187391661535669,0,3.345801324146578,6.166311570690027,13.260052495330294,0.013820030269688036,0.011747809407996499,0.03665580150946871,-0.0067715168890586696,0.023313660960864926,0
2025-06-02,953.166015625,955.09002099665,941.2767355690124,952.1793523801688,14668822,53.08642273050286,7.269365522507201,9.259468931698969,-1.990103409191768,965.8178794037356,951.7058013916015,937.5937233794675,951.7058013916015,925.8498046875,948.7994374963246,926.6366287521041,952.1315999632243,944.8622344407171,951.5916148286954,-0.006581369672977289,0.006995682248694162,0.01449200370260792,-0.006581369672977289,0.004470977048478542,-0.004174812343875067,-0.003404399190581664,20243157.1,0.7246311396753424,0,2.6465848475909297,5.767790658910485,13.090914827398153,0.013734139292423593,0.0046022140782438475,0.02862976278913434,-0.013099637155761092,0.016608784655046144,1
2025-06-03,949.466064453125,962.9833634640112,947.1967509482078,956.0767204883472,24377584,54.68539865513919,6.518258690974676,8.71122688355411,-2.1929681925794338,965.663678638197,951.5306701660156,937.3976616938343,951.5306701660156,927.9632360839844,948.8629257779246,927.5319007403795,951.7215175770552,945.2032588860806,951.6222694214761,-0.0038817489411315798,0.006850936737400054,0.016626831760328607,-0.0038817489411315798,-0.001504541996619646,-0.0008825422406065764,0.005065497669219932,20587528.5,1.1840947299720799,0,2.314654473341193,5.508713218089156,13.260058797740855,0.013965805934705424,0.0006356436307234951,0.023647880676920266,-0.016773556408287267,0.0128743683203601,1
2025-06-04,957.6553344726562,958.6913790708478,947.6407385330224,947.690059651711,12961542,52.59098623910829,6.508777628614325,8.270737032566153,-1.7619594039518276,965.3182660044158,951.4221343994141,937.5260027944123,951.4221343994141,929.9079479980469,949.7002980345658,928.7132118671354,952.6344124840708,946.1256348554565,951.4597987722941,0.008625131877934011,0.006445295483593049,0.011539266936690303,0.008625131877934011,-0.0019024649411341077,0.00920193725401064,0.007473432202151908,20164566.7,0.642788024797974,0,2.9258239133802135,5.635114017134697,12.365013353454108,0.012911757402012534,0.008376365106501145,0.031163681355769662,-0.007938243584136752,0.02147069160561518,0
2025-06-05,961.79931640625,966.3873245707182,957.1619871239031,961.0099978567569,22255418,54.956726598037235,6.757749399204272,7.968139505893777,-1.2103901066895055,966.5929351314154,951.9425964355469,937.2922577396783,951.9425964355469,931.6923278808594,950.8525854985357,930.0107061627871,954.0443977028676,947.2866483036634,951.806442174624,0.004327216467577832,0.0065352907291155215,0.00959174880814575,0.004327216467577832,0.009057499574813388,0.011465585655809463,0.015469455468156257,19537166.1,1.1391323534890763,0,3.6855157207369302,5.841681620016743,12.481300346498456,0.012977031833558235,0.011512542611402629,0.034180907846343346,-0.004959294187799618,0.026146656460890337,0
2025-06-06,976.1552734375,984.8379583134906,958.3953347348496,959.036689943126,30127008,61.40250022747931,8.021005912567148,7.978712787228452,0.04229312533869578,969.5037910206096,954.1379211425781,938.7720512645466,954.1379211425781,933.7480395507813,953.2623653022466,931.8202970363053,957.446070892811,949.4250649802439,954.0457093975645,0.014926146012341546,0.007582002713306361,0.02708854246673703,0.014926146012341546,0.02810970289891035,0.01737873447881988,0.023324316004616374,20184076.7,1.4926126395466979,0,4.92256760894054,6.266500401462281,13.876727517179697,0.014215696923208988,0.024015327750817925,0.0475788910610812,0.0068607080018617695,0.03982140512448938,0
2025-06-09,976.2540283203124,984.1966559557252,974.7740333489504,984.1966559557252,13202588,71.08039381886934,8.927207206707635,8.16841167112429,0.7587955355833458,972.2932015005032,954.6731872558594,937.0531730112156,954.6731872558594,935.5131811523438,955.4520474944434,933.5627963023449,960.3396028047343,951.4123955980267,954.6399891150339,0.00010116718671682179,0.006497880086811029,0.0096518143161845,0.00010116718671682179,0.019421072674228546,0.024222446370135486,0.019946509858155714,19913257.5,0.663004935279926,0,6.652609998118805,6.926167550240734,13.644156692705824,0.013976031132164638,0.021771873199099494,0.04572936302416822,0.004073695891009631,0.041834184481895596,0
2025-06-10,969.5447387695312,978.1780428487654,967.472709657825,978.1780428487654,15533126,62.54074312887886,9.000245439300102,8.334778424759453,0.6654670145406492,974.2811853750037,955.7264556884766,937.1717260019494,955.7264556884766,936.9324975585937,956.7942085682612,934.9738528696855,961.7557775685493,952.7555321292492,955.3313659106992,-0.006872483345676694,0.006834961433813632,0.011041608254743035,-0.006872483345676694,0.008053054552192851,0.021147332240853967,0.020246126586268787,19477808.7,0.7974781064566057,0,7.9312827903365815,7.44195212930606,13.281207586325845,0.013698395809131297,0.013326303699465167,0.03697524352551509,-0.00486147805846151,0.03454330926700886,0
2025-06-11,962.1940307617188,970.6793107759778,960.516691162301,970.6793107759778,11096394,59.44269908063887,8.368520960630462,8.341526931933654,0.02699402869680867,974.3866228912506,956.7081848144531,939.0297467376557,956.7081848144531,938.3518115234375,957.3084773485905,936.0413108262359,961.8232011367293,953.4546801760988,956.0274057365577,-0.007581607855601802,0.007137757053423959,0.010561923363452613,-0.007581607855601802,-0.014302276549321036,0.004739383915781881,0.013984932683208218,19260363.0,0.576125901676931,0,7.60817931402471,7.32809895910043,13.24596590197792,0.013766418704023533,0.0051034264594204135,0.027939706969127346,-0.012513094744007594,0.024668317595411184,0
2025-06-12,958.74072265625,967.4233474890254,954.7447484104944,961.9966994408974,16349130,53.165378445967065,7.502734799861855,8.173768505519295,-0.6710337056574396,974.5978062273201,956.9449829101562,939.2921595929923,956.9449829101562,939.5165673828125,957.4448816636057,936.9314838391776,961.348973678194,953.8462388783322,956.7636441277199,-0.0035889934826710546,0.007020477992549042,0.013224220875279233,-0.0035889934826710546,-0.017939291573725757,-0.003180074780494091,0.008249049455527846,18465746.6,0.8853760616426957,0,6.592296165069911,6.920777676390571,13.358725683958442,0.013933616637193915,0.0013534366494212793,0.023277303829845327,-0.016270387096861096,0.020705552436086537,0
2025-06-13,946.0127563476562,953.6100757725884,943.7434428106372,947.19676434732,12117762,43.50579031981671,5.72357471424516,7.683729747264469,-1.9601550330193085,974.8185924917871,956.5231842041015,938.227775916416,956.5231842041015,940.3986450195313,956.3561078239915,937.2876121728435,958.989555627342,953.2659809130969,956.546639534984,-0.01327571261741145,0.007836055374669717,0.010429703929198607,-0.01327571261741145,-0.024271167158041562,-0.03087881396542358,-0.014036714195529654,18278234.2,0.6629613050914951,0,3.0937425217448435,5.467315136538218,13.619486581009378,0.014396726143092585,-0.010815376606805562,0.009308929363299573,-0.029549945360088627,0.008297537795271762,1
2025-06-16,954.7940673828124,956.520728121515,947.2460692080248,949.1700746468088,16513746,52.55761261208001,4.96492339396832,7.139968476605239,-2.1750450826369194,974.7535665052477,956.4417846679687,938.1300028306897,956.4417846679687,942.0517993164062,956.2073420676887,937.9741398281365,958.3440958974145,953.3791725034462,956.3923790665555,0.009282444635375642,0.00804003248269891,0.009713779369108413,0.009282444635375642,-0.007690718443813416,-0.021981943546417693,0.0017080463750533958,18593773.3,0.8881331257276327,0,0.7552945732453509,4.411343525791608,13.253013945261403,0.013880494651154736,-0.0014780002439850517,0.0179321868700536,-0.020476456622770266,0.017763065355378204,0
2025-06-17,951.9327392578124,957.852719054467,946.75275693574,955.5834055099792,16978736,51.686020308158156,4.085704037409755,6.5291155887661425,-2.4434115513563874,974.4091501863455,956.8043823242188,939.199614462092,956.8043823242188,943.3611010742187,955.8002370381768,938.5215358842022,957.3577333374757,953.2720293000659,956.7711308793305,-0.0029968013237066105,0.008077400103708091,0.011660447908726487,-0.0029968013237066105,-0.007100964043308511,-0.018165226221608544,0.002597959945106698,18248755.6,0.930405139515376,0,-0.9939715300844227,3.5476830145166787,13.453868699112475,0.014133213560447527,-0.004046345282722396,0.014289712980294264,-0.023066707577853476,0.013557421233624611,0
2025-06-18,954.0540771484376,955.2380851367438,945.7167603313338,945.7167603313338,18433816,51.76601602080035,3.5195197688465214,5.927196424782219,-2.4076766559356972,974.3909975065537,956.9795135498047,939.5680295930556,956.9795135498047,944.733056640625,955.6339360962968,939.1306551494663,956.8494785391622,953.3299587703157,956.6740413931926,0.00222845354838741,0.008080083052550929,0.009979858619616413,0.00222845354838741,0.008500224491503783,-0.00845978394486313,-0.0037604941930404756,18413844.4,1.0010845969785647,0,-1.674541252293693,3.0893443232304207,12.953491198914369,0.013577313392581399,-0.0016532051533381094,0.015890677103492273,-0.020871416515708657,0.015417774018615972,1
2025-06-19,954.7447509765624,960.4180648603084,949.9593979158448,954.0540746334422,16876220,47.09444967017948,3.0909161057616075,5.359940360978096,-2.2690242552164888,974.1894757083991,957.3593780517579,940.5292803951166,957.3593780517579,945.8973181152344,955.5492517991793,939.7429726328819,956.5256742987623,953.4347581930007,957.2563069455119,0.0007239357230033328,0.00768256805180526,0.010954411567872946,0.0007239357230033328,-5.165135387275033e-05,-0.004167937780525821,-0.007334758207197423,18192321.9,0.9276561888452514,0,-1.8956298644263825,2.8114887937042568,12.87596938419234,0.0134862950239026,-0.0008419250196702194,0.015963703672771223,-0.019959900221357976,0.015114330704806786,1
2025-06-20,969.2486572265624,971.8140179089728,952.9193918485256,952.9193918485256,32900408,58.96590819384744,3.876898166241972,5.063331922030871,-1.186433755788899,975.6770825256251,958.1265075683593,940.5759326110935,958.1265075683593,947.9397119140625,956.8539570779776,940.9000583032223,958.4830562876546,954.6061581214126,958.0320508851928,0.015191396690230174,0.008481127285948752,0.019494095678721755,0.015191396690230174,0.018190274642986504,0.02456193187987732,-0.0070753254106963315,19359038.7,1.699485625802277,1,0.4978492539861463,3.612446130378771,12.92530143696624,0.013335382350645799,0.012953596582738158,0.030129234952395164,-0.006588681249355765,0.030484221019638134,1
2025-06-23,961.2073974609376,965.8940481289004,957.9514206200562,961.2073974609376,11739518,56.24346022126856,3.807046885699606,4.812074914764619,-1.0050280290650129,975.9257338675934,958.3287780761718,940.7318222847503,958.3287780761718,949.7083056640626,957.2685704477833,941.6964245447014,958.9021856989289,955.0951388132293,958.1832156948908,-0.008296384736435236,0.008763150526035504,0.008263177676144554,-0.008296384736435236,0.007497814310359008,0.006716977301403748,-0.015412618460856065,19405871.6,0.604946700770709,0,1.061228380094576,3.7222847165649,12.604631729159296,0.013113332005615921,0.004114651974118232,0.020718962510311717,-0.015081410291669461,0.0217655815304073,1
2025-06-24,967.3740234375,976.3033140635844,964.7593416610488,969.3966711141704,22625322,55.28152826692799,4.2008595285821,4.689831837528115,-0.48897230894601496,976.7963178828213,959.182241821289,941.5681657597568,959.182241821289,951.6411791992188,958.230994542042,942.703389207164,960.2055453510167,956.0046858224346,959.2528233810398,0.006415499914848466,0.008632505791397658,0.011933308237402159,0.006415499914848466,0.013227904576610383,0.01622098236869829,-0.002238901667174331,19229030.3,1.1766231394414102,0,2.430757503865266,4.181853322961842,12.893580019503677,0.013328433167646148,0.009541570819077515,0.026170091794285956,-0.009646119946217521,0.027407317511547704,1
2025-06-25,976.8953247070312,977.7833457795492,968.854054817417,969.8900392545884,18405932,57.75078578658575,5.22106315885344,4.796078101793181,0.42498505706025913,979.1796637839813,960.5808380126953,941.9820122414093,960.5808380126953,953.3525463867187,960.0085497958505,944.044249422845,962.7732037134804,957.5521405546269,960.4296324072532,0.009842419828163251,0.008928771881017674,0.009140478755807408,0.009842419828163251,0.007889273225664573,0.023941250402559566,0.01527892865192082,19241447.2,0.9565773202339999,0,4.37461369955372,4.913594273378749,12.978150369163261,0.01328509825047569,0.017590233873200165,0.0347982367397187,-0.0023329110697850003,0.037063672142260036,0
2025-06-26,997.4179077148438,1000.03252920567,976.7966216145232,977.4872979366618,50084830,60.2668090717207,7.5979978309560465,5.3564620476257545,2.241535783330292,987.1776471491698,962.9068969726562,938.6361467961426,962.9068969726562,954.9006201171875,963.5713457881355,946.137334061747,968.1031581752286,960.5051603442726,965.0119764642175,0.02100796522285253,0.00975986117857385,0.023296060168382086,0.02100796522285253,0.03767190134986209,0.04469587991411639,0.04034165248706256,20299799.0,2.4672574344209024,1,8.022093988956271,6.394361428865068,12.749099227199386,0.01278210379880635,0.03512616068820937,0.05419992617028481,0.010373270297647378,0.06262465079716095,0
2025-06-27,1004.9491577148438,1007.393088107433,994.2258430942326,1004.0015037809444,28213384,62.927731456606494,9.974465191367358,6.280062676374076,3.694402514993282,995.7899950811807,965.1803192138672,934.5706433465537,965.1803192138672,956.4700659179688,967.5120897811554,948.4436800873586,973.7717734890156,963.7973082976482,968.1729714995919,0.0075507467248654425,0.009875171623437397,0.013102399173249138,0.0075507467248654425,0.03884240569518593,0.0368331699219846,0.06229979561240562,20273064.3,1.3916684514239912,0,10.658132703177785,7.543621784136349,13.016572256229788,0.01295246844708861,0.03869416034083498,0.059577051135266706,0.009197885778031323,0.07530571912282144,0
2025-06-30,998.2658081054688,1004.400566128524,995.2732550959096,1003.2533964547342,13649020,62.94244294847187,11.189556001296523,7.261961341358566,3.9275946599379576,1000.8360013605449,967.4353088378906,934.0346163152363,967.4353088378906,957.6226733398438,970.4410153358518,950.3974890292453,977.5400865069314,966.3505305056349,969.888656974897,-0.006650435554941159,0.009859790172424752,0.009143167038783448,-0.006650435554941159,0.021875919413214984,0.038554021475929234,0.04552996526446473,20222074.2,0.6749564789946226,0,13.172444888068526,8.701064484543963,12.943041501086489,0.012965526211550893,0.028672317358708576,0.050366630413888266,-0.002568046364821173,0.06876746393364333,0
2025-07-01,1003.5526123046876,1005.4977838847652,999.5126780283082,1000.0114368496796,14389386,68.99046747861541,12.435773284212473,8.296723729929347,4.139049554283126,1006.0765044791791,970.1396362304688,934.2027679817585,970.1396362304688,958.6797375488281,973.5945007614553,952.482003667498,981.5420135527401,969.1062402685276,972.1216465919532,0.005295988459478762,0.009477111753606817,0.005963918366683407,0.005295988459478762,0.006150585970427391,0.0373987599322021,0.05422638692637194,19722664.3,0.7295863165911108,0,15.363506219413239,9.778614460333984,12.73370979863075,0.012688632008427956,0.030770625265243275,0.053618449945032065,-0.002508648361486237,0.07423425266952674,0
2025-07-02,990.5350341796876,1007.4429706558584,986.4950998423908,1007.4429706558584,18878250,63.42015989249825,12.231996851634221,9.083778354270322,3.1482184973638994,1008.3190794281556,971.7836212158203,935.2481630034849,971.7836212158203,959.1350646972656,975.207884896525,953.9742793738584,982.925555187655,970.6935583360208,973.7573469026447,-0.012971495430722624,0.010280558401338444,0.02114803625377632,-0.012971495430722624,-0.014343137087584057,0.013962303972277601,0.038237829390434186,20018499.7,0.9430402019587912,0,15.199335100674489,9.930029951013353,13.32437206541193,0.013451691869179085,0.01571680204861029,0.03832467561895473,-0.01763731899088316,0.059114653589537894,0
2025-07-03,991.0836181640624,1001.507689459166,989.6871300276722,994.9739612315548,16860506,71.20425072232307,11.976708661312045,9.662364415678667,2.3143442456333787,1010.4398377936459,973.247836303711,936.0558348137761,973.247836303711,959.9743225097657,976.7198594934333,955.4295475617096,984.1806417994101,972.203933138098,975.3001356071836,0.0005538259278523583,0.0092756319102141,0.011926904264032635,0.0005538259278523583,-0.007194666874383748,-0.0063506876122704226,0.03806134273095574,19748754.1,0.8537503639280211,0,13.148513705297773,9.2922134999626,13.097463464403436,0.0132152960904206,0.014706119191718593,0.03731732045899489,-0.019156231678126367,0.05878686003942685,0
2025-07-04,992.1809692382812,999.2633203019868,987.5424877454124,991.0836632772651,7863944,68.96004179865467,11.727747815426824,10.075441095628298,1.652306719798526,1012.1834620648237,974.04912109375,935.9147801226763,974.04912109375,960.9055798339843,978.1923461357998,956.8707797843202,985.4114614053902,973.6837135899634,975.8489512080996,0.001107223501737975,0.009130978323373637,0.011813200333375474,0.001107223501737975,-0.011331387041374041,-0.012705307903930319,0.023659885253117796,18635600.9,0.4219849975430629,0,10.68025635464437,8.42709969696159,13.184096377454555,0.013287995624000197,0.014300483087749984,0.03690173239684461,-0.01976172658041459,0.06011892355010114,0
2025-07-07,991.2332763671876,996.7196233059492,989.4377568185034,992.031278290642,11349426,70.3249979482455,11.323444042575602,10.32504168501776,0.9984023575578416,1013.6955127147517,974.7980834960938,935.9006542774359,974.7980834960938,961.8731372070313,979.43433949117,958.2183286699229,986.3071252456667,974.9836812030911,976.266298553384,-0.0009551613067333431,0.009047439896860016,0.007346269199247816,-0.0009551613067333431,0.0007049141760828714,-0.007044748684348567,0.031237669399512002,18542942.8,0.6120617489042786,0,8.993324155318192,7.820839640677605,12.911375260934465,0.013025566805277064,0.012046684908094305,0.03445451491529269,-0.02215876075786161,0.05912232440148399,0
2025-07-08,998.2159423828124,1000.0114620081928,986.0462146584524,986.0462146584524,15224316,71.74569532920837,11.434661520447776,10.546965652103765,0.8876958683440108,1016.4062470379488,976.2316436767578,936.0570403155668,976.2316436767578,962.8915478515624,981.2230635760883,959.7868625410167,988.1392509590738,976.704589438626,977.2161190743593,0.007044422521019333,0.00910998319017664,0.013990206684541952,0.007044422521019333,0.007196490879308737,-0.005317777918607991,0.03188210371384348,18527502.3,0.8217144304443023,0,7.628562814633028,7.304858873518697,13.228798299815205,0.013252441418874881,0.01731805889763046,0.04003918092820675,-0.017896687184034244,0.06640503664850415,0
2025-07-09,1003.1036987304688,1004.4005203490876,996.5699704674604,1001.0089360727128,13861428,72.86719236583693,11.781394677335129,10.793851457150039,0.9875432201850902,1019.5920072979033,978.2771270751953,936.9622468524873,978.2771270751953,964.1201928710938,983.3069335907912,961.4855619994266,990.4414736931346,978.6600790157995,978.4915875988618,0.0048964919714555855,0.00908830655571806,0.007806321411771887,0.0048964919714555855,0.011008807698229761,0.012688763261351932,0.0268282316033166,18665754.0,0.7426128084619565,0,8.09904869426623,7.511282625568242,13.041075652469747,0.0130007253178057,0.020132844042281568,0.04328524356049242,-0.016171476874491587,0.07059137345199203,0
2025-07-10,1000.6099243164062,1005.9965439473216,997.5176439735465,1005.4977851253348,17030310,66.72983214263171,11.71985722958857,10.979052611637744,0.7408046179508254,1021.7603851377532,980.3705871582031,938.9807891786529,980.3705871582031,965.1391235351563,984.9548374694212,963.0198507177396,992.0058507120996,980.285993482511,980.3287052732818,-0.0024860584376457107,0.008562870630458281,0.008473731638797924,-0.0024860584376457107,0.009459577450409595,0.009612010508246449,0.0032002800199122383,18699813.0,0.9107208719146015,0,8.234977975987931,7.590303156030018,12.297095217707456,0.012289599492138308,0.01589421793917635,0.03903353972470115,-0.020700020404975383,0.06563407457106944,0
2025-07-11,989.3878784179688,999.91173856234,987.9913902076418,996.5201541247732,12516922,64.5396069816465,10.642878562337955,10.911817801777786,-0.2689392394398311,1020.7742927813991,982.5393432617187,944.3043937420383,982.5393432617187,965.9641979980469,985.3770318454734,964.0538910197093,991.6030857437718,980.9602071814338,981.7864861865237,-0.011215205471906686,0.00887099560215893,0.012048205374982864,-0.011215205471906686,-0.008843841888329762,-0.0028151021909408325,-0.01548464335475419,18719771.0,0.668647175224526,0,7.1846857096736585,7.183111235389106,12.391473610725907,0.012524383895363539,0.004070367425739131,0.026278600848198306,-0.030747653605097063,0.04774253405438054,0
2025-07-14,989.0387573242188,991.8816582943851,982.8541356715338,989.0387573242188,13088850,61.89169613166014,9.649955376103662,10.659445316642962,-1.0094899405393,1020.2570922275755,984.251577758789,948.2460632900026,984.251577758789,966.6352783203125,985.725767605354,965.0336896983175,991.2085736792252,981.5586183031215,983.2910103199438,-0.00035286574796955517,0.008802032809183548,0.00912757215629727,-0.00035286574796955517,-0.01402142313307253,-0.0022139279373384335,-0.009243080055763242,18548526.2,0.7056544470902492,0,6.2914281141839865,6.815361028394591,11.95801689788338,0.012090544287905392,0.003360964913104649,0.02487484932614688,-0.03059849830124318,0.043019101911884815,0
2025-07-15,995.2732543945312,999.31318877786,984.0511806165924,984.0511806165924,14498168,60.46518902431398,9.259391901032131,10.379434633520798,-1.1200427324886668,1019.3169673014116,986.418603515625,953.5202397298384,986.418603515625,967.4813696289062,986.6350520614661,966.2195549805219,991.8339091738876,982.5745172728555,985.1017707511528,0.006303592274967684,0.008596118764374262,0.015334490396360645,0.006303592274967684,-0.005333416941193048,-0.0029479472961098097,-0.008250048685681355,18424497.8,0.7868962376819845,0,5.411988485377833,6.432692439505217,12.304637313541832,0.012363074421232476,0.00875521533014314,0.03006945912473797,-0.02358806306397004,0.04378828358852955,0
2025-07-16,995.6722412109376,1008.8394251469304,993.826797075495,1006.4952830829004,17994612,48.71038053265743,8.87970274892541,10.07948825660172,-1.1997855076763102,1017.8521760059332,988.49951171875,959.1468474315668,988.49951171875,968.1982934570312,987.4957367423682,967.3745622836756,992.4244217949722,983.5447190460468,987.4775391620733,0.00040088168213570086,0.006477294962802819,0.015077881505641783,0.00040088168213570086,0.00635176853290087,-0.007408463879593374,0.005186295137460162,18402537.6,0.9778331875273548,0,4.188803151576963,5.889000284248937,11.717260204991012,0.011768190093097772,0.008280040271913215,0.029252039520720776,-0.021790919465368697,0.03808112790776473,0
2025-07-17,990.98388671875,999.9116815490104,988.8890631972324,999.5126501495852,22529158,39.23073664591012,8.10703251073096,9.684997107427568,-1.5779645966966083,1014.9931227923197,990.3114685058594,965.629814219399,990.3114685058594,968.9901696777343,987.8279415020236,968.3004181438746,992.202801014015,984.095768503284,989.2910597851829,-0.004708732751739331,0.006184683350126684,0.011122903711658716,-0.004708732751739331,0.001966686724991007,-0.00962017002203186,-0.00010062868912830147,18685184.5,1.205723068990836,0,2.8731040326023276,5.280567426135008,11.564072586317982,0.011669284174344974,0.003194832909795716,0.02342606504121636,-0.023654580050275164,0.026256513755063427,0
2025-07-18,976.2705078125,996.021344530824,974.0759568696542,990.9838927216936,16129446,34.90755763356253,6.235559419786682,8.995109569899391,-2.759550150112709,1014.2585710275938,990.6625610351563,967.0665510427187,990.6625610351563,969.8706042480469,986.7272335315928,968.6129706798991,989.7516789830127,983.516119563226,991.2374377948892,-0.014847243334064175,0.00708509247807299,0.022478798125677428,-0.014847243334064175,-0.019092994308976485,-0.013258066822532166,-0.016035846200513237,17846636.4,0.9037807258739244,0,1.3502016861193624,4.559079660189809,12.440464375049098,0.012742845630893914,-0.010597382299530894,0.007905672713866087,-0.0374540223767656,0.009517397494368189,1
2025-07-21,997.7670288085938,998.5151670456409,985.7968170158388,986.6446826643672,22309078,46.75252953320367,6.413067255119586,8.47870110694343,-2.0656338518238435,1011.7434411395948,992.4905426025391,973.2376440654834,992.4905426025391,970.514970703125,987.7786426055928,969.7562670771028,990.9848097254098,984.5717424702902,992.3507846297085,0.02201902118733501,0.009371791925736854,0.012746813296675793,0.02201902118733501,0.00210389273794398,0.008825004500317757,0.006591538638968997,18375114.4,1.214091924238578,0,2.052875000238828,4.722577378785331,13.512798907466552,0.013543040125911772,0.010111968180090676,0.028884331746488048,-0.01381418624790733,0.025203900499208263,0
2025-07-22,1001.058837890625,1006.4953213272488,999.0139388595042,1004.051390877723,14836814,56.631044094662556,6.74165141464357,8.131291168483457,-1.3896397538398872,1009.7111230540562,994.1747833251953,978.6384435963345,994.1747833251953,971.5665600585937,989.0434231089291,970.9838188737116,992.534660212366,985.7930087977225,994.1951874597753,0.0032991760470997278,0.008671902428676227,0.007473469275301541,0.0032991760470997278,0.010166614520074724,0.0058130603535744285,0.0028479764619131487,17985689.0,0.8249233043004357,0,2.4083710474629925,4.76426389318965,12.639971886408514,0.01262660236139841,0.012148520985991687,0.030973759224740535,-0.008569069871450738,0.022909782914208122,0
2025-07-23,1009.6375122070312,1012.3806857402004,999.0139248978444,1003.0039954915454,13634916,60.616465864856444,7.60659990202214,8.026352915191193,-0.41975301316905345,1010.5621544287017,995.8118927001954,981.061630971689,995.8118927001954,972.9081213378906,991.004764927796,972.4996499848222,995.1658682115452,987.5592683095231,995.7082371581722,0.008569600498690821,0.008916286944772759,0.013239168197244149,0.008569600498690821,0.0341780317314877,0.014025972019777289,0.006513597233099411,17747138.2,0.7682881513820634,0,3.5090281854278373,5.12508770114664,12.75041484432724,0.012628705540521461,0.01880187456070687,0.038188046877742986,-0.0009149780818708137,0.029127508744827085,0
2025-07-24,1004.5999755859376,1016.320807677376,1001.7072110041944,1016.320807677376,19107176,56.79950916735569,7.795726423476253,7.980227616848206,-0.18450119337195225,1011.4269220289501,996.17099609375,980.9150701585498,996.17099609375,973.9200256347656,992.299546895238,973.7584862829052,996.6172693460671,988.8215429225909,997.0698472928524,-0.004989450728788536,0.009077145959012243,0.014546682289792197,-0.004989450728788536,0.0068482386970663,0.013739969993126655,0.003987619123663189,16198255.5,1.1795823321838577,0,4.471605393214418,5.458068139030615,12.957040852656323,0.012897711693750608,0.012395882603379075,0.031672626978340966,-0.006749816812585393,0.024145724892940503,0
2025-07-25,1002.2999877929688,1007.5,999.5,1007.5,9306598,55.97070315973041,7.671587476191007,7.918499588716766,-0.2469121125257585,1011.0170349884304,996.0385375976563,981.0600402068821,996.0385375976563,974.87705078125,993.2519698378791,974.8777608519273,997.4915337225136,989.8199462463226,996.7803331719421,-0.0022894563496553832,0.009105389384943497,0.007981642320095936,-0.0022894563496553832,0.0012398371158273136,0.026662159485686177,0.013050603971059838,15252916.2,0.6101520442366294,0,6.524736306286286,6.2647901720281425,13.008336103553054,0.012978485744768866,0.009109489062041846,0.02812888758184174,-0.00862205768428165,0.021649997671506018,0
2025-07-28,1004.25,1010.7000122070312,1000.25,1001.5,12059580,53.442428412447974,7.642458648238403,7.863291400621094,-0.22083275238269096,1011.7367555517367,996.3377471923828,980.938738833029,996.3377471923828,975.8336096191406,994.2994012818906,976.029613367538,998.5312977652038,990.8888391169654,996.9957044036162,0.0019455374945429593,0.00893821289131734,0.010405787609690067,0.0019455374945429593,-0.00533608561676191,0.006497479876787837,0.01537982466625909,15173444.2,0.7947819783724516,0,6.52075867629776,6.273346290435143,12.757247879073832,0.012703259028203965,0.01000764830520937,0.028913453286621968,-0.0073999046794083105,0.023764237504477786,0
2025-07-29,1010.7999877929688,1013.25,998.1500244140624,999.9500122070312,19895696,54.30900621118012,8.055049519814474,7.90164302445977,0.1534064953547043,1013.1211604215039,996.7001159667968,980.2790715120898,996.7001159667968,977.1559936523438,995.8708857115171,977.393157462653,1000.418788538706,992.3637390188916,997.3928183355276,0.0065222681533172455,0.00901045047203764,0.014938638472787931,0.0065222681533172455,0.006171622892400475,0.009730846513347657,0.01560047286499544,15448759.7,1.2878507004028292,0,6.827462602587957,6.409338588941409,13.27649257223886,0.01313463863531243,0.014991001640524233,0.03417952138834393,-0.002291110598824539,0.03113492592859313,0
2025-07-30,1012.9000244140624,1016.2999877929688,1008.5,1014.0,15154036,56.91146598824609,8.454033328916466,8.01212108535111,0.44191224356535663,1015.4715148353528,997.8183654785156,980.1652161216784,997.8183654785156,978.4029650878906,997.4927084450928,978.7855836176102,1002.3389786733762,993.8849453444598,998.3049626595562,0.0020775985817718112,0.008973327936977136,0.007700649229898923,0.0020775985817718112,0.010575712611186061,0.003231369840745568,0.01730266496349464,15262549.0,0.9928902439559736,0,6.487943517296799,6.285933632787987,13.227998845038403,0.0130595305816983,0.015446043703905085,0.03485384477197198,-0.002532311722901765,0.033397235235411805,0
2025-07-31,1009.0999755859376,1015.7000122070312,1004.0,1007.2999877929688,22183032,62.09495062223113,8.367147422933385,8.083126352867566,0.284021070065819,1016.7597717342784,998.7191833496094,980.6785949649403,998.7191833496094,979.6420153808593,998.5981624585066,979.9743833026427,1003.3791320445396,995.0119846216062,999.3403924707883,-0.0037516524203097257,0.008401030647758422,0.011594502517193695,-0.0037516524203097257,0.004829450421645509,0.004479394892853206,0.01828091163739498,15528675.3,1.428520564146254,0,6.2986155632686405,6.21589701973744,13.162390137771743,0.013043692851274675,0.010516555629920203,0.029720769011469344,-0.0075335358078492095,0.02898134084594084,0
2025-08-01,1006.0999755859376,1014.1500244140624,1004.6500244140624,1007.0,11317258,60.13860971007888,7.964406072970064,8.059382296888067,-0.0949762239180032,1017.4676264378214,999.4151336669922,981.362640896163,999.4151336669922,980.6858935546875,999.3126208515953,980.9989163333601,1003.7977233586008,995.8333172856308,999.8221775435098,-0.0029729462616011615,0.008472983381799432,0.00944240158088399,-0.0029729462616011615,-0.004649794483370884,0.003791267923026087,0.03055451079872884,15701341.0,0.7207828936394668,0,6.06065101371621,6.1211554814327656,13.196138521853786,0.013116130446349085,0.006792023429623329,0.02558724462856368,-0.011172493902024409,0.02520712900501783,0
2025-08-04,996.0,1009.25,994.0499877929688,1005.0499877929688,13933946,50.41289872451156,6.752409457761814,7.797987729062817,-1.045578271301003,1017.3739523107203,999.6534698486328,981.9329873865453,999.6534698486328,981.4626538085937,998.9971331514433,981.5871941242086,1002.5980736111237,995.8456641533619,1000.0835157253644,-0.010038739519952267,0.008841735196572394,0.015261056432762298,-0.010038739519952267,-0.016684790212971534,-0.00821508588498876,-0.0017709833634247385,15830567.0,0.8801924782605702,0,4.69773186955274,5.557580756670632,13.191710239408337,0.013244688995389896,-0.0030001418942900856,0.014683164126494912,-0.02100894392093926,0.014325837703950297,0
2025-08-05,988.7999877929688,997.2000122070312,982.75,993.25,23978058,46.37563598181165,5.151528976821282,7.2686959786145104,-2.117167001793228,1017.5523966178293,999.1826721191406,980.812947620452,999.1826721191406,982.23255859375,998.0259764506362,981.8700487778855,1000.4752911775614,995.3237622007401,999.558890544769,-0.007228927918706107,0.009053589442246433,0.014613685664867484,-0.007228927918706107,-0.02011692427321843,-0.021764938925292188,-0.012245883691998971,16268254.1,1.473917105831289,0,2.155090739119146,4.4768913152324785,13.151523391950905,0.013300489031462774,-0.009244236999199792,0.007057898368229928,-0.02825644057291664,0.008143285824166718,0
2025-08-06,992.6500244140624,994.0,985.0,985.5499877929688,14080204,50.88654509175272,4.1456964333018504,6.6440960695519795,-2.498399636250129,1017.1544215188935,998.6599884033203,980.1655552877471,998.6599884033203,983.1070910644531,997.5139810185816,982.2927929204807,999.2714039831769,995.1257075498751,999.0926942013549,0.0038936454982032576,0.009034708238167858,0.009066639579556234,0.0038936454982032576,-0.013368404232434461,-0.019992101403802587,-0.01682533343658643,16279192.9,0.864920275009457,0,0.02127257348877265,3.5072093028704785,13.007050652538194,0.013103360028843948,-0.0048760786285446675,0.010543935136476314,-0.024091127744634164,0.012737102481274411,0
2025-08-07,997.7000122070312,1000.7999877929688,988.4000244140624,990.0499877929688,13081186,62.70956606602587,3.7132546184930106,6.0579277793401864,-2.344673160847176,1016.9901108251102,998.5144927978515,980.0388747705929,998.5144927978515,984.0431567382813,997.5316982746244,982.8969975983846,999.0296514022315,995.3163967837385,998.8311684292607,0.005087379911111967,0.007999538775194898,0.012428548889636844,0.005087379911111967,0.001706839565292384,-0.011297159503236509,-0.006868369048965928,16081736.7,0.8134187397807602,0,-1.0664641838822035,2.922614295741937,12.325234632376521,0.012353647871680019,0.00016873040996886739,0.01506059601852119,-0.018967833032740456,0.01802085395905594,0
2025-08-08,986.9500122070312,996.4000244140624,985.0,993.5499877929688,13895264,42.64729798801169,2.4745807793294716,5.3412583793380435,-2.866677600008572,1017.1517384743173,998.3925994873047,979.633460500292,998.3925994873047,984.5925427246094,996.5239186491393,983.0559393477433,997.1712453722007,994.6966645928712,998.6756486610985,-0.010774781866765504,0.006139922580525057,0.011550761713422035,-0.010774781866765504,-0.0018709300250566718,-0.01903385731398488,-0.015314751843644725,16150653.8,0.8603530341291817,0,-2.7887022024559656,2.057023014383276,11.64347413051155,0.011797430453923652,-0.009607302206138911,0.003961191528807232,-0.029692449144890925,0.0074686625168996585,0
2025-08-11,997.7999877929688,998.7999877929688,986.5499877929688,987.9500122070312,9105854,47.991247613823525,2.3414345899246882,4.741293621455373,-2.399859031530685,1017.0721349887483,998.8306610107422,980.5891870327362,998.8306610107422,985.4852221679688,996.6454490437898,983.6341373259875,997.2679749753958,994.9265403854711,998.9942088344042,0.010993439841674002,0.006836170774749497,0.012277009570921867,0.010993439841674002,0.005188095756050837,0.001807216659607258,-0.006422715665453049,15951504.0,0.5708461095580705,0,-2.3516841076535684,2.046943201778845,11.89502466489333,0.011921251563856906,0.0011584247440117046,0.014401544161014168,-0.018948653229982314,0.017551489439030513,0
2025-08-12,984.9500122070312,998.0,983.75,995.9500122070312,12937802,35.54385663943269,1.1853654820835118,4.030107993581002,-2.84474251149749,1017.5376090289665,998.3144989013672,979.0913887737679,998.3144989013672,986.1949011230469,995.5315979164794,983.6857402624989,995.3729037802627,994.1875382981792,998.862100131383,-0.012878308020789153,0.007114600797489015,0.014467739299854667,-0.012878308020789153,-0.012779392446628846,-0.0038935837717097854,-0.02557377908401015,15873485.7,0.8150574010344811,0,-2.4943785341567946,1.8156914846134669,11.958113176153615,0.012140832557947198,-0.010629080715864856,0.001285239678471843,-0.03202593843487857,0.00598373502253022,0
2025-08-13,990.1500244140624,997.0,984.5499877929688,997.0,13577396,41.554679763593086,0.6809206821183125,3.360270531288464,-2.6793498491701517,1017.5773380854506,998.0383880615234,978.4994380375962,998.0383880615234,986.844794921875,995.0190671067255,983.939241601776,994.5693838777703,993.888463195652,998.4687470611067,0.005279468138062349,0.007281562670032268,0.01257386446503271,0.005279468138062349,0.00324232450220574,-0.0025185109943212103,-0.022460262070938652,15652624.9,0.8674197514309565,0,-2.494913911856088,1.6464486812952828,11.803571428571445,0.011920992917771631,-0.0048934164717276485,0.006312160903528715,-0.026953542148444566,0.011906584637219348,0
2025-08-14,995.5499877929688,998.0,985.5999755859376,989.0,17511716,46.19289444948575,0.7087069268205823,2.829957810394888,-2.1212508835743056,1017.5637825108624,998.2666931152344,978.9696037196063,998.2666931152344,987.5198083496093,995.0696309816059,984.3945649818228,994.72024601857,994.0115390917495,998.5415379032746,0.0054536820135937525,0.007468547380923497,0.012455451324500497,0.0054536820135937525,-0.002254960941597939,-0.0021549808436970297,-0.013427795184615898,15401752.8,1.1369950048802238,0,-2.462067293018549,1.497567383438195,12.117858886718759,0.012172024544526185,0.00048273688233155075,0.011332267779588926,-0.02163382295660537,0.016936566784469177,0
2025-08-18,1001.7999877929688,1013.2999877929688,997.7999877929688,1005.0,19284796,48.682080750256254,1.2209758430195734,2.508161416919825,-1.2871855739002518,1015.8614369330991,999.5431671142578,983.2248972954166,999.5431671142578,988.0327026367188,995.7106173445928,985.0771305822599,995.8094370607853,994.5884612177657,999.7494120758279,0.0062779368958214565,0.007662960822030829,0.01547215031829609,0.0062779368958214565,0.017107442385000615,0.015046330008882336,-0.004273917003590588,15559520.3,1.239420986519745,0,-0.813301304546485,2.02119123451655,12.639286586216526,0.012616576901804228,0.006115602608130595,0.016976190687549828,-0.013841896767517868,0.018892005835742364,0
2025-08-19,995.5499877929688,1003.0499877929688,993.3499755859376,999.1500244140624,12352438,41.77010470507476,1.1098363802921085,2.228496409594282,-1.1186600293021733,1015.8313087245156,999.4323150634766,983.0333214024377,999.4323150634766,988.4186218261718,995.6953192920572,985.4878308650328,995.7695217888136,994.6596854085215,1000.0734991719429,-0.006238770289635487,0.007566972091030673,0.009743370323910162,-0.006238770289635487,0.0054536820135937525,-0.002254960941597939,-0.00045181948497108326,15061688.3,0.8201230668144951,0,-0.9501297517325611,1.8536935390453664,12.253574916294635,0.012308347211634789,-0.00014595980946439282,0.010210330978012834,-0.019965244974593444,0.012732697984921085,0
2025-08-20,994.0999755859376,996.0,989.5,993.5,9950228,39.78258215862781,0.8944431051692163,1.961685748709269,-1.0672426435400526,1015.6326757046492,999.0843719482422,982.5360681918352,999.0843719482422,988.9097265625,995.5433817962363,985.8255620305584,995.5126685268326,994.6182254216634,999.7367803010121,-0.0014564936214259694,0.007513055428338075,0.0065385777684672025,-0.0014564936214259694,-0.0014564936214259694,0.009289774369770853,0.00536002008333214,14817359.0,0.6715250673213762,0,0.011783879756876559,2.1398217680595053,12.160718645368295,0.012232893012798418,-0.0014498677171600348,0.00839338507142776,-0.021201267578135067,0.011769448235507065,0
2025-08-21,995.5999755859376,998.75,991.5999755859376,998.75,12439850,42.47491229168425,0.8351527260255125,1.7363791441725178,-0.9012264181470053,1014.2217523016348,998.3824951171875,982.5432379327403,998.3824951171875,989.5778454589844,995.5487716809698,986.2088723660636,995.5261003820796,994.690947656054,999.2144559344571,0.0015089025619539065,0.0075131536892294225,0.007181623733823821,0.0015089025619539065,-0.0061888723124164935,0.005504167083266287,0.002971793783631327,14757605.7,0.8429450042834523,0,0.5297045742443061,2.2696307642876263,11.835719517299092,0.011888027126892454,5.143284430087268e-05,0.009522428243160453,-0.018360656013773728,0.013288715599598955,0
2025-08-22,982.2999877929688,998.0,978.5499877929688,994.9500122070312,19833502,38.09999884033128,-0.28178494739836424,1.3327463258583414,-1.6145312732567056,1014.3543655983368,997.2674957275391,980.1806258567414,997.2674957275391,990.0490307617188,994.2869827392554,986.0555827749619,993.4913138299087,993.773098777307,997.8098312544977,-0.013358766692557866,0.008210231025094215,0.019800480961759483,-0.013358766692557866,-0.013309226219141324,-0.013309226219141324,-0.015435525935291738,14793922.0,1.3406520596769402,0,-0.7826482423504331,1.6610177931390808,12.54643467494418,0.012772508226467054,-0.012055870341641798,-0.0038087051557723567,-0.031600768816586265,0.0021622156981269984,0
2025-08-25,982.0499877929688,988.7000122070312,978.5,980.0999755859376,17518044,42.26288526130708,-1.1736103616489117,0.8314749883568907,-2.0050853500058023,1014.4501875491084,996.254995727539,978.0598039059697,996.254995727539,990.769775390625,993.1215546491329,985.8985006188053,991.7311098242257,992.9047201858746,996.7995613024519,-0.0002545047369507669,0.007852352586610404,0.010386449095075564,-0.0002545047369507669,-0.012121504968216512,-0.01971451411524827,-0.00496481519170866,15204494.3,1.1521622261386226,0,-2.5890626954599156,0.8213700365454315,12.189291817801323,0.012412088966260455,-0.0111482494809769,-0.003903558858666508,-0.03193867984234677,0.004079693154819241,0
2025-08-26,973.4000244140624,985.7000122070312,968.0,979.5,16917731,41.593898610915794,-2.5489850684343764,0.15538297699863723,-2.7043680454330135,1015.1467424380444,994.7124969482422,974.2782514584401,994.7124969482422,991.14189453125,991.2433136743642,985.4083642970508,988.9109428380466,991.459927906481,995.3214669024012,-0.008808068312638584,0.007959655771267317,0.01818369813344289,-0.008808068312638584,-0.022298063194316486,-0.022248971574004628,-0.024453761953712405,15447401.85,1.0951829417190957,0,-4.452005617692976,-0.07946656798208096,12.42143467494418,0.0127608736011911,-0.018000917649734167,-0.012186155829471385,-0.04112382602314251,-0.0009014129619162066,0
2025-08-28,957.7999877929688,972.2000122070312,955.0,967.0,25438255,33.13978450172306,-4.841956947302833,-0.8440850078616569,-3.9978719394411764,1016.9693901685289,992.0624969482421,967.1556037279554,992.0624969482421,991.2592395019532,988.0582350189932,984.3256828655182,984.1246420618809,988.9665990091837,991.83509780931,-0.016026336788397044,0.00874203094426493,0.01795783297791092,-0.016026336788397044,-0.024941464221176046,-0.0365154297198057,-0.02756487545314712,15724529.8,1.6177434443858536,1,-7.485146777243131,-1.4998791650402836,13.09286499023435,0.01366972766454494,-0.030623951254697832,-0.026948087949233607,-0.058182087826414104,-0.009673330639790433,0
2025-08-29,951.5999755859376,963.2999877929688,950.0999755859376,954.0,14823813,27.942553326943653,-7.077853758404103,-2.090838757970146,-4.987015000433957,1017.8776701942727,988.9974945068359,960.1173188193991,988.9974945068359,991.2101574707032,984.5860198348926,983.0423217957307,979.120847219428,986.1987009778321,989.0969933895781,-0.006473180503288267,0.00851175478170787,0.013871387710895399,-0.006473180503288267,-0.031006580709260656,-0.04419445668839517,-0.03893354327889598,15708018.65,0.9437099185007652,0,-10.962751846077254,-3.1665505703329018,13.150011335100405,0.013818843707938754,-0.03350245035419704,-0.031984733019792176,-0.0651136148764176,-0.00887114841750252,0
2025-09-01,950.5999755859376,957.4500122070312,946.3499755859376,949.5999755859376,20178344,30.817910270854583,-8.828737541934743,-3.4384185147630655,-5.390319027171677,1018.0624725937204,986.0724945068359,954.0825164199515,986.0724945068359,991.1272619628907,981.3492537159444,981.7700729247584,974.7330208142756,983.5617583562104,985.2074704893715,-0.00105086173356006,0.008251125861575144,0.011676874506809992,-0.00105086173356006,-0.023423102790498973,-0.03227121307234737,-0.04515093441634277,15607784.25,1.292838475775317,0,-12.937729023311022,-4.285509850203425,13.03572736467629,0.01371315768932272,-0.03133367454407554,-0.0317488770522033,-0.0662655768421641,-0.0036501463700242516,0
2025-09-02,944.5,954.7999877929688,944.0,951.0,14196320,20.38887558924398,-10.586507931420101,-4.868036398094473,-5.718471533325628,1018.5286841528158,982.9924957275391,947.4563073022624,982.9924957275391,990.6322888183594,977.8398009810926,980.308501437513,970.0817868428487,980.6682947742688,982.690713516104,-0.006416974271620024,0.007293930693677855,0.011434608568521704,-0.006416974271620024,-0.013885976156269852,-0.03823633039022534,-0.057197033830280186,15751737.35,0.901254235298686,0,-15.281753668040324,-5.589999181292342,12.932155064174058,0.013692064652381215,-0.03409536096571431,-0.03652778832888198,-0.07268198265264451,-0.003120257134263058,1
2025-09-03,954.4500122070312,956.2999877929688,940.0,945.0,16083481,32.491384300155715,-11.049301331949891,-6.104289384865557,-4.945011947084335,1018.0705906347483,980.9149963378907,943.759402041033,980.9149963378907,990.4971411132813,975.6122020502296,979.2944430363177,967.6768984373384,978.7261997692883,980.2955918314052,0.01053468735524743,0.007744408814872334,0.01707788525800039,0.01053468735524743,0.0029949944243523596,-0.019467856720507104,-0.04128368850373043,15859214.1,1.0141411105610838,0,-15.631111624134633,-6.113921260733036,13.078582763671827,0.013702742518101546,-0.02169119020726312,-0.02536972511786743,-0.0624913233060301,0.011327686000137381,0
2025-09-04,961.25,965.7000122070312,956.25,960.2000122070312,17597657,33.70910917523369,-10.743521621450668,-7.03213583218258,-3.711385789268088,1017.4963258643141,979.5374969482422,941.5786680321702,979.5374969482422,990.3746606445312,974.2443732835411,978.5868178192073,966.6881448315941,977.4316664530447,978.4903184849475,0.007124509095290055,0.007895995023724579,0.009830961983907672,0.007124509095290055,0.01120347642287478,0.0036020173846327275,-0.03304494154783111,15540194.05,1.1323962199815645,0,-13.813861735452065,-5.738865046310821,12.992867606026737,0.013516637301458244,-0.013337899237483474,-0.017716177556777894,-0.05527914394829445,0.020891862396310915,0
2025-09-05,963.4000244140624,967.5,954.0499877929688,967.5,11602111,31.18785325564825,-10.210005409294467,-7.667709747604958,-2.5422956616895096,1016.160349315559,978.0749969482422,939.9896445809254,978.0749969482422,990.1047546386719,973.2115781531145,977.9912572935154,966.1822801519738,976.3922855612683,977.3059021894783,0.002236696399544824,0.007704226378540326,0.013960983876050362,0.002236696399544824,0.020010613461156623,0.012400219767617182,-0.03234225789622447,15416289.4,0.7525877790021248,0,-11.37444168177808,-5.05106450221524,13.067866734095942,0.013564320534498416,-0.010081624550410413,-0.014919594393750218,-0.051921259215667696,0.024904933759747956,0
2025-09-08,966.0,973.1500244140624,960.4500122070312,969.0,11711307,28.117363609163036,-9.46824957913384,-8.027817713910736,-1.440431865223104,1013.7663938292166,976.4899963378906,939.2135988465647,976.4899963378906,989.476396484375,972.5247611861512,977.5210119094561,966.1542370516702,975.622486630804,976.113856851649,0.002698749761314234,0.007452438531468522,0.01314701056628482,0.002698749761314234,0.012101197176645151,0.016200320649671918,-0.01659369642220143,15347795.45,0.763061186093668,0,-8.824492529793247,-4.249061015302345,12.707153320312452,0.013154403023097776,-0.0067090951784026355,-0.011785948096349705,-0.04711775229477915,0.028520031211570363,0
2025-09-09,965.1500244140624,974.4000244140624,962.7000122070312,974.0,13985539,30.104726472094328,-8.847005889092657,-8.19165534894712,-0.6553505401455357,1012.6634619255195,975.3999969482422,938.1365319709649,975.3999969482422,988.6804138183594,971.8224053030951,977.0358751449309,965.9997427997305,974.8467486888231,975.1141896244086,-0.0008798919109085368,0.0073868415779318524,0.01212248035131549,-0.0008798919109085368,0.0040572425633937925,0.021863445647498647,-0.017208862673973258,15352309.2,0.9109729890015503,0,-6.017395677997456,-3.2726262925821175,12.850010463169594,0.013314003147822297,-0.006865843854414684,-0.01216521422931922,-0.04691927703317463,0.028794841179826804,0
2025-09-10,965.9000244140624,973.9000244140624,961.7000122070312,973.9000244140624,18091100,31.37386435834827,-8.199626862546324,-8.193249651666962,-0.006377210879362494,1009.7385548901414,973.8049987792969,937.8714426684523,973.8049987792969,988.0330981445312,971.2583690279491,976.5991751162694,965.9844015096278,974.1840283721741,974.1040338855332,0.0007770812630454316,0.00742784516410124,0.01263071943127028,0.0007770812630454316,0.0025949760604588867,0.01199645037517949,-0.007704951522386261,15801571.5,1.1448924557915015,0,-4.353833022280469,-2.695267920048309,13.257154192243247,0.013725182583244417,-0.005516909593530154,-0.010955518881052945,-0.04341572406418468,0.02988531313616129,0
2025-09-11,967.7999877929688,969.25,959.9000244140624,960.2999877929688,15113633,31.73454730069514,-7.4474140011225245,-8.044082521558074,0.59666852043555,1008.5784711510195,972.9474975585938,937.3165239661681,972.9474975585938,987.3180456542968,970.9289993865224,976.2541089467281,966.2637224762956,973.7111364774181,973.1009190111379,0.001967039373520052,0.007445612504763475,0.009661061896952365,0.001967039373520052,0.0018633414005888582,0.006814031514141838,0.010440593158747902,15910363.05,0.9499238296765327,0,-3.3153738970187305,-2.332708872479202,13.414293561662905,0.013860605218908603,-0.003222698668523323,-0.008659754746518264,-0.04043164168625681,0.03252205956832242,0
2025-09-12,967.2999877929688,970.75,962.25,969.9000244140624,14363519,38.1516450584608,-6.813088665236364,-7.797883750293733,0.9847950850573683,1006.5682584100869,971.8049957275391,937.0417330449914,971.8049957275391,986.8533447265625,970.5833792347554,975.9029669406983,966.42314790963,973.2362365748663,972.0723031952447,-0.000516635675043009,0.006690710606445841,0.008787346332334758,-0.000516635675043009,0.0022275950106425135,0.00404812464197124,0.016498542044795617,15949669.2,0.9005527838784269,0,-2.6281989183590895,-2.0882903528171255,12.632149832589246,0.013059185353047792,-0.0033829050775373857,-0.008815404235011757,-0.039012029526088815,0.03229125628124459,0
2025-09-15,967.0499877929688,972.3499755859376,965.0,969.5999755859376,14486377,38.1516450584608,-6.258411109596523,-7.489989222154291,1.2315781125577683,1003.3344268036578,970.379995727539,937.4255646514202,970.379995727539,986.3726721191406,970.2468657641091,975.5557912878462,966.5195848147589,972.7779959243554,970.729076115874,-0.0002584513627157392,0.00669067333789442,0.007600409160556379,-0.0002584513627157392,0.0011905614968836797,0.0010869438850609203,0.017304873374198726,15798402.25,0.9169520291205397,0,-2.277895422042093,-1.9652206216098875,12.428575788225414,0.012852051026431728,-0.0032949119280304673,-0.008718930860580319,-0.03616385328895883,0.03160189380216474,0
2025-09-16,966.8499755859376,969.3499755859376,961.2000122070312,961.2000122070312,18661794,44.02912329663454,-5.768469142523827,-7.145685206228199,1.3772160637043722,998.0930628003254,968.6324951171875,939.1719274340497,968.6324951171875,985.8660522460938,969.923352413807,975.2143867505165,966.570414164171,972.3388833066948,968.3843625060372,-0.00020682716463049644,0.006310349158521449,0.00842939813280469,-0.00020682716463049644,-0.0009816203957572212,0.0017613336050084083,0.023663288074047273,15767252.15,1.1835793467665194,0,-1.8990528892881002,-1.8214883944143594,11.74642944335935,0.01214917488749037,-0.0031686801026295963,-0.00857699730256205,-0.031302779649354316,0.02947069364339734,0
2025-09-17,966.5,974.4000244140624,964.3499755859376,965.1500244140624,17361476,60.9848876010511,-5.346792216287781,-6.785906608240116,1.4391143919523346,993.778155588489,967.1799957275391,940.5818358665892,967.1799957275391,985.37138671875,969.5973188505873,974.8726460936335,966.559581215837,971.9063734321248,967.270521710661,-0.00036197506828861137,0.004454483821467373,0.010398395062726096,-0.00036197506828861137,-0.0008270317409948547,0.000621157025336716,0.01262505907994571,16017704.05,1.0838929190978528,0,-1.661050177361858,-1.726529022635873,11.150002615792378,0.01153647451194245,-0.0031944383409176495,-0.008588451145063073,-0.027448938613805183,0.02755545891393011,0
2025-09-18,976.9000244140624,979.6500244140624,969.25,973.2999877929688,17791598,78.88138257401529,-4.125854873912431,-6.25389626137458,2.128041387462149,990.2296823510616,966.3199981689453,942.410313986829,966.3199981689453,984.945068359375,970.2928146185372,974.9521511258073,968.1504186309486,972.276273504861,966.9178670550637,0.010760501204410078,0.0047070953268960125,0.010645945495088145,0.010760501204410078,0.010185654046254378,0.009402807125308943,0.016280909663523913,16409772.55,1.0842074712364005,0,-0.636184767985128,-1.3019578209208476,11.146432059151753,0.011410002846337631,0.006809500901150863,0.0019979168064871967,-0.013461177921218363,0.03659733973127484,0
2025-09-19,966.9000244140624,976.7000122070312,962.0999755859376,974.9000244140624,31243267,65.43567371115043,-3.9199825415794294,-5.78711351741555,1.8671309758361208,984.4447968210144,964.8850006103515,945.3252043996887,964.8850006103515,984.2209948730468,969.9696917419205,974.636381450837,967.9580502898891,971.8780328314685,966.0482313902784,-0.010236462022813364,0.0056863170069825515,0.015099840989187275,-0.010236462022813364,5.176483362312467e-05,-0.0004134843212589834,0.003632966484642397,17349943.4,1.8007705431477086,1,-0.6136874928348561,-1.2665854898613134,11.410718645368263,0.011801342804064065,-0.003164704375809405,-0.007937685463021945,-0.017821997194365675,0.022822643376016184,0
2025-09-22,964.2000122070312,971.2000122070312,961.9500122070312,964.0,10854415,69.93929839171008,-3.929399978157562,-5.415570809563953,1.4861708314063913,981.7391430312131,963.9800018310547,946.2208606308963,963.9800018310547,983.4927966308594,969.4201984528835,974.227112068727,967.3798905848341,971.3092905629917,964.8524198516781,-0.0027924419679969947,0.005385943274531109,0.009593445221834179,-0.0027924419679969947,-0.002379708011348902,-0.0029470819729203734,-0.0018633414005887472,16900989.05,0.6422354909460165,0,-0.8266673112256058,-1.3286792191191807,11.30000523158478,0.011719565534664673,-0.0053848540129277575,-0.010292363800473263,-0.01786536774934744,0.01900100951499561,0
2025-09-23,957.2000122070312,968.2000122070312,955.5,967.0,21022298,52.96017533993135,-4.450403383132993,-5.222537324277761,0.7721339411447676,978.5432748762731,962.7375030517578,946.9317312272425,962.7375030517578,982.8490393066406,968.2563711913737,973.559382662386,965.8137554497875,970.2641588329205,963.6370673210868,-0.007259904492198821,0.005182898421333893,0.013267877188748285,-0.007259904492198821,-0.02016584268062338,-0.009980828073205661,-0.008237074036088421,17076201.75,1.2310874694368144,0,-1.6669812224333782,-1.655004088130454,11.04286411830353,0.011536631819343402,-0.01141883421922472,-0.016803669859990395,-0.0218112608989526,0.010843739459951202,0
2025-09-24,951.0499877929688,956.4500122070312,943.0,952.2000122070312,15117220,38.86461252660294,-5.298480324527418,-5.237725924327693,-0.06075440019972511,977.411997550461,961.6200012207031,945.8280048909452,961.6200012207031,982.0892639160156,966.6176680105732,972.676661294958,963.5424065795078,968.8408869040352,962.4369365146337,-0.006425014976631949,0.005057575288046707,0.014142276830520441,-0.006425014976631949,-0.016392632351724945,-0.015985527374062336,-0.015374299871357855,16986176.2,0.889971929056052,0,-2.9796508400140738,-2.1959847986755676,11.25357927594862,0.011832794722035555,-0.01610531312721067,-0.02223418568838372,-0.026971236104692153,0.005521070295043408,0
2025-09-25,949.8499755859376,958.0,947.4000244140624,952.5,31413279,34.89402875798518,-5.998273997981187,-5.389835539058392,-0.6084384589227945,977.8000365806816,961.2225006103515,944.6449646400214,961.2225006103515,981.1807983398437,965.0207449225127,971.7814971495063,961.4358787343431,967.4341527323243,961.5225057210798,-0.001261776165746964,0.004984564138646546,0.011159631371679265,-0.001261776165746964,-0.014882842189813617,-0.027689679754434593,-0.018547233347218195,17284927.4,1.8173798635683018,1,-5.272069696024573,-3.1706539763009687,11.05000523158479,0.011633421609310806,-0.015720666541518977,-0.022568367094763273,-0.028584638933420392,0.005510018198106542,0
2025-09-26,945.0499877929688,951.4500122070312,941.2999877929688,945.0999755859376,14874656,27.736431835841984,-6.861094004850088,-5.684087232216732,-1.177006772633356,978.4999161176084,960.8950012207031,943.2900863237977,960.8950012207031,980.1683532714844,963.1187680530323,970.7332026649362,958.91497243567,965.7760664405201,961.1314857107925,-0.005053416767219376,0.004972677000941549,0.010740198449995702,-0.005053416767219376,-0.01269329738729108,-0.02259803089190604,-0.02300217128169979,17287469.55,0.8604299175757623,0,-6.8509236888882015,-3.9031787859007636,10.867863246372744,0.011499776082483329,-0.01876069791121407,-0.026457542403473817,-0.03418490668589824,0.0018657054650385986,1
2025-09-29,950.2999877929688,956.7999877929688,939.0999755859376,946.0499877929688,32398179,35.56848095454461,-7.040100061458361,-5.955289798065058,-1.0848102633933028,978.5223202285549,960.8800018310546,943.2376834335544,960.8800018310546,979.3546752929688,961.8979318377882,969.9319001209376,957.5895901829468,964.6296902444052,960.5541796671146,0.005555261698125147,0.005324686769366715,0.0186257102329746,0.005555261698125147,-0.0007886020815167649,-0.01441612138361803,-0.017320717865089263,17898461.3,1.8101097327288127,1,-7.522266615095305,-4.295211947789426,11.296434674944171,0.01188723015895187,-0.012057354175469081,-0.020240505880382953,-0.028841787103021047,0.007487300903528715,1
2025-09-30,951.0,960.0,946.2999877929688,958.0499877929688,28296687,35.505819711258795,-7.044276481756356,-6.1730871348033185,-0.8711893469530372,977.7842635680337,961.2050018310547,944.6257400940757,961.2050018310547,978.8492651367187,960.8600335675226,969.1894726652146,956.5758070778782,963.6200835596345,960.4244795287372,0.0007366223466518385,0.005323604135328752,0.014405901374375658,0.0007366223466518385,0.0012107432158989795,-0.006477237910534228,-0.01639341778576564,18603479.65,1.5210427045028645,1,-7.396337623851082,-4.369909997171476,11.403577532087038,0.011991143566863342,-0.010261675190000171,-0.018767715888612136,-0.027392815129070693,0.006747921039383798,1
2025-10-01,965.25,969.5999755859376,946.0,952.7000122070312,25350832,48.00001148895958,-5.8305198141065375,-6.104573670663963,0.2740538565574253,978.0998926977934,961.7450012207031,945.3901097436128,961.7450012207031,978.1989245605469,961.278125608711,969.0349835410885,957.9102982966662,963.7408181107727,960.8442203141792,0.014984227129337446,0.006824929688728017,0.024449599156630523,0.014984227129337446,0.021374543641025312,0.01493087891203726,-0.0012933264355923235,19066847.2,1.3295765017721441,0,-5.339542401862218,-3.6416777538694305,12.42143467494418,0.012868619191861363,0.004131868067604167,-0.003905930751083196,-0.013137607716478572,0.02100708485492104,0
2025-10-03,965.1500244140624,966.75,952.0,952.0,26658296,48.303108022047695,-4.821101448141121,-5.847879226159395,1.0267777780182739,978.3629030413385,961.9400024414062,945.517101841474,961.9400024414062,977.4807482910156,961.6468778758873,968.8826322027738,959.0241023147271,963.8452037628682,960.8653165526367,-0.00010357481060618845,0.006824194165874014,0.015282598173226643,-0.00010357481060618845,0.0156266829546976,0.01610785831592665,-0.012027842876805694,19519879.15,1.3656998486079255,0,-3.373867046625378,-2.8988649467324876,12.867863246372751,0.013332500565582812,0.0036428616561548417,-0.003852487045025557,-0.013505089559510694,0.020764217309609378,0
2025-10-06,973.4500122070312,977.4000244140624,962.0,971.9000244140624,18542683,54.481808281288195,-3.313197987639228,-5.340942978455361,2.0277449908161334,979.6497766234493,962.4425018310546,945.23522703866,962.4425018310546,976.7569982910156,962.7709859074248,969.0617451441174,961.2434730673892,964.5566710550285,961.3130291137563,0.008599686663229189,0.007211752935021221,0.015820046454308474,0.008599686663229189,0.023606742594144414,0.03005134625776429,0.006774214114781962,19866907.75,0.9333452006389872,0,-0.34778214560753895,-1.6714575208188762,13.442866734095949,0.013809509030276687,0.011091969384122352,0.004528366829980753,-0.006328551860427811,0.029849485462751648,0
2025-10-07,982.5,989.8499755859376,971.0,974.0,25535736,59.75079402745318,-1.3720985523350464,-4.547174093231299,3.1750755408962528,982.6390158714662,963.2675018310547,943.8959877906432,963.2675018310547,976.3149987792968,964.6499396305272,969.5887355306226,964.5137079800986,965.8858065324337,962.3942644731277,0.009296818202765733,0.007578529137197192,0.019185725787213857,0.009296818202765733,0.01787101787101797,0.03388404990072069,0.018979451940765335,20558129.2,1.2421235294114215,0,2.7520077927390503,-0.3431645903150411,14.207153320312468,0.014460206941793861,0.018504184405287543,0.013316227794572666,-0.0001414719639876209,0.04089858703575634,0
2025-10-08,978.7000122070312,985.9000244140624,974.5499877929688,976.0,15939710,57.28793932362556,-0.13879063007061632,-3.6654974005991625,3.526706770528546,984.5050660823889,963.9450012207031,943.3849363590174,963.9450012207031,975.8429992675781,965.9880417806704,969.9460404983248,966.6962163227037,966.8350069527743,962.8926052167708,-0.0038676720539122522,0.0076902836544857685,0.011597053723845958,-0.0038676720539122522,0.014039255504546988,0.02912724732600558,0.022461345304861657,20655837.75,0.771680635417462,0,5.128008213147837,0.756567833110239,14.300009591238815,0.014611228581668634,0.013159552578858025,0.009025215159607185,-0.005896418490214105,0.03743442839389822,0
2025-10-09,977.0999755859376,979.0,970.1500244140624,974.5,15370950,50.1334787094126,0.7014196712181047,-2.792113986235709,3.493533657453814,985.8831064123294,964.5049987792969,943.1268911462644,964.5049987792969,975.2999987792969,967.0463211906958,970.2265869723489,968.2967946708934,967.5953749996753,963.1732700170625,-0.0016348590999661905,0.007166357342206125,0.009057390038957424,-0.0016348590999661905,0.0037495129006481775,0.012276586983618332,0.027390766129361088,20519830.25,0.7490778341112252,0,5.768195581984855,1.1916034312603188,13.99286324637276,0.01432081014840028,0.01039624904716354,0.007084312784127661,-0.00890889677413583,0.03602175355045045,0
2025-10-10,980.9000244140624,986.2000122070312,978.0999755859376,979.0,13757080,60.18921766694921,1.6548485069931758,-1.902721487589932,3.557569994583108,987.732554617123,965.1600006103515,942.58744660358,965.1600006103515,974.7019995117188,968.3657214976831,970.6451531465337,970.2357530929194,968.5809045859262,963.705980398991,0.0038891095313413615,0.006578753258489787,0.008257759628390435,0.0038891095313413615,-0.0016284738788169273,0.01631870652395384,0.03268942425246757,20452002.6,0.672651977855704,0,6.718843621795827,1.7625209437599096,13.585719517299108,0.013850259128512609,0.012943769732982282,0.010565005382539126,-0.006917388893503806,0.040646178716397995,1
2025-10-13,977.0,981.0,972.0,974.2999877929688,18634254,59.15591712850463,2.0718651799745658,-1.1078041540770327,3.1796693340515985,988.8199534521202,965.6450012207031,942.4700489892859,965.6450012207031,973.9839990234375,969.188033735999,970.894362827062,971.2764064632395,969.2045412832649,964.1839513574714,-0.003975965253331548,0.0066392168063866075,0.009211873080859774,-0.003975965253331548,-0.0017370105096837785,0.0036468105690605768,0.03380774839397227,20665539.35,0.901706637528432,0,6.417047828574255,1.8326176829446013,13.567862374441964,0.013887269574659123,0.008060320590100142,0.006288673007802377,-0.011953595202903186,0.03663771707943856,1
2025-10-14,977.1500244140624,980.4500122070312,967.0,970.0,22934382,65.82075927408465,2.386944404885412,-0.4088544422845438,2.795798847169956,989.8872200496965,966.1500030517578,942.4127860538192,966.1500030517578,973.345,969.9463185624812,971.1396828892973,972.1800399941353,969.7930955892499,964.6292051324664,0.00015355620681933857,0.006215028746975636,0.01376453141378818,0.00015355620681933857,5.1221808796686474e-05,-0.005445267771946649,0.02825427440386652,21087939.6,1.087559165808688,0,5.296378931953996,1.5509473586747617,13.621433803013392,0.0139399615848972,0.007426911895760878,0.006188956780020904,-0.0128673200114601,0.03685989714305447,1
2025-10-15,978.25,984.9000244140624,973.3499755859376,975.0,23310447,73.44826171005604,2.6943470420284257,0.2117858545780501,2.4825611874503757,991.0676418887673,966.720004272461,942.3723666561547,966.720004272461,972.7880004882812,970.7371453660544,971.4185188544229,973.1138799950376,970.4195329530091,965.3544637469787,0.001125697752089927,0.005788070286224179,0.01180684776705829,0.001125697752089927,-0.0027016253931132495,-0.00045980607072482194,0.028654048370136742,21320372.25,1.0933414635853742,0,4.749103585383978,1.4724783560981223,13.432150704520073,0.013730795506792817,0.007739329508311534,0.007032479835399185,-0.012933165555016566,0.038071610133424125,1
2025-10-16,994.3499755859376,996.5999755859376,981.5,982.6500244140624,22936566,80.52125178123802,4.188813291180736,1.0071913418985874,3.1816219492821487,995.4136357793587,968.1125030517578,940.8113703241569,968.1125030517578,972.755,972.9859863393766,972.3177916674235,976.3809716244068,972.1921583332261,966.5833346363054,0.01645793568713283,0.00685208910662134,0.015185775588760584,0.01645793568713283,0.017758419228185884,0.017654283523705683,0.0301476048546363,21599126.75,1.0619209871528719,0,5.939665148680774,2.09120469507468,13.985722133091501,0.014065190804525516,0.021957139718874908,0.022659447463911138,-0.0010685610033745782,0.05690684333814332,0
2025-10-17,1002.5499877929688,1009.0,986.0,993.9500122070312,25210511,87.6801855851533,5.966087670522711,1.9989706076234124,3.9671170628992987,1000.5693667746713,969.3950012207031,938.2206356667349,969.3950012207031,973.03,975.801605525433,973.5033679860724,980.4069741118778,974.4408864413551,968.1021550312897,0.008246605730742873,0.006519134020028997,0.022941499456433694,0.008246605730742873,0.02599392390553046,0.02207152904480658,0.038750414373777575,21970072.4,1.1474933054840548,0,7.435884027749921,2.8582148395386184,14.903577532087038,0.01486567025440401,0.027411701432006448,0.0298372052548584,0.0019794939602058802,0.0685652709828952,0
2025-10-20,1002.9500122070312,1020.0,997.0,997.0,22195202,86.84392613258764,7.3224602837156,3.0636685428418504,4.2587917408737495,1005.7502180556892,971.1975006103515,936.6447831650139,971.1975006103515,973.2359997558593,978.3871680665376,974.6581383476787,983.8751338188245,976.5526735351089,970.0565124061912,0.00039900695120764773,0.006584882781412878,0.0229323492896596,0.00039900695120764773,0.025249181913653107,0.026560913210881498,0.030304586398963496,21517669.15,1.03148727890911,0,9.199134330538527,3.7637755206167185,15.28214808872767,0.01523719816813073,0.025105443879680167,0.02902748435191368,-0.002784196113893236,0.07079015463895023,0
2025-10-21,1007.7000122070312,1010.0,1004.0,1006.0,3471600,87.54964660268905,8.680615917599198,4.18705801779332,4.493557899805878,1011.3748131507427,973.3725006103516,935.3701880699605,973.3725006103516,973.4359997558594,981.1788675084894,975.953898106869,987.5404997247024,978.8598838071032,970.4713067333998,0.004736028657646996,0.006524543109995983,0.005954152949605506,0.004736028657646996,0.013425893245712528,0.03126437806854465,0.025648867386291352,21148528.4,0.1641532656239098,0,11.232548946008137,4.8142152175717,14.807146344866064,0.014694002347420779,0.027029877606197447,0.03252829274184216,-0.003633470891235028,0.07732748494616434,0
2025-10-23,1008.7999877929688,1020.5,1006.0,1016.0,43526526,84.923786859682,9.733520909205708,5.296350596075798,4.4371703131299105,1016.267742544144,975.9524993896484,935.6372562351529,975.9524993896484,973.8729992675782,983.8094503927255,977.2419800553436,990.8111901967434,981.0776692875377,974.9861916806142,0.0010915704799172588,0.005764633739978506,0.014373513258780656,0.0010915704799172588,0.0062341031131614155,0.031229223401961326,0.030755057944732433,22273739.8,1.9541633506915619,1,13.072305026671074,5.823461200920633,14.157148088727663,0.014033652121368846,0.02540180661028144,0.03229293090319143,-0.007348215867287396,0.078195615950791,0
2025-10-24,994.75,1011.9500122070312,991.2999877929688,1011.0,17707768,69.39708823294153,9.326726410208039,6.102425758902246,3.224300651305793,1017.4954814346738,978.1375,938.7795185653263,978.1375,973.8119995117188,984.8514074981802,977.9285690727811,991.417160935706,982.0904345254979,976.7857857946835,-0.013927426608823623,0.007338129335313413,0.020759009212427744,-0.013927426608823623,-0.008175893222222341,0.0004022974042179328,0.01806368320035845,22403267.2,0.790410070188334,0,11.865421158803542,5.610777405357567,14.578578404017842,0.014655519883405722,0.010050848713274687,0.017201083452514396,-0.022354380780740743,0.05962047565780904,0
2025-10-27,1002.9500122070312,1009.0499877929688,996.2000122070312,996.5,15700796,69.35693677500808,9.555857318845483,6.793112070890894,2.762745247954589,1019.2700738835126,980.7925018310547,942.3149297785967,980.7925018310547,974.1719995117187,986.5750841371183,978.9098021368694,993.1914457466792,983.6355884278337,979.5470797430634,0.008243289476784321,0.007314745098798039,0.012812179500013784,0.008243289476784321,-0.004713704418437659,0.00039900695120764773,0.02247934268952667,21617643.05,0.7262954598558792,0,10.773478611685277,5.406434150797054,14.50000435965401,0.014457354985964033,0.01659775148714081,0.024558146233375416,-0.016011518531394174,0.06434694019193898,0
2025-10-28,1003.5499877929688,1008.0,995.0,997.6500244140624,33904289,65.53503234635156,9.674338478407094,7.369357352394134,2.30498112601296,1019.5585257386603,983.7175018310547,947.8764779234492,983.7175018310547,974.4399987792968,988.1917416281517,979.8760839273048,994.7850675999545,985.1107291215474,982.3550285176252,0.0005982108566080502,0.0070255792286513085,0.01295401341052269,0.0005982108566080502,-0.005204203076455083,0.0005982108566080502,0.027175013094133726,22569124.7,1.5022420873947318,1,9.80457356161412,5.217945579626075,14.082148960658467,0.014032334345026766,0.01554176736947092,0.024160099684013017,-0.015701440909528436,0.05873498411046734,0
2025-10-29,1007.8499755859376,1012.5,1000.0,1004.9000244140624,17769445,71.35526542891375,9.999935695412546,7.895473020997817,2.1044626744147292,1020.3176976707273,986.5950012207031,952.872304770679,986.5950012207031,974.6859985351563,990.0639543860361,980.9730992864669,996.7950534439518,986.7951177485393,985.8429423948546,0.004284776887323316,0.006879381153110414,0.012402639582079492,0.004284776887323316,0.013169113431452661,0.0001488174824746391,0.031417848237054624,21837688.0,0.8137054160678548,0,8.885086877546769,5.0192011795978715,14.16428920200892,0.014053965912708558,0.017964517464865236,0.027398178725818508,-0.012219450974193729,0.0576967874289197,0
2025-10-30,998.1500244140624,1009.5,997.0999755859376,1000.0,19962917,63.78523612259142,9.367288570291066,8.189836130856467,1.1774524394345995,1018.5361196157893,988.9525024414063,959.3688852670233,988.9525024414063,974.6129992675782,990.8340562934673,981.6467041934314,997.0035105162765,987.6362219459854,988.7830607665444,-0.009624399867882993,0.007516738177663856,0.012423006673111582,-0.009624399867882993,-0.0047858694197593366,-0.010557061367740594,0.02034247320629934,21420999.5,0.931932097752955,0,7.02460590074179,4.404724138087886,14.417864118303546,0.014444586250215415,0.007383646206068912,0.016811873508189353,-0.020015093042961417,0.04042359486804186,0
2025-10-31,987.2999877929688,1004.4500122070312,981.1500244140624,994.0,23221330,53.836910185337715,7.8993451541081185,8.131737935506798,-0.23239278139867992,1017.4844002315688,990.0550018310547,962.6256034305407,990.0550018310547,974.4479992675781,990.4974783410388,981.8684015894917,995.5106608665368,987.6113157124287,990.5968437442285,-0.010870146126042424,0.008170030934805882,0.02359970432599128,-0.010870146126042424,-0.016192516763153364,-0.007489331195809301,-0.007090046730090727,21314524.4,1.089460386927517,0,5.646070842858649,3.939832516710567,15.432146344866064,0.01563065586515747,-0.0032281662679499723,0.0055318881783792935,-0.029665725029032745,0.025632379062529794,0
2025-11-03,992.6500244140624,994.5499877929688,983.2999877929688,985.0,16607180,59.22217378731698,7.0860095567403505,7.922592259753509,-0.8365827030131587,1016.2342045775864,991.4300018310547,966.625799084523,991.4300018310547,974.4190002441406,990.7024827289458,982.2912103277101,995.0705629507715,987.9845533940312,992.4560135857943,0.005418856160479768,0.008160320943778757,0.011333299474445292,0.005418856160479768,-0.015081561283998068,-0.010269692075982273,-0.009874782803299786,20811968.6,0.7979629567574881,0,4.1273985918275,3.381408190840716,15.592860630580349,0.015708316372413773,0.0019658189204815038,0.010545563247884877,-0.023207426061128456,0.026922750617857018,0
2025-11-04,985.25,997.0,983.7000122070312,987.0,20024544,54.39738204836961,5.777713228829043,7.493616453568616,-1.7159032247395727,1015.5521993694821,992.0200012207031,968.4878030719241,992.0200012207031,974.2120007324219,990.1831986595224,982.407241295251,993.5597071121913,987.7819938833622,993.2282160396032,-0.007454817138024539,0.008480066769572839,0.013499099510752347,-0.007454817138024539,-0.012923933375280972,-0.018235252867886076,-0.017647950537516444,20886061.65,0.9587515509416301,0,1.9914570313707145,2.531157367946207,15.582144601004456,0.01581542207663482,-0.004982107014339186,0.002893666277338313,-0.029838150504026845,0.017307597343929677,0
2025-11-06,984.6500244140624,991.0499877929688,974.0,981.0,22279516,53.49346403922235,4.638990552198948,6.922691273294683,-2.2837007210957356,1015.4956574066478,992.1275024414062,968.7593474761647,992.1275024414062,974.2590014648438,989.6562296837643,982.49519357442,992.1889866970945,987.5499961448955,993.4371515924619,-0.0006089577121924927,0.00848483169561678,0.017315784664825168,-0.0006089577121924927,-0.0026840508575617372,-0.023019250616528875,-0.022873858800979363,20723250.65,1.0750975499106845,0,-0.4077247022718211,1.5220942879531094,15.974997384207597,0.016224035939788727,-0.0050585295373744175,0.0021932227798518657,-0.030374953125214064,0.016403121145923818,0
2025-11-07,982.2999877929688,984.9000244140624,974.75,980.0,15004568,42.26076934837055,3.506495612960407,6.239452141227828,-2.7329565282674206,1015.292485906307,992.3075012207031,969.3225165350992,992.3075012207031,974.2640014648438,988.9556352179743,982.4875384457357,990.6676022503059,987.1611066373455,993.5020436314633,-0.0023866719776827194,0.007147817390241885,0.010332917174179609,-0.0023866719776827194,-0.0104266724087404,-0.015879413147736,-0.026268834576392286,20676493.55,0.7256824259740114,0,-1.8784210754929518,0.840834252304262,15.38928658621651,0.015666585337940554,-0.00672997573196354,-0.00019089367083846968,-0.032495560216706694,0.013388187147718661,0
2025-11-10,984.5,990.9500122070312,980.2000122070312,982.2999877929688,15988262,37.43912415232532,2.754752738471666,5.542512260676595,-2.7877595222049294,1014.8558249352795,992.6775024414062,970.4991799475329,992.6775024414062,974.4860009765625,988.5312890067387,982.5664585066872,989.7187403656434,986.9639876271717,993.8534181752518,0.0022396541121558755,0.006727935798925579,0.010919248349415947,0.0022396541121558755,-0.0007612281146917033,-0.0028360050922596747,-0.010304096506659977,20707359.15,0.7721053121348891,0,-1.9661893343001111,0.6980569171955722,14.51428658621651,0.014742799985999502,-0.004078059087830459,0.0019678480540149643,-0.029911465441128476,0.014426411007605432,0
2025-11-11,991.7000122070312,993.5,978.0,983.5,10200530,42.84806324994063,2.7087471554477816,4.9757592396308326,-2.267012084183051,1014.7035313567867,993.2175018310547,971.7314723053228,993.2175018310547,975.1640014648438,988.8330721686714,982.9246370831713,990.0235514181646,987.3148042627168,994.1074640420821,0.007313369433246564,0.007103630471442783,0.015629726539485165,0.007313369433246564,0.007159891959748865,-0.0009570464752588492,-0.01121690997863789,20529531.65,0.4968710525843877,0,-1.8694105602744457,0.633426755461187,13.978572300502224,0.014095565320598183,0.00289931649643575,0.008927820905884357,-0.022670187339347128,0.020549442382817328,0
2025-11-12,989.5,999.0,987.7000122070312,998.7999877929688,13137263,38.04204766835389,2.46633443251244,4.473874278207154,-2.0075398456947138,1014.0302256251233,993.8425018310547,973.6547780369862,993.8425018310547,975.922001953125,988.8965891049884,983.1824944524587,989.9430050461392,987.4766706136268,994.8435551058395,-0.0022184251083501305,0.006929101169331011,0.011419896708407025,-0.0022184251083501305,0.007329748851171436,0.004313625983253022,-0.014000286945215157,20254682.1,0.648603761596436,0,-1.2866095545340386,0.7752531572077714,14.282143729073653,0.014433697553384186,0.0006101860413511429,0.006425567565723923,-0.024190822921477572,0.016273963133996892,0
2025-11-13,986.6500244140624,990.0999755859376,982.5999755859376,984.0,14124839,35.7739544255367,2.0209550793971403,3.983290438445151,-1.9623353590480108,1013.2601595727136,994.3175018310546,975.3748440893957,994.3175018310546,976.6430029296876,988.6826305629954,983.3184760195804,989.4363926412043,987.4154375618072,995.7005150042452,-0.00288021787361048,0.0069058616738042235,0.007601479566631535,-0.00288021787361048,0.0021838744683213562,0.0020311785410151995,-0.0210348282833962,19814204.95,0.7128642827528642,0,-0.9735991207688812,0.8232824451604301,13.782143729073653,0.013968624525457642,-0.0020558732257444376,0.0033880665071685445,-0.026261898197865192,0.011559843267429332,1
2025-11-14,989.5999755859376,991.6500244140624,976.0499877929688,976.0499877929688,21386965,46.142303809691114,1.8843040548621275,3.5634931617285464,-1.6791891068664189,1012.4293185239344,994.8850006103515,977.3406826967687,994.8850006103515,977.5450024414063,988.7699967556566,983.5648093359082,989.4615592480864,987.5772551932242,996.1587924864621,0.002989865807409453,0.005995941633532878,0.015763982423157324,0.002989865807409453,-0.002117612781328937,0.0074315258919737115,-0.00856589552571907,19718030.85,1.084640000956282,0,-0.18563846231768366,1.0772708901724855,13.421430315290163,0.01356248044301274,0.0008394053551425631,0.006136012790152888,-0.02254907332324265,0.012543520500284466,0
2025-11-17,996.5499877929688,997.9500122070312,985.5999755859376,991.25,18396408,45.11448518010498,2.3101846640652184,3.3128314621958808,-1.0026467981306624,1012.5527771879856,994.9950012207031,977.4372252534206,994.9950012207031,978.387001953125,989.5109482830197,984.0740320204987,990.5520867165299,988.2419020524646,996.3413512969115,0.007023052120546103,0.005868877054029917,0.012392791904443163,0.007023052120546103,0.007124798173793634,0.012239703192451712,0.009368986239610466,19491022.95,0.9438400461172306,0,0.9796592762810405,1.5075735138115078,13.282148088727654,0.013328130300962878,0.0071136550051952695,0.012677863012861335,-0.01580440027971585,0.01955395399903332,0
2025-11-18,992.4500122070312,999.0,990.0,997.6500244140624,20002640,41.9565394304801,2.2904613377643273,3.10835743730957,-0.8178960995452429,1011.7105977119284,994.4900024414062,977.269407170884,994.4900024414062,979.0110021972656,989.7908591329256,984.4025018317354,990.8440752535301,988.5536139157658,996.023764205377,-0.004114169521006739,0.005939393398014138,0.009068466813744715,-0.004114169521006739,0.005878465159328661,0.0007562770906202054,-0.00020149317696249724,19230629.4,1.0401448431011833,0,0.9577869642541827,1.4778647485641159,12.99643380301337,0.013095303182184085,0.0026865807554892498,0.008175020238491208,-0.01903764332256339,0.015533695135401633,0
2025-11-19,994.5999755859376,996.5499877929688,984.0,990.0,19813847,40.08974955946939,2.420413515899668,2.97076865302759,-0.5503551371279221,1010.8280901271743,994.0725006103515,977.3169110935288,994.0725006103515,979.6350012207031,990.2488702236885,984.8024027632729,991.4219060739005,989.0014925580008,995.1834562293196,0.0021663190613754324,0.005826405443601595,0.012618125981327635,0.0021663190613754324,0.005052546608077302,0.005154093568405793,0.009489952383595623,19111561.65,1.036746622953232,0,1.352281118700148,1.6199083108141394,13.000004359653994,0.013070585842308559,0.0043939513521143525,0.009948770225553438,-0.016054277378851803,0.017684196698357173,0
2025-11-20,1008.8499755859376,1011.5999755859376,992.4500122070312,995.2999877929688,19850865,57.49296044341956,3.6313969772206747,3.102894317866207,0.5285026593544675,1011.0891449147975,994.1299987792969,977.1708526437963,994.1299987792969,980.4920007324218,992.0204040677122,985.74544483475,994.1031475372909,990.4717505600702,995.5325154501783,0.014327368137732943,0.0065485318072857615,0.01898197337793869,0.014327368137732943,0.012342569809477677,0.022500330028430326,0.024577210756965062,19930524.9,0.9960031208209675,0,3.337773504716779,2.4269688151695163,13.482142857142849,0.013363872908171953,0.016964944923730293,0.023438638111141264,-0.0022146111845050224,0.032419226235035084,0
2025-11-21,998.0499877929688,1008.2999877929688,996.5499877929688,1003.0999755859376,17499897,57.53328919296695,3.6772522642612557,3.2177659071452167,0.459486357116039,1009.2233699879429,993.5924987792969,977.9616275706509,993.5924987792969,981.15,992.5946501367843,986.2279759311507,994.7103537304721,991.0331014662108,993.8912228290172,-0.010705246621725117,0.006526071659332873,0.011772957410663653,-0.010705246621725117,0.005642576973206026,0.008538816102969138,0.01603379842789887,18629193.45,0.9393802821882232,0,3.824653381127632,2.663166595242501,12.696428571428564,0.012721235135230779,0.005496037738499523,0.011987098470469021,-0.011071267795857336,0.020541051566838324,0
2025-11-24,999.1500244140624,1011.4500122070312,993.5999755859376,1000.0,32204053,54.84351890089377,3.7590249715824484,3.326017720032663,0.43300725154978537,1009.6346557609243,993.8125,977.9903442390757,993.8125,981.815,993.218971496525,986.7347229304806,995.393379989486,991.6343550179035,994.2669733222273,0.0011021858970472476,0.00639131588419683,0.017865221623310817,0.0011021858970472476,0.004574752603873966,0.0026090378334677755,0.014880674874619082,19354007.7,1.6639475140851578,1,3.708023213505271,2.660690909981895,13.167859758649538,0.0131790616392885,0.005971546142137033,0.012582207958294836,-0.010384579498175006,0.021635878410895672,0
2025-11-25,989.7999877929688,1006.0999755859376,988.4000244140624,1004.0,24989383,53.294705718566426,3.034382148893883,3.2676906058049076,-0.23330845691102464,1008.462911278582,993.1549987792969,977.8470862800117,993.1549987792969,982.255,992.8933540009482,986.8549293956762,994.5328581130987,991.4984759642048,993.9631104891112,-0.009357990684709105,0.0065903302896353965,0.017882351374182308,-0.009357990684709105,-0.018882874811891326,-0.0026701842727265834,-0.0019159265812994652,19818437.05,1.2609159308049471,0,3.1024948680226316,2.4524275639407733,13.482142857142858,0.013621078019211743,-0.0031155070134314634,0.002984287061418457,-0.018506306257660456,0.012223691905069787,0
2025-11-26,1003.9000244140624,1006.9500122070312,981.2999877929688,981.2999877929688,19494356,61.6595933456562,3.556851438226431,3.3255227722892124,0.23132866593721868,1008.5311705923316,993.1725006103516,977.8138306283715,993.1725006103516,982.9870007324218,993.9416083260066,987.5233644944365,995.9739606209392,992.4171091827128,993.4080101270115,0.014245339255391842,0.007550053265226924,0.025550377318730944,0.014245339255391842,0.005861466552421923,0.009350541983118354,0.014552829119820476,19097940.4,1.020756981731915,0,3.692738102318117,2.720961731163584,14.096431187220983,0.014041668337889049,0.010019115815895539,0.016583567040978284,-0.004591971287857405,0.02667807814594636,0
2025-11-27,1009.5,1016.7999877929688,1001.0,1002.0999755859376,25536848,65.8508252196163,4.372381253667527,3.5348944685648758,0.8374867851026511,1008.959472316303,993.2550018310546,977.5505313458062,993.2550018310546,983.8360009765624,995.423359914006,988.385193337792,998.0548897561794,993.6825085025118,993.8263857102502,0.005578220390228594,0.007542014944787961,0.01565130043880015,0.005578220390228594,0.01035878029628945,0.0006443221785130682,0.02315914966860455,19486310.55,1.3105019513301353,0,3.402955846293821,2.6397485030420285,14.500000000000009,0.01436354631005449,0.014141360001045227,0.02136293299872593,0.000535727844901483,0.032683188878439386,0
2025-11-28,1007.5999755859376,1012.0499877929688,1004.2000122070312,1007.0,15988807,63.50875765259508,4.809932509046121,3.789902076661125,1.0200304323849956,1010.5788389577488,993.7274993896484,976.8761598215481,993.7274993896484,984.6510009765625,996.5830375970471,989.1387142102683,999.523364499219,994.7134319901729,994.0103595917847,-0.0018821440456289196,0.007611200234458483,0.007790765954884623,-0.0018821440456289196,0.01798341888512134,0.009568646770977018,0.018189167789077976,19287605.05,0.8289679801381042,0,3.9883874602628566,2.910738279117595,14.292855398995544,0.014185049370097484,0.011054711522538509,0.0186639761546578,-0.0029476803362351893,0.03145108564221902,0
2025-12-01,1002.0999755859376,1017.5,999.2999877929688,1017.5,16746566,56.205229650271484,4.659182837231128,3.963758228775126,0.6954246084560025,1011.4298706671001,994.4674987792969,977.5051268914937,994.4674987792969,985.3630004882813,997.1084602626557,989.6469989700985,999.9197662048681,995.260583367637,994.739344563127,-0.005458515416102205,0.00764998768526117,0.01816187271772911,-0.005458515416102205,-0.0017930558664697172,0.002952460691381331,0.005569201606494767,18963866.85,0.8830775987018702,0,3.8894887661307394,2.9122760396178364,14.48571341378349,0.01445535751591407,0.005005990343284242,0.012583251026677839,-0.009224460688518956,0.025160838565273392,0
2025-12-02,989.7999877929688,994.4000244140624,985.0,988.0,27316662,50.15973797122702,3.5067824118715407,3.872363065394409,-0.3655806535228683,1011.3991762571025,994.3249969482422,977.2508176393819,994.3249969482422,985.6209997558594,996.4124152655427,989.6529985317796,998.362877218422,994.8560948065505,994.5834210351779,-0.012274212246913718,0.008388817025294811,0.00949689283692792,-0.012274212246913718,-0.01951462328581599,0.0,-0.0026701842727265834,19499340.95,1.4009018084275304,0,3.519061264594484,2.798069136103436,14.899998256138408,0.01505354459476409,-0.006636235529855098,0.00014852606055574478,-0.02135575050008058,0.01284129921108711,0
2025-12-03,1000.5,1002.2999877929688,986.0,986.0,15448777,56.80588480881455,3.417503480747655,3.781391148465058,-0.3638876677174032,1011.8137955834761,995.0874969482422,978.3611983130083,995.0874969482422,986.2929992675781,996.8017090497767,990.0783711383766,998.6916653386647,995.2741618579171,994.959170489932,0.010810277166086735,0.008807914960948219,0.016291841872032732,0.010810277166086735,-0.00704642294359803,-0.0033868157499516993,0.005932057670307689,19270552.6,0.8016779446169073,0,2.860100723770074,2.555006643940146,15.528568812779033,0.015520808408574746,0.003710157112138942,0.010526064567636969,-0.011181697297329167,0.022628454322560696,0
2025-12-04,997.2000122070312,1004.7000122070312,993.0,1000.0,14528169,53.72185793101052,3.0453628021573422,3.6341854792035155,-0.5888226770461733,1011.7186133093463,995.7149963378906,979.7113793664349,995.7149963378906,986.9529992675781,996.839642683801,990.3576511802846,998.4621802414903,995.4168174393329,995.7794384076896,-0.0032983386236569157,0.008860578501826309,0.011732864083240886,-0.0032983386236569157,-0.0048896951384928,-0.01218423753637321,-0.011547765932333087,18882985.25,0.7693788247808964,0,1.4162827697949751,1.9724578424926449,15.249995640346006,0.015292815336608635,0.0003615120304204804,0.006908979820160997,-0.014350433916427137,0.0178508009694712,0
2025-12-05,1003.2999877929688,1008.0,990.2000122070312,992.0,12843366,53.33333333333333,3.205702342286486,3.5484888518201094,-0.34278650953362355,1011.7882728949104,996.7649963378906,981.7417197808708,996.7649963378906,987.8749987792969,997.4549136465789,990.8651937925467,999.2064583263332,996.0007559840467,996.545456179515,0.006117103400788082,0.008813108643072439,0.017741441253402847,0.006117103400788082,0.013639119182150994,-0.0042675544830858,0.005260257566466642,18774925.15,0.6840701572650478,0,0.8718760495318065,1.7264795822784436,15.639277866908515,0.015587838191158918,0.005859988322701148,0.012549430617123318,-0.008389388698541755,0.02195920533652159,0
2025-12-08,1003.0999755859376,1006.5,997.5,1000.0,12901022,55.46993290837589,3.2788368789516653,3.494558457246421,-0.21572157829475547,1011.7959346546133,997.6949951171875,983.5940555797617,997.6949951171875,988.9159985351563,997.9925385931845,991.3449891569934,999.805460981657,996.5266241027053,997.2334777561719,-0.00019935434014217712,0.008716395025074878,0.00897218644108017,-0.00019935434014217712,0.002598676247813625,0.0009979044250703062,0.003953311390040293,18620563.15,0.692837369958921,0,0.8840783305287232,1.6979901868949128,15.639277866908515,0.015590946313973533,0.005117710599272441,0.011857614208490899,-0.008594577988341281,0.019831270731580884,0
2025-12-09,997.0999755859376,1002.7999877929688,994.0,994.9000244140624,15294322,51.23517697166934,2.8201378762938702,3.359674341055911,-0.5395364647620409,1011.7866361403934,997.9649932861328,984.1433504318721,997.9649932861328,989.8609985351562,997.9075325924942,991.5706748993049,999.3892324592387,996.5690945829448,997.5198842713618,-0.005981457627386777,0.00888831458821886,0.008825582196807806,-0.005981457627386777,-0.00010031750889394342,0.007375215076781405,0.007375215076781405,18875252.75,0.8102843550002264,0,1.495117326951572,1.917676367525246,15.392848423549149,0.015437617892331877,-0.0008092503365102962,0.005576305175820402,-0.014515570803030347,0.013165384035140526,0
2025-12-10,989.7999877929688,998.5,985.2999877929688,997.5,15322830,39.893912224702405,1.8462847838743528,3.0569964296195997,-1.210711645745247,1011.7635550209983,997.9799926757812,984.1964303305641,997.9799926757812,990.7559985351562,997.13538546873,991.5012361892525,997.9139640490432,996.0676792651689,997.453518827672,-0.007321219508283572,0.008091916957204895,0.013336039977596187,-0.007321219508283572,-0.013455596695158833,-0.010694664874593918,-0.014045259765107843,18984531.1,0.8071218572261708,0,0.33367641895324596,1.4228650508758847,14.967851911272353,0.015122097490269014,-0.007356471129858676,-0.0017158308373092332,-0.021708201604053342,0.0056935356497102504,0
2025-12-11,1000.2999877929688,1002.7000122070312,988.5,990.0,11844809,51.19744451619526,1.8998610244702832,2.825569348589737,-0.9257083241194537,1011.3956587096395,998.6624908447266,985.9293229798136,998.6624908447266,991.7559985351562,997.4367761662766,991.8462852717513,998.2810446250318,996.3811836005615,997.8563303570428,0.010608203808339711,0.00819672988728007,0.014195753654222992,0.010608203808339711,-0.002791334723473926,0.0031086798515742586,-0.009113434578535196,18870529.6,0.6276882128416787,0,0.5971334824755559,1.488634091466679,15.103567940848238,0.01509903841363858,0.0028705695389507906,0.008523198248306451,-0.01097065309814249,0.014575755561993135,0
2025-12-12,1001.5,1004.7000122070312,998.2000122070312,1003.0,11988618,51.24932183194937,2.0159133431679948,2.6636381475053885,-0.6477248043373938,1011.3010636177817,999.2574920654297,987.2139205130777,999.2574920654297,992.7659985351562,997.8237498647264,992.224862319918,998.7762685288731,996.7603551857051,998.6765322545716,0.0011996523259776293,0.008197603758328939,0.006490264603095357,0.0011996523259776293,0.004412821704740999,-0.001794067392473786,-0.006053965595215871,18400612.25,0.6515336466589583,0,0.3688362181475213,1.359668527371241,14.292851039341551,0.014271443873531254,0.003684268024059306,0.009347818254015379,-0.009691538919893739,0.014471108226976264,0
2025-12-15,996.0999755859376,1001.7999877929688,992.0,992.0,9790060,53.49610723215509,1.6530929747219716,2.4615291129487056,-0.808436138226734,1011.3015208923055,999.2349914550781,987.1684620178507,999.2349914550781,993.382998046875,997.6595808857942,992.3768275460365,998.3645311530369,996.7114381783149,998.8926651689189,-0.005391936509298478,0.00790524850628084,0.009838357627911883,-0.005391936509298478,0.006364909952177644,-0.006978367231951221,-0.005987426550421504,17970294.85,0.5447912837111851,0,-0.3329577073902783,1.0318383890430596,13.728567940848231,0.013782319322689123,-0.0015632639927858367,0.0037517482639208887,-0.01503166463445542,0.009047608297605201,0
2025-12-16,994.2999877929688,998.7000122070312,990.0999755859376,990.0999755859376,20049088,43.83030968678299,1.206404566104652,2.210504203579895,-1.004099637475243,1011.2018551693952,999.327490234375,987.4531252993547,999.327490234375,993.9659973144531,997.3396196388584,992.4522455949358,997.7392167899494,996.5328122238448,998.9226857934073,-0.0018070352746570872,0.006849038392627078,0.008649337953008523,-0.0018070352746570872,-0.005998200613036353,-0.0028081314427106374,0.004546373060716924,17972617.25,1.115535245708301,0,-0.5679129536358687,0.8815706956308986,12.510711669921884,0.01258243168411548,-0.0030477399935142416,0.0018617945661711034,-0.01671463248412959,0.006933860775961737,0
2025-12-17,984.0,996.0,980.7999877929688,996.0,19080922,34.54545454545455,0.021035367137869798,1.7726104362914898,-1.75157506915362,1012.383220541999,998.7974914550781,985.2117623681572,998.7974914550781,994.1769970703125,996.0691796732527,992.1207849833697,995.6254911299571,995.6044557628193,998.6829753968052,-0.010359034415590718,0.007053074721711637,0.015447166877064279,-0.010359034415590718,-0.017473789316025945,-0.005859757389875764,-0.016491754122938573,17935971.0,1.0638354622674178,0,-1.0662057954772308,0.619548794117236,12.467856270926347,0.012670585641185313,-0.012116808671072293,-0.008185278553060305,-0.0280360440257035,-0.0012299511784598534,0
2025-12-18,979.7000122070312,987.4000244140624,973.2999877929688,973.2999877929688,14912404,33.56891907338667,-1.250931383253942,1.1679020723824034,-2.4188334556363453,1012.5431260906366,997.3399932861328,982.1368604816289,997.3399932861328,994.1209973144531,994.5102113431365,991.6336958548859,993.175417449507,994.4263488327609,997.5859062073691,-0.004369906293667403,0.007086489379572097,0.01439219806615048,-0.004369906293667403,-0.01646417405969658,-0.02059379769801728,-0.017549137370414303,17689047.95,0.84303033391913,0,-2.9265648231400974,-0.21258941686539856,12.914289202008929,0.013181881230067666,-0.01489195280971855,-0.012034366820871934,-0.03243626176241057,-0.002481169756119985,0
2025-12-19,985.5,988.0,978.7000122070312,987.0,25952384,40.25822470693074,-1.770553812375283,0.5802108954308662,-2.3507647078061495,1012.8023642811302,996.7124938964844,980.6226235118386,996.7124938964844,994.2569970703125,993.6520959771235,991.3931587625375,991.9945839957367,993.765137808112,996.4539866094607,0.0059201671130970634,0.007306014886842063,0.009436821707730848,0.0059201671130970634,-0.008850435382687594,-0.01597603594608088,-0.017741441253402823,18111672.3,1.4329093178215244,0,-4.171653887602929,-0.8317035573804787,12.278573172433036,0.012459232036969088,-0.00820417529447972,-0.0059443205860865225,-0.026957247775096692,0.00497375480762864,0
2025-12-22,987.7000122070312,992.9000244140624,983.9000244140624,988.0,13540411,48.601879980949874,-1.9819886014407757,0.06777099605653786,-2.0497595974973137,1012.6733840290563,996.1399932861328,979.6066025432094,996.1399932861328,994.4689978027344,993.0852308561623,991.248329485851,991.3338806436282,993.3158692450689,995.6637680050345,0.0022323817422944536,0.006604689761110532,0.009112078453749695,0.0022323817422944536,0.0037601750071456497,-0.008432851706441702,-0.015352371402372778,17178490.2,0.7882189204264296,0,-4.574350029631887,-1.1284980601855068,11.700003487723206,0.01184570552103099,-0.005422715474771811,-0.0035796451537629995,-0.024660835582214186,0.008261897830016757,0
2025-12-23,996.5999755859376,998.9000244140624,987.7000122070312,990.5,17927849,47.33968055183173,-1.4150872851383838,-0.2288006601824465,-1.1862866249559372,1012.7418674773236,996.4799926757812,980.2181178742388,996.4799926757812,994.7829968261718,993.4199684494743,991.4581979603641,992.1440490962912,993.5591363814295,995.6630593793584,0.009010796060454851,0.006389372021430223,0.011238222437689946,0.009010796060454851,0.017250141031267985,0.0023131729067744633,-0.0005014542295080915,16825413.5,1.0655220449708414,0,-3.919651189384126,-0.9940476345716434,11.335719517299092,0.011374392730277167,0.0032010702799005553,0.005186076060646001,-0.015938801791214978,0.01671246165825366,0
2025-12-24,997.2000122070312,999.4000244140624,993.0,993.0,13699996,50.0,-0.9069413121630987,-0.3644287905785769,-0.5425125215845218,1012.0350602395043,996.1449920654297,980.2549238913551,996.1449920654297,995.1869970703125,993.7799726168606,991.683367146508,992.9218895748666,993.8288308870297,995.5977072005005,0.0006020837204423479,0.006331471960625567,0.006417994720936346,0.0006020837204423479,0.011872158505358943,0.013414646551860976,0.007476282587720373,16535695.5,0.8285104185669118,0,-2.289207056392115,-0.43741783686175495,10.957148960658458,0.010987914988496427,0.003441445475264357,0.0055629097384147855,-0.014658630531003814,0.017286409792677763,0
2025-12-26,992.0999755859376,997.2000122070312,987.7000122070312,996.0,9360853,41.954018452601815,-0.9053262625155867,-0.4726082849659789,-0.4327179775496078,1009.9447997635549,995.2749908447265,980.6051819258981,995.2749908447265,995.48599609375,993.6199728996298,991.699704732368,992.7954412688775,993.7007675313931,994.4043273217338,-0.00511435675758376,0.00620968938134013,0.009575647851809761,-0.00511435675758376,0.004454756833579987,0.012656898259062244,-0.008197553041186523,15726895.75,0.5952130127142223,0,-0.8902384435066324,0.06600887748209061,10.36429268973212,0.01044682284525905,-0.0015297572061242748,0.0004036210272722072,-0.01766910843225794,0.01172214248089514,0
2025-12-29,991.7000122070312,997.4000244140624,987.2000122070312,993.0999755859376,13545749,41.833835692980806,-0.9256497123910776,-0.5632165704509987,-0.3624331419400789,1008.0170795641648,994.4799926757812,980.9429057873976,994.4799926757812,995.7549963378906,993.4371195003347,991.699716790198,992.6269137209011,993.5525634332922,993.6103615465668,-0.0004031482600028724,0.0062084530762476185,0.010285380741632724,-0.0004031482600028724,-0.004916680211662139,0.0062912351162163205,-0.009785309828226452,15604742.85,0.8680533303373211,0,-0.21497647678882004,0.3065580276604578,10.450007847377199,0.010537468709030946,-0.0017485830348046032,2.9788939967879e-07,-0.016187292544872854,0.01096608819551932,0
2025-12-30,990.9000244140624,995.0,982.2000122070312,990.2000122070312,33155849,45.20127436919276,-0.994840618571402,-0.6495413800750793,-0.3452992384963227,1007.0503577983014,993.9199951171875,980.7896324360735,993.9199951171875,995.6859973144532,993.1954913968802,991.6683563048593,992.3612384429259,993.3560790614973,992.5351526759686,-0.0008066832541309132,0.006027531382985484,0.01291753706488969,-0.0008066832541309132,-0.006317677212042461,0.003239862475935995,-0.005220310510314463,16425207.0,2.0185955038496624,1,0.11026054071794533,0.4200268190083989,10.71429443359371,0.010812689645385034,-0.002311193519001376,-0.0007747871411969878,-0.01603726492838776,0.010308420525283125,0
2025-12-31,991.2000122070312,997.5999755859376,987.5999755859376,991.0,10963454,51.215299485651435,-1.013782152822614,-0.7223895346245863,-0.29139261819802775,1007.0425730781803,993.9899963378906,980.9374195976009,993.9899963378906,995.4589978027344,993.0054457597518,991.6499898696504,992.1825882527883,993.1963704056109,992.7662292857462,0.00030274274455321937,0.005691959507965676,0.010088781150974509,0.00030274274455321937,-0.0009071297258875788,-0.0054183860236716175,-0.0031177467806455805,15607546.6,0.7024457002101792,0,-0.41452268972250295,0.19179190928628032,10.485722133091476,0.010578815581068952,-0.0018181507064537375,-0.000453766618480301,-0.01573176874014757,0.010462025817753283,0
2026-01-01,991.1500244140624,997.5499877929688,989.5,993.5,7132074,40.296956006757185,-1.0210569434520949,-0.7821230163900881,-0.23893392706200678,1006.2592702522763,993.5224975585937,980.7857248649111,993.5224975585937,995.222998046875,992.8287389649242,991.630383381196,992.0237322775997,993.0447892210518,992.5874739125802,-5.0431590348343214e-05,0.004827849784933379,0.008121866109752312,-5.0431590348343214e-05,-0.0005545908905908448,-0.006066975249607975,0.00726628497364068,15191711.45,0.4694713971808621,0,-0.9512336519363771,-0.05298376531197846,10.046434674944155,0.010136139259930201,-0.0016908400059128048,-0.00048441332091470903,-0.015015261260078584,0.010567343392542545,0
2026-01-02,1001.5999755859376,1003.2000122070312,988.7999877929688,991.1500244140624,11751459,50.088630992061184,-0.18150625067937654,-0.6619996632479458,0.48049341256856926,1006.8920332578981,993.7424957275391,980.5929581971801,993.7424957275391,995.1009973144531,993.6640948335922,992.021347781382,993.4970004788825,993.6785067295618,992.5178707977138,0.010543258754448281,0.005674168768244476,0.014377021530615016,0.010543258754448281,0.010798214661668082,0.009575647851809865,0.02235374411149693,15052875.95,0.7806786582865582,0,0.04412193396240127,0.3216430490140283,10.610722133091476,0.010593772355958962,0.007986482347109861,0.009655667013595857,-0.005255834287254731,0.02142276998131712,0
2026-01-05,977.5,1006.4000244140624,976.2999877929688,1005.75,27647379,37.61650341830056,-1.4441753415370613,-0.818434798905769,-0.6257405426312923,1006.6726832222096,992.4524963378906,978.2323094535716,992.4524963378906,994.4749975585937,992.1246572303929,991.4518831625044,991.0359234821312,992.4800988236683,991.686985845493,-0.024061477808881793,0.008523088641416484,0.030792876338714716,-0.024061477808881793,-0.013821642492241715,-0.014318858558274195,-0.008117706747843734,15793076.6,1.7506012096465107,1,-1.3124622699417614,-0.24783362769358064,12.060725620814683,0.012338338231012463,-0.014740745655106486,-0.014072173747858607,-0.028979313443603286,-0.0007486048523388551,0
2026-01-06,962.2000122070312,966.7000122070312,956.0,962.7000122070312,31988783,31.88485967401951,-3.637500004849926,-1.3822478400946006,-2.2552521647553254,1009.2068194215252,990.4074981689453,971.6081769163653,990.4074981689453,993.8239978027344,989.2746910376918,990.3047509681721,986.5996294398082,990.2371294446581,988.4054198787854,-0.015652161425032007,0.009348291798939383,0.011120361745255297,-0.015652161425032007,-0.02920850677892628,-0.028963580078627982,-0.02581755561895749,16747464.65,1.9100672053068044,1,-3.9208003591884335,-1.3636053366872147,12.982151576450851,0.01349215486567418,-0.02736821135316905,-0.02837988885104738,-0.046577972235104535,-0.009683085149811286,0
2026-01-07,949.0499877929688,956.4500122070312,946.0,956.0,52884712,30.891167745100475,-6.363468568910889,-2.3784919858578584,-3.984976583053031,1014.0775014232944,988.0049987792969,961.9324961352994,988.0049987792969,992.7459973144531,985.4437669191468,988.6869171181643,980.8227614941405,987.1862300630514,982.6319414761485,-0.013666622580787324,0.009605868329238137,0.011011024015007812,-0.013666622580787324,-0.05246604340443106,-0.04252423718217091,-0.04771221047342744,18626984.15,2.839145165644005,1,-7.561678840604941,-2.963072751486152,13.053580147879424,0.013754365223939087,-0.03693136061934631,-0.0400904762052781,-0.06412479671332534,-0.013392320556887268,0
2026-01-08,946.7000122070312,953.0,941.4000244140624,944.7000122070312,21928849,31.56422066523652,-8.614143204943275,-3.625622229674942,-4.988520975268333,1017.7674351214486,985.85,953.9325648785515,985.85,991.6089978027344,981.7538855179929,987.0403718275317,975.5731077576622,984.1872509626055,980.2267368026656,-0.002476134678008224,0.009591390035341449,0.012253063733351728,-0.002476134678008224,-0.03150893891863815,-0.044846906232291706,-0.050641796411766915,18957285.1,1.1567504990469335,0,-11.074853446931343,-4.59001155366434,12.875004359653994,0.013599877673645148,-0.03570535734876825,-0.0408700198815669,-0.06982678012874026,-0.007581828042992788,0
2026-01-09,939.0,950.5999755859376,933.2999877929688,945.0,38183839,24.562336059662442,-10.893571392652689,-5.079212062270492,-5.814359330382197,1020.1654587334449,982.7850006103515,945.4045424872581,982.7850006103515,990.2319982910157,977.6820868972317,985.1564356774325,969.946475794945,980.8400471875976,976.0348381616449,-0.008133529214899182,0.009386705704223779,0.018423842165036064,-0.008133529214899182,-0.024111423729684445,-0.062499977148378516,-0.05352280706848778,20274236.6,1.8833675345388836,1,-15.98200793636056,-6.864912103949564,13.446432931082573,0.014319949873357373,-0.03956509730069107,-0.04685188464073065,-0.07956107319513972,-0.006774393605523065,0
2026-01-12,936.9500122070312,942.0,929.5999755859376,937.5,21071666,22.191743621232575,-12.718836703913666,-6.607136990599127,-6.11169971331454,1021.0543076892369,979.5575012207031,938.0606947521693,979.5575012207031,989.007998046875,973.8028416886411,983.265987698201,964.8700967814198,977.5889334853334,973.2738173711911,-0.00218316058889112,0.00925598050277898,0.013234456750636597,-0.00218316058889112,-0.01274956613621181,-0.041483363471067736,-0.055208227615278216,20728389.0,1.0165607177673093,0,-18.32181554175179,-8.185895464303371,13.689291817801315,0.014610482565185655,-0.037844241055719804,-0.04710421805557843,-0.08237005108233991,-0.0011840199161435752,0
2026-01-13,937.3499755859376,947.7000122070312,932.5999755859376,947.7000122070312,32042827,14.199342958339969,-13.972037955115184,-8.080117183502338,-5.891920771612845,1021.3758820709756,976.6200012207031,931.8641203704306,976.6200012207031,988.0089978027344,970.3311401550503,981.4653597722299,960.6362319821149,974.60826993723,970.252030205537,0.000426878033721545,0.00860947941556973,0.016109283634060587,0.000426878033721545,-0.009876451357907934,-0.02582626928479692,-0.05404182814486247,21841027.35,1.4670933965933612,0,-18.94355088264149,-8.839391195942198,13.96786499023435,0.014901440608138956,-0.0339895971635442,-0.0449484882446898,-0.08226736890895085,0.005886969028624415,0
2026-01-14,925.4500122070312,940.0499877929688,920.2000122070312,930.0,36688248,11.855316851319586,-15.743950111438153,-9.612883769089501,-6.131066342348651,1022.5598816326727,973.1775024414062,923.7951232501397,973.1775024414062,986.6649975585938,966.0567470171437,979.2686794755556,955.2229674013328,970.9669175127709,965.8131813277543,-0.012695325853577466,0.00875532243236827,0.021448998135079052,-0.012695325853577466,-0.014430231941393812,-0.024866946830503278,-0.06633373606765736,22672985.35,1.6181480927036367,1,-19.38701990200309,-9.418237642608688,14.92857578822543,0.016131153051285256,-0.04203348813151228,-0.05495801958799169,-0.09496741576697765,0.0017914025688610044,0
2026-01-15,925.4500122070312,925.4500122070312,925.4500122070312,925.4500122070312,0,12.535054993540015,-16.95278214147538,-11.080863443566678,-5.871918697908704,1023.704999069444,970.2500030517579,916.7950070340717,970.2500030517579,985.4689978027344,962.1894389399902,977.158143504241,950.6425127560556,967.595294897531,964.8854382856853,0.0,0.008868886820632589,0.0,0.0,-0.012273867175593756,-0.022446392443219776,-0.06628664741835721,21718939.25,0.0,0,-19.56444657800273,-9.882228323290633,14.250004359654001,0.015397919035810819,-0.03818315317764601,-0.05291685040026006,-0.09597978612171218,0.0094405020823133,0
2026-01-16,931.0999755859376,935.9500122070312,919.2000122070312,922.0,37780235,17.83429627004341,-17.25596933544955,-12.315884621943251,-4.940084713506298,1023.824038003783,967.8200012207031,911.8159644376233,967.8200012207031,984.3979968261718,959.2285376681756,975.3519408407782,947.6359685760375,964.891937911487,961.4024420491012,0.006105098389303842,0.009284585306247,0.017989475286431286,0.006105098389303842,-0.006667733677694021,-0.008413231537872656,-0.07038738190739013,22862330.8,1.6525102068770696,1,-18.45354922905608,-9.804494836654271,14.717860630580349,0.01580696060196807,-0.029324150583151694,-0.04537025395847805,-0.09056640494457974,0.021149016797713176,0
2026-01-19,927.9000244140624,936.1500244140624,919.5,935.9000244140624,38191942,17.391213693143072,-17.552126696741766,-13.363133036902955,-4.188993659838811,1023.0021868520325,964.9400024414062,906.87781803078,964.9400024414062,983.3099975585938,956.2448697392125,973.4910813730639,944.5996694741953,962.151796170937,957.4201670247002,-0.0034367428372678033,0.009231579568320616,0.017943769776896296,-0.0034367428372678033,0.0026473738988757045,-0.009658986792316915,-0.05074166300351679,23474308.7,1.6269676985205532,1,-17.557971949428634,-9.774906325137067,14.992863246372751,0.016157843358006418,-0.02964182734165187,-0.04683253686792639,-0.09296379192562348,0.023180858507412427,0
2026-01-20,931.2000122070312,934.5,919.5999755859376,929.2999877929688,36022727,19.87943685724511,-17.32088769208451,-14.154683967939267,-3.1662037241452445,1021.0065859246331,962.1150024414062,903.2234189581793,962.1150024414062,982.2439978027344,953.859645212338,971.8326080724352,942.5381837407854,959.8590714328699,954.451469861434,0.003556404468307628,0.009404946149354106,0.0160008851146253,0.003556404468307628,0.006213193499546632,-0.006561010870098971,-0.032217833721384204,24598424.5,1.464432285083949,0,-16.471494942712297,-9.632751699794767,15.34286499023435,0.01647644414637659,-0.023755730855206197,-0.041810282478580284,-0.08795885840077337,0.030974167256559257,0
2026-01-21,920.3499755859376,932.1500244140624,915.5,925.0,32766854,17.93469667567858,-17.807858485080374,-14.885318871367488,-2.9225396137128854,1017.6647965965665,958.3025024414062,898.9402082862459,958.3025024414062,980.8169970703125,950.6682481050617,969.8136813082588,939.1246132554242,956.9324717405045,950.9833299619908,-0.011651671476440417,0.00950197650578528,0.018090970669567528,-0.011651671476440417,-0.011545484139052875,-0.005510872066370132,-0.030240780334209294,25340374.75,1.2930690379786116,0,-15.388498912082014,-9.454998167296822,15.957153320312468,0.017338136299893312,-0.03189153795717548,-0.05100330782671124,-0.09562561399007245,0.023816675572347137,0
2026-01-22,918.7000122070312,928.2999877929688,913.2000122070312,928.0,44444755,9.202690598584553,-18.118070760701244,-15.53186924923424,-2.586201511467003,1013.2898687810983,954.3775024414062,895.4651361017142,954.3775024414062,979.4009973144531,947.6236542100112,967.8092236964459,935.9823669402867,954.100437700988,947.2662617865949,-0.0017927564759872006,0.008438474271688605,0.016436241847501667,-0.0017927564759872006,-0.009914874409924335,-0.007293748890772056,-0.02957642298400731,26877612.7,1.65359756820962,1,-14.565784729978986,-9.348919807795141,16.007149832589253,0.017423696113962828,-0.03052228790879244,-0.050742657010280544,-0.09334925719513079,0.025947270495049045,0
2026-01-23,916.0999755859376,926.0999755859376,909.25,920.0,30985247,11.672823532639356,-18.36205115427265,-16.097905630241925,-2.2641455240307238,1009.0475611647998,950.5775024414063,892.1074437180127,950.5775024414063,977.9899963378906,944.6213991029565,965.7814100450535,932.923537501156,951.2855886554287,944.8430086854015,-0.002830125815332707,0.006693129522060898,0.018393162356718073,-0.002830125815332707,-0.01621567485303732,-0.016109977868445924,-0.024387672432441332,27958832.4,1.1082453858123202,0,-14.607138565219088,-9.570530795724721,15.06071690150668,0.016440036352881514,-0.030193497145103602,-0.05144169678809434,-0.09211417692895234,0.026894217772616965,0
2026-01-27,926.4000244140624,931.2000122070312,905.0,906.0,44753093,26.16509419011298,-17.522293423297015,-16.382783188852944,-1.1395102344440708,1003.3563526281235,947.3125030517579,891.2686534753922,947.3125030517579,976.7259973144531,942.8860300849666,964.2370419810931,931.9199201031416,949.4422135264386,941.9412591386831,0.011243367648314573,0.00712353220631494,0.028281532293355092,0.011243367648314573,0.006573639363952832,-0.0016165534653878044,-0.011259925989133501,29519199.6,1.5160672920142455,1,-13.358839654245912,-9.254039391970878,15.396432059151769,0.01661963693156187,-0.01748462183644676,-0.039240369244985494,-0.07669889966061108,0.03941726302353367,1
2026-01-28,932.7000122070312,941.4500122070312,928.4000244140624,932.5,35347138,38.02197448412912,-16.162116192771123,-16.33864978963658,0.17653359686545755,996.8452088370829,944.4025024414062,891.9597960457296,944.4025024414062,975.4489978027344,941.9159331442108,963.0002957154436,932.0399342729708,948.2020504657419,938.8249463031165,0.006800504778649463,0.0067878599078057805,0.013991623911410607,0.006800504778649463,0.015238924364839423,0.0016108247211519267,-0.004960754787452393,29628764.05,1.1930007590039855,0,-11.943712068127184,-8.832312356991565,15.314287458147314,0.016419306591311595,-0.00978422873304193,-0.03146445919406629,-0.06434820176833997,0.04567494672059518,1
2026-01-29,935.5,939.2999877929688,924.3499755859376,930.0999755859376,37175628,41.84859525630814,-14.6889057615208,-16.008700984013426,1.3197952224926262,989.295701568466,941.6175018310547,893.9393020936434,941.6175018310547,974.3099975585938,941.3048918923812,961.9218527462106,932.5722520771291,947.2611578386499,937.5334986210082,0.003002023969468137,0.0068672553594806745,0.01598077200110223,0.003002023969468137,0.021176754645860774,0.016461155881942746,0.010859568491442761,30939372.75,1.2015637259485166,0,-9.363356212680515,-7.891828562048204,15.553575788225421,0.016625949533111088,-0.006166856182709462,-0.027467774716603294,-0.05437777752716032,0.0464916329431089,0
2026-01-30,929.25,938.9000244140624,927.75,930.0,29691233,42.75091620969635,-13.865861625794537,-15.580133112369648,1.714271486575111,980.3382735735825,938.5225006103516,896.7067276471207,938.5225006103516,973.002998046875,940.1568069502497,960.6406036189082,932.0611363729554,945.9269979987499,936.6619337202588,-0.00668091929449488,0.006758493928864984,0.011998950136198425,-0.00668091929449488,0.003076398435697625,0.011483604716216345,0.0041060972962834175,32067330.7,0.9259028535231341,0,-7.466847259761494,-7.168620077537639,15.114292689732101,0.016265044594815283,-0.01160105087749138,-0.03267674039662088,-0.05211290321998008,0.036291990847743455,0
2026-02-02,928.0999755859376,929.7999877929688,909.2999877929688,915.0,28032106,43.3307852157668,-13.154750798916439,-15.095056649679007,1.9403058507625683,964.460454049232,934.8475006103515,905.234547171471,934.8475006103515,971.387998046875,939.0085372965057,959.3645005587919,931.4517270211065,944.606477820023,934.9603051920354,-0.001237583442628365,0.0067475062785718205,0.022088137635234532,-0.001237583442628365,-0.004931957286253952,0.01309900700775013,-0.0032219955736891848,32881363.05,0.8525226267954241,0,-5.612861806450837,-6.416909486261602,15.692862374441932,0.016908590439876428,-0.011617105997752513,-0.03258878659221172,-0.03770033111325301,0.025259120396932188,0
2026-02-03,948.7000122070312,994.0,945.0,983.75,50336968,56.55692560479811,-10.80439323202836,-14.23692396614888,3.432530734120519,956.333412612937,933.4075012207031,910.4815898284693,933.4075012207031,970.4009985351563,939.931534907032,958.9462853293111,934.1053093574026,944.9097025894309,934.898910410279,0.02219592410622373,0.009110790964406893,0.051649625139149793,0.02219592410622373,0.014110114598643753,0.024071661491021024,0.022416194897832087,34015842.5,1.479809532866928,0,-2.954495177934632,-5.290756651781976,19.32143293108256,0.020366219755951806,0.009328846808897177,-0.010684929155089397,-0.007981944691286482,0.04197605180107173,0
2026-02-04,953.0999755859376,957.2000122070312,947.9500122070312,952.5,24366770,67.48891059371277,-8.488823777806829,-13.08730392848047,4.598480150673641,953.7332193859587,932.9524993896484,912.1717793933382,932.9524993896484,969.4799975585937,941.1856721145468,958.7170182805514,937.0275657002542,945.516389478061,934.2742162749217,0.004637886921357248,0.008259342196383489,0.009705172843293143,0.004637886921357248,0.025665833291296902,0.021871945011166405,0.02351800160204176,33634741.85,0.7244524161555294,0,-0.7302610296640069,-4.28327743489217,18.56429181780131,0.01947780116811831,0.012658823677822364,-0.005858916226070462,-0.0006639632416587022,0.044868956831595606,0
2026-02-05,949.7000122070312,956.0499877929688,946.7000122070312,956.0,28103169,64.7058910619901,-6.849114602841837,-11.839666063352745,4.990551460510908,953.8734812586364,932.9850006103516,912.0965199620667,932.9850006103516,968.677998046875,941.9965616471644,958.3634101992369,938.977172855143,945.8262874579848,933.6673441679116,-0.0035672683516921877,0.008384404611248692,0.009845188444516139,-0.0035672683516921877,0.023273394234771816,0.015179061685762996,0.03189008246825664,32395664.7,0.8674978352890533,0,0.69166975478322,-3.5584425469736516,19.232147216796843,0.02025076020806063,0.00817779052865827,-0.009039783760530466,-0.0043752857518360245,0.041227536145547854,0
2026-02-06,941.0999755859376,948.0999755859376,937.5999755859376,945.0,18120272,55.85479926300427,-6.172432391627694,-10.706219329007736,4.533786937380041,952.9599226421108,932.7049987792968,912.4500749164829,932.7049987792968,967.4219970703125,941.9111724984762,957.6864127634213,939.3037578906499,945.4761902822776,933.454212045287,-0.009055529652050698,0.008767274354621095,0.011157156808406676,-0.009055529652050698,-0.00801100086782236,0.012752193259012667,0.024382239121880422,32205235.85,0.5626498773180075,0,1.754365548226474,-2.9541908554868996,18.900006975446388,0.020082889667146223,-0.0008612244298863128,-0.017319277956156096,-0.012445378629660612,0.03139886932671584,0
2026-02-09,937.25,950.0,935.3499755859376,945.0,23947829,55.43287058710048,-5.879047715718343,-9.740785006349856,3.8617372906315133,952.7727963145925,932.6174987792969,912.4622012440012,932.6174987792969,965.9769970703124,941.467251308145,956.8849848119146,938.9877951382423,944.8668428539606,933.2806173110577,-0.004090931554366017,0.00879329030518385,0.015630860937916657,-0.004090931554366017,-0.016629919202540644,0.009858877981637315,0.02308702650115757,31493435.35,0.7604070097103586,0,2.4587140116393584,-2.4795157468772686,18.757149832589246,0.020012963278302744,-0.004479445569970978,-0.020519691628115625,-0.016292232917056407,0.027165836263907093,0
2026-02-10,932.4000244140624,940.9000244140624,929.9500122070312,930.0,31525385,50.6849381879951,-5.969082871468686,-8.986444579373623,3.0173617079049375,952.4418405811286,932.3899993896484,912.3381581981682,932.3899993896484,964.472998046875,940.6037058896609,955.9247902865086,937.974291949907,943.9433748213756,933.2410279713065,-0.005174687208255646,0.008888206782459739,0.011743899528437195,-0.005174687208255646,-0.018216265737182602,-0.017181393046521665,0.00647668376713928,32016121.3,0.9846722126205837,0,0.672170982628927,-3.021495042802485,18.475006103515586,0.019814463341660277,-0.00872171927904444,-0.024609431737192836,-0.021042561669527057,0.021989506890203462,0
2026-02-11,927.0999755859376,936.0,925.2999877929688,931.25,24869804,54.11334307316479,-6.3943954171465975,-8.468034746928218,2.0736393297816207,951.9195207974475,931.8774993896484,911.8354779818493,931.8774993896484,962.972998046875,939.3176363369254,954.7944053962901,936.301320201604,942.6957156187506,932.7903540957755,-0.00568430790363339,0.008410050194256228,0.011541379019310967,-0.00568430790363339,-0.014876209077875568,-0.02727940474871582,-0.006004113378150766,31657470.15,0.785590379842781,0,-1.8680357776214578,-3.922612884261298,18.050005231584787,0.019469319066885944,-0.013006953429122446,-0.02900564734547001,-0.02607315499814302,0.016740407642256896,0
2026-02-12,920.5999755859376,928.5999755859376,918.5,927.0,33872203,51.09318844111876,-7.173265412567844,-8.209080880056144,1.0358154674883,952.117011562798,931.6349975585938,911.1529835543896,931.6349975585938,961.5889978027344,937.5350019796884,953.4534473645116,933.8857287222706,941.0589941348385,932.4868007104191,-0.007011110097259965,0.00863473294089463,0.010971079571786047,-0.007011110097259965,-0.017764763311883036,-0.030641293300046724,-0.015927337695416766,31516667.9,1.0747393445104647,0,-4.461559667475967,-4.90996283472532,17.69286237444194,0.019218838630949236,-0.018063353749983753,-0.03445734227442976,-0.033102061610188575,0.01036817329478029,0
2026-02-13,903.9000244140624,928.2000122070312,901.0,913.0,50188359,43.96042021194296,-9.033934415140607,-8.374051587073037,-0.6598828280675697,954.401026946814,930.5574981689454,906.7139693910767,930.5574981689454,959.6569982910156,934.3316707829622,951.5101758762587,929.2725434440848,938.3064778592254,930.9046120998752,-0.01814029069601719,0.009919486689761864,0.03009183700892495,-0.01814029069601719,-0.030566279765929738,-0.03952816080854127,-0.02728003829533243,34026085.85,1.4749965429832124,0,-7.57950171551397,-6.176236887162645,18.43215070452006,0.020391802419154025,-0.03257049645271934,-0.05003640809027762,-0.05291381830791543,-0.0031034538696961904,0
2026-02-16,925.7999877929688,929.5,902.0999755859376,903.9000244140624,18806989,49.733553696071844,-8.641767074507015,-8.427594684559832,-0.21417238994718346,954.2282724310346,930.2924987792969,906.3567251275592,930.2924987792969,958.2289978027344,933.51912954582,950.5019332063258,928.7383041131438,937.3800711876509,930.6930164352716,0.024228302674405455,0.011606960038824787,0.029596051820417277,0.024228302674405455,-0.0014022088525535992,-0.01221660411526404,-0.0024781681429491,33077423.55,0.5685747855050216,0,-7.948121762325059,-6.383051605588776,18.517865862165138,0.02000201566896778,-0.008268862960105346,-0.02598831685700002,-0.029791911913949785,0.021452108343624973,0
2026-02-17,925.7000122070312,928.0999755859376,918.5999755859376,923.0,22599629,46.710523296635735,-8.244007044404384,-8.390877156528743,0.1468701121243594,954.1846953626756,930.1824981689454,906.1803009752151,930.1824981689454,956.6769982910156,932.7744517040305,949.5293088534123,928.2708745891265,936.5148816335309,930.6316082690097,-0.00010798832064773389,0.011442009622004,0.010262503915658739,-0.00010798832064773389,0.005539905231745745,-0.00718577008965815,-0.02424370159592748,32297807.9,0.6997264046517535,0,-7.8292541856303615,-6.395481433096279,18.121438162667364,0.019575929484393843,-0.00758429809486677,-0.025095904280359415,-0.029852378993374673,0.021540648379587777,0
2026-02-18,924.7000122070312,925.5,919.5499877929688,923.2000122070312,12738702,44.83747771718994,-7.9181949747296585,-8.296340720168928,0.3781457454392694,953.9774213625333,929.8574981689453,905.7375749753573,929.8574981689453,955.1089990234375,932.0054574662211,948.5556109457111,927.7215111457272,935.6397061204568,930.6077689115417,-0.0010802635700692953,0.011398446610233386,0.006434532419687155,-0.0010802635700692953,0.023011380939448545,-0.002588678073677575,-0.029797465225457453,31133606.65,0.40916242513136525,0,-7.312178870704315,-6.238794450579007,17.492867606026746,0.01891734332767616,-0.00783841467951338,-0.025149393945280457,-0.030689834476046726,0.02093590655349572,0
2026-02-19,915.5999755859376,929.2000122070312,912.4500122070312,929.0,21209234,43.64819422196478,-8.29862211527427,-8.296796999189997,-0.0018251160842730485,954.2228077652212,929.6199981689454,905.0171885726695,929.6199981689454,953.4789990234375,930.4430306204797,947.2632330884652,925.8566595211441,934.1552816364184,930.6335913828216,-0.0098410689963917,0.011554741548095436,0.018294015341449577,-0.0098410689963917,-0.011017511710436634,-0.0054312406393641766,-0.03590611370199703,30555725.65,0.6941165214971748,0,-7.091971359208742,-6.19021427604639,17.892865862165145,0.019542230602086482,-0.015952674743174525,-0.0334260387150174,-0.040475695890918616,0.011693465214686742,0
2026-02-20,911.8499755859376,917.8499755859376,908.4000244140624,911.0,22654907,42.6169873625807,-8.80125167421636,-8.39768793419527,-0.40356374002108986,954.6975385725324,929.2774963378909,903.8574541032493,929.2774963378909,951.9199987792969,928.6722634743329,945.8744778922877,923.7017850695739,932.5030367437903,930.7411045647905,-0.004095675076443928,0.011584568592695821,0.010363493365016397,-0.004095675076443928,-0.014961690005893757,0.008795166453312797,-0.03108065110913283,29466233.25,0.7688429942093125,0,-5.659407308629284,-5.635697983970999,17.103576660156232,0.018757007312706013,-0.01811434297117913,-0.03597147729598076,-0.0448807724493148,0.00884267917070836,0
2026-02-23,923.5999755859376,925.6500244140624,915.25,916.5,23270122,37.59878267299303,-8.157428660006076,-8.349636079357431,0.1922074193513552,954.4681229425877,929.6524963378909,904.836869733194,929.6524963378909,950.3859985351562,928.1891884373429,945.0009679979211,923.6861220720914,931.8435507320975,931.0954361076028,0.012885891664853766,0.010338494716626416,0.01126031256926414,0.012885891664853766,-0.0011896145848080408,-0.0023763363966722295,-0.014563909750933468,29080477.0,0.8001973970371944,0,-5.329941108477101,-5.50096520840475,13.382149832589262,0.014489118867829703,-0.004944264497555116,-0.02264652961924853,-0.032340679185266855,0.020736451486858844,0
2026-02-24,910.5,927.9500122070312,909.1500244140624,927.9500122070312,31313985,30.618738198378324,-8.605059067010075,-8.40072067688796,-0.20433839012211408,955.0901456906198,928.8574951171877,902.6248445437556,928.8574951171877,948.5659985351563,926.5045038242625,943.6479888607478,921.6574879071543,930.2625469741644,931.0618114225581,-0.014183603218078211,0.010647101369916699,0.020647982199855974,-0.014183603218078211,-0.005570091439412561,-0.01642001945186511,-0.02348779905687448,28408521.6,1.102274361225471,0,-6.269947879767983,-5.881319992664544,14.064291817801323,0.015446778492917432,-0.017274070183363344,-0.03512749378162385,-0.04668684510233005,0.008724727115421969,0
2026-02-25,907.5999755859376,916.0,903.0999755859376,910.5499877929688,27884303,30.758660551247033,-9.089044278553615,-8.538385397221091,-0.5506588813325237,955.4151689220208,927.602493286133,899.7898176502453,927.602493286133,946.7959985351563,924.7040725634697,942.2343412813434,919.4947937038902,928.5838379824438,929.7629088153169,-0.003185089966021293,0.010646600589037542,0.014213337110034911,-0.003185089966021293,-0.0046608544319683975,-0.01849252340797536,-0.021033330291779784,28035379.85,0.9946112073098948,0,-7.3013849027513515,-6.321269664367719,14.317866734095958,0.015775525693301703,-0.018496833186984918,-0.0367576983537944,-0.05004650846189966,0.008679980349286664,0
2026-02-26,898.5999755859375,912.0,895.0,912.0,41165937,30.646617327103087,-10.08260483713002,-8.847229285202879,-1.2353755519271417,956.1411207222731,925.7574920654299,895.3738634085868,925.7574920654299,944.8819982910156,922.2179680894191,940.5231896854451,916.2802063011281,926.3628111382582,927.5129013447436,-0.009916262937523568,0.010685546721700754,0.01891831789658691,-0.009916262937523568,-0.027067995518449406,-0.018567060346545983,-0.023897458813202488,28234895.3,1.4579808624259356,0,-8.225062531060644,-6.740043403020081,14.667864118303555,0.01632301860317689,-0.025609989526024435,-0.04457435452870513,-0.06018059875185447,0.003603089512875979,0
2026-02-27,887.75,898.9500122070312,885.0,898.5999755859375,34620755,28.809918219110116,-11.611659112532266,-9.400115250668756,-2.2115438618635093,958.418466351543,923.6824920654299,888.9465177793168,923.6824920654299,942.9569982910157,918.9353044618554,938.4536528350354,911.8909437932623,923.5026029057946,925.0352390092522,-0.012074311017939543,0.010944187188606805,0.015713897163651083,-0.012074311017939543,-0.024986271279516803,-0.02642975953412885,-0.017867047215239684,28481371.4,1.2155578646047922,0,-9.736959012477541,-7.420825057252273,14.61786324637276,0.01646619346254324,-0.03393634384318059,-0.054028936518986825,-0.07373445820650762,-0.0013459952374927943,0
2026-03-02,879.4000244140625,887.75,871.5499877929688,876.2000122070312,38378924,27.971723911894273,-13.343404427893347,-10.188773086113676,-3.1546313417796714,961.1266041655338,921.2474945068361,881.3683848481385,921.2474945068361,940.9509985351563,915.1700396953988,936.1378242695071,906.8923408118469,920.2357452397403,922.1537955965633,-0.009405773681709362,0.011042662598230283,0.018421664495432775,-0.009405773681709362,-0.03107090340507057,-0.04785616320943964,-0.0501187772636722,28998712.3,1.323469939042776,0,-13.019148741944036,-8.863143728414002,14.992863246372767,0.017048968421808263,-0.039085649365490444,-0.06060838306551555,-0.08503206486769518,-0.0022333004767525534,0
2026-03-04,868.6500244140625,879.2999877929688,848.0,848.0,39862322,26.759440194225476,-15.405673214254307,-11.232153111741802,-4.173520102512505,961.3658439754091,917.2449951171877,873.1241462589663,917.2449951171877,938.6139990234375,910.7395620495572,933.491243883019,901.0089075198802,916.4145807341345,914.6034454726572,-0.01222424346322104,0.011250523965000843,0.036032909587588834,-0.01222424346322104,-0.03332957042686979,-0.04596372936401705,-0.061629023485644696,28474980.0,1.3999069358433263,0,-15.764941774705335,-10.15674497772875,16.471435546875,0.018962107965156176,-0.04621468023281549,-0.0694609830502943,-0.09644176578809077,-0.0051242676818341265,0
2026-03-05,877.75,881.4000244140625,863.5,873.8499755859375,31324582,33.307353139783274,-16.119923661507983,-12.209707221695039,-3.9102164398129435,957.5754215014218,913.4774963378908,869.3795711743597,913.4774963378908,936.4149987792969,907.5976989972185,931.3053127503516,897.4306140552832,913.5505377167912,910.7963870772242,0.010475997617194421,0.011911450240716142,0.02039307822735688,0.010475997617194421,-0.011264432554210058,-0.03288891184320142,-0.0507732362790535,28822870.6,1.0867960528539444,0,-17.10637356625125,-10.929028530991786,17.028581891741062,0.019400264188824907,-0.03288648597302133,-0.0575056450523093,-0.08336202006549027,0.009628048671920676,0
2026-03-06,857.0499877929688,871.7000122070312,855.0999755859375,868.0499877929688,34439647,32.30069253157026,-18.147101781580886,-13.39718613367221,-4.749915647908676,956.2620029057788,908.8449951171876,861.4279873285965,908.8449951171876,933.6239990234375,902.7836312634804,928.3933392226112,891.2182100149271,909.365311796508,905.9406238018342,-0.02358303868644973,0.012505890315210511,0.019368807954646048,-0.02358303868644973,-0.025415096657502856,-0.046238581039216964,-0.06394712686126913,29139694.5,1.181880853280737,0,-19.434336825938658,-12.129850462833929,16.703582763671868,0.019489624877874485,-0.050658476612503105,-0.07684603972857204,-0.1037498246415062,-0.005082258296720193,0
2026-03-09,840.7000122070312,842.4500122070312,821.5,825.0,35592613,16.443207909544682,-20.83281372545548,-14.884311652028867,-5.948502073426614,957.6846924145237,903.8249969482424,849.9653014819611,903.8249969482424,930.4939990234375,896.8709056390567,924.9543852220003,883.446179582943,904.2789933083985,900.630727090644,-0.01907703846778075,0.010204728301032936,0.02491972392391507,-0.01907703846778075,-0.03217637877335533,-0.05299914141703044,-0.07802814638799194,30013311.55,1.1858942303219453,0,-22.064398822798694,-13.499267613035158,17.285723005022323,0.020561107117916314,-0.06262985350383442,-0.09109030062574053,-0.12215364945695185,-0.010900785312971367,0
2026-03-10,849.4500122070312,856.7999877929688,840.5999755859375,850.0499877929688,52866024,21.853072171563596,-22.00158731424085,-16.307766784471266,-5.693820529769585,956.0650686543,899.434997558594,842.8049264628879,899.434997558594,927.6409997558594,892.3546300741019,921.9934294174917,878.215999986649,900.2175873008898,894.7569037060371,0.010407993187759423,0.011085425088343322,0.019071177790604257,0.010407993187759423,-0.03224151272340503,-0.03405732473908751,-0.0802836350573366,31459221.3,1.6804619381980697,1,-22.815409621296908,-14.144394852015353,17.764295305524552,0.02091270239595331,-0.048080232254196775,-0.07868105660611142,-0.1115144355157058,0.00788448849252893,0
2026-03-11,833.9500122070312,848.8499755859375,827.5999755859375,845.0,42261076,19.739903450858435,-23.903030014124056,-17.826819430401827,-6.076210583722229,955.9857321840269,894.5124969482424,833.0392617124579,894.5124969482424,924.4859997558593,886.7922855153333,918.5407463896306,871.405848020554,895.3088780346781,888.9755390207073,-0.018247100803175043,0.011435657942787988,0.025481143580491496,-0.018247100803175043,-0.026952891797389023,-0.039947057194222424,-0.08407467083247533,31996005.85,1.3208234864727655,0,-23.947276534223874,-14.950497493388411,18.885724748883927,0.022646111244609555,-0.05958810667550445,-0.09209252231334035,-0.1276543319304517,0.0010932863988920864,0
2026-03-12,832.75,836.4000244140625,820.0999755859375,820.0999755859375,46107561,20.83772674969684,-25.21609259021602,-19.30467406236467,-5.911418527851353,955.1001441898384,889.7949981689455,824.4898521480527,889.7949981689455,921.3229992675781,881.6454011805397,915.1764033939588,865.4587944789304,890.6748870691464,883.3221975044831,-0.001438949804503764,0.011511712514561468,0.019573760225908135,-0.001438949804503764,-0.00945641975924405,-0.05126744517231563,-0.08247022653081848,33057893.7,1.394751928795754,0,-25.952297816678765,-16.128909356392796,18.853585379464285,0.022640150560749667,-0.055459259601499465,-0.09006613707289443,-0.1281019010772128,0.0100184954738097,0
2026-03-13,817.0,823.7999877929688,812.0,820.0,41700464,19.214534020826036,-27.21389269866154,-20.886517789624044,-6.327374909037495,955.802132079014,884.6149993896485,813.427866700283,884.6149993896485,917.8389990234375,875.4886963062027,911.3263483589016,858.0035953283258,885.2174880269873,877.2384505289207,-0.018913239267487225,0.011928458084542775,0.014443069514037638,-0.018913239267487225,-0.038201202826190994,-0.04673004884592957,-0.09080789873461748,33449306.75,1.246676480073836,0,-27.294934957277746,-17.066990863709634,19.66073172433034,0.02406454311423542,-0.06680691201722404,-0.10350446744874937,-0.14522057172764238,0.004391456754742885,0
2026-03-16,840.5999755859375,844.5,815.6500244140625,817.0,52182605,24.984915956122336,-26.586371737469676,-22.02648857919317,-4.559883158276506,954.627794355725,881.4499969482424,808.2721995407599,881.4499969482424,914.827998046875,872.1659609995107,908.552765112903,855.3261153679584,881.9124871054281,871.3155529709848,0.02888613902807524,0.014538482909039195,0.0343206952460684,0.02888613902807524,0.007974055137078606,-0.00011899205381371569,-0.05311182699415662,33549019.05,1.5554137342206433,1,-24.704944639545943,-16.40162010909728,20.735726492745535,0.024667769563390438,-0.03619263629298064,-0.07479234243321158,-0.11944741127796772,0.039996149890526335,0
2026-03-17,845.3499755859375,848.9000244140625,835.0999755859375,847.7000122070312,38826979,29.324006759390045,-25.412828286536296,-22.7037565206618,-2.709071765874498,949.171019485759,877.4274963378908,805.6839731900227,877.4274963378908,911.702998046875,869.6120576267895,906.0742243471396,853.7913246322629,879.2041529187992,868.4296122309653,0.005650725836256365,0.014708629073269332,0.016324657510707056,0.005650725836256365,0.015130562096592692,-0.004826695582052065,-0.038719635982285006,34550018.55,1.1237903951863437,0,-22.742572447312455,-15.919205070352064,20.378587995256687,0.024106687861594454,-0.02789989148386958,-0.06701906657256058,-0.10938075622670142,0.04923270626677772,0
2026-03-18,843.0499877929688,846.7999877929688,831.5999755859375,845.3499755859375,23507063,29.436115649160556,-24.38725534081061,-23.04045628469156,-1.3467990561190497,942.8180443334674,873.2949951171877,803.771945900908,873.2949951171877,909.0139978027344,867.082336690235,903.6026856587408,852.1388112723715,876.5260666131821,865.6607195224595,-0.0027207521847676386,0.01471401757367906,0.018029787589255004,-0.0027207521847676386,0.03188492997915393,0.01091189574043483,-0.029471059577028114,34595390.25,0.6794854120774082,0,-19.70994882509831,-14.938060730889788,20.542872837611608,0.02436732475542886,-0.027716340052550078,-0.06701252533532277,-0.10581899353764534,0.04886714707122048,0
2026-03-19,798.2000122070312,815.6500244140625,770.0,770.0,171637393,23.962646964875944,-26.883602164082504,-23.80908546056975,-3.074516703512753,939.7430040593174,866.9699951171876,794.1969861750579,866.9699951171876,905.7339978027344,860.5221153108823,899.469247484164,843.8405344930884,870.7241366571709,850.4663989944493,-0.05319966340709026,0.019545353844004222,0.057191209867110515,-0.05319966340709026,-0.050440119688739626,-0.0414890276709321,-0.09062943639187548,42540324.8,4.034698696047568,1,-21.123285869657366,-15.707155909794778,24.546443394252233,0.030752246327810824,-0.07242359260149388,-0.11258776835382105,-0.15061883008532814,0.005040344022523179,0
2026-03-20,780.4500122070312,793.75,778.2000122070312,785.0,103129469,23.134690329696994,-29.949018026599447,-25.03707197377569,-4.911946052823758,938.8363626930864,860.2124969482422,781.5886312033981,860.2124969482422,902.3619982910157,852.8962007295632,894.801826492904,834.0881464490797,864.0371644756791,841.5718264036491,-0.02223753411243512,0.01988422704797148,0.01992438663559631,-0.02223753411243512,-0.07677289318417746,-0.04473682716397642,-0.0893763218913215,46636336.55,2.2113544208051654,1,-22.592495576639408,-16.5245218659976,24.978585379464285,0.03200536227660174,-0.0849413896562816,-0.12779568715685846,-0.16870495943693328,-0.0014568008680138388,0
2026-03-23,744.1500244140625,768.7000122070312,741.0499877929688,763.1500244140625,72341738,20.294298699989497,-34.90512329237981,-27.010682237496514,-7.894441054883298,942.1614271613943,851.8274993896484,761.4935716179026,851.8274993896484,898.3109985351563,842.539422032849,888.8939126858905,820.2515122898462,855.156635582226,833.284255349846,-0.0465116115384715,0.02227548271202075,0.037156518856307094,-0.0465116115384715,-0.11731209870225812,-0.11473941705107105,-0.11484475602599642,49120678.1,1.4727349213853789,0,-29.62653896666177,-19.658852427012448,26.635729108537948,0.03579349356268677,-0.11677720358935377,-0.16283595399418194,-0.21016717203538413,-0.02277569745860263,0
2026-03-24,764.9000244140625,772.75,747.7000122070312,755.0,61269986,28.171672073752788,-36.73506191038575,-28.955558172074362,-7.779503738311391,935.5518847290243,843.8925018310547,752.233118933085,843.8925018310547,894.8289990234375,835.1451936882027,884.0314072634659,811.7358987704949,848.4709606808807,826.9793100017982,0.02788416222432888,0.024645439830885345,0.03274936199950814,0.02788416222432888,-0.04171885152055299,-0.09516762701283898,-0.0995349774300337,51020671.3,1.2008855320568863,0,-34.46686393858681,-22.042817083673754,26.435725620814733,0.03456102075701374,-0.08411132555756029,-0.13475921994465853,-0.1824076922942546,0.016839069115892294,0
2026-03-25,782.2999877929688,794.7999877929688,768.2000122070312,768.2000122070312,59230640,30.595638372927823,-36.36211005198322,-30.436868548056136,-5.9252415039270865,927.4440936858222,837.4825012207032,747.5209087555842,837.4825012207032,891.7359985351562,830.1123169362756,880.0419398332504,807.2072970816447,843.5694071336279,821.7696991393719,0.02274802304031187,0.025582621103647375,0.03400227023009622,0.02274802304031187,0.0023703959984648915,-0.07205978397442148,-0.061934197083793774,52416504.05,1.1299998172999102,0,-36.97001975395938,-23.56074582549047,27.292864118303573,0.034887977175229706,-0.0575974216594804,-0.11106510680479804,-0.15649903523135913,0.04652589463388006,0
2026-03-27,756.2000122070312,774.9000244140625,754.5499877929688,773.2000122070312,65485199,29.938326166625714,-37.73757761647789,-31.89701036174049,-5.840567254737401,920.5087199216838,829.9125030517578,739.3162861818317,829.9125030517578,888.1129992675782,823.0730498192047,875.18539365183,799.3600224855503,837.0976001020282,815.9210426044474,-0.03336312922561968,0.02617110015139922,0.026910918133551086,-0.03336312922561968,0.01619295491182271,-0.052618390575902896,-0.09192433238423148,54296548.85,1.2060655858793132,0,-37.44906549167763,-24.28385383233399,27.657148088727677,0.036573853004852566,-0.08124799812952532,-0.13595448725248502,-0.17849771996579436,0.022836945892798884,1
2026-03-30,731.5499877929688,751.0,726.6500244140625,745.2000122070312,103500135,28.981308402427388,-40.351548993582924,-33.58791808810898,-6.763630905473946,916.2043623860333,821.5600036621094,726.9156449381854,821.5600036621094,884.2349987792969,814.3565677214679,869.552632637757,788.9277094559224,829.2792584495053,805.6721294696223,-0.03259722826784861,0.026829380800729847,0.03328545689597992,-0.03259722826784861,-0.04360051713508695,-0.06265619020977187,-0.10458997822158045,57413258.75,1.8027218320890033,1,-38.53963300809539,-25.249193855146927,27.22857666015625,0.03722039110724725,-0.10168344335969205,-0.15870533842921292,-0.2015427803816353,0.006375351647820707,1
2026-04-01,742.25,755.9000244140625,739.0999755859375,743.0,78862761,29.510694338124154,-41.08612332672442,-35.087559135832066,-5.998564190892353,909.870548811795,814.2850036621094,718.6994585124238,814.2850036621094,880.5709985351563,807.4892755575185,864.5603725343157,781.7465233857805,822.8326467125049,799.2447151855791,0.01462649495670476,0.027093123208522425,0.02263394924637925,0.01462649495670476,-0.051195178854544166,-0.0025532813972002355,-0.11699973642918915,59625359.05,1.3226379221275315,0,-35.05014647533051,-24.33354015157488,27.810721261160715,0.03746813238283694,-0.08079274552900409,-0.14147117589461455,-0.18422461198539897,0.03276827498426325,1
2026-04-02,750.9000244140625,755.0,726.6500244140625,730.0,49310300,33.69970408424123,-40.503396160665375,-36.170726540798725,-4.33266961986665,902.2844766987455,807.8600036621094,713.4355306254733,807.8600036621094,876.9669995117188,802.0998230676655,860.1031039805803,777.0009081593623,817.5043043200277,794.4270511271716,0.011653788365190376,0.02750435036568144,0.0377546606261724,0.011653788365190376,-0.007008711594040151,-0.01830304556562723,-0.11172881516487765,60171927.85,0.8194901137773667,0,-33.04537062053714,-23.928303282885622,28.27500261579241,0.03765481648220185,-0.06383220290186221,-0.12696510344064912,-0.16777907211544235,0.05251279503243103,1
2026-04-06,771.0,772.75,745.0,759.0,42976659,38.71733564106454,-37.9818495176022,-36.532951136159426,-1.448898381442774,894.2115763481667,802.9775024414063,711.7434285346459,802.9775024414063,873.8289990234375,799.1379351564593,856.6088646087928,776.0776915194605,814.0595410370627,790.9626063340784,0.02676784516237274,0.028946966081944518,0.03599221789883268,0.02676784516237274,0.05392661180413527,-0.014444571097141812,-0.08546348239870016,60327644.7,0.7123874836108096,0,-30.974381779816326,-23.433075224457525,29.09285627092634,0.03773392512441808,-0.03521036096346788,-0.09993927000497455,-0.13778794594825675,0.08325552311364917,1
2026-04-07,772.0,774.0,761.0,766.0,51309793,41.30938258519465,-35.493665116141415,-36.32509393215582,0.8314288160144088,882.7248476694812,797.6900024414062,712.6551572133313,797.6900024414062,870.6449987792969,796.5533699034632,853.2908699182519,775.4503543626204,810.9440194787618,787.9176168109985,0.0012970168612191912,0.0287077799778861,0.01683937823834197,0.0012970168612191912,0.04008083529808015,0.02089392692133818,-0.03282386846197605,61326905.25,0.8366603987407305,0,-26.51967991574145,-21.894523733578126,28.53928484235491,0.03696798554709185,-0.030824513248169358,-0.09526747886806741,-0.12543529046657118,0.08327287354338749,1
2026-04-08,816.0999755859375,817.7999877929688,796.0,800.0,70269512,45.615603335133365,-29.621799910236632,-34.98443512777199,5.362635217535356,876.5301657975959,795.6425018310547,714.7548378645134,795.6425018310547,868.5599987792968,798.4149513970322,851.8324034738475,781.7041422431307,811.3259421533674,787.1434257619168,0.05712432070717299,0.03197571262221189,0.02671239853587418,0.05712432070717299,0.08682907051807787,0.11557650085956483,0.04567872742815626,63118398.5,1.1132968147156015,0,-15.9416163244357,-17.720229163909494,29.75,0.0364538670383372,0.022150166599411557,-0.04194772086878833,-0.068942510559999,0.14179006891959606,0
2026-04-09,797.7000122070312,819.0,793.0999755859375,815.0,48879392,41.86999057969158,-26.151568694694333,-33.217861841156456,7.066293146462122,871.5747411647693,793.4925018310547,715.4102624973401,793.4925018310547,866.1399987792969,798.3468619503655,849.7095646006392,784.1650453145,810.3166140091944,786.429208743864,-0.022546212387392295,0.0323671928318383,0.03246837660488907,-0.022546212387392295,0.03463036602727798,0.07470530442173295,0.07196127936048047,63782737.45,0.7663420222174864,0,-9.142413607153003,-14.850807933676492,30.614283970424108,0.038378191678501095,-0.0008102364700901355,-0.06120862299349572,-0.08476006183819891,0.11502455866712856,0
2026-04-10,810.2999877929688,812.25,801.0,804.0,38156026,44.60194234141717,-22.129576741819164,-31.000204821289,8.870628079469835,865.5685404750953,791.5350006103515,717.5014607456077,791.5350006103515,864.0239990234375,799.4852548877562,848.1640910003384,788.185805695803,810.3153824376221,784.456169793509,0.015795380961668215,0.03278362628720564,0.013883746969615368,0.015795380961668215,0.04961138315151392,0.07910502256975804,0.05935411417156655,63047237.55,0.6051974278768381,0,-2.61456817990927,-11.939012980241841,30.567853655133927,0.03772411960463215,0.013527119905082981,-0.04464242663552538,-0.06385231220602203,0.12933566288621545,0
2026-04-13,794.7000122070312,798.5,787.3499755859375,791.5,47549328,49.36154653949852,-19.970697033552142,-28.79430326374163,8.823606230189487,860.9035152466491,789.5725006103515,718.241485974054,789.5725006103515,861.3899987792969,799.029517489592,846.0674604594245,789.1879913129151,809.1586883464672,783.0494099616305,-0.01925209900154079,0.02985603769300272,0.01403048224838551,-0.01925209900154079,-0.026222232592938988,0.030739315443620407,0.01585072811907562,63311650.15,0.7510359923859922,0,-0.10841766686735355,-10.541404149368304,26.989283970424108,0.033961600045116135,-0.005418454747658446,-0.06071318263971545,-0.0769000263875686,0.10645239480881132,1
2026-04-15,809.9000244140625,814.7999877929688,804.0,804.9500122070312,39769515,55.422579040622615,-16.839144185391092,-26.40327144807152,9.56412726268043,857.5467536038282,788.4300018310547,719.3132500582813,788.4300018310547,858.9339990234375,800.064803863351,844.6491296341163,792.3744579438609,809.213602129252,782.1773755926432,0.019126729550208443,0.02952036988808455,0.01333496415286838,0.019126729550208443,0.0152939852329661,0.04909329587313804,0.07101297453077704,62994747.85,0.6313147739665094,0,3.5114339598877677,-8.641740284135608,26.996425083705358,0.03333303404112925,0.01229302989360261,-0.04114028417350809,-0.05556166936616687,0.12593508370441053,0
2026-04-16,795.4500122070312,820.0499877929688,792.2000122070312,818.0,62861293,60.27232886744171,-15.346456811633402,-24.191908520783898,8.845451709150495,855.2551590607052,787.3525024414063,719.4498458221074,787.3525024414063,856.1329992675782,799.6252998960824,842.719752480113,792.8476201381948,808.1940769498282,782.0248121755844,-0.01784172338738399,0.026674763665865346,0.03501159740844784,-0.01784172338738399,-0.01832651587023304,-0.025303227541552342,0.08734881481830659,64052789.3,0.981398213676231,0,1.2103484990502693,-9.112650993734519,26.171421595982142,0.03290140322377734,-0.005221555257936168,-0.056091885984596364,-0.06992667184768074,0.10563650381782949,0
2026-04-17,799.9000244140625,803.9500122070312,788.2000122070312,790.0999755859375,37282544,57.49786089208645,-13.647097276514273,-22.082946271929977,8.435848995415704,848.7964426179461,785.3175048828125,721.8385671476789,785.3175048828125,853.5459997558594,799.65146413589,841.040547457915,793.9326054114052,807.5797026879195,780.3511670575839,0.0055943329420340415,0.02586320764669734,0.01968996064419061,0.0055943329420340415,0.006543364951750563,0.002757944306587712,0.07766928179732235,63307786.25,0.5889092986567668,0,1.3046021855245726,-8.669017142724215,25.253566196986608,0.03157090314565896,0.0003108357694824867,-0.04891621833002183,-0.05760676617950025,0.10814254158632848,0
2026-04-20,795.4500122070312,809.9500122070312,790.0,797.0999755859375,52148044,52.98254192032231,-12.51515448601026,-20.169387914746036,7.654233428735775,839.9737440161296,782.8225067138671,725.6712694116047,782.8225067138671,850.8930004882812,799.2513258569511,839.2526833304294,794.1660526107323,806.6812070967426,779.1848261470988,-0.005563210490324599,0.025344875473455326,0.025080158276292633,-0.005563210490324599,-0.01784172338738399,-0.01832651587023304,0.05932878724798507,63973839.5,0.8151463849531807,0,-0.23392903080514316,-8.911407669909067,24.542855398995535,0.03085405119411549,-0.004756093017229729,-0.05219247074620575,-0.05300609944808387,0.09615751062048405,0
2026-04-21,811.75,814.9000244140625,795.2000122070312,795.2000122070312,49135752,63.185377984863045,-10.18539795172046,-18.172589922140922,7.9871919704204615,832.9147166819727,781.2575073242188,729.6002979664648,781.2575073242188,848.1540002441407,800.4416757753368,838.1741467292361,796.8712752860042,807.0566732377247,779.1386186886775,0.020491530005440906,0.02368082113093099,0.024268570627694795,0.020491530005440906,0.020491530005440906,0.02145462127981812,0.052853437094682265,65255273.95,0.7529774840520763,0,1.4121582857447947,-7.893313730188424,23.96785627092634,0.029526154938005963,0.014127605504435519,-0.031525843206151954,-0.025410424690639574,0.11259548860177558,0
2026-04-22,799.9000244140625,813.0499877929688,798.0,810.0,23876412,67.27320347251165,-9.189314412317799,-16.375934820176298,7.1866204078584985,833.1225488834314,781.3425079345703,729.5624669857093,781.3425079345703,845.0900012207031,800.3900899314059,836.673200756092,797.3372366903209,806.5265511026387,777.3488577606203,-0.014598060469279361,0.02188347201784795,0.0188148360215304,-0.014598060469279361,0.0,-0.012347202986238592,0.03613992799749033,57867224.9,0.4126068260791957,0,0.32528606805487925,-7.97592887802432,22.932141985212052,0.02866876020163914,-0.0006122833397217538,-0.04395166034814788,-0.039877115934377726,0.09641060308236905,0
2026-04-23,784.3499755859375,796.6500244140625,782.5,792.0,37677616,60.384801610099984,-9.544645284689523,-15.009676913078945,5.465031628389422,833.3327667493247,781.5375061035156,729.7422454577065,781.5375061035156,841.7830004882812,798.8624599937422,834.6213095729488,795.3391965204157,804.8838418051052,777.0698466698028,-0.019439990440699884,0.02279950770318895,0.018040447318802968,-0.019439990440699884,-0.013954411277581014,-0.013954411277581014,-0.03890454717536829,54594632.25,0.690134074490446,0,-0.7628399023402608,-8.098442907164213,22.435712541852677,0.02860421143647311,-0.018166436820574026,-0.06023250713875694,-0.05877938936021912,0.07483153191162735,0
2026-04-24,784.8499755859375,787.5999755859375,777.0,777.2999877929688,27720358,58.72525416422746,-9.674381491992676,-13.942617828861692,4.268236336869016,832.2894784109321,783.5725036621094,734.8555289132867,783.5725036621094,838.6580004882812,797.5279376691894,832.6694925538504,793.7254702228038,803.3998517147965,779.0108705011008,0.0006374705368308309,0.022711895796309504,0.013505734746343062,0.0006374705368308309,-0.03313831156644598,-0.018814912325011313,-0.016108858498749434,52363563.25,0.5293825759651679,0,-2.123526466700582,-8.371054904064522,21.167855398995535,0.026970575342367135,-0.015896574257077245,-0.05742916895063301,-0.056998801565495694,0.06803302786138554,0
2026-04-27,789.7999877929688,793.0,785.0,787.5,18115375,55.239685515782895,-9.270904538270656,-13.008275170743486,3.73737063247283,832.7922800834383,784.8175018310546,736.842723578671,784.8175018310546,835.7090002441406,796.7919424428827,830.9883355044042,793.121549848983,802.3924543872537,780.2470991085693,0.006306953380913027,0.02172956865153195,0.0101291467759519,0.006306953380913027,-0.012626623718998031,-0.007102928313981849,-0.025299272255743577,50205832.7,0.36082212017569026,0,-2.459383414068384,-8.264347826025187,19.767857142857142,0.025028940805756145,-0.008775132223949636,-0.04956549442590477,-0.051624268522472504,0.07187051255266097,0
2026-04-28,782.5499877929688,794.5,778.2999877929688,785.0,35366803,52.84136543874144,-9.427486360416992,-12.292117408678187,2.864631048261195,832.8021484047457,784.8300018310547,736.8578552573637,784.8300018310547,832.7119995117188,795.4355658095576,829.088792456897,791.4951556865193,800.9226420469363,780.3309713803969,-0.00917953926570636,0.02193278824453828,0.020701568538414088,-0.00917953926570636,-0.002294878369345388,-0.035971681191292015,-0.015288818708231289,49012640.85,0.7215853377139543,0,-5.00610996577916,-9.085354272339146,19.996429443359375,0.025552910044450254,-0.016199398883396048,-0.05613247349058537,-0.060341055445205426,0.062009425847331316,0
2026-04-29,779.0,790.0,777.3499755859375,785.5,25799963,37.2157195629697,-9.725918593612732,-11.778877645665098,2.0529590520523655,832.1267665137939,785.9700012207031,739.8132359276124,785.9700012207031,829.75,793.870273827695,827.1245260860383,789.5728240424394,799.2987426360521,781.6643337068904,-0.004536435816682838,0.014900041938404692,0.01623879899109435,-0.004536435816682838,-0.00745362268957217,-0.026128295757175457,-0.03815288737201572,47028379.05,0.5486041305521033,0,-6.519816103710923,-9.548674670053742,17.628574916294642,0.022629749571623416,-0.018731364957144725,-0.058182927199322707,-0.0638445590884778,0.0529684549685752,1
2026-04-30,771.7000122070312,778.7999877929688,762.25,770.0,47998755,40.298507462686565,-10.431231550756593,-11.509348426683397,1.0781168759268045,827.1293436106688,787.9775024414063,748.8256612721437,787.9775024414063,826.7720007324219,791.7588203400127,824.9510157378419,786.8231606831458,797.2543922339024,786.3747040570512,-0.009370972776596598,0.01397232913820215,0.021446141675748386,-0.009370972776596598,-0.022917163668888407,-0.016127957892082878,-0.029857313012170317,44253310.05,1.0846364926322614,0,-7.103639653729488,-9.670293835106918,16.975001743861608,0.02199689189496548,-0.02533449279967273,-0.0645505036237607,-0.06701410345529735,0.030546964557848316,1
2026-05-01,771.7000122070312,771.7000122070312,771.7000122070312,771.7000122070312,0,34.102154932735644,-10.864952738823604,-11.380469289111439,0.5155165502878347,823.203610939482,789.4500030517578,755.6963951640336,789.4500030517578,824.1280004882813,789.8484576606811,822.8627410895748,784.4965224560514,795.361475194875,790.3486096096583,0.0,0.013005323370588084,0.0,0.0,-0.013864897776738494,-0.016754747770857725,-0.035254420985532664,40310172.0,0.0,0,-7.679480008508335,-9.806751464275635,15.935716901506696,0.02065014467983638,-0.022977123367944118,-0.06217650444932966,-0.06256483578063055,0.02117731028679037,0
2026-05-04,779.4000244140625,786.5999755859375,772.5999755859375,772.5999755859375,29028060,43.25992089632902,-10.466699673200537,-11.197715365929259,0.7310156927287217,819.8431977104847,790.8750030517579,761.906808393031,790.8750030517579,821.2000012207031,788.8533687800507,821.15832082779,783.7124458342068,794.1791455074074,792.8456488742758,0.009977986374536396,0.012605118558367899,0.017962534720889857,0.009977986374536396,0.0005135101592586011,-0.01316784444118324,-0.020177242500049708,39296060.0,0.7387015390347023,0,-7.938573662832027,-9.830014676614155,15.360713413783483,0.019708382002337457,-0.011983652146415544,-0.05085291758552965,-0.04933037611260888,0.022959784357259018,0
2026-05-05,772.2999877929688,776.9000244140625,763.7000122070312,774.4000244140625,38887657,32.163184943901555,-10.60178409955779,-11.078529112654966,0.476745013097176,819.7256837526588,790.9400024414062,762.1543211301537,790.9400024414062,818.1320007324218,787.2768563050905,819.242307767601,781.9566830586318,792.5584671581896,793.4025786407107,-0.009109618166141864,0.011271339945552962,0.0170918197794531,-0.009109618166141864,0.0007774725624554168,-0.013098204791885726,-0.0485987215362258,39091609.9,0.9947826937667257,0,-8.158709504467083,-9.846484689295949,15.046430315290179,0.019482624049093848,-0.019023636211551273,-0.05729967743310035,-0.0578555691247563,0.013311827252741496,0
2026-05-06,796.5499877929688,798.9500122070312,773.5,775.1500244140625,35530831,50.477419655639025,-8.652328489444017,-10.593288988012777,1.94096049856876,819.6151995727184,792.1675018310547,764.7198040893909,792.1675018310547,815.5690002441406,788.1600116848884,818.3524128666351,784.2018068639144,792.8541353533584,794.8637710867933,0.03139971563291111,0.013795229056937018,0.03195030142119086,0.03139971563291111,0.03220160061274013,0.022528867513438744,-0.004188069157202157,38302661.8,0.9276334680217969,0,-5.710262142806528,-8.772113219403195,14.960719517299108,0.018781896612353657,0.010645016219669201,-0.026641853473974422,-0.028141512982890065,0.041623328614433415,0
2026-05-07,796.0499877929688,801.5499877929688,788.5499877929688,794.0,46137553,48.269647411754185,-7.066261233777254,-9.887883437165673,2.8216222033884186,816.2993648518412,791.1650024414063,766.0306400309713,791.1650024414063,813.1780004882812,788.9114379808962,817.4778079617854,786.0246039299227,793.0908651637,793.4656423242473,-0.000627706995998345,0.013707551938783766,0.01633063274838081,-0.000627706995998345,0.021362538949653453,0.031553680446754884,0.01491682612508649,37096063.85,1.2437317658973137,0,-2.847382359116523,-7.4732077760564835,14.764290945870536,0.018546939479019666,0.009048607319400355,-0.026212112378001504,-0.024806312402984358,0.039188181507705394,0
2026-05-08,780.8499755859375,788.75,777.2000122070312,784.0,38016841,44.01638142751153,-6.955625340766915,-9.301431817885922,2.345806477119007,815.6633104887246,790.3225006103515,764.9816907319785,790.3225006103515,810.5580004882812,788.1436796575668,816.0414223784188,785.2285072616173,792.1841326023842,792.2279609843055,-0.01909429362491788,0.014560863784247804,0.014791558114991067,-0.01909429362491788,0.01107081176759106,0.011856891582439744,-0.005096515416228131,36552936.3,1.0400488947860531,0,-1.7047780031142565,-6.821318711155982,14.685716901506696,0.018807347583620997,-0.009254282258278493,-0.04312458390888173,-0.0426810112151886,0.020743352483084076,0
2026-05-11,763.6500244140625,774.8499755859375,761.9000244140625,771.9500122070312,41123422,30.431258734382396,-8.161754289119017,-9.07349631213254,0.9117420230135238,814.1625236009962,787.9900024414062,761.8174812818162,787.9900024414062,807.3590014648438,785.8109505867569,813.9868577523656,781.9087406696858,790.0704949588048,789.9913114184574,-0.02202721612300551,0.01411022372888405,0.016957966028759455,-0.02202721612300551,-0.04130307436205405,-0.020207851561001133,-0.03310960215633851,36701306.1,1.1204893332120407,0,-3.04241819329377,-7.171463075424413,14.63214111328125,0.019160794402525265,-0.02820134557319045,-0.06183986001604068,-0.06204227991669244,0.002405488423766439,0
2026-05-12,750.4500122070312,759.7000122070312,747.7999877929688,756.5999755859375,43937132,30.10060848459483,-10.066708093783518,-9.272138668462736,-0.7945694253207822,816.6254405761234,785.7775024414062,754.929564306689,785.7775024414062,804.1580017089843,782.4432421696401,811.4952167505878,777.0689362908158,787.1356443845993,787.5155946156534,-0.01728542105025066,0.014278928242510914,0.01585718464986788,-0.01728542105025066,-0.05728280420223664,-0.02829208329832944,-0.041019712589184576,36520696.3,1.2030748712751131,0,-4.833614135450375,-7.74709101701319,14.689287458147321,0.019573971909130836,-0.04088888271805471,-0.07522558763561848,-0.08103522751190054,-0.005933735160804974,0
2026-05-13,749.5999755859375,759.9500122070312,747.3499755859375,752.0,28960919,34.13966932387228,-11.51228213736806,-9.720167362243801,-1.7921147751242597,815.4176042279252,782.7625,750.1073957720749,782.7625,800.9980017089844,779.3153120188114,809.0679523911898,772.8429423362193,784.3552244735873,784.8796539685086,-0.0011327025215095432,0.013624171113562848,0.016809014182857622,-0.0011327025215095432,-0.04002049174241251,-0.058941702249117434,-0.03774072453666555,35980266.5,0.8049111865249803,0,-8.844699666077076,-9.284460475445258,14.346431187220983,0.01913878289017666,-0.03813005592806393,-0.07350183211372478,-0.08071646761208548,-0.0006764633824402667,0
2026-05-14,769.5499877929688,778.2999877929688,747.0,751.0,50992358,44.069774979099016,-10.922206330072981,-9.960575155809638,-0.9616311742633439,814.0582535297958,781.4674987792969,748.8767440287979,781.4674987792969,798.417001953125,778.3852811401596,807.5182282892988,772.33633394495,783.2585402750229,781.8727587130343,0.026614211388463538,0.015777740978239946,0.040673105437550025,0.026614211388463538,0.007726004308627132,-0.033289366756314775,-0.002786088350463456,35386819.75,1.4409986079633506,0,-10.526156840736576,-9.959579672486598,15.825003487723214,0.02056397081248554,-0.011350797042627923,-0.04701843149319928,-0.054674546377777127,0.027605669329445533,0
2026-05-15,767.5,781.9000244140625,765.4000244140625,773.0,24347873,41.15781866900804,-10.498958426587706,-10.06825180996525,-0.43070661662245513,811.7951260646211,779.8474975585938,747.8998690525665,779.8474975585938,796.012001953125,777.3485876982396,805.948886003444,771.5922825688039,782.0912409953916,780.6822738081497,-0.0026638786634874956,0.015626903687023873,0.021498371335504887,-0.0026638786634874956,0.02271968487657916,-0.01709672280634944,-0.005442545212639538,34740086.2,0.7008581630980524,0,-10.795091959327237,-10.09253637497477,16.421430315290177,0.021396000410801534,-0.012669461106762508,-0.04770635789833419,-0.05456441489043265,0.02620689180259224,0
2026-05-18,768.6500244140625,774.0999755859375,751.3499755859375,759.0,29812079,44.208351537907134,-9.955967854626124,-10.045795018897426,0.089827164271302,809.9437329380893,778.5074981689453,747.0712633998013,778.5074981689453,793.797001953125,776.5201530997465,804.4861855489586,771.1396274680744,781.0955953227005,778.5946035307094,0.001498403145358207,0.015506027882747086,0.02959734505614853,0.001498403145358207,0.02541361986202606,0.006547501918612975,-0.013792660589254657,33623287.95,0.8866497245698423,0,-9.290797487010423,-9.50067220340702,16.889286586216517,0.021972661223931038,-0.010135124831297264,-0.04454540274105827,-0.05098342865649805,0.028884474710029306,1
2026-05-19,762.4500122070312,770.7999877929688,760.25,766.7000122070312,40307830,43.25316907348549,-9.911677436076161,-10.018971502333173,0.10729406625701188,804.0476845990644,776.0424987792969,748.0373129595295,776.0424987792969,791.6730017089844,775.1801396813927,802.8377081630006,769.80276358176,779.7144410178362,775.6144151126528,-0.008066105522806066,0.015593451094804527,0.01383695668445221,-0.008066105522806066,-0.009226139560212121,0.015990405496441706,-0.012754079686167263,33181891.85,1.214753823628052,0,-7.263102488247455,-8.657508587587245,16.739283970424108,0.021954598599808035,-0.01642215379717243,-0.05030617713308676,-0.051735330116367,0.019267353376370346,1
2026-05-20,759.5,762.25,755.1500244140625,759.5999755859375,24013451,44.84361754983544,-9.999351985794988,-10.015047599025536,0.015695613230548133,800.5723283385692,774.0224975585937,747.4726667786183,774.0224975585937,789.3080017089844,773.6867930450696,801.1381901958241,768.21772303072,778.217075016515,774.0036898390878,-0.0038691221192219682,0.015446304901962716,0.009348223286290322,-0.0038691221192219682,-0.01042345276872969,0.013207076756271308,-0.046513073078595535,33188743.8,0.7235420281258129,0,-5.628518973741734,-7.929762195365697,16.064283098493302,0.021151129820267678,-0.018336610076066285,-0.05197379266821169,-0.051303707216319494,0.016090666262374348,0
2026-05-21,759.1500244140625,768.25,755.1500244140625,767.0,34664725,44.7113448146904,-9.982008423503544,-10.008439763921139,0.026431340417595095,799.6385349977121,772.7625,745.886465002288,772.7625,787.3500024414062,772.3023388897357,799.4915954592846,766.8226924743112,776.8047008978148,772.5250386818243,-0.00046079734817316975,0.015444437724851911,0.01725610902278308,-0.00046079734817316975,-0.012359330902567467,-0.013514344154215152,-0.046353826951509136,33038099.25,1.0492348466445145,0,-6.082942250423912,-8.02663283001425,16.999995640345983,0.022393459913891394,-0.017030007308512073,-0.05045903080700555,-0.05063351603454859,0.017782276571721708,0
2026-05-22,766.7999877929688,775.0,759.1500244140625,759.1500244140625,25604071,44.68801318276627,-9.244411591784228,-9.855634129493758,0.61122253770953,798.2345511607898,771.8600006103516,745.4854500599133,771.8600006103516,785.872001953125,771.7783054519483,798.209571629233,766.8191994464123,776.0636110381965,771.862440573852,0.010077011305915207,0.015449903674270422,0.02067028669569684,0.010077011305915207,0.005705260038419757,-0.0009120680221905708,-0.017993197454384102,32932284.9,0.7774762995567308,0,-5.570282246291299,-7.739314374211062,17.067853655133927,0.022258547113777657,-0.0064504503739118355,-0.03935004659509888,-0.039380108668697726,0.028591487240082848,0
2026-05-25,786.8499755859375,787.8499755859375,775.2000122070312,776.0,26043952,55.5302125211396,-6.961743690664321,-9.276856041727871,2.3151123510635507,797.6946859440933,771.7125,745.7303140559067,771.7125,784.6200012207031,773.2137026075663,797.764097274594,769.9008573140316,776.8626010046959,771.8363293385032,0.02614761099654861,0.016846124600109508,0.016076715729051526,0.02614761099654861,0.03601050110064197,0.023677812520397357,0.030380344961916217,33328713.75,0.7814268559944051,0,-3.306450492180147,-6.722088274364637,17.449994768415177,0.022177029052356294,0.01763583978450528,-0.013680888530760443,-0.013595064063039088,0.055140123386412505,0
