Date,Close,High,Low,Open,Volume,RSI_14,MACD,MACD_Signal,MACD_Diff,BB_High,BB_Mid,BB_Low,SMA_20,SMA_50,EMA_20,EMA_50,EMA_12,EMA_26,VWAP,Returns,Volatility,Price_Range,Return_1D,Return_3D,Return_5D,Return_10D,Volume_MA20,Volume_Ratio,Volume_Spike,EMA20_Slope,EMA50_Slope,ATR_14,ATR_Percent,Distance_EMA20,Distance_EMA50,Distance_BB_High,Distance_BB_Low,Signal
2021-08-12,680.3231201171875,681.8751867661595,672.5144753565708,672.7084910883534,8840339,64.58061631586187,13.223301171473167,12.630000606915214,0.5933005645579534,699.6999165860844,661.3152313232422,622.9305460603999,661.3152313232422,636.8952490234375,663.6308308036439,646.5993840089438,671.8193271223587,658.5960259508855,661.6811689275385,0.011246317969903608,0.012881694526945816,0.013759214015799279,0.011246317969903608,-0.002134239740654076,-0.0015661196474564543,0.020145337396922924,13926160.7,0.6348008751615225,0,9.500182550105478,7.0154596899994885,14.02677962589327,0.020617819990414437,0.025152974423038127,0.05215553392450678,-0.027693009545347008,0.09213318309682429,0
2021-08-13,683.669677734375,688.6168123166203,679.9836157667113,685.8522214369073,12787590,65.83200899774062,13.18912449534264,12.7418253846007,0.4472991107419393,702.0923574047265,663.2212463378906,624.3501352710548,663.2212463378906,637.9903674316406,665.5392924160944,648.0531210177843,673.6424579857459,660.4533334904032,663.2027783830687,0.004919070833005135,0.01286781650659002,0.012627730658640196,0.004919070833005135,0.005564101901166962,0.010248554873673488,0.03267385991638494,14153318.75,0.9035046992070322,0,9.255931533428793,7.012325854117194,12.97503611813821,0.01897851629333103,0.0272416452715544,0.05495931670023281,-0.02623968125568358,0.09501005783808675,0
2021-08-16,681.584228515625,686.1918211619769,677.7041504976445,681.3417236395012,7920846,64.1142993826636,12.845683862743385,12.762597080229238,0.08308678251414747,703.2536385061513,665.3687591552734,627.4838798043955,665.3687591552734,639.1898229980469,667.0673815684306,649.3680664098565,674.8642688364964,662.018584973753,664.4784845677635,-0.0030503754761525004,0.012966399886202858,0.012452856608517976,-0.0030503754761525004,0.013120855504746176,-0.0002845056164345605,0.031185793723245148,14088717.3,0.5622120049211293,0,8.355940937239097,6.729726027423794,12.731555838178735,0.018679358038999682,0.02176218977018768,0.04961155894819575,-0.0308130790998201,0.08621791005705846,0
2021-08-17,680.177734375,681.8267794851803,670.7685327042499,678.8196832947818,8669653,60.06662785974228,12.318017921566138,12.673681248496619,-0.35566332693048075,703.115218577656,667.6587310791016,632.2022435805471,667.6587310791016,640.2547583007813,668.3159865976277,650.5762886829995,675.6817250731893,663.3637071516232,665.9563049715898,-0.002063566147485707,0.012795636714084402,0.016257878231035566,-0.002063566147485707,-0.00021370101630890925,0.0004280354608705572,0.015643082318437473,14066113.1,0.6163502979369617,0,7.587852812263918,6.477227580269982,12.350442055362603,0.018157668843293062,0.017748711710099972,0.045500345166167244,-0.032622653580243466,0.0758863026533066,0
2021-08-18,667.6644287109375,679.8381619358785,663.1053250921738,679.8381619358785,11069373,50.40567239385639,10.766015744632227,12.292148147723742,-1.5261324030915144,697.7951132406293,670.0000640869141,642.2050149331989,670.0000640869141,641.1816198730469,668.2539334655619,651.24641182135,674.4482948636121,663.6822791189799,668.1530016084062,-0.018397111566083035,0.013804443495124144,0.02506174677601273,-0.018397111566083035,-0.02341079258696621,-0.007569822032339135,-0.03687134232352052,13961125.4,0.7928711105195001,0,6.380185747554151,6.023506837232389,12.915132143644835,0.019343747529848392,-0.0008821568046254765,0.025210145640067384,-0.04317984456750059,0.03964374800216545,0
2021-08-20,660.2923583984375,663.8814427857911,655.102717977239,663.3478846376439,13121808,49.110702410174916,8.839284603933265,11.601575438965646,-2.762290835032381,694.0738270072017,671.2933410644531,648.5128551217045,671.2933410644531,642.0829077148437,667.4956882210739,651.601154824373,672.2704584843545,663.4311738804213,669.3936822061415,-0.011041580164354858,0.01399618387397399,0.013295208852401801,-0.011041580164354858,-0.03123879518685102,-0.029443011896023275,-0.030963020264069052,13961037.35,0.9398877512493726,0,3.8648574174300165,5.001770815429154,13.143774899003306,0.019905992749763148,-0.010791575061456702,0.013338226167519692,-0.048671290134116585,0.01816387012794423,1
2021-08-23,662.2322998046875,669.2649409175282,653.647592026529,669.2649409175282,10917371,50.6366129479555,7.383757986460523,10.758011948464624,-3.3742539620041008,693.4966530535676,671.6825805664063,649.868508079245,671.6825805664063,642.9398156738281,666.994413133799,652.0180624706599,670.7261263797905,663.3423683933299,670.716512371491,0.0029380037214961074,0.014011156296465014,0.02358288608937565,0.0029380037214961074,-0.026383449006607274,-0.03135633863524445,-0.021429140918711842,13542001.75,0.8061859097012745,0,1.4551207177045171,3.964941452875564,13.542179949733809,0.02044928940151033,-0.007139659996156787,0.015665574194867145,-0.04508219774561064,0.019025066720012355,1
2021-08-24,673.630126953125,676.346170007758,660.0013633354409,662.7658955292947,9821388,51.931340001776334,7.068471115820671,10.020103781935834,-2.951632666115163,692.9095544648367,672.6368743896485,652.3641943144603,672.6368743896485,644.1155944824219,667.6263858784966,652.8655944111488,671.172895698765,664.1044245829444,672.786334114001,0.01721122203160297,0.014333592777393463,0.02426377030707601,0.01721122203160297,0.008935174596174766,-0.011670019976581125,-0.011951205406788401,12480333.2,0.7869491817734482,0,0.5590043100660296,3.4975280012922667,13.653037675266571,0.02026785490877641,0.00899266596051072,0.03180521798013382,-0.027823873097841737,0.03259825236271912,1
2021-08-25,670.33203125,679.4502391518658,666.5489903415817,678.9652293529431,9535359,35.952302300165314,6.4778031569125005,9.311643656931167,-2.833840500018667,691.9892571541588,673.3924163818359,654.795575609513,673.3924163818359,645.2360498046875,667.8840663900685,653.5505527185547,671.0435319374166,664.5657287805041,673.5919083252211,-0.004896003862004394,0.010331885589970606,0.01924605748919176,-0.004896003862004394,0.015204890263934123,-0.014475191743885896,-0.014053352178384548,12327157.7,0.7735245408598935,0,-0.4319202075591875,2.9742640355552794,12.703800860192928,0.018951505027297512,0.003665254170776724,0.025677399340632248,-0.031297055091903156,0.023727184817986885,1
2021-08-26,677.849609375,680.5171629788125,669.3134496838583,671.3019778020057,10756731,47.705783434815146,6.54090083831602,8.757495093208139,-2.2165942548921187,692.1262334115005,674.1563079833984,656.1863825552963,674.1563079833984,646.3105187988281,668.8331657219668,654.5034569011605,672.0906207739679,665.5497199356519,674.8661001445535,0.011214708196148226,0.009990905063638816,0.016528317107513627,0.011214708196148226,0.023582826713403282,0.015254939796219391,0.007569640584508708,11946619.4,0.9003995724514334,0,0.5792322564049073,3.2570450798104957,12.295005142861337,0.018138249211647025,0.013480856086585474,0.035670021644156336,-0.020627196813695098,0.03301383173381866,1
2021-08-27,678.7711791992188,679.4502047243641,668.3919581871249,675.2305841643647,9135827,51.38706601977094,6.589311704728516,8.323858415512214,-1.7345467107836985,692.4929102782629,674.7504455566407,657.0079808350184,674.7504455566407,647.5040075683594,669.7796431959908,655.455132285398,673.1183989932372,666.5290872885087,675.2546352783128,0.0013595490968394408,0.009818873329695443,0.016291567579939274,0.0013595490968394408,0.007631862116005861,0.027985816533758312,-0.0022811820913882785,11851253.85,0.7708742986717815,0,2.2839549749169237,3.8539774610250106,12.371223534573671,0.01822591163809966,0.013424618222678358,0.03557230047543281,-0.019814976984429182,0.03312470928669782,1
2021-08-30,692.25439453125,693.5638970883927,679.8866467160374,683.3786930052763,10797869,56.39812546501798,7.627732703991796,8.184633273208131,-0.5569005692163351,694.5824549600296,676.2612487792969,657.9400425985642,676.2612487792969,649.104501953125,671.9200957041107,656.8982406087648,676.0623983067776,668.4346656027858,676.6812903609069,0.019864154143872215,0.011006711965314716,0.019757549363939576,0.019864154143872215,0.032703738236065316,0.045334688047407035,0.012556819581825085,11664334.8,0.9257166555267258,0,4.925682570311778,4.880178138104952,12.599864444940888,0.01820120543037174,0.03026297167943873,0.05382287809101105,-0.0033517409087357275,0.05215422335013945,0
2021-08-31,697.4925537109375,698.3171058612189,688.0833521252788,692.593966767437,19760246,60.33012982585315,8.77224353308793,8.302155325184092,0.47008820790383865,697.2525889824192,678.0873107910156,658.9220325996121,678.0873107910156,650.8600524902344,674.3555678952371,658.4901744559089,679.359345292033,670.5871017589451,678.7027788643609,0.007566812462395989,0.01107019624071401,0.014672205002752346,0.007566812462395989,0.028978322129666667,0.03542363353869571,0.02334021905107475,12184936.8,1.621694582773708,1,6.729182016740424,5.624580044760137,12.568688645231711,0.018019817671688816,0.034309772050840126,0.059230009448895886,0.00034415752958124473,0.05853578906620422,0
2021-09-01,698.3170776367188,712.7703329927255,695.6980130860096,705.7861805925987,13729351,66.19549453736826,9.634745452720153,8.568673350691306,1.0660721020288477,700.2555052411843,679.5180877685547,658.780670295925,679.5180877685547,652.6156506347656,676.6376164420449,660.0520137963329,682.2759194989078,672.6411740461876,680.543632209228,0.0011821257752422376,0.010491253893943552,0.024447805235542696,0.0011821257752422376,0.02879600524665671,0.04174803691617379,0.02666853433299554,12363273.9,1.110494769512467,0,8.75355005197639,6.501461077778117,12.599864368493504,0.01804318521198798,0.03203998812343706,0.05797280068929999,-0.0027681718886279,0.060014522470785224,0
2021-09-02,703.40966796875,706.2226890110181,695.9889950708947,700.6450768553976,8627956,65.10160897512677,10.60694367318979,8.976327415191003,1.6306162579987866,702.6009473673105,680.02734375,657.4537401326895,680.02734375,654.4808386230469,679.1873356350643,661.7523139599571,685.527265417345,674.9203217441552,680.5146822916416,0.007292661879709339,0.010295416652306663,0.014548696735538866,0.007292661879709339,0.01611441332207586,0.037707565572424384,0.053537732011312844,11358141.4,0.7596274510194071,0,10.354169913097508,7.248857058796602,12.6622202635317,0.018001203054397365,0.03566369845668126,0.06295006927820677,0.0011510383019975197,0.06989986523886152,0
2021-09-03,702.5850830078125,709.8602289575108,699.4810088948833,703.0216036058523,8993813,62.795306474653806,11.181981727406765,9.417458277634156,1.764523449772609,705.8171180152749,681.0870849609375,656.3570519066002,681.0870849609375,656.4484973144531,681.4156925277069,663.3535990206573,688.1515450466477,676.9695633192409,681.1293434539444,-0.0011722684496484614,0.010311094587103397,0.014772901266553198,-0.0011722684496484614,0.007301195216752765,0.03508384642478224,0.06405151304788315,10919104.35,0.8236768064223143,0,11.636049331716094,7.898466735259262,12.786936228725876,0.018199840187303962,0.03106677863783537,0.05914113384637495,-0.004579139446986966,0.07043122484466058,0
2021-09-06,699.5296020507812,706.1742120951084,698.4140559182391,703.6521850197431,5329995,61.981884763754536,11.261338055620854,9.786234233231497,1.4751038223893573,708.1829980132138,682.2268585205078,656.2707190278018,682.2268585205078,658.1741833496094,683.1408267679997,664.7722658061523,689.9020153549759,678.640677299355,681.8091722222659,-0.004348912367951985,0.010365720982179737,0.011093392122533683,-0.004348912367951985,0.0017363522286550914,0.010509442160287819,0.05632057248958389,10450506.65,0.5100226408640197,0,11.220731063888934,7.874025197387482,12.734970908192793,0.018205049322942472,0.02399033206713518,0.052284576286406335,-0.01221915237545862,0.06591621684274307,0
2021-09-07,695.406982421875,700.7905786447111,690.3143801992725,699.2870603057626,6242711,59.81246224705528,10.866307538318893,10.002248894248975,0.8640586440699174,709.5221159629709,682.9082977294922,656.2944794960135,682.9082977294922,659.5282275390625,684.3090320683688,665.973627242063,690.748933365268,679.8826258269492,682.2921470361558,-0.005893416971662346,0.010527860820240665,0.015064845062316538,-0.005893416971662346,-0.011376991120955915,-0.002990098285589493,0.03232761510719273,10332493.2,0.6041824445623638,0,9.953464173131692,7.483452786154089,12.693396027086237,0.018253190358945334,0.016217746417816457,0.04419597710152835,-0.019893859857967527,0.059595965146464466,0
2021-09-08,699.3355102539062,701.0815333627665,693.5638828839545,695.0189120088859,7118011,72.94447770591924,10.746364965343332,10.151072108467847,0.5952928568754849,711.4343725479988,683.8807373046875,656.3271020613762,683.8807373046875,660.9356958007812,685.7401252288962,667.2819363797823,692.0699451942893,681.323580228946,682.9057929561353,0.005649249908808107,0.008833621888347538,0.010749705068004625,0.005649249908808107,-0.004625166164921479,0.001458410011443645,0.04326733268261407,10146216.05,0.7015434093777255,0,9.102508786851331,7.229922583449479,12.010913255370935,0.01717475100186198,0.01982585607116396,0.048036028141305295,-0.017006294271052068,0.06552892308949347,0
2021-09-09,698.6565551757812,702.1971500850995,696.0859797807648,699.1900540675887,6243422,80.7781915971917,10.47576550774454,10.216010788323185,0.2597547194213554,712.9615964388541,685.1757110595703,657.3898256802864,685.1757110595703,662.5268920898437,686.9702614143138,668.5123135874686,693.0832698068265,682.6075042990819,683.7462853932515,-0.0009708574327628172,0.007935788076779868,0.008747030653418995,-0.0009708574327628172,-0.0012480485063685043,-0.006757246892403979,0.030695519349736022,9970982.95,0.6261591290756344,0,7.782925779249467,6.759999627511547,11.550160367559231,0.016531957342979804,0.017011353209683475,0.04509152782324711,-0.020064252176449086,0.06277360537606554,0
2021-09-13,686.1918334960938,696.377038476369,684.057778706787,696.377038476369,6967906,66.44477939322138,9.150038670417189,10.002816364741987,-0.8527776943247982,713.1630603714332,685.4691467285156,657.7752330855981,685.4691467285156,664.0467553710937,686.8961254221023,669.2056280936891,692.0230488359445,682.8730101655273,684.1737220906533,-0.017840985799598474,0.009871160377433942,0.01795308420797773,-0.017840985799598474,-0.013251447222585977,-0.023332760555544674,0.010932482881240713,9877361.3,0.7054420495886892,0,5.480432894395335,5.852029073031872,11.47740519455888,0.016726234027126783,-0.0010253252274144517,0.025382639788598026,-0.03781915858245958,0.0432010799147826,0
2021-09-14,686.2403564453125,692.5939727859734,685.3188260130114,691.8664581086772,5241865,60.25236154751578,8.010960629481133,9.604445217689817,-1.5934845882086837,713.2802889508407,685.5976806640625,657.9150723772843,685.5976806640625,665.5685571289063,686.8336712338365,669.8736566564979,691.1334038527702,683.1224432232891,684.2863243134268,7.071338778774638e-05,0.008936510736123178,0.010601455750353785,7.071338778774638e-05,-0.018725137815237436,-0.01899740277825157,-0.008687612723657478,9500075.05,0.5517709041677518,0,3.692844465836856,5.101390850345638,10.829572344604944,0.01578101935115203,-0.0008638405677726718,0.024432517425009282,-0.03790926641937782,0.04305310101147053,0
2021-09-15,692.9334106445312,694.5339665120459,685.1247654598607,685.9007692238437,5936741,67.4140468856545,7.561146423791115,9.195785458910077,-1.634639035118962,713.966378844958,686.1651397705078,658.3639006960577,686.1651397705078,667.0423901367187,687.4145987967598,670.77796073446,691.4103279745797,683.8491815507886,684.5976374223075,0.00975322150082869,0.009004688515961966,0.013578795462371066,0.00975322150082869,-0.008191642215122474,-0.003557013144632415,-0.006536475611316317,9400869.8,0.6315097566823018,0,3.105566728391068,4.80433349239695,10.580140361883593,0.015268624949174392,0.008028359969996946,0.03302948398276602,-0.029459325850124,0.05250820999135095,0
2021-09-16,705.398193359375,707.5322481038166,691.4783779891319,698.4140411072442,13557169,69.72227077288775,8.11690261682736,8.980008890493535,-0.8631062736661743,716.3492003277901,687.4261627197266,658.503125111663,687.4261627197266,668.6185046386719,689.1273220884375,672.1356169158291,693.5623072645482,685.4454046477208,686.098278922385,0.017988427925923922,0.009671517931071903,0.02275859261593809,0.017988427925923922,0.027989782048886136,0.008669205290701809,0.010140258557932658,9645245.6,1.4055804862034824,0,3.387196859541291,4.853680536046795,10.926580134721487,0.015489946299245464,0.023610834673667782,0.04948789441656877,-0.015287246727439724,0.07121464797871674,0
2021-09-17,698.5595703125,712.3823482608204,692.5939266737396,710.9273190031025,17075003,63.06020262240931,7.914292637639619,8.766865639922752,-0.8525730022831333,716.7265304839303,688.9709197998047,661.2153091156791,688.9709197998047,670.0104541015625,690.0256314431101,673.1718503823653,694.331116964233,686.4168243265934,688.2774070512496,-0.009694698839965654,0.01024081328028252,0.028327464726062682,-0.009694698839965654,0.017951747884662916,-0.0001388162217369482,-0.006895125098657973,9945527.1,1.7168524934188758,1,3.0553700287963466,4.659536794896667,11.550164066853037,0.016534257861052684,0.012367567928661031,0.03771357925277826,-0.02534712948209701,0.056478216220924665,0
2021-09-20,688.7138671875,698.8020939946174,685.318798828125,688.7138671875,7943459,47.54542038611137,6.879949041265945,8.38948232019139,-1.5095332789254456,714.655865824891,690.3919952392578,666.1281246536246,690.3919952392578,671.1339184570312,689.9007015140044,673.7813412374686,693.4669246908895,686.5869756496236,690.3183917662515,-0.014094292803970232,0.00971877571369306,0.019577499174735884,-0.014094292803970232,-0.006089392418106132,0.0036754061594652665,-0.019743111767942634,9686609.65,0.8200453292757596,0,3.004576091902095,4.575713143779467,11.45663387237579,0.01663482386257334,-0.001720297318005084,0.02216227288604679,-0.03629998699786424,0.03390600351189139,1
2021-09-21,690.5083618164062,693.0789371899905,673.5815687972035,689.82939552629,10009615,44.91520226944908,6.134312472723423,7.938448350697798,-1.8041358779743755,712.1375807459847,691.8057983398437,671.4740159337027,691.8057983398437,672.5273303222656,689.958573923757,674.4373028287996,693.0117611717383,686.8774486990148,691.6993158292416,0.00260557353990043,0.009496906446525746,0.028236252406123562,0.00260557353990043,-0.021108406121736256,0.006219403057555306,-0.012896152225621016,9641221.85,1.0382102139885931,0,3.124902689920418,4.563646172301674,12.118320633579133,0.01754985356252815,0.0007968418879450862,0.023828840605642117,-0.030372247602662952,0.028347107156835766,0
2021-09-22,682.2632446289062,693.5639963636635,681.1962467781576,693.5639963636635,9740470,39.45183856732431,4.822487437138989,7.315256167986037,-2.4927687308470485,711.2695064128302,692.2374542236328,673.2054020344353,692.2374542236328,673.8206420898438,689.2256854194854,674.7442025072352,691.3581432420717,686.5356558049327,692.5009301142828,-0.011940647852273556,0.009936751639914101,0.01812753315215284,-0.011940647852273556,-0.02332846957676582,-0.015398544581217588,-0.018900784900366396,9637175.95,1.0107182903514385,0,1.811086622725611,3.96624177277522,11.782279896349849,0.0172694044257923,-0.010101830123091862,0.011143544611026802,-0.040780971941581215,0.013454797847875248,0
2021-09-23,695.5039672851562,698.41402572568,685.9492990875531,689.6838504041089,10412491,45.30796176152027,4.795987151784971,6.811402364745824,-2.0154152129608534,709.5202533375382,693.4960510253907,677.4718487132432,693.4960510253907,675.2298205566407,689.8236170257398,675.5583109298988,691.9959623256232,687.1999751738382,693.5475003801072,0.01940705843453694,0.011217024655530237,0.017921862741893384,0.01940705843453694,0.0098591017564158,-0.014026440905807624,-0.0054788337108162555,9681032.55,1.0755558300441825,0,0.6962949373023548,3.4226940140696342,12.204928978967725,0.017548324025538894,0.008234496644095682,0.02952469984093971,-0.019754596132316463,0.026616779141690406,0
2021-09-24,701.275634765625,702.8761314754186,695.0674860586548,700.9360924051521,11780868,49.26594668721405,5.180987614387959,6.485319414674251,-1.3043318002862918,709.234462959849,694.6673522949219,680.1002416299948,694.6673522949219,676.392705078125,690.9142853819194,676.5668334332606,693.4236042394696,688.2426166250816,694.8979111306065,0.008298539982450448,0.011472199389483516,0.011134916186519848,0.008298539982450448,0.015593254976514759,0.0038880928249396263,0.003748736872847047,9732239.4,1.2104991991873935,0,0.8886539388092842,3.3949830508953482,12.02131650426317,0.01714207068990903,0.014996577148463672,0.03652085811977916,-0.011221716667587487,0.031135694180727216,0
2021-09-27,708.1141967773438,709.811730810714,700.6450351894565,702.7790898153227,7712240,54.61656119528398,5.969109873893217,6.382077506518044,-0.4129676326248273,709.8460585062088,696.1345031738281,682.4229478414474,696.1345031738281,677.7039672851563,692.5523721814836,677.8039849369502,695.6836953991425,689.7145855252493,696.2640167930904,0.009751603610189896,0.011684846261189255,0.012945222201412615,0.009751603610189896,0.037889996789286506,0.028168925462570993,0.0319478638641868,9661060.05,0.7982809298447534,0,2.651670667479266,4.022643699481591,12.12178360743376,0.017118402176655244,0.02247024950162489,0.04471825559304291,-0.0024397708603321176,0.03764710582661333,0
2021-09-28,695.6495361328125,713.3523927210091,685.415782631291,712.0913199559708,13491800,50.119699083612254,5.524228631219557,6.210507731458347,-0.6862791002387896,709.8971040474879,696.3042602539062,682.7114164603246,696.3042602539062,678.7059704589843,692.8473401768483,678.5038104740429,695.6784401273994,690.1542114961799,696.8173038254619,-0.017602613676238166,0.012594824853314963,0.040159029279341715,-0.017602613676238166,0.00020929980920803004,0.007445491757525069,0.013711201329282163,9795756.6,1.3773106612305985,0,2.888766253091376,4.066507645243291,13.36895586773944,0.019217946930661152,0.004044463756256787,0.025269903269652366,-0.02006990567145959,0.018951081468021425,0
2021-09-29,688.2288208007812,690.6053803669442,680.274649226719,686.1432552374505,11453404,44.70152782533549,4.520754883193831,5.872557161805444,-1.351802278611613,709.887204411344,695.8410736083985,681.7949428054529,695.8410736083985,679.6978674316406,692.4074811886514,678.8851834280326,694.5323448463812,690.0115899631874,696.4097538391815,-0.010667318738231013,0.012795021724045596,0.015010605234760459,-0.010667318738231013,-0.018604402203712844,0.008743804123758414,-0.006789382315068426,9380414.5,1.220991247241793,0,3.1817957691660013,4.14098092079746,13.930187041116685,0.02024063308611279,-0.0060349729045340705,0.01376320709426577,-0.0305096126201097,0.009436676031732013,0
2021-09-30,679.8381958007812,692.4969986251765,677.8496675120839,688.3258670863279,18487517,41.6379179413743,3.013701321257031,5.3007859936957615,-2.2870846724387306,710.6118054728539,694.9171295166016,679.2224535603492,694.9171295166016,680.6070654296875,691.2104063898066,678.9225564622582,692.2717065316735,689.2580052104165,694.7412912356859,-0.012191621080670734,0.013135451186656086,0.021545319465081713,-0.012191621080670734,-0.039931413753950595,-0.022524345253593703,-0.036234849761759835,9618322.8,1.9221144251885576,1,1.3867893640667717,3.364245532359405,14.539912813170824,0.021387313779927097,-0.016452603265078792,0.0013486653666278353,-0.043305795703176296,0.0009065398783630353,0
2021-10-01,671.593017578125,674.0180664741322,667.2764779074683,672.223553973205,10935810,43.26016229464498,1.1408821615646048,4.46880522726953,-3.3279230657049252,711.6296448632212,693.3262969970704,675.0229491309195,693.3262969970704,681.6221704101563,689.3420836458369,678.6351235648411,689.0903697695891,687.9494876080245,693.0894094285296,-0.012128147952829016,0.012681993009185216,0.010038205267492379,-0.012128147952829016,-0.034581376548340925,-0.04232660556846568,-0.03860308251494071,9733715.5,1.1234980106003714,0,-1.5722017360825475,2.068290131580511,14.394408629193581,0.02143323151438082,-0.025747834767086097,-0.01037686636336218,-0.05626048264584513,-0.0050812073237073,0
2021-10-04,679.2077026367188,682.2632287045247,673.2420587055386,676.1521173636177,8976533,46.96524583186499,0.26801146093475836,3.6286464740025757,-3.3606350130678173,710.9504506055611,692.1574279785157,673.3644053514703,692.1574279785157,682.5177880859375,688.3769045021113,678.6575776460912,687.5699594414551,687.3019479805204,691.9015555162301,0.011338243339773735,0.013136029862112656,0.013281901786398306,0.011338243339773735,-0.013107730875853263,-0.04082179720754031,-0.013802777907756636,9732851.5,0.9222921977182124,0,-4.175467679372332,0.8535927091410258,14.636913225867707,0.02154998120463956,-0.013320031229148288,0.0008106076005746812,-0.04464832667565654,0.008677763836059157,0
2021-10-05,676.2005615234375,678.043622233083,671.1079592105281,672.2235053040437,7497208,42.542142251282776,-0.6588017575519416,2.7711568276916725,-3.429958585243614,710.7295542743082,690.9909759521485,671.2523976299888,690.9909759521485,682.9528491210938,687.2172527898566,678.5612240726539,685.8208213002216,686.4796230577736,691.005755339,-0.004427424927025081,0.012814479853201433,0.010256813462161842,-0.004427424927025081,-0.005350735365874826,-0.027958007012401476,-0.02072067636564401,9841212.15,0.7618175368773042,0,-5.630087386991704,0.05741359861099227,14.543380538296665,0.02150749550626125,-0.01603087120076698,-0.0034789234419378323,-0.048582463671609316,0.007371539991394249,0
2021-10-06,668.8285522460938,683.8638569013722,667.7130059605171,675.715668115746,13200810,32.92572900001767,-1.9655102698574183,1.8238234081818545,-3.789333678039273,711.6045907176745,689.6620544433594,667.7195181690442,689.6620544433594,683.23853515625,685.465947976165,678.1795506676908,683.206626061125,685.1721363309824,689.731908616769,-0.010902104637025234,0.0116816569591774,0.024147968693346736,-0.010902104637025234,-0.004116280633768898,-0.028188689529326183,-0.019691361785317718,10189117.1,1.2955793785116083,0,-6.9415332124864335,-0.705632760341814,14.550307740165977,0.021754914157450962,-0.02427165897765322,-0.013788381575927338,-0.06011208897407448,0.0016609280496855717,1
2021-10-07,681.1476440429688,683.815197430259,672.6599741743178,676.6370300877996,10041549,42.26620392083294,-1.9841661943362396,1.0622254876782358,-3.0463916820144754,710.5139753321608,688.7526611328125,666.9913469334641,688.7526611328125,683.7570642089844,685.0546809349082,678.2959464863292,682.8898595967933,684.8740257911295,688.9361527409326,0.018418908336829132,0.012927750227070267,0.016377100256457056,0.018418908336829132,0.002856182871188162,0.0019261174942444281,-0.02064161229478856,10335294.0,0.9715784572746552,0,-6.155725454898402,-0.626609975929,14.207323711386291,0.020857920945095497,-0.005703248223349786,0.0042042084600560905,-0.04133111002561704,0.02122410909015406,1
2021-10-08,682.311767578125,688.7138728549405,677.3646324048638,684.8337946980113,9383924,46.9187727731515,-1.88330652331058,0.47311908548047266,-2.3564256087910525,709.3556564952719,687.9354217529296,666.5151870105874,687.9354217529296,684.1518640136719,684.793451091405,678.4534296663996,682.8009223631519,684.6842288864625,688.3627859875372,0.0017090619711264132,0.012445469495639109,0.01663351123249867,0.0017090619711264132,0.009037564300330203,0.015960186778971597,-0.027041959320086684,10492319.1,0.8943612856761095,0,-4.548632554431833,-0.18169389844149464,14.054891231642314,0.020598928377756613,-0.003623988385585141,0.005686960582721985,-0.03812458344346359,0.023700256011250767,1
2021-10-11,691.9149169921875,697.8320716319804,679.3046631371025,680.9537081745954,9337637,50.6296272617539,-1.0167600298090065,0.17514326242257683,-1.1919032922315833,709.6965761598069,688.2215759277344,666.7465756956619,688.2215759277344,684.6523937988281,685.4716859390985,678.981331130156,684.2030753830035,685.2198354128125,688.4040789873862,0.014074430297676077,0.013035811268313956,0.02677700399265583,0.014074430297676077,0.03451761242632956,0.01870887845667646,-0.022876648793202836,10610805.65,0.880012065813306,0,-2.905218563012795,0.3237534840648095,13.98560838179167,0.020212901959952373,0.00939970415300487,0.019048514692596438,-0.025055297946957263,0.037747987337266385,1
2021-10-12,687.3558349609375,691.6239446972885,683.2818001824968,685.3188175717172,7376091,52.35743157297535,-0.6899422834922007,0.0021261532396213145,-0.692068436731822,709.7364729447562,688.2773498535156,666.818226762275,688.2773498535156,685.1587438964843,685.6511287030833,679.3097430450887,684.6881153180702,685.3780576015624,688.378866754422,-0.006589078973855189,0.012726450652775669,0.012136573359075047,-0.006589078973855189,0.009114310197301467,0.016496989313892207,-0.01192224064143066,10717516.95,0.6882276029430493,0,-1.5661240867733568,0.7485189724347947,13.718848897804873,0.019958874574163638,0.0024862589537024637,0.011844511282557545,-0.031533729541839035,0.030799410355626475,1
2021-10-13,688.6653442382812,694.4369720068885,686.7253052710378,692.4483847012314,6357766,46.44119025929724,-0.32156362498301405,-0.06261180240490577,-0.2589518225781083,709.4127152455071,688.0639465332031,666.715177820899,688.0639465332031,685.7126245117188,685.9381968492926,679.6766293663904,685.2999966904104,685.6215603153934,688.3564596571424,0.0019051402646754756,0.011542080580982697,0.01119798868981919,0.0019051402646754756,0.009311838021947683,0.029659008912778395,0.0006342707894622102,10738568.2,0.5920496924347886,0,0.4722488731275689,1.4970786986996245,13.116055014881804,0.01904561500679144,0.00397579169889536,0.013224987418311388,-0.029245840342804967,0.032922853937605606,1
2021-10-14,705.4952392578125,707.9202882441278,687.7923816577102,688.9564170122011,8950350,51.96923017325261,1.3132724038969172,0.21256503885545885,1.1007073650414583,709.4341940091645,688.068798828125,666.7034036470855,688.068798828125,686.4284985351562,687.8007723167707,680.6891238719364,688.4069570853953,687.0936846814984,688.0235792954003,0.0244384230458794,0.013192068864550313,0.028530180597097186,0.0244384230458794,0.019627156362894693,0.035744959889060235,0.037739926375877975,10508227.25,0.8517469014576174,0,2.7460913818624704,2.3931773856072596,13.996002241285655,0.01983854952162339,0.02572615160265118,0.03644264983223538,-0.005552248234740534,0.05818454712923773,1
2021-10-18,723.10107421875,726.447653455614,710.1027887674178,716.8444363768378,15345601,56.35545073500066,3.983614846155092,0.9667750003153855,3.0168398458397063,715.4748945125624,689.2958740234375,663.1168535343126,689.2958740234375,687.0260290527344,691.1627058312449,682.3523376110272,693.7445135674499,689.7608987212948,689.2915639116052,0.02495528528223523,0.014565712853806843,0.022603845120622326,0.02495528528223523,0.052003980238043424,0.05978103937061974,0.0766953427037873,10421757.15,1.4724581257393816,0,6.369254739839903,3.898907944627581,14.837839282467371,0.02051973065936655,0.04620962346209575,0.05971802888576233,0.01065890608416547,0.09045799449181637,1
2021-10-19,725.0411376953125,732.3647735901549,716.6019556155323,732.3647735901549,11349799,63.68564887127614,6.185129061483053,2.010445812548919,4.174683248934134,721.777739867935,691.1122375488281,660.4467352297213,691.1122375488281,687.8990466308594,694.3892231516323,684.0264082025678,698.5593788178902,692.3742497564072,691.1249947233047,0.0026829768973286594,0.013477384334847782,0.02174058429943406,0.0026829768973286594,0.05282071148398759,0.04787614761526959,0.06748073509865393,10592074.15,1.071536966156907,0,8.91753721253383,5.0450770724118,13.968282702817687,0.019265503675030982,0.04414226707689956,0.05996073982073298,0.004521333434271072,0.0978041059482617,1
2021-10-20,723.4890747070312,734.741337274942,719.6575447586221,724.3621160046894,12762996,67.36745271107156,7.715665042387286,3.1514896585165926,4.564175383870694,726.6660328394305,692.7612731933593,658.8565135472882,692.7612731933593,688.8341455078125,697.1606375854798,685.5739637517624,702.3947166469889,694.6790516046016,693.4489329705558,-0.002140655071262265,0.012994095857994494,0.02084868043436308,-0.002140655071262265,0.02550525424969341,0.05256846295361295,0.06993267363909861,10729743.2,1.1894968744452339,0,11.509508882396517,6.264220706673768,13.947490246405291,0.019278093801282585,0.03776523759679893,0.05530418738159283,-0.004371964546058882,0.09809808331674665,1
2021-10-21,732.8497924804688,737.0693539701437,715.2924617696073,726.4476869364179,12166996,75.86372012192435,9.573599037359827,4.43591153428524,5.137687503074587,733.2079935824328,695.2906005859375,657.3732075894421,695.2906005859375,689.8555773925781,700.5596047183358,687.4279178195549,707.0801129290627,697.5065138917029,695.7575682743029,0.012938298725835073,0.012357048403581702,0.029715355621277292,0.012938298725835073,0.01348181963669659,0.06415953497857374,0.09572145211112115,10851069.5,1.1212715944727845,0,14.621407869043196,7.75128845316442,14.456744609794132,0.019726749953578544,0.04609199209411373,0.06607510908923664,-0.000488539548258152,0.11481542603142567,1
2021-10-22,736.5357666015625,742.8893822447653,730.7641389541915,735.7597628720237,13248928,83.15999491391045,11.214182307612418,5.791565688950676,5.422616618661742,739.5101480847414,697.3421905517578,655.1742330187741,697.3421905517578,690.9885583496093,703.9859058500716,689.3537158110062,711.6117519556011,700.3975696479887,698.3435147993753,0.005029644763380414,0.011284022948751258,0.0164625315434724,0.005029644763380414,0.015853760991807908,0.043998209507983166,0.08131588363109676,10992891.35,1.2052268669061303,0,16.185133533300927,8.664591939069737,14.425567852455629,0.019585699034028452,0.04623652331815724,0.06844389129758721,-0.004022096912236162,0.12418304854253477,1
2021-10-25,816.4654541015625,841.0069364855135,774.4636200950748,776.0156276682939,96124084,90.31340696296589,18.747900028663594,8.38283255689326,10.365067471770335,771.0917647944217,703.1016815185546,635.1115982426876,703.1016815185546,693.8627258300781,714.6982437787851,694.3384898616163,727.7430907472874,708.9951907186238,733.7755462035387,0.10852112161341765,0.029524200805098894,0.08150169251638806,0.10852112161341765,0.12851110354663065,0.1291166383395086,0.19661640455010443,15210052.15,6.319773466391435,1,23.535537947540206,11.986152250589043,21.125636335137862,0.025874501154962502,0.14239185727490966,0.17588966480064572,0.05884343651269281,0.28554643996530565,0
2021-10-26,804.5342407226562,816.4654693802694,797.6955555116205,803.8552151946809,16925115,85.81489999478777,23.484956434831815,11.40325733248097,12.081699102350845,789.6876765815551,707.9226837158203,626.1576908500855,707.9226837158203,696.3469482421875,723.2540530115348,698.6598918561668,739.557113820421,716.0721573855892,738.3671532284918,-0.01461324948773901,0.030122467562326633,0.023330161624680188,-0.01461324948773901,0.0978160176583498,0.1096394382255721,0.16276469976978447,15670695.9,1.0800487169175428,0,28.864829859902443,14.633483653599,21.88779136674202,0.027205543603814508,0.11238124055120252,0.1515391825129784,0.018800551890805442,0.28487480466845794,0
2021-10-27,809.96630859375,823.54658203125,799.4901094973087,803.9036865234375,22898400,89.81937331180154,27.362017934397613,14.5950094528643,12.767008481533313,806.9574962999104,713.6385223388672,620.319548377824,713.6385223388672,698.872880859375,731.5123630669839,703.0248493752878,750.3892976317023,723.0272796973047,745.2005041242244,0.006751816885027129,0.02941108035703659,0.02970058418319608,0.006751816885027129,0.09969718419921714,0.11952804390548222,0.17837991240705842,16141025.9,1.4186458866905107,0,34.351725481504104,17.450885623525323,22.452478623391034,0.027720262417300606,0.10724896732822842,0.1521161866660774,0.003728588318016368,0.3057243008250579,0
2021-10-28,774.7545776367188,807.0077256431113,772.378018047821,805.2131540654456,18750423,73.38827200896945,27.278870851338183,17.131781732559077,10.147089118779107,814.2978189340586,717.964810180664,621.6318014272695,717.964810180664,700.7362878417969,735.6306692164824,705.8377798953439,754.1378022478588,726.8589313965206,749.4859419807558,-0.04347308102008007,0.03313558819232925,0.044697648255171814,-0.04347308102008007,-0.05108712959661266,0.05718059223898431,0.12500880742541076,16505876.85,1.135984665970654,0,35.0710644981466,18.40986207578908,24.066881863517015,0.031063878237324774,0.05318417251677002,0.09763829551826093,-0.04856115339852336,0.24632391048507926,0
2021-10-29,778.004150390625,784.5032930676069,760.3983314851432,774.0755831442972,15701200,73.66273913670811,27.162081979152163,19.137841781877697,8.024240197274466,821.0131653471905,722.8731079101562,624.733050473122,722.8731079101562,702.6928161621094,739.6662388521149,708.6678336402568,757.8095481159767,730.6474661368245,754.4090867284772,0.00419432533566777,0.03309595761084843,0.03098307582338854,0.00419432533566777,-0.032975713138326035,0.056301928120070954,0.10277732165718456,16366561.0,0.9593463159426101,0,35.68033300204331,19.314117829250677,24.978004801544653,0.03210523335769295,0.05183136599286527,0.09784036110994923,-0.05238529267478651,0.24533854868319818,0
2021-11-01,779.7987060546875,785.4248073592453,769.2254697368435,783.4847683435156,11406421,72.60478919708451,26.904196767830058,20.69111277906817,6.213083988761888,826.4507458514961,728.2833923339844,630.1160388164726,728.2833923339844,704.9355017089844,743.4883785856932,711.4572796172934,761.192495491163,734.2882987233329,758.0190445302297,0.0023066145124823745,0.03313134721315327,0.020773742629505897,0.0023066145124823745,-0.03724550295362161,-0.04490912366552369,0.07840899959551928,16390091.55,0.6959339406496481,0,28.7901348069081,17.118789755677085,24.811714024939217,0.03181810104619379,0.04883778753618972,0.09605836976488079,-0.05644866319134697,0.23754778170598417,0
2021-11-02,776.9371948242188,785.7158601864775,774.0756252207518,784.7458406060003,9452457,73.24441220675271,26.167280714730282,21.786346366200593,4.3809343485296885,830.7793527359945,733.1698669433594,635.5603811507242,733.1698669433594,707.2683984375,746.6739801322195,714.0251194293296,763.6147569270177,737.4474762122874,760.8021356381687,-0.003669551139609206,0.03303428401711858,0.014982208398916008,-0.003669551139609206,0.0028171723672258953,-0.03430189108377668,0.07157670707329555,16413887.75,0.5758816645983216,0,23.419927120684747,15.36522757316277,25.026508178941715,0.03221175192237249,0.040530694114505335,0.08810905062439592,-0.06480921526811914,0.222444346542688,0
2021-11-03,762.3868408203125,781.8357200296188,757.0517335496389,781.8357200296188,11839149,67.8991939343986,24.131010203132746,22.255279133587024,1.875731069545722,832.0617894351676,737.4791809082031,642.8965723812387,737.4791809082031,709.2714892578125,748.170443054895,715.9216575230937,763.4258467567553,739.2948365536225,762.957318710823,-0.01872783810691192,0.0338387568549961,0.03250841325292652,-0.01872783810691192,-0.020073555600534143,-0.058742527026888536,0.053764137529004774,16630984.8,0.711872997442701,0,16.65807998791115,12.896808147805928,26.24595958923665,0.03442603962182314,0.01900154957655067,0.06490260883848169,-0.08373770974647554,0.1858623510722591,0
2021-11-04,758.6522216796875,765.3453798625028,755.6451849339539,764.8603701160753,3149310,63.782667455823564,21.962725965413824,22.196768499952384,-0.23404253453855972,831.206722299577,741.9703643798828,652.7340064601885,741.9703643798828,710.9719311523437,749.1687076858276,717.5973659213915,762.6914428987449,740.728716933331,766.5895328459193,-0.004898588145365479,0.03363687965566935,0.012786089134586886,-0.004898588145365479,-0.02711787569126456,-0.020783815187190302,0.035208346190404916,16128409.8,0.19526475573555924,0,13.538038469345224,11.7595860260476,25.501123042246018,0.03361371958522111,0.012658716116366302,0.05721154746099398,-0.08728815428629315,0.16226857214610146,0
2021-11-08,756.7608032226562,769.2255312127747,749.9706661249394,769.2255312127747,13967995,59.50165832479045,19.86275791404273,21.729966382770453,-1.8672084687277213,830.4279218918939,745.7510223388672,661.0741227858405,745.7510223388672,712.7005065917969,749.8917644036208,719.1331869920294,761.7790367947313,741.9162788806885,768.9374523793585,-0.0024931297938383112,0.03322590011992987,0.025443792815165317,-0.0024931297938383112,-0.025969141052807232,-0.02730492781729088,0.02745968021948708,16324732.1,0.8556339494232803,0,10.225525551505825,10.465353351772592,25.379869534391293,0.033537505412954055,0.009160040348620647,0.05232357080892703,-0.08870982866448911,0.14474425353934803,0
2021-11-09,762.9689331054688,764.9574615188623,755.8393124606458,760.4953948739159,10084357,60.45455631364292,18.48636301642307,21.081245709500976,-2.5948826930779063,829.2624189286968,749.7838806152344,670.3053423017719,749.7838806152344,714.4028930664062,751.137209041892,720.8522358592232,761.9620977656139,743.4757347491908,771.1711886830042,0.008203556336923379,0.03324509959863884,0.011950878551638205,0.008203556336923379,0.0007635130277563462,-0.02158220168685232,-0.06552208758784683,16359753.75,0.6164125178228921,0,7.648830456198766,9.39495624192989,24.905250326076573,0.032642548399324935,0.015751748044366798,0.05842625596637612,-0.07994271090793058,0.13824086570084296,0
2021-11-10,757.48828125,760.7863121575199,749.9220814859318,759.0887779652497,9507347,59.17299862102764,16.7601171450151,20.217019996603803,-3.4569028515887013,827.7556447994218,753.062548828125,678.3694528568283,753.062548828125,715.9772351074218,751.7420730617118,722.2889435216067,761.2738183016733,744.5137011566582,773.0568050673555,-0.007183322436421058,0.03334552094343537,0.014342440590183157,-0.007183322436421058,-0.0015342213420406203,-0.02503280021060006,-0.05847601890803078,16368239.25,0.580841155532352,0,5.068092929492309,8.263824092277105,24.75975454773493,0.03268665028966074,0.00764385604344969,0.048733042425894935,-0.08488901765985384,0.11663088315662995,0
2021-11-11,748.321533203125,753.70512942942,743.131893506917,753.4141354289994,9221059,54.17865506417275,14.485396266013026,19.07069525048565,-4.585298984472622,824.1971449794356,756.1108337402344,688.0245225010332,756.1108337402344,717.0985778808594,751.416307360894,723.3098293914702,759.2811590557428,744.7957627897298,774.2845078902153,-0.012101504767503601,0.033487600681506205,0.014129268574225348,-0.012101504767503601,-0.0111518328956689,-0.01844904301083361,-0.07610782663003801,16460487.65,0.5601935493083645,0,3.245864305999021,7.388171868376503,24.229718515059687,0.032378753570469224,-0.00411858796176309,0.03457951599067507,-0.09206002743215494,0.08763788023558605,0
2021-11-12,753.317138671875,756.5182504653758,748.0790687653425,749.5340980513727,15380106,54.50052674689108,12.936641640187986,17.843884528426116,-4.90724288823813,819.6404259152423,759.3434234619141,699.0464210085859,759.3434234619141,718.2150695800781,751.5973389143209,724.4865866181528,758.3636174582248,745.4269758180368,774.8855840697636,0.006675747318624747,0.033501984480680716,0.01120269441222569,0.006675747318624747,-0.012650311191975572,-0.007032317121540066,-0.027669973929338565,16911604.65,0.9094409618900358,0,2.428631228493259,6.889220696761299,23.966428401449644,0.03181452693841974,0.0022881929838101684,0.03979445939544711,-0.08091754035839331,0.07763535586805125,0
2021-11-15,750.1161499023438,761.0288704760063,748.4186155908851,753.7052342876302,10934583,19.76127623471814,11.320454249277645,16.53919847259642,-5.218744223318776,816.549438896712,761.5744689941406,706.5994990915692,761.5744689941406,719.2510510253907,751.4562732941326,725.4916675312584,757.0947762957816,745.7743220465039,776.1477018966566,-0.00424919148285241,0.013584394739274343,0.01681106970802177,-0.00424919148285241,-0.009732337159712667,-0.008780387794949607,-0.03584556775729164,17010816.3,0.6428017801826477,0,1.5645088905118882,6.358480539228935,17.404934472961802,0.023202985931215742,-0.0017833684266341152,0.03394178523769801,-0.0813585630334033,0.06158601989772307,0
2021-11-16,741.1433715820312,752.4926113349409,739.1548434898162,750.1160517687515,12785837,20.308930111080358,9.209425353362462,15.07324384874963,-5.863818495387168,815.345092370049,762.4765838623047,709.6080753545604,762.4765838623047,720.0057250976563,750.4740921786944,726.1054598469749,754.6407140321277,745.4312886787652,777.4974105286732,-0.011961851936504342,0.013472321824738348,0.01799620472440315,-0.011961851936504342,-0.009592349414787371,-0.028606094660502346,-0.04957091384291856,16882828.1,0.7573279147467005,0,-0.6631168631976152,5.253223987751653,17.016924042710066,0.022960367312448667,-0.01243310154728353,0.020710368626377717,-0.09100652163408234,0.04444044159406455,0
2021-11-17,738.475830078125,748.8065613872471,733.6257326006576,738.0878578031025,11657214,15.625018342323514,7.2377392852728235,13.50614293605427,-6.268403650781446,814.3285473238715,763.1483184814454,711.9680896390192,763.1483184814454,720.7235400390625,749.3314005500688,726.5905724050592,752.153808808435,744.9160695231622,777.9885929202393,-0.0035992246658189675,0.013008978748373505,0.020556974471302024,-0.0035992246658189675,-0.019701275640583105,-0.025099333735567275,-0.049503827339345774,16898198.85,0.6898494983682831,0,-2.4106725116430425,4.3016288834525085,16.382949489327807,0.022184814752291376,-0.014487008637266423,0.016357572096930534,-0.09314756002969725,0.03723164117165092,0
2021-11-18,740.0280151367188,744.4900818474299,733.7228874077177,741.9680544379498,20644385,25.310527740941055,5.734310669246838,11.951776482692784,-6.217465813445946,812.9440872661952,763.9752655029297,715.0064437396642,763.9752655029297,721.5335083007812,748.4453638440355,727.1175309435557,750.2883020897094,744.5539914204626,777.6059107257303,0.002101876588743057,0.007638502239447556,0.01454971192911251,0.002101876588743057,-0.013448763590729773,-0.011082826964642578,-0.029327402424123794,17292268.3,1.193850606632098,0,-2.970943516858597,3.8077015520855184,14.467156910312317,0.019549471931328895,-0.011246443780592048,0.01775570474337145,-0.08969383414138835,0.03499488936936769,0
2021-11-22,729.4546508789062,747.351522173044,718.0569219589233,745.2659566034415,20403786,18.738430702116375,3.6476032296374115,10.29094183208171,-6.643338602444299,813.2498792099244,763.8055084228515,714.3611376357786,763.8055084228515,722.2144616699219,746.6367245140232,727.2091827057263,747.0831249803551,743.4355217507177,776.6467418271907,-0.014287789166818388,0.007848475959245866,0.04015959070083956,-0.014287789166818388,-0.01577120048739622,-0.031676549713231195,-0.03848610729187163,17704107.8,1.1524888026269247,0,-4.960614400297686,2.7225960875734927,14.837845384002103,0.020341011420140047,-0.02301262859297542,0.003087788529876926,-0.10303749250159812,0.021128687505426912,0
2021-11-23,729.3091430664062,735.2262975856127,709.278275758755,718.7359659573292,24913042,16.783795786564,1.9595428947054643,8.624662044606461,-6.665119149900997,813.82439843078,763.4441772460938,713.0639560614076,763.4441772460938,722.8139343261719,744.9864786618692,727.2915340924197,744.348666224363,742.3891233296575,774.5478234280818,-0.00019947478890525172,0.007707043879623061,0.03557890652207969,-0.00019947478890525172,-0.012412981763734843,-0.027738380034407095,-0.036275214095850994,18287313.5,1.3623128405383327,0,-6.469794632263415,1.799866561161366,15.534179970034668,0.02129985633351675,-0.021043785416914297,0.00277414060168357,-0.10384949815628094,0.022782229934504898,0
2021-11-24,737.4088745117188,749.0975982602171,724.3136105732106,727.7571681382037,23186419,25.67177298783649,1.2607899510690004,7.151887625898969,-5.891097674829969,804.4717552566377,759.4913482666016,714.5109412765654,759.4913482666016,723.5889807128906,744.2648020761405,727.6882925402355,743.2810059608793,742.0202160098103,759.7196030480252,0.011106033048285724,0.008799482176486838,0.03360955982990771,0.011106033048285724,-0.00353924523319038,-0.00503883217944856,-0.03350078552964708,14640430.25,1.5837252460527926,1,-6.209290102553837,1.5828326932605705,16.473019450126156,0.022339057773116577,-0.009211677813188334,0.013358167324020556,-0.08336262933622197,0.03204700153960309,0
2021-11-25,728.5331420898438,732.31624186587,722.9555299001058,732.2677527313655,17749726,27.59961778819553,-0.00906967034632089,5.7196961666499115,-5.728765836996232,797.3695492609532,755.691293334961,714.0130374089687,755.691293334961,724.4358068847656,742.7665487441124,727.7214238951221,741.0121038268738,741.0211734972202,755.1172898378212,-0.012036378634244338,0.00807124728791142,0.012848711232151162,-0.012036378634244338,-0.001263284548192578,-0.013463796082844537,-0.0382251975071809,14681660.8,1.2089726252223454,0,-6.564851805956437,1.1308514900629234,15.735116459528522,0.021598353664997776,-0.01916269207106162,0.0011154243479282123,-0.08632936539263499,0.020335909738519703,0
2021-11-26,700.548095703125,719.802959122451,697.0559899751541,716.8444114844465,18987552,20.894216375928224,-3.2362959268589293,3.928497747948143,-7.164793674807072,790.6066584442902,750.2203826904297,709.8341069365691,750.2203826904297,724.7219616699218,738.7457436925897,726.6558031817106,734.7868718078356,738.0231677346945,747.4685273951305,-0.03841286658070475,0.012413166338312003,0.032470246206959236,-0.03841286658070475,-0.039436016450245526,-0.053349222767329896,-0.06384078952734396,14486118.4,1.3107411851610988,0,-9.699620151445743,-0.46172776184516806,17.290613401395717,0.024681550784948606,-0.05170608198503502,-0.03592857493777828,-0.11391070613846997,-0.013081945686605234,0
2021-11-29,696.862060546875,705.9317195550211,689.1988825061388,704.9617000159554,15878074,20.525186826599807,-6.021911371897659,1.9384159239789827,-7.960327295876642,791.4905198554721,746.3257568359375,701.1609938164028,746.3257568359375,724.8005346679688,734.7568214882359,725.4874211175994,728.9522854599954,734.9741968318931,742.2586723101783,-0.005261644673447252,0.012381831002049717,0.024011691834322123,-0.005261644673447252,-0.05498552481036001,-0.044680762940864205,-0.07494198024557397,14342500.95,1.1070645248937565,0,-11.879903025787257,-1.721761588126924,17.1104685414705,0.024553594621068556,-0.05157456158706468,-0.03945672900382972,-0.11955728708649158,-0.0061311643223744845,0
2021-11-30,692.9334106445312,710.3452726237059,689.7808472490506,695.2614811417723,23965914,14.746238245284601,-8.449144417947991,-0.13909614440641205,-8.310048273541579,790.5754712078453,742.0722198486328,693.5689684894203,742.0722198486328,724.5512390136719,730.7736395031212,724.2107932559104,723.4109201037702,731.8600645217182,736.9342003414256,-0.005637629202055683,0.011712114941784998,0.02967734714296337,-0.005637629202055683,-0.04886494434994737,-0.04987697297874527,-0.07623184658170212,14755736.65,1.6241760454568699,1,-14.212839158748011,-3.080740836509335,17.92805970693042,0.0258727020973843,-0.05178105341117514,-0.04318823041943651,-0.12350757659371349,-0.0009163585364455797,1
2021-12-01,705.8831787109375,710.781765183323,693.5639196261699,694.9219705634979,15214913,25.84023600330552,-9.221506253083817,-1.9555781661418932,-7.265928086941924,786.0328216194538,738.3764434814453,690.7200653434369,738.3764434814453,724.6977111816407,728.4031194276752,723.4920632737546,720.7143445048729,729.9358507579567,733.6551160482736,0.01868832974060375,0.01354306651320901,0.024391919337978667,0.01868832974060375,0.007615584198338077,-0.0427519886055836,-0.047575400689110925,14946161.25,1.0179813227961796,0,-15.861682648465376,-4.196229266480827,18.27102420116291,0.02588392067158889,-0.030916864736153456,-0.024338739091536235,-0.1019672979346905,0.021952617461549022,1
2021-12-02,700.7421264648438,705.3011708545943,693.7579740644888,702.8761220492831,21924640,26.852407787159052,-10.131657086532869,-3.590793950220088,-6.5408631363127805,781.4191913008221,734.5666900634766,687.714188826131,734.5666900634766,724.9382763671875,725.7687391455007,722.5999088890915,717.6416955756376,727.7733526621705,729.9071663004719,-0.007283148828510333,0.013407650069505745,0.01647281696669129,-0.007283148828510333,0.0055679109792887704,-0.0381465358532348,-0.05109673475608445,15569770.4,1.4081543553140643,0,-16.99780959861164,-5.121515006030677,18.11165397997474,0.025846389557519205,-0.03448290251536954,-0.03024880318328765,-0.1032442839056409,0.018943825575200503,1
2021-12-03,694.8250732421875,707.629344643626,693.6610378047292,698.899167670641,20130259,21.796219538466787,-11.201293385925283,-5.112893837361128,-6.088399548564155,779.3204400158425,731.1886016845704,683.0567633532983,731.1886016845704,725.0246105957032,722.8217233451852,721.5106996480365,714.1314459858761,725.3327393718014,726.565346652566,-0.008443981029807701,0.01303351644515154,0.020103343095720563,-0.008443981029807701,0.002729934173468118,-0.008169349822003902,-0.06108274412581538,15984325.9,1.2593749105178091,0,-15.924020347404507,-5.145103533674046,18.50659148989357,0.02663489301492569,-0.038732441484230044,-0.036985766695998616,-0.10842185375240163,0.0172288900722037,1
2021-12-06,688.27734375,705.0101805958118,686.2888155601072,697.4440401239817,20129080,21.114747069043474,-12.4340034559267,-6.577115761074243,-5.856887694852457,777.6039096703579,727.6698577880859,677.7358059058139,727.6698577880859,725.144892578125,719.531782431358,720.20743078929,710.1538917957413,722.587895251668,724.2583334238894,-0.009423565361040498,0.013063247388429407,0.027200321506594113,-0.009423565361040498,-0.02494157035033584,-0.012319104860060826,-0.05644944079702896,16833314.4,1.1957882756588922,0,-15.225039056877904,-5.279990328309395,18.943099357792384,0.027522479898267584,-0.043437189912232436,-0.044334570394944664,-0.11487412139970495,0.015554051818314414,1
2021-12-07,712.6248779296875,718.735989183653,690.6539116916487,695.5040093861126,30513303,38.35189978057306,-11.315850459902094,-7.5248627008398135,-3.790987759062281,773.8613316537918,725.4630615234375,677.0647913930833,725.4630615234375,725.4873107910156,718.8739820026275,719.9100757751879,710.5340435086562,721.8498939685583,721.4365048882992,0.03537459775594631,0.01695944231051579,0.039406535418168694,0.03537459775594631,0.016957381347673106,0.028417546307718533,-0.022876807860339077,17660579.8,1.727763377281645,1,-11.899657500493731,-4.300717480722483,20.16601918554441,0.028298225069170443,-0.008692906169077553,-0.010119594225231301,-0.0791310422414285,0.05252095071054892,1
2021-12-08,730.8126831054688,736.0507526538191,721.791454784724,725.4775760881759,33432411,47.22223328435023,-8.859970059137936,-7.791884172499438,-1.0680858866384977,769.0369673742811,723.8552490234375,678.673530672594,723.8552490234375,726.0780517578125,720.011001155279,720.3376290038264,713.6538342158581,722.513804274996,721.0906417757,0.02552227088762371,0.018547628442120743,0.0195115632209646,0.02552227088762371,0.05179376975467531,0.035316756577280506,-0.008945093603081045,18827982.5,1.775676761968522,1,-8.392118272396146,-3.154434269928288,20.754951038225986,0.028399823262550975,0.01500210681900431,0.014541867146561015,-0.049704092118381886,0.07682508610760563,0
2021-12-09,732.36474609375,740.12490234375,725.9626408696174,736.2933133542538,16007459,47.22218657755598,-6.7110676257517525,-7.575720863149902,0.8646532373981497,765.1648418836751,722.599072265625,680.0333026475748,722.599072265625,726.5630627441407,721.1875482922762,720.8092806544116,716.5324360432261,723.2435036689778,720.7126261133117,0.002123749387717311,0.01854787311993362,0.019337716007864332,0.002123749387717311,0.06405470519128942,0.04512732777810635,0.005259340697823411,19152988.1,0.8357682319031984,0,-4.581190853224484,-1.7906282346798434,20.997455826398873,0.028670762674465205,0.015498323325105407,0.01603123842807261,-0.042866705309117625,0.07695423627406639,0
2021-12-10,735.2748413085938,737.0208647107474,728.5331933895731,733.8198119392496,7627774,52.23382992738963,-4.718830857376247,-7.0043428619951715,2.2855120046189246,763.2333656724817,721.9467376708984,680.6601096693151,721.9467376708984,727.3555688476563,722.5291952462112,721.3765575428109,719.4158830071287,724.134713864505,720.3015701559918,0.00397355993767512,0.018147796554098736,0.011543535620052755,0.00397355993767512,0.03178385161728947,0.058215757640494914,0.0495708229291727,19073323.85,0.3999184442097123,0,-0.2925280989740031,-0.13414210522557823,19.511246619759852,0.02653599106564699,0.017640319790869215,0.019266336867285863,-0.03663168517174795,0.08023789092886913,0
2021-12-13,731.3947143554688,746.624032582974,729.9396850828783,740.1248899910115,16855546,50.7781493299763,-3.4137115410078422,-6.286216597797706,2.872505056789864,759.72399908407,720.8506164550781,681.9772338260863,720.8506164550781,728.21888671875,723.3735303994738,721.769426437425,721.2587801376426,724.6724916786504,719.6932063289662,-0.005277111000043799,0.018218203513496765,0.02281168727722966,-0.005277111000043799,0.0007964164599973955,0.06264534347527517,0.04955450405994788,19147095.85,0.8803186724528774,0,3.841747968115783,1.561995648134939,18.84955559641971,0.025772069754469874,0.011088578194954632,0.013335682512285351,-0.0372889164522317,0.07246206776161188,0
2021-12-14,735.9053955078125,741.4344598807473,723.9256178874251,728.533211001736,17488089,49.42359828359442,-1.9924530497515889,-5.427463888188483,3.4350108384368943,757.2402051734837,720.1400787353516,683.0399522972195,720.1400787353516,729.3402307128906,724.5670413621726,722.3237781656754,723.5121055792072,725.5045586289588,719.3842588820893,0.006167232362786157,0.018041028157209538,0.023792245715551823,0.006167232362786157,0.004834543761079946,0.03266868488475927,0.062014595058002664,19474771.15,0.8979868808368514,0,5.6930593595451455,2.413702390487515,18.329902332585114,0.024907960241189072,0.015648454177992932,0.01880267236477701,-0.028174428034738817,0.07739729284179407,0
2021-12-15,729.697265625,736.7299079324526,728.3877628084907,734.8868469559659,7358740,50.45561933700734,-1.35146085437907,-4.612263281426601,3.2608024270475306,755.6426747780133,719.5677734375,683.4928720969867,719.5677734375,730.5023156738281,725.0556341491086,722.6129345366294,724.4636686631753,725.8151295175544,718.7901609133334,-0.00843604343806803,0.017881128497562924,0.01143233710327353,-0.00843604343806803,-0.007585701795082667,-0.0015262700090658,0.03373658366183352,19203416.3,0.38319952476372654,0,5.044632993829623,2.2753055328030314,17.893388083467187,0.024521659770975226,0.00640175906134232,0.009803770109530903,-0.03433555305837557,0.06760040289265362,0
2021-12-16,718.9299926757812,735.1778196752333,716.7959378855409,735.1778196752333,14123215,58.31504222278546,-1.69278548524278,-4.028367722189836,2.3355822369470562,753.5504077305708,718.5904815673828,683.6305554041948,718.5904815673828,731.2967614746094,724.4722397230775,722.4685054440471,723.6123338958839,725.3051193811267,718.3183851043278,-0.014755808273443916,0.01479694927670162,0.025568389101805346,-0.014755808273443916,-0.017042400546566472,-0.01834434752577363,0.02595514886866157,19326716.35,0.7307612293901131,0,3.2846914308012174,1.6592247896354593,16.958011631681675,0.023587848336339055,-0.007650047501357224,-0.004897809027801114,-0.045943064590800324,0.05163525385537485,0
2021-12-17,706.4652099609375,719.7544893273117,704.282666024298,719.7544893273117,13227787,54.024360299157976,-2.935255706217731,-3.8097453189954154,0.8744896127776842,750.7433901084735,716.9123413085938,683.0812925087141,716.9123413085938,731.9020544433594,722.7572845076355,721.8409252290231,720.974314828969,723.9095705351867,716.8852741438446,-0.017337964533168493,0.015581053942051603,0.021900332931991357,-0.017337964533168493,-0.04000539434360273,-0.03918212582438252,0.016752614675280553,18955886.45,0.697819489206742,0,0.22808926142431574,0.46436768621219926,16.867939221262493,0.02387653204068629,-0.022541557028784125,-0.021300697606203577,-0.05897911420990108,0.03423299350849237,0
2021-12-20,688.6653442382812,698.6080439454036,677.2676153057263,696.5709675066236,16900016,48.39768001811111,-5.295183136923129,-4.106832882580958,-1.1883502543421702,750.3959130862165,714.8728759765625,679.3498388669084,714.8728759765625,732.2987902832032,719.5104330534112,720.5399220529157,716.0037039688632,721.2988871057863,714.793288040535,-0.025195672018499593,0.01703918032295057,0.03098809722054692,-0.025195672018499593,-0.05623143092303373,-0.05842176499025176,0.0005637269507772213,18780697.95,0.8998609127835955,0,-3.8630973460625455,-1.229504384509255,17.484594169873624,0.025389101275617373,-0.042869550458402156,-0.04423707394840728,-0.0822639992721319,0.013712383279445906,1
2021-12-21,698.7536010742188,707.0958052277921,694.6795660840788,698.4141178934732,14563335,47.2646394745605,-6.2790239331911835,-4.5412710927030036,-1.73775284048818,748.8821883074625,713.3450988769531,677.8080094464437,713.3450988769531,732.6509094238281,717.5335919125358,719.6855565243393,713.3498419850716,719.6288659182628,713.5413158795737,0.014648997398142516,0.016724069059535388,0.01776912365764603,0.014648997398142516,-0.02806447332440276,-0.05048447077624307,-0.01946504715884667,18263212.6,0.7974136488998654,0,-7.033449449636805,-2.638221641336145,17.52617320206784,0.025082050632904408,-0.026172977892589416,-0.029084862493572408,-0.06693788157325331,0.03090195355596487,1
2021-12-22,710.830322265625,712.9158880033236,698.4625728662525,704.4767059838692,9843359,53.674899514726945,-6.0148983772980955,-4.835996549622022,-1.1789018276760732,745.70402719396,712.0161712646484,678.3283153353368,712.0161712646484,733.2212805175782,716.8951852794967,719.3382924357622,712.9622235666952,718.9771219439933,711.8279928108092,0.017283232848947394,0.017249003911200645,0.020333003087156177,0.017283232848947394,0.006178807170035716,-0.02585585043026728,-0.02734265743026243,17596059.6,0.5594070049637704,0,-8.160448869611969,-3.2746421008671405,17.69246680854088,0.024889859442334693,-0.008459902002978522,-0.01182749515715099,-0.04676614803806633,0.04791486098324021,0
2021-12-23,709.375244140625,717.3294158327018,706.1257025177523,716.8928952193315,9994049,55.478386124761684,-5.855491158267341,-5.039895471351087,-0.8155956869162546,743.8461213371702,711.0582763671875,678.2704313972049,711.0582763671875,733.5704870605468,716.179000409128,718.9475846594825,712.4103805780691,718.2658717363364,710.9716182923124,-0.0020470118949937888,0.01705873649412685,0.015793775448877213,-0.0020470118949937888,0.030072516463349297,-0.01329023497767079,-0.03139078181431487,17208275.75,0.5807699240291404,0,-8.29323931394947,-3.5209207845646233,17.494995842544636,0.024662540717415374,-0.009500077864076204,-0.013314378854741182,-0.04634140880452376,0.045859013313237995,0
2021-12-24,705.3012084960938,711.8973889628089,698.0260616918899,711.8973889628089,8800690,56.53143986777838,-5.988864514906481,-5.229689280062166,-0.7591752348443155,743.8309448011657,711.295932006836,678.7609192125062,711.295932006836,733.92939453125,715.1430202269343,718.412432653075,711.3166617962268,717.3055263111332,711.1101195810988,-0.005743131971664428,0.016903175662213936,0.0196672387680955,-0.005743131971664428,0.009370409557545312,-0.0016476415942805467,-0.04076520931840244,16698932.65,0.5270211087413422,0,-7.6142642807012635,-3.4284925759480984,17.14856457363138,0.024313817085606704,-0.013762018858433983,-0.018250274579132673,-0.05179905000506724,0.039101086306470606,0
2021-12-27,713.9343872070312,716.6019409635793,694.6309745229842,702.2941526330036,7955163,50.5712987800754,-5.336423520917606,-5.251036128233254,-0.08538739268435158,743.978218325104,712.1495483398437,680.3208783545834,712.1495483398437,734.434775390625,715.0279123202769,718.23682302774,711.7193887825043,717.0558123034219,711.7147447832641,0.012240413892592006,0.014308374611643974,0.030774489693019724,0.012240413892592006,0.004366815601665186,0.03669277564228168,-0.02387264606338335,16302787.1,0.4879633740662663,0,-4.482520733134379,-2.3030990251756975,16.54230178841296,0.023170619156093288,-0.0015293460498585468,-0.005990274631940698,-0.040382675699443864,0.049408315872570406,1
2021-12-28,713.7403564453125,720.1910099848699,710.539303845837,718.2024817946877,17833655,41.16470163854475,-4.779916096124111,-5.156812121811425,0.37689602568731395,743.7071189971302,713.1898956298828,682.6726722626354,713.1898956298828,734.599677734375,714.9052879512326,718.0604910048997,712.0303068844748,716.810222980599,712.9389154531126,-0.0002717767419465611,0.012323577384995291,0.013522713199379496,-0.0002717767419465611,0.006153460161942403,0.021447839908165234,-0.030119413715135157,15996174.15,1.1148700203417077,0,-2.6283039613032315,-1.625065519439545,15.558432603763046,0.021798448782201024,-0.0016294906829666092,-0.006016393623803717,-0.04029376859028476,0.04550890264833227,1
2021-12-29,713.6433715820312,722.6160521279113,709.9573092528904,715.8744046334617,7143073,40.16313372745238,-4.297170711420904,-4.984883839733322,0.687713128312418,743.900680727425,713.5779052734375,683.2551298194501,713.5779052734375,734.4105236816406,714.7851054398801,717.8872706353756,712.2784706840989,716.5756413955198,713.4603394546701,-0.000135882555057254,0.012285565359094764,0.017738191622180384,-0.000135882555057254,0.011827802058818726,0.003957413222666517,-0.022000759491976773,15592582.15,0.4581071262786324,0,-2.11007983961656,-1.451021800386684,15.451038418112214,0.021650924023661533,-0.001597310645059171,-0.005911651072442319,-0.04067385597201839,0.0444756876843519,1
2021-12-30,713.6433715820312,718.2994534296456,707.1442289672,711.3153010555776,14326182,38.275517563070245,-3.8699807865233424,-4.761903229091327,0.8919224425679841,743.9388531986513,714.2229675292969,684.5070818599424,714.2229675292969,734.182568359375,714.6763688819898,717.720843221519,712.488455437627,716.3584362241503,714.4147625223602,0.0,0.012187990343214867,0.01563137122357952,0.0,-0.00040762236728575374,0.006016741458996,-0.00735345742646476,15212659.25,0.9417276601393672,0,-1.5026315271381918,-1.226741437963483,15.641577928203017,0.02191791944137053,-0.0014454057038076078,-0.005681138673896985,-0.040723080245588836,0.04256535906527028,1
2021-12-31,717.9600219726562,723.8771177792522,714.4679159315479,714.4679159315479,6973055,42.75255142694207,-3.146837300966581,-4.438890043466378,1.2920527424997967,743.6838408350209,715.3797149658203,687.0755890966198,715.3797149658203,734.0719873046875,714.9890977477676,717.7302227803871,713.3302349045546,716.4770722055212,715.6054225501258,0.006048750065534403,0.012333148383533816,0.013105467658006617,0.006048750065534403,0.005912045590863446,0.01794809554283172,0.01627088191979653,14554799.05,0.4790897473778588,0,-0.15392247916668111,-0.6822098726879631,15.180820692283394,0.021144381619707456,0.004155202134196392,0.0003201748860163272,-0.03458972408689354,0.0449505605586191,1
2022-01-03,741.7739868164062,743.0350004330008,720.7245500283545,720.7730391664358,9653095,52.62016527988742,-0.6447209951062405,-3.6800562337943505,3.03533523868811,745.677426045386,718.0545471191406,690.4316681928951,718.0545471191406,734.2504711914063,717.5400395638284,718.673115487682,717.7061967371471,718.3509177322534,717.8864209275142,0.03316892879121469,0.015329931016038184,0.030077153959523092,0.03316892879121469,0.03941830941694868,0.03899461926506409,0.07711821572329502,14030999.8,0.6879834037200969,0,2.512127243551504,0.4362924599420239,15.721259011356421,0.02119413634175814,0.03377365152655312,0.0321437811306581,-0.0052347557973978324,0.0743626357086027,1
2022-01-04,749.6795654296875,754.6751896603275,740.7068848328263,744.9265052853369,12114437,58.788342125523045,1.9536182335657486,-2.553321340322331,4.506939573888079,750.7766815127791,719.9072814941406,689.0378814755022,719.9072814941406,734.5133471679687,720.6009467891483,719.889054701094,722.6251765359995,720.6715583024337,720.5214311412248,0.010657664940787237,0.015306216790887138,0.018632367042704635,0.010657664940787237,0.050496081492034106,0.050353337400403486,0.07288114762797426,13111056.5,0.9239863316888307,0,5.695658837915744,1.8285636961942373,16.12312756160923,0.021506692065653508,0.0403532895288406,0.04138208593956588,-0.0014613081494232632,0.08800921630655123,1
2022-01-05,764.423828125,771.9899681166116,748.0790238096181,749.8250470068685,19741360,69.33219628415233,5.143271140743309,-1.0140028441092033,6.157273984852512,758.1007896106959,721.5878387451172,685.0748878795386,721.5878387451172,733.4725146484375,724.77455453542,721.6355164039923,729.0557383189226,723.9124671781793,722.561522663053,0.019667419755347915,0.0151648042741442,0.03127969514718421,0.019667419755347915,0.0647164253305923,0.07115662887808627,0.07539563828475515,12426503.95,1.5886495573841588,1,9.98944909553984,3.748245768616698,16.51806059855931,0.021608510868996938,0.054705664460026754,0.05929352248934159,0.00834063042930106,0.11582520633775431,1
2022-01-06,761.5138549804688,768.7405126502274,750.7951505252694,751.8136592372482,13018067,75.45988682575197,7.351539564857148,0.6591056376840672,6.692433927173081,763.485348649078,723.0452941894531,682.6052397298282,723.0452941894531,732.6121069335937,728.2735355301866,723.199372818756,734.0492947283913,726.6977551635341,723.8963720128914,-0.003806753580234301,0.014056712286440799,0.02356537836782797,-0.003806753580234301,0.026611701832229606,0.06707899954611274,0.0734993380027058,12277034.35,1.0603592552463617,0,13.597166648196776,5.4785295972370704,16.694741942983903,0.021923096781229397,0.0456426299029019,0.05297914185458628,-0.002582228555004534,0.11559919358643098,1
2022-01-07,769.4679565429688,778.2466210419217,762.67782014738,768.4494479246886,12250210,91.11555848734548,9.63240139426432,2.4537647890001177,7.178636605264202,769.9799635774021,724.7549499511719,679.5299363249416,724.7549499511719,731.8021398925781,732.1968137218801,725.0138270824507,739.4983196229417,729.8659182286774,725.8642515158969,0.010445117328435227,0.010963752161976328,0.020233202386345656,0.010445117328435227,0.026395798986383445,0.07174206500912139,0.09097779398917671,12508156.15,0.9793777638441138,0,17.20771597411249,7.2836043020636225,15.80439704342974,0.020539382971105163,0.0509031753793535,0.06131487124791429,-0.0006649615037442801,0.13235328630911133,1
2022-01-10,786.4434204101562,788.431948824219,775.0456896795743,776.2582142253809,10905080,91.69747930377565,12.663798504780289,4.495771532156152,8.168026972624137,780.4722131810067,727.5073852539062,674.5425573268058,727.5073852539062,732.0359167480469,737.3631572160017,727.4228307423607,746.7206428209747,734.0568443161944,727.7306902291866,0.022061300568582576,0.011475966880358793,0.01702126153927692,0.022061300568582576,0.028805476065766555,0.06021973591371843,0.10156260085298063,12210632.85,0.8930806563396098,0,19.823117652173323,8.749715254678677,15.842506421411128,0.020144496107741276,0.06656185993813775,0.08113656483336239,0.00765076210056523,0.1658914798894389,0
2022-01-11,786.3463134765625,790.2748805211734,777.8586430445617,785.4732722642977,9982061,90.52573724012515,14.886761516837737,6.573969529092469,8.312791987745268,789.1267199409695,730.0294311523437,670.932142363718,730.0294311523437,732.2027600097656,742.0282197170075,729.7335555554666,752.8168998449113,737.9301383280736,729.6933667924295,-0.0001234760582561334,0.011398587892045484,0.01578978277613773,-0.0001234760582561334,0.032609332494325516,0.048909893956972095,0.10172600775000884,11835331.45,0.8434120364242103,0,21.42727292785912,9.844500854372654,15.697000874235446,0.019961943745671677,0.05972561768130186,0.07758003930352736,-0.0035233966790719482,0.1720206319319213,0
2022-01-12,799.0535888671875,800.7026339113712,787.7043485105037,794.0579645991324,13034848,92.9401003004337,17.472435286598397,8.753662680593655,8.718772606004743,800.1669506221726,733.4972473144531,666.8275440067337,733.4972473144531,732.5878576660157,747.4592072551198,732.4519882343576,759.9302366175692,742.4578013309708,733.1914956182188,0.01615989694724207,0.011288573625942705,0.01626710095789083,0.01615989694724207,0.038449466378222885,0.04530178085516812,0.11968193174108199,12119136.85,1.0755591063401517,0,22.684652719699898,10.816471830365344,15.922187097082533,0.01992630696979323,0.06902635101858831,0.09092964686105794,-0.00139141182239461,0.19829121644549016,0
2022-01-13,799.9751586914062,803.1762114612432,792.8940276053314,796.3860744078269,9372244,96.7432693872385,19.37264753906527,10.877459652287978,8.495187886777291,810.0851247529283,737.5495056152344,665.0138864775404,737.5495056152344,733.0486169433593,752.4607264395281,735.0999557032615,766.090993859698,746.7183463206327,736.3424440108593,0.001153326681787803,0.010752373531144395,0.012853128930567373,0.001153326681787803,0.01720624514118607,0.05050637419055759,0.1209732907880745,11881588.3,0.7888039682371422,0,24.187190909341552,11.900582884505411,15.665819710296303,0.019582882718411333,0.06314539826776813,0.08825358032579318,-0.012480128016923603,0.20294504364221863,0
2022-01-14,795.416015625,797.3560546875,787.2678278803825,796.3860351562499,7552844,91.91609716030722,20.27695458582525,12.757358638995434,7.519595946829817,817.3606046764221,741.9970458984375,666.6334871204529,741.9970458984375,733.7092004394531,756.551706361954,737.4652913864669,770.6025356697444,750.3255810839191,739.6912608841373,-0.005699105799565118,0.011397683822941528,0.0126829566025153,-0.005699105799565118,0.011533979358711477,0.03372207882263156,0.1078834354028888,11597841.15,0.6512284400446371,0,24.3548926400739,12.451464304016213,15.004131451041205,0.01886325036999874,0.05137032794484551,0.07858095142292489,-0.02684811199104654,0.19318340736350925,0
2022-01-17,794.7369384765625,804.0491608947066,790.1293460024887,795.4159639453786,6722700,91.45967778216554,20.700209455795175,14.345928802355385,6.35428065343979,821.7856367093209,747.3006256103515,672.8156145113821,747.3006256103515,734.4308947753906,760.1883951347738,739.7112383311766,774.3155207169472,753.615311261152,745.3326011461058,-0.0008537383395579301,0.011430436418231443,0.017514996747100893,-0.0008537383395579301,-0.00540220387063739,0.01054560042231767,0.07140038960851958,11088975.35,0.6062507840275793,0,22.82523791877213,12.288407588815858,15.308996361982995,0.01926297321894831,0.04544734379385463,0.07438808185411176,-0.03291454246033016,0.18121060411733028,0
2022-01-18,798.4230346679688,810.9363100238994,793.669974594114,796.38601737993,10835146,91.8581230126108,21.08996713322506,15.694736468529321,5.395230664695738,826.429143601288,752.2840972900391,678.1390509787901,752.2840972900391,735.2641394042969,763.8297893760305,742.0136617169331,778.0243690171043,756.9344018838792,751.115167782526,0.004638133718148474,0.011246250614933949,0.021625547711014804,0.004638133718148474,-0.0019402152761548441,0.015358018451200106,0.0650190714620098,10902565.9,0.9938161437758427,0,21.801569659023016,12.280106161466506,15.638110115894742,0.019586246183889204,0.045289206801160976,0.07602201396199484,-0.033888094521060216,0.1773736278947025,0
2022-01-19,784.3577270507812,796.3859922727045,779.1681465201582,791.535894877621,16416144,80.6559176316561,20.032972487866346,16.562383672396727,3.4705888154696183,828.7298303551662,755.9604675292969,683.1911047034276,755.9604675292969,735.6919152832031,765.78483105934,743.6742132986527,778.9987317915161,758.9657593036497,755.6267562939106,-0.017616360007745357,0.013062176481630546,0.021951521810444987,-0.017616360007745357,-0.013902521896707931,-0.018391584771229708,0.026077024541052873,11231205.15,1.461654718327356,0,18.325623804220186,11.222225064295117,16.216657521992236,0.02067507842750216,0.02425341328026647,0.054706097138519996,-0.05354230254432682,0.1480795368248682,0
2022-01-20,785.9583129882812,788.5773775230373,771.5535468550623,778.9256714959455,13567654,80.18939299507143,19.10422886628487,17.070752711174357,2.033476155110513,830.260959171123,759.7896209716797,689.3182827722364,759.7896209716797,736.2613159179688,767.7061150525725,745.3324132864814,780.0694365910184,760.9652077247335,759.1534952084111,0.002040632586764124,0.013124864991101307,0.02165996642143637,0.002040632586764124,-0.011045951261695608,-0.017521601203284387,0.03209982044048232,11409885.4,1.1891139590236375,0,15.245388613044383,10.232457583219912,16.70166355561752,0.021250062859080092,0.0237749805268372,0.054507088350905536,-0.053359905332740834,0.1401965284126614,0
2022-01-21,780.3806762695312,787.0252860646632,771.6505008979641,778.9256470409367,12078277,70.45210279014003,17.713929038578158,17.199387976655117,0.5145410619230404,829.6577751806469,763.5435943603516,697.4294135400562,763.5435943603516,736.9024987792968,768.9132161208543,746.7068549720913,780.1173196184819,762.4033905799038,762.2809139038095,-0.007096606304147768,0.011102222783865783,0.019701647714030386,-0.007096606304147768,-0.022597492325532098,-0.01890248506456671,0.014182162666773968,11573764.75,1.0435910233962549,0,12.361509758900297,9.241563585624363,16.008792606071413,0.02051408125916002,0.014913854916592549,0.045096440555241146,-0.05939448816758963,0.11893857803964103,0
2022-01-24,774.5120849609375,792.2149409123907,759.816265790354,788.6258569058322,29612316,63.44534038334435,15.954644920588748,16.950439365441845,-0.9957944448530966,828.5375029642738,766.5724792480469,704.6074555318199,766.5724792480469,737.3263977050781,769.4464417246717,747.7972561481245,779.2549758250136,763.3003309044249,765.5226683298605,-0.007520164820901898,0.011285811675152312,0.04183107759212141,-0.007520164820901898,-0.012552489444916604,-0.025448488092668975,-0.015171257257128756,12656622.4,2.339669705244584,1,9.258046589897845,8.086017816947901,17.32524762710966,0.02236924118231604,0.006583490366024006,0.03572469488644572,-0.0652057605238732,0.09921074334411535,0
2022-01-25,777.6161499023438,780.1866660344843,762.4838102950481,765.3453796391933,19513184,58.17307437795275,14.642086818679786,16.488768856089433,-1.8466820374096464,826.6412535097477,769.7662689208985,712.8912843320493,769.7662689208985,737.8763977050781,770.2245091701643,748.9666245306429,779.0028487599875,764.3607619413077,769.6764202474014,0.004007768247493271,0.010161665383942961,0.022765545367929206,0.004007768247493271,-0.01061400197450657,-0.026059975554535098,-0.011102186688739302,12740598.85,1.5315751033162779,1,6.3947197941338345,6.952962813709746,16.881812729426997,0.02170969922827231,0.009596735294937774,0.038252072166306134,-0.05930638399578232,0.0907920562262717,0
2022-01-27,770.8260498046875,777.4706599600323,757.6337485604175,763.3083983827408,23984679,55.504564317149146,12.905207536531293,15.772056592177805,-2.8668490556465116,822.9987019148012,772.6254028320312,722.2521037492612,772.6254028320312,738.4700512695313,770.2817987544046,749.8238568943309,777.7448796899413,764.83967215341,771.0122612573158,-0.008731943258263097,0.01043261359504849,0.025734614709299306,-0.008731943258263097,-0.012243545689160196,-0.01725192062169567,-0.035326215232345026,13582679.15,1.7658282828539023,1,4.496967695064541,6.149643595678185,17.02731553063901,0.02208969914152928,0.0007065609640043588,0.02800950212139801,-0.06339335893085622,0.06725345042717845,0
2022-01-28,757.7307739257812,781.6902087749737,755.1601985082153,779.6531914591883,14072314,43.45952498210997,10.352699395943546,14.688185152930954,-4.335485756987408,817.6236829805312,774.8297729492188,732.0358629179063,774.8297729492188,738.8551501464843,769.0864630564404,750.1339320720348,774.6657864954551,764.3130870995116,773.7540013675206,-0.01698862652893518,0.011063057255376901,0.03501244924936487,-0.01698862652893518,-0.021666945372456836,-0.03591480438087924,-0.05280712070450799,13569985.75,1.0370175959838426,0,1.38034800386788,4.801518785553412,17.72711868816083,0.02339500954450766,-0.014765165785821117,0.010127313975468783,-0.07325241465171214,0.03510061775587687,1
2022-01-31,765.1513671875,774.7545838873432,760.495285444206,765.2968937941276,14824509,36.72108682991447,8.826847758002714,13.515917673945307,-4.689069915942593,811.0525815871025,777.189340209961,743.3260988328194,777.189340209961,739.3576171875,768.7116920213032,750.7228510961706,773.2020296788467,764.3751819208439,774.7578804681663,0.00979317920964573,0.009462507215786588,0.018635918400761228,0.00979317920964573,-0.01602948024730344,-0.019515230893251023,-0.03804882959732647,13962558.45,1.0617329949297365,0,-0.20152409955107942,4.015996124079379,17.58853423675452,0.02298699968531123,-0.004631547654025421,0.019219497675156027,-0.05659462215110769,0.02936163332479637,0
2022-02-01,786.0068359375,788.4803739691243,765.6364252212842,778.0041745847009,20031583,49.831826565476376,9.194473209667194,12.651628781089686,-3.4571555714224917,809.0394694927126,779.4009826660156,749.7624958393186,779.4009826660156,740.4886608886719,770.3588485847505,752.1065367762228,775.1719998724857,765.9775266628185,776.4424570010927,0.027256657498580195,0.01227361634605091,0.029063295258231845,0.027256657498580195,0.01969417890931302,0.014841280336048257,-0.010984895902532599,14481482.85,1.3832549613522487,0,0.9124068600788178,4.3092806280983496,18.36801775854114,0.023368776095481297,0.020312595073707404,0.04507379939361394,-0.028469109881196004,0.0483410950791928,0
2022-02-02,789.3533325195312,794.1549406690028,784.6002135018141,790.5658568398378,11214375,44.70336596495461,9.64467551925668,12.050238128723086,-2.405562609466406,807.7807463541958,781.3846710205078,754.9885956868197,781.3846710205078,741.6895446777344,772.1678470547296,753.5671954328232,777.3537433566465,767.7090678373899,778.1230812366814,0.004257592210428651,0.011456039132579499,0.012104499687980115,0.004257592210428651,0.04173323782260341,0.01509379996629634,-0.011359519646385485,14436479.75,0.7768081411952246,0,1.943337884565267,4.600570902180266,18.025046810854,0.02283520708441172,0.02225615263618145,0.04748897948795895,-0.02281239546477689,0.045516895260450406,0
2022-02-03,784.697265625,793.863961498765,781.8356963345784,789.6443412621226,9755335,41.9846951812684,9.516063154621861,11.543403133902842,-2.027339979280981,807.5811617868304,782.3983428955078,757.2155240041851,782.3983428955078,742.6353125,773.361125013803,754.787982499183,778.4835160133163,768.9674528586944,779.6041762925884,-0.0058985839455057976,0.011517873595152547,0.015328542217623538,-0.0058985839455057976,0.025545139531470307,0.017995260829375415,0.00043288739628466466,13937178.5,0.6999504957190582,0,3.0793262593983854,4.964125604852143,18.1497669043022,0.023129642091776852,0.014658275732433165,0.03962607224718145,-0.028336342208872458,0.03629315663721521,0
2022-02-04,780.914306640625,787.6559550427033,771.9416248867518,785.521899973695,10314067,42.32943686271269,9.00507881144381,11.035738269411036,-2.030659457967227,806.581564521705,783.3683654785157,760.1551664353264,783.3683654785157,743.6829357910157,774.0804756449289,755.8125442302199,778.8574838021331,769.8524049906893,780.5333788616181,-0.00482091521162864,0.011494528715144057,0.020122989196538345,-0.00482091521162864,-0.006478988558415,0.030596002581141812,-0.006417651247276113,13801978.5,0.7472890209182691,0,4.994012588488545,5.67861215818516,18.36455257179704,0.023516732137740647,0.00882832109930487,0.033211624498731634,-0.031822271931420135,0.027309082568821596,0
2022-02-07,762.8233642578125,780.8657034123029,758.021755855399,774.1240559952004,14659368,35.74525579762141,7.058960873157503,10.24038279016033,-3.1814219170028277,807.2553890705743,783.0361358642579,758.8168826579414,783.0361358642579,744.9284411621094,773.0083697985369,756.0874783489492,776.3906961799299,769.3317353067724,780.2910233343979,-0.023166360545546882,0.012896386693175494,0.02994657561273033,-0.023166360545546882,-0.033609750119174,-0.003042539070726158,-0.022498394111510223,13922436.4,1.0529312240205313,0,4.296677777233754,5.364627252778519,19.00546227844048,0.024914630527778613,-0.01317580240868397,0.008908871131647804,-0.05504085251622563,0.005279905720913099,0
2022-02-08,768.7404174804688,771.8444915750755,751.0860515723516,766.3153688448837,14642455,37.00082327406473,5.925796239861256,9.377465480100517,-3.4516692402392604,807.1280540779858,782.1509857177734,757.1739173575611,782.1509857177734,746.3660083007812,772.6018981491972,756.5836720403813,775.2137302261667,769.2879339863055,779.3234482640977,0.007756780271686248,0.013061484657618841,0.027003185380520586,0.007756780271686248,-0.020335037273032763,-0.02196726245572267,-0.007452004419995384,14109305.15,1.0377871088853727,0,2.2430495644466646,4.477135264158505,19.254898319364656,0.025047334420729688,-0.004998021203389167,0.01606794580605037,-0.047560776017590844,0.01527588293489195,0
2022-02-09,778.731689453125,780.1382296535221,770.3895449350314,773.348092746373,8855292,47.44496574235613,5.767483294329622,8.655469042946338,-2.8879857486167158,806.7101735658805,781.7702545166015,756.8303354673226,781.7702545166015,748.0819738769532,773.1856877971903,757.4522217428419,775.7549547226217,769.9874714282921,779.0365146026779,0.012996938557494397,0.01292014897003193,0.012518669588670353,0.012996938557494397,-0.002794950955488651,-0.013456132543968713,0.0014345632493890648,14052966.7,0.6301368379389956,0,1.0178407424607485,3.885026310018702,18.693678606882,0.024005288162871466,0.007172923326782288,0.028093478505245722,-0.03468220065836397,0.028938261271304503,0
2022-02-10,781.3507080078125,784.5517605198588,772.4265167580988,781.7872286242942,13159771,47.926660393723324,5.7866471870155465,8.08170467176018,-2.2950574847446337,804.4615960554004,780.8851104736328,757.3086248918653,780.8851104736328,749.5913244628906,773.9633087696305,758.3894172826447,776.6158398434203,770.8291926564048,778.2774981649688,0.003363184765893701,0.012944467850005513,0.015518311607697089,0.003363184765893701,0.024287855640114264,-0.004264775428422074,0.01365373965474026,14059212.85,0.936024736263951,0,0.602183755827582,3.6014347834616274,18.343779542152358,0.023477011480443868,0.00954489593302001,0.030276385985763786,-0.028728391959181,0.031746744095751095,0
2022-02-11,767.0914306640625,773.4935950700583,764.2784095569087,772.9600369655885,13138408,44.45343972789296,4.5982247258064035,7.385008682569425,-2.7867839567630215,801.7753859946445,779.2409240722657,756.7064621498869,779.2409240722657,750.918310546875,773.3088441881479,758.7306727093669,775.1505461235191,770.5523213977127,777.1457831703259,-0.01824952252248735,0.013712529689508516,0.0120131514246901,-0.01824952252248735,-0.0021450502392091897,-0.01770088709992579,0.012353539093818089,14247521.05,0.9221539630573137,0,-0.7716314567810514,2.918128479146958,18.46503049102412,0.024071485813678233,-0.008040013470442944,0.011019401555020833,-0.04325894251237795,0.013723906208849836,0
2022-02-14,731.103759765625,750.7466560048083,728.6302217098981,748.8551060073834,16170656,35.52247592650194,0.7439117318120907,6.0567892924179585,-5.312877560605868,805.9754771348506,776.0253112792968,746.075145423743,776.0253112792968,751.6438842773438,769.2893123383838,757.647264358632,768.3741174530738,767.6302057212617,774.5080808258588,-0.04691444782179799,0.018372780785399296,0.030250746216925736,-0.04691444782179799,-0.061160898333221025,-0.04158184709385382,-0.044497871770163955,14678411.65,1.101662522184408,0,-3.7190574601531807,1.5597860096828526,18.89806862189038,0.025848682036526068,-0.04963744063554889,-0.035034119228922155,-0.09289577597991677,-0.020066860221720488,0
2022-02-15,752.7836303710938,754.6751802603627,720.9185130872045,730.3762033282566,18880659,42.630952838069184,-0.5548784201040462,4.7344557499135576,-5.289334170017604,804.2343441129897,773.9276458740235,743.6209476350573,773.9276458740235,752.9340100097656,767.7173426272133,757.4565336140228,765.9755809789231,766.5304593990271,772.0701237843306,0.029653616625386903,0.020394769309267993,0.044842456465900404,0.029653616625386903,-0.03656114641471997,-0.020757054977898814,-0.0422683417591142,15286309.6,1.2351351957440402,0,-4.884555521983884,0.872861573641444,20.044769438584808,0.026627530979523955,-0.019452097050477866,-0.006169203162897506,-0.06397477814584282,0.012321711438033853,0
2022-02-16,741.1433715820312,754.2386345572445,737.6028360044997,752.4441222020167,10549784,41.4381281383812,-2.494693303837039,3.2886259391634383,-5.783319243000477,802.4310691347538,771.0636627197266,739.6962563046994,771.0636627197266,753.5043798828125,765.1864882419578,756.816801769631,762.1552410717089,764.649934375546,770.0853342012841,-0.015462954186881372,0.02064046525768203,0.022446127416931857,-0.015462954186881372,-0.03382655319140815,-0.0482686378121977,-0.06107526116804873,15272041.5,0.6907906844019511,0,-7.999199555232508,-0.6354199732109009,19.805726382214704,0.026723205174105192,-0.03142125093605149,-0.02070967524895222,-0.07637752314202875,0.0019563642035464283,0
2022-02-17,727.8540649414062,744.2474172005024,723.9254980406431,743.5199026186837,16683808,41.391796197125934,-5.046177365799167,1.6216652781709175,-6.667842643970085,804.3794212087946,768.2384796142578,732.097538019721,768.2384796142578,753.4452075195312,761.631019356191,755.6810081685242,756.8781370516624,761.9243144174616,767.1185287500172,-0.017930817639585594,0.020692453674704563,0.02792032103508992,-0.017930817639585594,-0.004444916033888968,-0.06846687731659595,-0.07243965688897736,15285424.7,1.0914847527919849,0,-12.332289413439526,-2.7084091141205136,19.362291303150478,0.026601886608559618,-0.04434818640046532,-0.03682366359128114,-0.09513589513812848,-0.005796322017135994,0
2022-02-18,726.4476928710938,734.1108120903283,723.1980917292974,724.4591053521793,8945567,38.44818396017607,-7.099886270486195,-0.12264503156050499,-6.97724123892569,804.8920130310951,765.2629486083985,725.6338841857018,765.2629486083985,753.3268664550782,758.2802263576102,754.5346036470563,752.1965302546519,759.296416525138,765.2819348883993,-0.001932217099626543,0.020384244437586727,0.015022031824344063,-0.001932217099626543,-0.03498473723056039,-0.05298421565964295,-0.06974723514009928,15054320.35,0.5942192534782881,0,-15.028617830537655,-4.196069062310585,18.925784903112547,0.026052508788779204,-0.04197990713726461,-0.037224152000722016,-0.09745943417253268,0.0011215141728189166,0
2022-02-21,731.8312377929688,740.0279145678118,717.8144439053794,723.8770658978235,10967164,32.18495264710947,-8.198550503803858,-1.7378261260091756,-6.460724377794683,804.4628443218087,762.8354766845703,721.2081090473318,762.8354766845703,753.2579943847657,755.7612750657396,753.644275574347,749.0634083374698,757.2619588412737,763.4080935432311,0.007410781223074592,0.018700902355783908,0.030353269326713804,0.007410781223074592,-0.01256455113291366,0.0009950407416547957,-0.04062818198417073,14998764.7,0.7312044837932553,0,-13.528037272644156,-4.00298878428498,18.846103751741687,0.025751980481971654,-0.031663486953190746,-0.02894341334279322,-0.09028584358059571,0.014729630202951203,0
2022-02-22,728.7756958007812,736.9723730612117,715.631942383559,716.2624787902446,13156371,30.041521511633988,-9.209643489354903,-3.232189598678321,-5.977453890676582,804.4387445291084,760.5486572265625,716.6585699240165,760.5486572265625,753.2056140136718,753.1912198976484,752.6690371518542,745.9422217933638,755.1518652827187,760.4600459295123,-0.0041752002844294145,0.018517325066294586,0.029282577342543935,-0.0041752002844294145,0.0012662302840187323,-0.03189221125660968,-0.05198727785208834,14175967.45,0.9280757060429058,0,-14.526122729564918,-4.787496462168519,19.687939716774824,0.027015088222915623,-0.032416102912332066,-0.03174481767110662,-0.09405694248679897,0.016907808523170826,0
2022-02-23,722.2764892578125,733.7227666149157,720.433487748237,731.9766841670246,11624282,29.68104044313405,-10.41531237901927,-4.668814154746511,-5.7464982242727585,804.0542067062111,757.7816741943359,711.5091416824607,757.7816741943359,752.9330358886718,750.2469598367115,751.4771725285585,742.3013398648175,752.7166522438367,758.066590496342,-0.008917979263602382,0.018539563310852977,0.01839915747546255,-0.008917979263602382,-0.005741918728925488,-0.02545645424035281,-0.07249634368284019,13781522.35,0.8434686462631612,0,-14.939528405246278,-5.33962924107243,19.778012124095692,0.027382882342493142,-0.03728168466685518,-0.03885771163546063,-0.1017067217189237,0.015133112063593324,0
2022-02-24,686.1918334960938,705.3011707138996,681.2446984110699,691.5269408667141,28023104,24.52381945144394,-14.119779776369,-6.559007279071009,-7.560772497297991,809.307429787922,753.5499633789062,697.7924969698904,753.5499633789062,752.0629272460938,744.1464716137955,748.9169631547363,733.669108115783,747.788887892152,750.4306044099633,-0.04995961560205031,0.021973946773820013,0.03505794025595427,-0.04995961560205031,-0.06236329079708691,-0.05723981420460489,-0.12178766018442932,13983443.6,2.004020240050169,1,-17.484547742395534,-6.764045013787836,21.586402173437914,0.031458261552686925,-0.07788068656969942,-0.08375445175446336,-0.15212463368103588,-0.01662480396990744,0
2022-02-25,708.1627807617188,717.1354618542133,698.6566007426215,703.2157045982457,16935750,35.59926430033116,-15.108562943685797,-8.268918411993967,-6.83964453169183,810.342430636399,751.0715637207031,691.8006968050073,751.0715637207031,751.8475830078125,740.7194534374072,747.3187599236376,729.7450577536193,744.8536206973051,747.1675809276346,0.03201866619963223,0.024079517966066354,0.02609408685911931,0.03201866619963223,-0.028284306348077326,-0.02517030790903707,-0.076820894546208,14126615.4,1.1988540439771582,0,-17.56077292020302,-7.215843723418743,22.16147914293031,0.03129432913587019,-0.04395277122074339,-0.05239528466530113,-0.12609440899501442,0.023651441856415625,0
2022-02-28,720.4335327148438,722.42206095429,693.9520108008815,701.2756465733906,20547432,37.68546640444123,-14.732209851235325,-9.561576699842238,-5.170633151393087,809.2332725954774,748.8356719970703,688.4380713986633,748.8356719970703,752.1269494628906,738.7874609876392,746.2644372879986,728.3125154399615,743.0447252911969,743.6702665566161,0.017327586660126792,0.024600520462438855,0.039517941434685226,0.017327586660126792,-0.0025515942584016793,-0.015574225982069034,-0.014594682229786216,14412761.55,1.4256415697101434,0,-16.973814078100418,-7.379838286348445,22.71230843940779,0.03152589018700993,-0.02484331318815184,-0.03461360783454588,-0.10973317940304611,0.04647543859853215,0
2022-03-02,693.41845703125,703.2156900856645,686.5313418547755,695.5040227620968,25252492,29.98859249613021,-16.424506658391465,-10.934162691552084,-5.490343966839381,806.7625437298676,744.2062530517578,681.649962373648,744.2062530517578,752.22201171875,734.4666034679831,744.1920459053811,722.9441987616982,739.3687054200897,736.9472153567398,-0.03749835960826475,0.025546499153913545,0.02406100971456703,-0.03749835960826475,0.010531491606854626,-0.048515941150700126,-0.07886087176281842,14673807.0,1.7209230024628237,1,-18.724616429665275,-8.476991246473176,24.319764059908852,0.03507227679521205,-0.05588837701117128,-0.06822646002935992,-0.14049250002931368,0.017264718414450764,0
2022-03-03,677.3646240234375,700.3056095245371,672.6600529984909,696.0859890579119,23190595,27.054771459216482,-18.8438540075457,-12.516100954750808,-6.327753052794893,804.1259529376296,738.6068176269531,673.0876823162766,738.6068176269531,751.7942321777343,729.0283197113597,741.5713626943244,715.9319564942734,734.7758105018191,730.960462619047,-0.023151724395315654,0.025626185667224806,0.0408134046945588,-0.023151724395315654,-0.043490222269453316,-0.06218098733979971,-0.08605453412131692,15272618.0,1.518442679572029,1,-21.21864012535184,-9.905809834234105,25.42835782878644,0.03754013263601819,-0.07086651408600578,-0.08658200936671408,-0.15763864908365177,0.0063542118204313975,0
2022-03-04,667.4219360351562,685.3672976160152,664.4633882642357,670.2835055337035,18697223,27.580165032369706,-21.317758191759594,-14.276432402152565,-7.041325789607029,801.7905237722488,732.743051147461,663.6955785226731,732.743051147461,750.926064453125,723.1610450755308,738.6635420410237,708.46887642364,729.7866346153996,725.7462658996873,-0.014678487236642668,0.025553728351623242,0.03132038104105462,-0.014678487236642668,-0.07358291122280414,-0.027353717349427376,-0.0830278098551458,15719712.4,1.1894125365805037,0,-20.985426538264733,-10.253421113712648,25.702044321706133,0.03850943898306675,-0.07707703480426385,-0.09644662549476529,-0.16758565205400253,0.005614558290078778,0
2022-03-07,634.1502685546875,647.00302734375,622.8980656743049,643.6079589843749,27799873,27.921331698047325,-25.66721490784198,-16.55458890329045,-9.11262600455153,803.4992075409382,725.4048492431641,647.31049094539,725.4048492431641,749.4215649414062,714.6838282640218,734.5649822964615,697.0352444438013,722.7024593516433,716.4270500207482,-0.04985102479268255,0.02589349438012168,0.03801143493068837,-0.04985102479268255,-0.08547247030358684,-0.10451341727875252,-0.1270530902942577,16594002.7,1.6752964009099505,1,-26.03562517338537,-12.753777627176078,26.135091565040916,0.041212773787207016,-0.11268417798812043,-0.1366995652690232,-0.2107642887471328,-0.020330618111073968,1
2022-03-08,645.06298828125,649.3795870363712,623.72255859375,624.0135526120663,26716975,24.204403314544066,-27.911874694017342,-18.826046061435832,-9.08582863258151,803.2837449526253,719.5168304443359,635.7499159360466,719.5168304443359,748.2168005371094,708.0532720751864,731.0551001782179,689.0395127264857,716.951387420503,708.2770813330403,0.017208413001912115,0.024617139162229826,0.039774454446663395,0.017208413001912115,-0.04768721984670676,-0.10461831801411492,-0.1185631946695681,17196883.05,1.5535940392407332,1,-30.734188912452737,-15.209337109780677,25.556545941431125,0.03961868283518442,-0.08896263357320897,-0.1176274016500324,-0.1969674572223624,0.014648955684864393,1
2022-03-09,647.4395751953125,654.2782013370947,638.2728783985298,644.7720213722183,33728639,26.51921128049611,-29.16284195563685,-20.89340524027604,-8.269436715360811,799.7398375437261,713.4517883300781,627.1637391164301,713.4517883300781,746.886904296875,702.280539039008,727.7760599828099,682.6395223370744,711.8023642927112,700.309409545367,0.003684271082417645,0.024861948498644777,0.024720952428242685,0.003684271082417645,-0.02993962254005267,-0.06630755407461764,-0.11160652183398667,18151192.25,1.8582051545401927,1,-32.1860644289751,-16.415985922571167,25.511511968989712,0.03940369564417448,-0.07808982421574599,-0.1103862701795865,-0.19043725871675932,0.03232941385840918,1
2022-03-10,656.315185546875,679.983685589009,653.4536753184026,673.1450597932595,35959638,31.66790382857033,-29.102578534779354,-22.535239899176702,-6.567338635602653,791.4618964179836,707.3309631347656,623.2000298515477,707.3309631347656,745.7384008789063,697.9028863254715,724.9736727500282,678.5896243693514,707.6922029041308,695.1659915725309,0.01370878564055178,0.02544985032864486,0.04042266711915298,0.01370878564055178,0.03495215265414031,-0.03107549129379128,-0.09132417390287362,19506409.55,1.843478058215998,1,-31.125433385888186,-16.597689944296235,26.384525628549518,0.0402009982544661,-0.05958952397741169,-0.09470480071740028,-0.17075580199471213,0.05313728194656161,1
2022-03-11,657.5762329101562,664.1723535705743,650.4950433016918,654.4236695822449,20546724,32.338285252055755,-28.62311391641242,-23.752814702623848,-4.870299213788574,780.4168064916727,701.1422393798828,621.8676722680929,701.1422393798828,744.6170581054688,694.0622526668701,722.3306358935627,675.3567949140906,703.9799088305031,690.4247013740711,0.001921405128285203,0.025530261892837917,0.02079958122627463,0.001921405128285203,0.019398484886332445,-0.014751842265611992,-0.04170204189132254,19875757.2,1.0337580497310563,0,-29.098792408660643,-16.332906147461017,26.581996336253205,0.04042420483874919,-0.052568800012563276,-0.08964648564753405,-0.15740380340313337,0.057421477646242884,1
2022-03-14,675.2791137695312,677.5101468285675,656.9457211257647,657.7702140371608,24648981,36.359388415365935,-26.509080042397954,-24.30406777057867,-2.2050122718192853,770.1784222385754,696.5516235351563,622.9248248317372,696.5516235351563,743.8497729492187,692.273382295695,720.4854781632084,675.3448439687738,701.8539240111718,686.6874721441409,0.026921412261251332,0.026862373821157245,0.030453223390855908,0.026921412261251332,0.042999439084057345,0.06485662350751942,-0.04643518112716538,20451285.85,1.2052533606340454,0,-22.410445968326826,-14.079504133253067,26.464207410565376,0.0391900280505306,-0.024548493356494363,-0.0627443102794041,-0.12321730358689217,0.08404591830472623,1
2022-03-15,676.443115234375,686.8708254851132,667.3734560472463,680.4687200830572,27714580,37.26091663123151,-24.457833100690777,-24.334820836601093,-0.12301226408968446,766.090612173781,693.8185913085938,621.5465704434066,693.8185913085938,743.0194348144531,690.7657378136646,718.7583266758032,675.5138087788664,699.9716418795572,684.1143924250052,0.0017237338473954367,0.02692905394314783,0.028823368881670648,0.0017237338473954367,0.03066808468057669,0.0486466089718407,-0.061061035449998524,21028482.05,1.3179543789276982,0,-17.28753426152184,-12.29677350241468,26.332560179152104,0.03892797426141052,-0.020734413702425344,-0.058872655621441665,-0.11701944328103871,0.0883224964974155,1
2022-03-16,686.7738037109375,690.0718936820614,680.2261721077612,685.7068059466105,14621688,41.51599906186444,-21.747908545944483,-23.817438378469774,2.0695298325252907,757.2702765055643,690.518099975586,623.7659234456077,690.518099975586,741.9194311523438,690.3855536134048,717.5040316575733,677.2461156914927,698.9940242374372,681.5085666451168,0.01527207276399456,0.027427514370013294,0.014336192675229476,0.01527207276399456,0.04440180368375701,0.06075351279501118,-0.00958245811448466,20815533.5,0.7024411841281897,0,-11.894985425603181,-10.272028325236647,26.35681014922408,0.03837771622447853,-0.0052314969274252325,-0.042829345328754424,-0.09309288239851946,0.10101205900649705,0
2022-03-17,698.5110473632812,703.2641667933818,694.7280066788796,696.2800142614094,18329844,53.33157487468507,-18.44060453168629,-22.742071609113076,4.301467077426786,750.9213505340649,688.3864837646485,625.851616995232,688.3864837646485,740.8960607910157,691.1594101610121,716.7592087440715,680.5176436409986,698.9582481726849,680.6946972532874,0.01709040675244511,0.024319830261802275,0.012220508389558389,0.01709040675244511,0.03440345350541807,0.06429206994692116,0.0312186709932345,21204536.5,0.8644303071656388,0,-6.743476164459366,-8.214464005956643,24.603851023202772,0.03522328117225441,0.010636673818209997,-0.025459263247925766,-0.06979466376007125,0.11609689644470918,0
2022-03-21,689.44140625,701.2271676541549,684.3488035306015,699.3841067973971,12866839,44.55724746281931,-16.362766722923084,-21.46621063187508,5.103443908951995,746.1933754714734,686.4658508300781,626.7383261886829,686.4658508300781,739.3964123535156,690.9957907409158,715.6879223717551,681.8905301962296,698.2532969191527,678.9937374600114,-0.01298424863503167,0.02291645153645371,0.0244812161998769,-0.01298424863503167,0.019215645370448176,0.04845852350657798,0.032991828745772445,21013688.05,0.6123075097234062,0,-3.066461925954286,-6.642713521807536,23.599189292162333,0.03422943426116907,-0.002249484746135926,-0.03667312986752024,-0.07605531097835773,0.10004666611443197,0
2022-03-22,696.6680297851562,699.3840725949519,678.5286529544644,687.4043552277658,11761758,42.8820357201616,-13.971878052592729,-19.96734411601861,5.99546606342588,741.9278845693565,684.9768676757812,628.025850782206,684.9768676757812,738.0994958496094,691.5360039832244,714.9420442311042,684.1639916714491,698.1358697240419,678.3077113127393,0.01048185309098737,0.022550137592629423,0.029935950479770226,0.01048185309098737,0.014406819276967076,0.03167418565077207,0.09858508989195092,21154497.6,0.5559932560156853,0,-0.7373783124705824,-5.543433932104222,23.055287112667973,0.03309364880684698,0.0074211982779949755,-0.025560133990442588,-0.06100303779587796,0.10929833368715064,0
2022-03-23,696.7650146484375,705.0101806308414,692.8364474037626,703.2641573226852,7140403,51.19500951125571,-11.931714312640906,-18.36021815534307,6.428503842702163,736.1154690521615,683.2235565185547,630.3316439849478,683.2235565185547,736.6454370117187,692.034004998959,714.2292195415879,686.1026105909858,698.0343249036267,677.2972293372147,0.00013921245002612714,0.020125451205609428,0.017471791739172328,0.00013921245002612714,-0.002499649391995429,0.030042288784358995,0.08015035323131148,20963159.55,0.3406167368506242,0,1.2682671852943486,-4.529107134215337,21.503254424597305,0.03086155873576269,0.006836383205599367,-0.024451820809514635,-0.05345690460002497,0.10539431313252626,0
2022-03-24,683.0878295898438,691.3329963760759,677.073696092944,681.3902952515019,17727969,52.078964696909566,-11.288378973334034,-16.945850318941265,5.657471345607231,729.2997287593445,680.9391632080078,632.5785976566711,680.9391632080078,734.5783251953125,691.181988293329,713.0079885630881,685.6387981292717,696.9271771026057,676.0237729116169,-0.019629551959486347,0.019826368057811024,0.020874768463806197,-0.019629551959486347,-0.009215542615455208,-0.005367086078672201,0.05506035738358639,21191739.45,0.8365509137099173,0,0.7964346799242321,-4.496043094485117,20.935094569557823,0.030647734687541107,-0.011710604212172,-0.04196328716252104,-0.06336475573371535,0.0798465710352506,1
2022-03-25,678.2861938476562,684.930804313348,675.7641666123579,683.8638064534825,15263007,54.09958018456403,-11.03873528837255,-15.764427312827522,4.725692024454972,723.0128239779768,678.7396484375,634.4664728970232,678.7396484375,732.4171228027344,689.9538173937411,711.6463495546399,684.5076282397924,695.546363528165,674.8088220173389,-0.007029309459474109,0.01946959776614799,0.01351440997050405,-0.007029309459474109,-0.02638535881023385,-0.028954235716055154,0.03347630648294975,21373675.7,0.7141030496687101,0,-1.205592767271014,-5.112859189431674,20.09671802307286,0.02962867032435368,-0.016910731199602062,-0.04687743529895286,-0.06186146171548815,0.06906546338145937,1
2022-03-28,689.0533447265625,692.0119516370017,674.794105097614,680.9537053887425,13806166,74.95594371448864,-9.858429934733635,-14.583227837208746,4.72479790247511,723.2756340558742,678.8827239990235,634.4898139421728,678.8827239990235,730.2171179199219,689.8680580921051,710.7603493653036,685.2069692377571,695.0653991724907,674.0668596497783,0.01587405283576304,0.013041273752950146,0.024987682987331478,0.01587405283576304,-0.011067820225971081,-0.00056286367473668,0.047868384289228016,20662828.8,0.6681643706015703,0,-1.1277326488107065,-4.927573006451553,18.146287750111178,0.02633509856528188,-0.001180969833268962,-0.030540539660273733,-0.04731569503787263,0.08599591291368257,1
2022-03-29,693.8549194335938,695.4554752513218,684.6882235431223,692.8848999574653,11489374,73.48275527799238,-8.438310892606864,-13.354244448288371,4.915933555681507,721.00749621822,678.1673309326172,635.3271656470145,678.1673309326172,728.0947131347656,690.2477591722469,710.097391328766,686.5374231140396,694.9757340066465,673.1447331820174,0.0069683642692957015,0.012647138746533632,0.015518015952079758,0.0069683642692957015,0.015762379854161734,-0.004037949541663366,0.027508337345677703,20390510.0,0.5634667303564256,0,-1.2882448109775169,-4.844652902338225,17.08273226908106,0.02462003480933161,0.005225892027049239,-0.022873583389425765,-0.03765921564899828,0.09212222765096922,1
2022-03-30,708.9873657226562,709.8118587196095,697.5410868136387,699.4326369184543,20154520,76.38258872998739,-6.022372213834728,-11.887870001397644,5.865497787562916,718.3109081741497,677.5950225830078,636.8791369918658,677.5950225830078,726.3661401367187,692.0324836056192,710.0538609128402,689.9912604384422,696.0136326522769,672.769502917934,0.021809236866714654,0.013376154259321486,0.017307462021503708,0.021809236866714654,0.04526285829414278,0.017541568272318786,0.04811084591644521,20370864.4,0.9893797142943036,0,-0.0015213933397717483,-4.175358628747745,17.079276293898975,0.024089676515589836,0.024500124659898845,-0.00150199195989558,-0.012979814653229607,0.11322121348074772,0
2022-03-31,708.4052124023438,717.7174349072195,705.9801637091923,717.7174349072195,16046383,74.03757378633831,-4.107351323381863,-10.331766265794489,6.224414942412626,720.800845665166,678.3443603515625,635.887875037959,678.3443603515625,724.6395056152344,693.5917911100692,709.9892080300756,692.8241761251963,696.9315274485782,672.9270295379696,-0.0008211053517421796,0.0133450148726114,0.016568583901611575,-0.0008211053517421796,0.02808471626164244,0.03706314432172175,0.03149713715712843,19910558.95,0.8059232812246088,0,2.4098028167401253,-3.0187805330125457,15.593073494208308,0.02201151716731315,0.021357549904917762,-0.002231013668682044,-0.01719702930062929,0.11404107581081939,1
2022-04-01,714.1768798828125,716.1654080808163,701.4210993647575,703.26416015625,12658848,75.07518404611035,-2.099753489703403,-8.685363710576272,6.585610220872869,725.5545198592882,680.1849731445312,634.8154264297742,680.1849731445312,722.9545825195313,695.5522757550923,710.1534304556732,696.1092074725218,698.2089609622252,673.5276813623257,0.008147409673759931,0.013318408722908438,0.020645177870331103,0.008147409673759931,0.029288486512148548,0.052913779405655115,0.022427465648061196,19383971.6,0.6530574982889471,0,5.598458361351163,-1.492919098966695,15.669287669006613,0.021940345746809597,0.02677671366613144,0.005665605845989734,-0.015681302596918946,0.12501500459648573,1
2022-04-04,724.216552734375,727.3206270513682,703.2641547039336,719.7544866073363,17192197,73.25953323760207,0.2979651942401915,-6.88869792961298,7.1866631238531715,731.9972706584805,683.0247039794922,634.0521373005039,683.0247039794922,721.7517590332031,698.2822068959764,710.7049254469949,700.4334144358838,700.1354492416436,675.5731966345387,0.014057683935679854,0.01215690446260335,0.03321723627636816,0.014057683935679854,0.021480195202344676,0.051031183981504746,0.050439596707026135,19308720.3,0.8903851074998481,0,8.414148803871285,-0.0554239183086338,15.918719572194602,0.021980607198346103,0.037140207185978116,0.019011585263577543,-0.010629435704188095,0.14220347212730616,0
2022-04-05,719.560546875,732.8013384547663,715.8744841364952,724.410645006006,12290391,69.83492700984058,1.8017048331147407,-5.150617377067436,6.952322210182177,733.1172878703728,687.2952178955078,641.4731479206428,687.2952178955078,720.4238037109375,700.3087154654072,711.0522047186814,703.3760501957478,701.574345362633,680.2040257106119,-0.006429024359904001,0.012519818654685431,0.023523877722011362,-0.006429024359904001,0.01574710953188263,0.03704755377736624,0.03286000808290779,18533246.2,0.663153711301801,0,10.060956293160302,0.9548133899154436,15.735111349366337,0.02186766828406977,0.02749049238491702,0.01196584737359023,-0.018491912848970865,0.12173136039673714,1
2022-04-06,719.3665161132812,722.5676281772567,710.1513298564631,710.345345618719,13518142,66.53545623390964,2.9438379386132283,-3.531726313931304,6.475564252544532,734.3993358772362,691.0103942871094,647.6214526969826,691.0103942871094,719.2035205078125,702.123744098538,711.3782561459207,705.8361218753683,702.8922839367551,684.6597631462512,-0.0002696517514216845,0.012175124105496739,0.017260044834833965,-0.0002696517514216845,0.00726659792084039,0.014639401056245616,0.03243776738165827,17873304.55,0.7563314306083371,0,10.091260492918877,1.3243952330805087,15.648505626016847,0.02175317487748154,0.024558024364894994,0.011229272048093087,-0.020469544333122747,0.11078240709525669,1
2022-04-07,726.1080932617188,735.0807737402448,715.0013580175118,715.0013580175118,15087175,64.74857455997287,4.3429131876554266,-1.9567984136139582,6.299711601269385,735.8965441759774,694.9438201904297,653.9910962048821,694.9438201904297,718.2354406738282,704.4079678283648,711.9558968171284,708.9548867040376,704.6119735163821,690.256069536181,0.009371547045117001,0.011671131754085748,0.02765348012103141,0.009371547045117001,0.0026118438196447435,0.02498976651984397,0.06297911016465663,16941231.35,0.8905595283072502,0,10.816176718295651,1.9666887870528171,15.904866528894607,0.02190426835410833,0.030806189629361734,0.01987791169068082,-0.013301395409077913,0.11027213898680342,0
2022-04-08,731.6857299804688,733.334775045837,721.3065090216976,727.369131169894,15480705,73.45178081207769,5.8345025576298895,-0.39853821936518874,6.233040776995078,738.5544229787005,698.7123474121094,658.8702718455182,698.7123474121094,717.3168322753907,707.005849938089,712.7296157647104,712.4519395157962,706.6174369581663,695.1796748591397,0.007681551507978668,0.010790111551492147,0.01643911522568639,0.007681551507978668,0.01685081701342228,0.02451612561376848,0.07872714588203178,15917284.7,0.9725719739121083,0,11.453574182996704,2.576185309037214,15.558430950365034,0.02126381629826284,0.03490760372709917,0.026596501389127405,-0.009300185314075103,0.1105156223409381,0
2022-04-11,736.8268432617188,742.5014932815019,729.1152350280048,729.7457122266721,13216391,72.82247803990072,7.346753949047184,1.150520214317286,6.196233734729898,741.0267367233241,702.6748779296875,664.3230191360508,702.6748779296875,716.6368481445312,709.8459445403395,713.6746050783186,716.2019247074766,708.8551707584294,699.4154825304654,0.0070263954462899125,0.010677023548979606,0.018167441069654854,0.0070263954462899125,0.024271809651045695,0.017412320223463507,0.06933207552183673,15550768.05,0.8498867038274678,0,11.563737644363073,2.969679631323629,15.02491942272286,0.02039138443465482,0.03800951309069005,0.032440888352555944,-0.005667667917323039,0.10913941266096555,0
2022-04-12,740.9493408203125,745.8479864574211,727.7570998467589,734.3047312015948,14020000,74.01156403738278,8.776702805127456,2.67575673247932,6.100946072648137,745.6556297431405,705.9583892822266,666.2611488213126,705.9583892822266,716.3012194824219,712.8081727574798,714.7442025583968,720.0092194940668,711.2325166889393,703.6459842745913,0.005594934001514673,0.010622175351368309,0.024415821182368024,0.005594934001514673,0.020439446545659656,0.02972480083601381,0.06787358577087388,15019319.0,0.9334644267160183,0,12.499457292072634,3.6919978397153272,15.447573235835957,0.0208483527615178,0.03947930051639179,0.03666365976543155,-0.006311611868938987,0.11210047611380503,0
2022-04-13,739.3973999023438,749.3885893981088,737.8938814451427,746.5270198926197,16119956,85.24586406188396,9.67321214557876,4.075247815099209,5.5979643304795506,748.9326767848032,709.106103515625,669.2795302464468,709.106103515625,715.7861401367187,715.3404801046098,715.7109946111007,722.9920164799555,713.3188043343768,708.3666465917232,-0.002094530398327299,0.00835606522701915,0.015546048653246925,-0.002094530398327299,0.010539593169434758,0.02784517118935259,0.04289220887411882,14439587.8,1.1163723108494827,0,13.216736006071756,4.33273846518,14.862101049941145,0.02010028849425771,0.033630027192388036,0.033094930034033763,-0.012731821134303795,0.10476619482158318,0
2022-04-18,735.080810546875,740.0279458248403,726.7386660150366,728.4846893815499,17651530,85.76664808871293,9.921026157227402,5.244403483524848,4.676622673702554,751.504387460214,711.5214538574219,671.5385202546297,711.5214538574219,714.7676196289062,717.2205115753018,716.470595236033,724.8518309517892,714.9308047945618,711.0502447519679,-0.005837982870968816,0.008221375479011053,0.018078665119712393,-0.005837982870968816,-0.002369664909484759,0.012357274858141754,0.037655846791512015,14591079.9,1.2097480187193,0,12.812543746936967,4.5146984189045725,15.15657548628498,0.020618924162921635,0.024902102886523565,0.0259748487022152,-0.021854266172475992,0.09462195894310238,0
2022-04-19,743.3259887695312,754.5782513670702,734.3048185595942,738.9609006803395,31088359,85.2997010730406,10.659857321925074,6.327494251204893,4.332363070720181,755.6526720656047,713.7622009277344,671.871729789864,713.7622009277344,713.8470727539062,719.7067474985618,717.5237479236213,727.6940090775958,717.0341517556707,715.1556823648314,0.011216696320125896,0.007868668690384951,0.02727394590499344,0.011216696320125896,0.0032075714469055328,0.015908823026209884,0.04081497134365608,15229005.65,2.0413912578724402,1,12.700897560472754,4.794132158910884,15.374831648291279,0.020683834388384684,0.03281786832353784,0.035960121069967106,-0.016312631122415076,0.10635104263430667,0
2022-04-20,732.8982543945312,746.9150486419223,731.2007201930724,743.8109742610528,15984202,73.66255722491351,10.285391733617757,7.119073747687466,3.1663179859302915,757.0142161184126,715.9350433349609,674.8558705515093,715.9350433349609,712.8110925292968,720.9630814886541,718.12666974601,728.4946622032782,718.2092704696604,717.2726758585172,-0.01402848081803465,0.0094090262622572,0.021441350630357348,-0.01402848081803465,-0.008789786802970712,-0.005331766755126366,0.011987715038240143,15384873.8,1.0389556786614655,0,11.117136948314624,4.452064667691388,15.728194272623455,0.021460269796408474,0.0165544855379186,0.020569608776326014,-0.03185668275496312,0.08600708147591318,0
2022-04-21,739.494384765625,741.288956467235,728.6787022404092,736.2933320721821,8953098,70.62290347203597,10.400981610175222,7.775455320185017,2.625526289990205,759.3909118460602,718.0763610839844,676.7618103219085,718.0763610839844,711.9826940917969,722.7279675150323,718.9646193546224,730.18692721287,719.7859456026948,718.830116421948,0.009000062875771153,0.008066771259045692,0.017052535471006398,0.009000062875771153,0.006004202742643239,-0.0019636376936063016,0.027702794403051012,15244440.8,0.5873024873434518,0,9.919794757552495,4.220416796225663,15.489145339824177,0.020945588849512763,0.023198794019610062,0.028554625441000285,-0.02620063892003565,0.09269520455635222,0
2022-04-22,725.2351684570312,736.099340475498,723.5376341784837,734.3048279202951,14411607,59.60164634273736,9.235526433457267,8.067469542839467,1.1680568906178,759.6686837285858,719.499868774414,679.3310538202422,719.499868774414,711.2309301757813,722.9667485571274,719.2105232409915,729.4251181735103,720.1895917400531,719.7386954695056,-0.019282386184870215,0.01001970884945016,0.01732087306761459,-0.019282386184870215,-0.02433766689961525,-0.01915374796717295,0.008158083831115936,15608001.0,0.9233473908670303,0,7.626268452517593,3.499528629890847,15.790536724760898,0.021772988144460697,0.0031376545386507513,0.008376747866383788,-0.045327016907619415,0.06757252502832839,0
2022-04-25,729.6487426757812,739.3489385124566,721.694570248648,725.2351654111533,35417460,58.96577604641571,8.569252355946333,8.16782610546084,0.40142625048549263,758.3419410426435,721.827914428711,685.3138878147785,721.827914428711,710.4490966796875,723.6031289493801,719.6198651796108,729.4595219430904,720.8902695871441,722.7951300640764,0.00608571455261897,0.009932833923686215,0.024195708470717232,0.00608571455261897,-0.004433782860397861,-0.007389756055599439,0.004876201555828574,16492475.55,2.147492042211941,1,6.382617374078336,3.149269943577792,15.998398121028742,0.02192616417368051,0.008354875047567776,0.013936354430220406,-0.037836755181194386,0.06469277166171376,0
2022-04-26,731.1522216796875,745.5084989011287,729.1152043461799,744.9749999999999,18727514,54.46042634569581,8.069523100590459,8.148165504486764,-0.07864240389630517,754.8525556353306,724.4712158203125,694.0898760052944,724.4712158203125,709.4975073242188,724.3220901617904,720.0721144541236,729.7199372871822,721.6504141865918,725.4706144588056,0.0020605517641167914,0.009268664829802844,0.02242117861214766,0.0020605517641167914,-0.011280901191131343,-0.016377426961750152,-0.0007291495226994238,16665700.9,1.1237159548447193,0,4.615342663228603,2.548366530502335,15.451028278708334,0.021132437022775428,0.009429688270823704,0.015387496617562484,-0.03139730239860614,0.0533970411551002,0
2022-04-27,714.6134033203125,727.5146512955616,710.5877985676929,726.5446317605009,21441480,47.24022635496326,6.2667010160100745,7.771872606791426,-1.5051715907813517,751.6821591408373,725.74921875,699.8162783591627,725.74921875,708.1627612304687,723.397453319745,719.858047350837,727.395855138433,721.129154122423,726.6010756118887,-0.02262021213774079,0.011065445737944907,0.023686727185946194,-0.02262021213774079,-0.014645959819236332,-0.024948689623124243,-0.030147435784334098,17047466.6,1.2577516943192015,0,2.434371831090857,1.7313776048270029,15.710854621117155,0.021985110478084678,-0.012142771527770177,-0.0072856642359217455,-0.04931440153228308,0.02114429946648884,0
2022-04-28,724.7501220703125,729.3577148794458,712.6248778357512,716.9414174190198,18649559,52.703367862149534,5.591445311384405,7.335787147710023,-1.744341836325618,748.4723383692069,727.293978881836,706.115619394465,727.293978881836,707.3159350585937,723.5262789150371,720.0498934182674,726.9888192817991,721.3973739704147,727.5316921622515,0.014184898719925565,0.011736122274505751,0.023087732632449526,0.014184898719925565,-0.006713669631642771,-0.019938302438882616,-0.021862788530273458,17405475.85,1.071476537655246,0,0.7983114000047635,1.085274063644988,16.019178815610083,0.022103037071383842,0.0016914978639208738,0.006527643007808624,-0.0316941790401781,0.026390157877866527,0
2022-04-29,721.0155029296875,737.1663517442317,717.9114286007149,727.6116238754458,19560317,47.36313502409734,4.700760308663348,6.808781779900689,-2.1080214712373406,747.5102951946035,727.8953857421875,708.2804762897715,727.8953857421875,707.114169921875,723.2871573926228,720.0877604579309,726.0698475353205,721.3690872266571,728.6905435912114,-0.005152974834908286,0.011541156369431085,0.02670528312536794,-0.005152974834908286,-0.013864033301728584,-0.0058183410166405825,-0.0248606459463937,17375765.7,1.125724030682573,0,0.32040883549541377,0.8772372169394203,15.96028648852322,0.02213584371441684,-0.0031407366212949247,0.0012883741714573614,-0.03544404998197175,0.017980202852161967,0
2022-05-02,718.784423828125,721.5004664900613,709.1812074389936,710.0542486399291,10903446,43.08008603445962,3.7713824402110276,6.201301911962757,-2.429919471751729,746.3340124559084,728.4143463134766,710.4946801710448,728.4143463134766,706.4341857910156,722.8583256245754,720.0366492175464,724.9490131188288,721.1776306786178,729.1450953508963,-0.0030943566296383063,0.011314934361145638,0.017139017823254096,-0.0030943566296383063,0.005836751015909636,-0.014889793145965613,-0.02216951726249805,17118618.85,0.6369349125382273,0,-0.7448033248047068,0.41678403793559937,15.981071704732383,0.02223346969543369,-0.005635823303176876,-0.0017391134059386347,-0.036913216023919206,0.01166756611757389,0
2022-05-04,702.53662109375,724.6045646627977,699.5295843334909,723.8285609058236,12212165,33.565733147600696,1.7041376534655228,5.301869060263311,-3.597731406797788,748.2772271931946,727.8323333740234,707.3874395548522,727.8323333740234,705.66205078125,720.9229251930682,719.3503736048484,721.5009528072783,719.7968151538128,729.1087090912367,-0.022604555963861794,0.01237717674395751,0.03569206156152908,-0.022604555963861794,-0.030649875453773845,-0.0391376784990114,-0.054874130989691516,17096284.7,0.7143168948280325,0,-3.399164968722175,-0.7217408492751929,16.81598042443307,0.023936090901927606,-0.025503841613018757,-0.023373523011937018,-0.061127887415495255,-0.006857371491010309,0
2022-05-05,706.9501953125,720.7244839669235,704.7191623175906,708.890234300298,9121547,33.75057466704317,0.41716104707268187,4.3249274576251855,-3.9077664105525036,749.4168659967772,726.9690155029297,704.5211650090821,726.9690155029297,705.2439733886719,719.5921890139665,718.8640921031878,719.2623747311585,718.8452136840858,729.1667235103228,0.006282340430707745,0.012416591849420415,0.022639956471414265,0.006282340430707745,-0.01950763549471024,-0.010723571615375405,-0.035404722178616344,16692752.2,0.5464375730683884,0,-3.8052643057784508,-0.9939552476491826,16.822907300326733,0.02379645328889165,-0.01756827532937706,-0.016573225622984127,-0.05666628629687106,0.0034477747781879488,0
2022-05-06,697.6865844726562,701.3241579057775,689.0048973712142,694.7765257261593,12455025,31.433494314230074,-1.3348854328759217,3.1929648795249643,-4.527850312400886,751.717776566326,725.8753173828125,700.0328581992989,725.8753173828125,704.6687512207031,717.5059409624131,718.0336016078728,715.9430223836965,717.2779078165725,728.1664604152812,-0.013103625830032994,0.01268169070407698,0.017657298862747674,-0.013103625830032994,-0.029352109834413498,-0.03734188760168389,-0.056535656191925354,16700983.9,0.7457659425682099,0,-6.020337952624004,-2.0162918103945913,17.283663728063857,0.024772819361472527,-0.02762256778413921,-0.028337137829837,-0.0718769647040567,-0.003351662281507685,0
2022-05-09,689.0533447265625,698.4140568089666,683.3302650619983,684.1547579747249,13055889,30.270241137601857,-3.381050541551076,1.8781617953097562,-5.259212336860832,754.9322783746403,724.3596588134766,693.7870392523129,724.3596588134766,703.813193359375,714.7961698923322,716.8971209458607,711.8061488979836,715.1871994395347,727.1208621782149,-0.012374094526440005,0.01287092543199842,0.021890600869159223,-0.012374094526440005,-0.019192275480523602,-0.04432936333997506,-0.049889781003653044,16677871.25,0.7828270649349208,0,-8.490987500290657,-3.19063951207022,17.411843152147046,0.02526922376243105,-0.03601421810870536,-0.03883929144890643,-0.0872646931853468,-0.006822979182274462,0
2022-05-10,689.974853515625,698.4140349456094,683.8637425509091,683.8637425509091,12797419,25.59888605825303,-4.872130190057419,0.5281033982363211,-5.40023358829374,756.7466599173736,722.5529968261719,688.3593337349703,722.5529968261719,703.0371765136719,712.4322349993124,715.8413457525181,708.4474880699283,713.3196182599858,725.7943523113049,0.0013373547869914848,0.012194168055306563,0.021088148822471176,0.0013373547869914848,-0.024012075970035185,-0.04008096079637491,-0.05437395672699086,16563383.45,0.772633142173618,0,-10.426090625262987,-4.195303465028246,17.003047408377352,0.024642995787080964,-0.03152212993802714,-0.0361343926141921,-0.08823535000344651,0.0023469134527297976,0
2022-05-11,692.7879028320312,698.2199880683552,685.9492775525536,696.4739648999146,13516852,30.2813080982598,-5.760429340255769,-0.7296031494620969,-5.030826190793672,756.9707042029422,720.60810546875,684.2455067345577,720.60810546875,702.4474047851562,710.561346221476,714.9372891674011,706.0383211102519,711.7987504505077,724.2801471300511,0.004077031651331886,0.012150008948515222,0.017712073876637393,0.004077031651331886,-0.0070213212488923205,-0.013876455645175256,-0.05247104188443996,16465190.8,0.820935035869733,0,-10.361578971592166,-4.41308443744731,16.7570746988739,0.02418788583110798,-0.02501324267631205,-0.030980879961044556,-0.08478901629157856,0.012484402182252758,0
2022-05-12,674.9395141601562,689.3928274907596,672.5144655614166,686.3372425742325,16685166,21.425449083192163,-7.814547379446708,-2.146591995459019,-5.667955383987689,758.3257702330422,717.5137390136719,676.7017077943015,717.5137390136719,702.2223583984374,707.1687907870646,713.3687489710386,701.2538892717757,709.0684366512224,721.5359094488323,-0.02576313558437293,0.012834327734109975,0.025007221499463023,-0.02576313558437293,-0.020482928752065033,-0.045279966487870804,-0.05551797513987178,16638629.55,1.0027968920072505,0,-12.423398226901895,-5.4953431321491735,17.304444916287384,0.025638512123297045,-0.04557508341260058,-0.05387008453385796,-0.10996099479417723,-0.0026040921928349317,0
2022-05-13,657.042724609375,681.3417619266664,654.7632023278333,681.3417619266664,15717043,20.757017305541027,-10.762508572271827,-3.8697753108215807,-6.892733261450246,760.7075122739947,713.318408203125,665.9293041322554,713.318408203125,701.1999572753906,702.3948797225227,711.1598852705813,694.4521716314064,705.2146802036782,718.1523461543163,-0.026516138372859488,0.013519061651251761,0.040451798038909366,-0.026516138372859488,-0.047729462513671495,-0.058255183298388524,-0.09342171239312846,16723481.7,0.939818829711758,0,-15.111061239890432,-6.873716337291512,18.06314555997966,0.02749158446388484,-0.06456788969057375,-0.07609703778583611,-0.13627417370275854,-0.013344629028542533,1
2022-05-16,662.5233764648438,670.2350440056038,655.4907344745508,656.4122649212347,9025623,21.475664437523463,-12.512312110119865,-5.598282670681238,-6.914029439438627,760.3030969315295,709.47470703125,658.6463171309705,709.47470703125,700.0417541503906,698.5975936979818,709.252571199768,689.5400492980891,702.052361408209,715.4394978660124,0.008341393413536569,0.01369853150543566,0.022254776291407388,0.008341393413536569,-0.043685125337018516,-0.03850205280150942,-0.08112464465351144,16368765.05,0.5513930325489033,0,-16.19857619435038,-7.644549746092707,17.85528422192569,0.02695042145863538,-0.05163804965628562,-0.06588512559901952,-0.1286062372510518,0.005886405545789026,1
2022-05-17,688.7138671875,690.65390625,664.6089055180549,665.5303767085076,12765052,35.09369420666921,-11.651380441269112,-6.808902224798813,-4.842478216470298,757.2921545271654,707.1563598632813,657.0205651993972,707.1563598632813,699.9476623535156,697.6562864112692,708.4471318267379,689.4129443579985,701.0643247992676,713.0760370006132,0.03953142130985032,0.01840962442704864,0.03781686702244718,0.03953142130985032,0.020408277687643528,-0.0018275830223375422,-0.041835292535241986,16124441.15,0.7916585685823908,0,-14.775948588043207,-7.394213925780264,18.6936581669405,0.027142851418514007,-0.01281780068200753,-0.027854251577468375,-0.09055723993665825,0.04823791471197602,0
2022-05-18,686.143310546875,695.5040229620245,684.9307860995912,690.9934083360105,11835013,38.91196779328063,-11.049140712603844,-7.65694992235982,-3.3921907902440243,752.2212959580567,704.2972259521484,656.3731559462402,704.2972259521484,700.1232360839844,696.5598125194222,707.572472168704,688.9099237716717,699.9590644842756,708.95334582589,-0.0037324014559521057,0.017623720327422203,0.015409662529546701,-0.0037324014559521057,0.044290249092706846,-0.009591091671771412,-0.023334456958774563,15161773.85,0.7805823459106667,0,-14.001533702053848,-7.3648169986970515,17.980002006257546,0.026204441156654275,-0.014954210371211623,-0.030285465397132876,-0.08784381107825764,0.045355533404954004,0
2022-05-19,669.6044921875,677.7526801950419,665.0453884024539,672.3205351215821,16661023,29.542988646490713,-11.770720273370557,-8.479703992561967,-3.2910162808085897,749.4618146603271,701.1325378417969,652.8032610232666,701.1325378417969,700.1668872070312,693.9926391544772,706.0835317772843,685.9398573741069,697.7105776474774,705.3864034541783,-0.024104029151276185,0.017762867924728285,0.01897730965196351,-0.024104029151276185,0.010688099430453901,-0.007904444562406132,-0.052826498065385974,15195614.9,1.0964362488549246,0,-13.176151632587448,-7.285217193754306,18.291793799166587,0.0273173104610006,-0.03514179487075014,-0.05166391502994388,-0.10655289023500186,0.02573705152437127,1
2022-05-20,688.27734375,690.5569251623157,672.9025579245164,673.9695557224218,11695528,39.067047906037054,-10.71234891829181,-8.926232977707937,-1.7861159405838727,743.6613758035393,698.5716857910156,653.481995778492,698.5716857910156,701.2494287109375,693.4483253064317,705.3852498938614,686.2994706627059,697.0118195809977,703.659376221486,0.02788638932438836,0.019879881627681305,0.025650077542305135,0.02788638932438836,-0.0006338240861660793,0.04753818582984026,-0.01348634319773856,15332736.4,0.7627815215032328,0,-8.946554416090976,-5.774635376719857,18.41304450140222,0.026752361774805576,-0.007456909718754675,-0.024253280241450542,-0.07447479976178116,0.05324606981720496,1
2022-05-23,689.7322998046875,704.1856129088143,686.2402535593363,688.2772706682433,17438451,40.24744953153992,-9.644997670852945,-9.06998591633694,-0.5750117545160052,740.2314336044152,696.7965423583985,653.3616511123818,696.7965423583985,702.1428149414063,693.0944181157893,704.7714087138938,686.8275982230107,696.4725958938636,701.9346111243406,0.0021139095568079025,0.019929294182516936,0.026017861356586538,0.0021139095568079025,0.005230670040274887,0.04106862384996557,0.000985344724499404,15484078.6,1.1262181916333078,0,-5.503175582192512,-4.481162485874165,18.81490880843152,0.027278567081401535,-0.004850880663909902,-0.02133898839149922,-0.06822073679556113,0.055666947440797664,1
2022-05-24,686.9193725585938,695.8435051133911,684.8822959669416,689.732393749025,13779981,44.237663041348625,-8.923232369318725,-9.040635206933297,0.11740283761457171,735.4117038681359,694.6600738525391,653.9084438369423,694.6600738525391,702.9324108886718,692.5063185389135,704.0713288646664,686.8417173515619,695.7649497208806,697.8468599279042,-0.004078288412606268,0.019108359350667646,0.015957053453918308,-0.004078288412606268,0.025858369489918598,-0.00260557353990043,-0.004428394660273005,14402204.65,0.9567966387701622,0,-5.14996787235566,-4.375802962071475,17.80678229537029,0.025922667210628688,-0.00806771841751196,-0.024361106045506238,-0.06593902579260164,0.05048249343280083,1
2022-05-25,691.9634399414062,699.2385867517748,690.2659056856536,690.702426335335,10457589,44.495906613125285,-7.8536817308062155,-8.80324451170788,0.9495627809016653,729.6561125537738,692.700634765625,655.7451569774761,692.700634765625,703.6453759765625,692.4546158153414,703.5965096912051,687.6296746730764,695.4833564038826,695.1921714481492,0.007343026830098909,0.01914338610753708,0.012966987196434885,0.007343026830098909,0.005355539049597402,0.00848238160318493,-0.0011900653681374829,13988708.4,0.7475735929987646,0,-4.105196704080754,-3.9759624774989106,17.387593103942265,0.02512790719899104,-0.0007093257272273648,-0.016533722935755352,-0.05165813314500222,0.05523225383908434,1
2022-05-26,706.6592407226562,711.024328688685,694.0004974622318,701.3241332086211,14028733,53.16889051755728,-5.753899467589235,-8.193375502884152,2.4394760352949163,728.4273306264988,692.3029266357422,656.1785226449856,692.3029266357422,704.6270361328125,693.8074372350857,703.7166167904778,690.5573002191655,696.3111996867548,693.8785848869827,0.02123782837789001,0.019714533264120437,0.024090580360972894,0.02123782837789001,0.02454131975950946,0.055338261567069,0.04699639878392614,13618071.05,1.0301556621706713,0,-0.18520191939148845,-2.366914986806478,17.46727816151319,0.02471810620299891,0.018523588531692184,0.004181546750450774,-0.029883680895279527,0.0769313781776768,1
2022-05-27,717.6204223632812,718.9784733607349,709.3267673856765,711.5578004198139,8110620,59.92587663099194,-3.1688031536502876,-7.188461033037379,4.019657879387092,726.8424771512421,691.9464416503906,657.0504061495392,691.9464416503906,705.4738623046875,696.0753405806281,704.2618640678427,694.7208574721064,697.8896606257567,692.5219535374245,0.015511269094020008,0.01965785229651845,0.01344959769020129,0.015511269094020008,0.04469381856320953,0.04263263767104242,0.09219750175290486,13091124.1,0.6195510743038484,0,2.627015274196424,-1.1233858260187617,17.269809653735358,0.02406538208160533,0.030952226758502045,0.01896816933729599,-0.012687831377309394,0.09218473293197665,0
2022-05-30,726.0595703125,729.406149311311,721.9854767141775,726.3020751790039,7628515,61.9154647984973,-0.4341226934624274,-5.837593365122389,5.403470671659962,728.0393928901184,692.1986450195312,656.3578971489441,692.1986450195312,706.46619140625,698.9309815074731,705.1166760774372,699.5421979090901,699.9763206025525,690.9676060675558,0.011759904938918542,0.0197835440604309,0.010220473499081612,0.011759904938918542,0.049274467989206094,0.052668652052541676,0.0959003049623377,12494534.0,0.6105481805083727,0,5.836563391683853,0.3452673635433712,17.07234069325889,0.02351369142605043,0.03881440302805752,0.029701317449429897,-0.0027193893585332456,0.10619461343624069,0
2022-05-31,730.2791748046875,734.0137854944626,718.2994573679736,718.7844671298695,20272212,62.26598053839902,2.0499871159585155,-4.260077268906209,6.310064384864725,730.7162007265806,692.7733825683594,654.8305644101381,692.7733825683594,707.336298828125,701.9165237262555,706.1034407334079,704.2709635853358,702.2209764693773,692.7532655060849,0.005811650537670632,0.019790646438563726,0.02151824763549064,0.005811650537670632,0.033424786263145156,0.06312211298480341,0.06035207013752708,12962972.3,1.5638552278631344,1,9.410205187341944,2.032111868741481,17.318313379736562,0.023714647736419882,0.040407441796445474,0.03423823292259991,-0.0005980788731090909,0.11521852292052437,0
2022-06-01,730.0851440429688,732.9466539830166,721.8884680591501,725.5745300337724,10102092,70.3983372586984,3.9573870811973393,-2.6165843988854998,6.5739714800828395,735.4386903289968,694.1508087158203,652.8629271026438,694.1508087158203,707.9677807617187,704.5992494707043,707.043899686724,708.2423759634332,704.2849888822359,693.3836268580432,-0.0002656939543300707,0.017931524804972024,0.015146433281233421,-0.0002656939543300707,0.017369519165352676,0.05509207842655761,0.06404177206226924,12857468.65,0.7856983575067865,0,12.144633655362895,3.447389995518847,16.660081140683126,0.022819367407512413,0.03617076599415834,0.032588138256272124,-0.007279391683395344,0.1182824353084825,0
2022-06-02,727.2721557617188,729.2121948567817,720.9185395664465,728.5331693324507,10949759,79.24080175936953,5.182292409518823,-1.0568090372046353,6.239101446723458,738.7192316567081,695.1669067382812,651.6145818198544,695.1669067382812,708.7243957519531,706.7585738793724,707.8371646308415,711.1700343939386,705.9877419844198,694.1408988861928,-0.0038529592119525002,0.015672953225817,0.011403784985620318,-0.0038529592119525002,0.0016700908559015293,0.029169525920276662,0.08612197834250912,12948879.25,0.8456144187150405,0,12.951136644286748,4.120547840363656,15.416370060518059,0.02119752549081369,0.029024878707516792,0.027456867344643053,-0.015495841186261308,0.11610785892876273,0
2022-06-03,721.9855346679688,734.304794716289,718.9784977640621,733.4803017861097,8563791,74.79779509088021,5.6611938483374615,0.28679153990378403,5.374402308433678,741.5556516291026,696.3818542480469,651.2080568669912,696.3818542480469,709.2307458496093,708.2087606211435,708.3920026715132,712.8339575130202,707.1727636646827,695.0888845490948,-0.007269109716173561,0.01614838388026911,0.0212279834100489,-0.007269109716173561,-0.011356807674184122,0.006082759309318675,0.04897472105403544,12754317.55,0.6714425108539029,0,12.133420040515375,4.130138603670503,15.457940590601911,0.021410318972264183,0.019452984505221555,0.01918927930466628,-0.026390624787419294,0.10868642833059078,0
2022-06-06,724.3621215820312,728.4362156603112,717.4264579008345,718.0085051721869,9107831,68.55131284474362,6.1614717796067,1.4617275878443672,4.699744191762333,744.8491349992513,698.1472930908203,651.4454511823893,698.1472930908203,709.7826879882813,709.7471759507519,709.0182818444746,714.607521215945,708.4460494363383,696.3666531604083,0.003291737576370579,0.013006915975250893,0.0151992455588801,0.003291737576370579,-0.007838842507115418,-0.00233789182027877,0.05020762662144418,12556914.65,0.7253239552759084,0,10.816194443278732,3.901605767037381,14.23502830305337,0.019651812096363613,0.020591762991803018,0.021640964881244604,-0.02750491670671088,0.11193058492817227,0
2022-06-07,713.2068481445312,720.6760102483751,710.3937678699366,718.784460353754,9938912,62.92866519052337,5.59333185861135,2.2880484419977636,3.3052834166135865,746.3095867250357,699.3088928222656,652.3081989194956,699.3088928222656,710.385068359375,710.0766685406356,709.1825393464377,714.3920330511121,708.7987011925007,697.3923754840738,-0.015400133586688014,0.01386457606553642,0.014416914819576682,-0.015400133586688014,-0.01933981317139244,-0.023377808445273263,0.038268647873510364,12413989.3,0.8006219241706611,0,8.160144814380146,3.079098613029828,14.477536649457752,0.020299211494003884,0.00440822765002098,0.005674573998680572,-0.04435523698116527,0.0933587057864828,0
2022-06-08,707.6292724609375,718.7844974551812,704.6707246296103,714.5163876883088,9369224,70.28992209687084,4.639531502916839,2.7583450541815786,1.88118644873526,747.0867862261313,700.0509613037109,653.0151363812905,700.0509613037109,710.9719299316406,709.843583199712,709.1216269195554,713.3516083449315,708.7120768420147,698.1709944246138,-0.00782041801491995,0.011984424586919886,0.019945151189813163,-0.00782041801491995,-0.019884418063352838,-0.030757880454433173,0.022639682409894002,12206607.9,0.7675534494722321,0,5.244333729007735,2.077727232831421,13.978668840968453,0.01975422637952008,-0.0031194347475724865,-0.002104511274181188,-0.0528151675182361,0.08363379811116385,0
2022-06-09,710.7818603515625,712.0913631265906,700.4996762960814,703.2642084679397,7444368,64.39214149432144,4.090868360779609,3.0248497155011846,1.0660186452784246,747.5632472638798,701.8430786132812,656.1229099626827,701.8430786132812,711.4065002441406,709.9329429284597,709.1867341129674,712.9562624997977,708.8653941390181,699.8412893772104,0.004455140584647133,0.009838996326378581,0.016308360521153236,0.004455140584647133,-0.018747889799661244,-0.02267417400695737,0.005833957006902368,11744568.0,0.6338562644449758,0,3.1743690490873178,1.3495694821259576,13.310044116375138,0.01872591980582032,0.0011957712789055735,0.00224923304662518,-0.049201705737861104,0.08330596228073879,0
2022-06-10,698.4140625,706.4652127683163,696.4740234375,703.0216552734374,7990818,54.87212896437203,2.627779536350431,2.9454356796710344,-0.3176561433206033,744.5595371590287,703.9116455078125,663.2637538565964,703.9116455078125,711.4976831054687,708.8359066971778,708.764276402655,710.7190009613672,708.0912214250168,702.3160494682033,-0.017400272209317835,0.01116698463026927,0.014305538601345487,-0.017400272209317835,-0.020741227713973798,-0.03264812248462701,-0.026763953846283384,11358256.75,0.7035250369736535,0,0.6271460760343643,0.3722737311418314,13.050221085274034,0.01868550733151086,-0.014702759974079825,-0.014603182252903177,-0.0619768767385657,0.05299597398322994,0
2022-06-13,667.3734741210938,681.2447423380745,661.6503348905528,681.19625319991,16622521,41.67010884210767,-1.02463362454057,2.1514218188287138,-3.176055443369284,743.8080894292391,704.154150390625,664.5002113520109,704.154150390625,710.6654052734375,704.8871035946936,707.1411076857311,704.0504583705559,705.0750919950965,701.5553837847101,-0.044444392009798994,0.01650229936580324,0.029360482859056992,-0.044444392009798994,-0.05688826043027484,-0.07867425112797499,-0.0808282110600752,11738101.65,1.4161166341577898,0,-4.860072356058254,-1.8771741587435145,14.893258118345297,0.02231622726384079,-0.053219344320945314,-0.05623719669584097,-0.10276120466341986,0.004323945606032034,0
2022-06-14,664.9484252929688,673.8241281748404,660.243853989426,661.9413882626029,13348598,38.224116756876406,-4.0679853394534575,0.9075403871722795,-4.975525726625737,745.8599029311349,702.9658782958984,660.0718536606619,702.9658782958984,709.79626953125,701.0834199469102,705.4864926899364,698.034760974004,702.1027463134575,700.6551874411562,-0.003633720730837675,0.016287108210132784,0.020423048869438378,-0.003633720730837675,-0.06448312431035297,-0.06766399253892597,-0.08945996512798193,11767278.95,1.134382728302706,0,-8.993248593725411,-3.6960466565012666,14.983333832076246,0.0225330766449665,-0.0515416477210056,-0.05746115314327398,-0.1084807982305984,0.007387940578381164,0
2022-06-15,666.6459350585938,675.4730892724864,665.530388895112,666.8884399458468,9199591,30.32904054346001,-6.270605016962577,-0.5280886936546918,-5.7425163233078855,747.3124219541439,701.9910095214843,656.6695970888247,701.9910095214843,708.8456506347657,697.8036594813562,703.9633335671388,693.2057108331717,699.4763158501343,700.012242933694,0.0025528442523599093,0.014877858053881692,0.014914514368861372,0.0025528442523599093,-0.04548609363289591,-0.05791639633535106,-0.08689289119494992,11635507.85,0.79064799909013,0,-12.039923718355794,-5.158293352416649,14.373603491521878,0.021561075730940345,-0.044651133595258775,-0.05301042927825439,-0.10794211968886552,0.015192325050522424,0
2022-06-16,658.1582641601562,679.0621736052452,656.0242093107667,679.0136844688421,13237239,20.039130686158614,-8.601923468254427,-2.142855648574639,-6.459067819679788,748.7084361241264,701.4186981201171,654.1289601161079,701.4186981201171,707.5244848632813,694.0279075460039,702.1670563354924,687.8137959604001,696.4157194286545,700.0797605089048,-0.012731902276868268,0.013904335513218125,0.03500368459837878,-0.012731902276868268,-0.01380817535949208,-0.07403621156760798,-0.0950316756306655,11464318.65,1.1546468136595278,0,-15.905035382455821,-7.019677777475067,15.139227181264728,0.023002411434555423,-0.05168328678983278,-0.0626756720900744,-0.12094183475843465,0.0061598007269592974,1
2022-06-17,666.2578125,671.8839724795839,649.8645198853286,651.1255332856439,16335613,19.76454541527029,-9.684309584256084,-3.651146435710928,-6.033163148545157,749.8669877742961,700.3177215576172,650.7684553409383,700.3177215576172,706.4584301757812,691.3831365892416,700.7588506948849,684.4974908126462,694.1818003969023,698.275585717511,0.012306384012634286,0.013958893486344088,0.033049447497856266,0.012306384012634286,0.001969156038612141,-0.04604181348367398,-0.07718675720227164,11696322.9,1.3966451798282689,0,-17.452770107936203,-8.005425707770087,15.870207584566556,0.023819919686970357,-0.036340666642797906,-0.049233824390049565,-0.11149867461489293,0.02380164101676808,1
2022-06-20,665.3848876953125,667.1794000877353,657.285189349216,665.4333768292418,10981042,16.040558616821627,-10.491605419283701,-5.019238232425483,-5.472367186858218,750.8903690343733,699.1003509521485,647.3103328699236,699.1003509521485,705.3787976074219,688.9071128850579,699.3716364596075,681.5570903330564,692.0486957523401,696.9611762456921,-0.0013101907224352116,0.01361986020178314,0.014869906007017649,-0.0013101907224352116,-0.001891629869715472,-0.002979720505673633,-0.0814195443542941,11373452.45,0.9654976840387635,0,-15.979990709635672,-7.769471226123528,15.45448491399729,0.02322638400689689,-0.034144262339282944,-0.04859612113574463,-0.11387212416776467,0.027922549521576905,1
2022-06-21,675.2305908203125,686.7738472456844,667.9554441333879,669.8469941130473,13319648,23.928054022723742,-10.219127486108391,-6.059216083162065,-4.159911402946326,751.141773437874,698.5159118652343,645.8900502925947,698.5159118652343,704.3612475585937,687.6045869741297,698.4249287874784,680.5837827157112,690.8029102018196,696.2398273863606,0.014797004421159166,0.01470510685867174,0.02786959502150911,0.014797004421159166,0.025939546139318592,0.015463102304232867,-0.05324718547363538,11350435.8,1.1734922107572292,0,-13.478832972780538,-7.061563902458033,16.192397315890528,0.02398054462582773,-0.017995802221550256,-0.03320949326283803,-0.10106105838066537,0.045426525016798586,1
2022-06-22,666.015380859375,677.9466683573997,664.5603515747664,673.4360538929959,6838249,22.55536748037288,-10.624306794765289,-6.97223422548271,-3.652072569282579,751.7687672318905,697.2185089111329,642.6682505903752,697.2185089111329,703.0478405761719,685.5484721060578,697.1539661236312,678.3424901224288,688.9667969171941,695.5346701810189,-0.013647500700082693,0.014854925214667537,0.02009911057213224,-0.013647500700082693,-0.00036387061596365733,-0.0009458607126484608,-0.05880747620408777,11169468.8,0.6122268768949871,0,-12.25518737529842,-6.80936744350754,16.493805337755607,0.024764901549981126,-0.02849264791835312,-0.044665291710804376,-0.11406883354341854,0.036328432667324634,1
2022-06-23,678.189208984375,684.8338193855298,666.4034474757209,669.5075219542216,14960412,31.518643386793926,-9.849548661436529,-7.547697112673474,-2.3018515487630546,750.7920033126086,695.7950073242188,640.798011335829,695.7950073242188,701.875087890625,684.8475899039928,696.4102501573859,678.3189084088821,688.1684570703186,693.7407519505855,0.018278599075732815,0.016215239935657943,0.027175855448082598,0.018278599075732815,0.019243480767068055,0.030434845104891695,-0.04585464709392939,11216052.75,1.3338393045628285,0,-9.180317642011119,-5.756806178106444,16.74324402160759,0.024688160471738416,-0.0097224273221889,-0.02616423461442883,-0.09670160844534706,0.058350988903038414,0
2022-06-24,692.0604858398438,693.8065092545105,685.3673270107747,689.5869477352911,10856736,37.57462549902941,-8.023758253276242,-7.642909340794028,-0.38084891248221364,748.5581504566766,694.5170104980468,640.4758705394171,694.5170104980468,700.8973107910156,685.5345323740738,696.2396711645412,680.4329972444147,688.4567554976909,692.8111869147441,0.020453402489611694,0.017438780283801678,0.012194284193952343,0.020453402489611694,0.024924663142238845,0.03872776101945341,-0.009097148813718592,11353358.55,0.9562576529391824,0,-5.848604215167825,-4.519179530343763,17.072354200940367,0.0246688758428714,0.009519510918246392,-0.006002509621014908,-0.07547531822660004,0.0805410752742042,0
2022-06-27,695.843505859375,706.9987307701259,694.6309814125542,706.9987307701259,8285225,42.91929649196778,-6.200077467509686,-7.35434296613716,1.154265498627474,744.9845202041649,693.0062072753906,641.0278943466162,693.0062072753906,700.0262329101563,686.5163393726739,696.2241352702209,682.8038447236393,689.003922191149,691.9364291874884,0.005466314140071704,0.0171976391102592,0.017773751214789874,0.005466314140071704,0.04478594017079929,0.045775939200485505,0.04265981919010975,11386194.05,0.7276553485402789,0,-2.390773512384044,-3.1475011893866167,17.14163214509662,0.02463432079304455,0.013586226505874734,-0.0005467052800434672,-0.06596246366477886,0.08551205336958224,0
2022-06-28,689.0048828125,695.7950197441837,685.8038301000511,689.7323974837518,8339931,42.48236518407417,-5.246142764822025,-6.932702925874134,1.6865601610521086,739.8782119536949,690.9424926757813,642.0067733978677,690.9424926757813,699.1047143554688,686.7533435098002,695.9410273307026,683.757850583464,689.003993348286,688.5255083109951,-0.009827817590147947,0.017261562249553507,0.014500898169761686,-0.009827817590147947,0.01594787071932635,0.020399389748402275,0.03617792990325874,10789580.0,0.7729615981344964,0,-0.8512434643295137,-2.4839014567758113,16.850625211793265,0.02445646704709762,0.0032785268888431635,-0.009966569358335318,-0.06875905834131896,0.07320500555763819,0
2022-06-29,681.6812133789062,685.5128022997893,679.9351900949814,683.8152681505,9570557,38.63632571870113,-5.02319726579708,-6.5508017938587235,1.5276045280616435,733.9705294216494,688.5222961425782,643.0740628635069,688.5222961425782,697.8718188476563,686.270283497334,695.3818189404361,683.438367936609,688.4615652024061,686.3851940323038,-0.010629343298263372,0.017314255691267696,0.008182141586624071,-0.010629343298263372,-0.014997637740206793,0.02352172783054529,0.02255361883964846,10763003.25,0.8892087810156519,0,0.7218113912762192,-1.7721471831951021,16.670482775151072,0.02445495408699922,-0.006686971924591029,-0.019702277494694484,-0.07124171059558189,0.060035309686551186,1
2022-06-30,685.997802734375,690.5569062287119,680.1776857301896,681.6812041152125,11970404,44.82617948905762,-4.446937142582897,-6.130028863603559,1.683091721020662,728.0859149028854,686.4585784912109,644.8312420795364,686.4585784912109,696.9338098144531,686.2443329484809,695.0138183049044,683.8321271362653,688.2790642788482,684.344965759593,0.00633226979231627,0.01693680289095526,0.015130107497649242,0.00633226979231627,-0.01414930662152325,0.011513886753954372,0.04229915521875793,10814035.5,1.1069321901153366,0,1.396743044488062,-1.3964318524815553,16.3898673168982,0.02389201139066114,-0.00035924553729519554,-0.012972426350484463,-0.0578065188558472,0.06384082837251999,1
2022-07-01,682.7967529296875,685.5612848355172,673.2905144209359,682.3602323115849,9884899,58.368420460017234,-4.200128345081453,-5.7440487598991385,1.543920414817686,722.6275187230979,684.4991394042969,646.3707600854959,684.4991394042969,695.7998571777343,685.9159919943102,694.5347177019546,683.6728387967918,687.8729671418732,682.569032834052,-0.00466626830571204,0.011614662994264226,0.01797133680254176,-0.00466626830571204,-0.009010284306652627,-0.013385727258961033,0.024823634514135717,10880090.9,0.9085309204539825,0,0.38145962023634183,-1.704953462586559,14.671550224326195,0.021487434088364843,-0.004547552617272315,-0.01690047232067125,-0.05511935922920897,0.056354642093298705,1
2022-07-04,698.5110473632812,699.4810669036859,683.7182493721101,683.7182493721101,8303732,65.91536887048898,-2.7053329694865624,-5.136305601816623,2.430972632330061,717.1702986348218,683.2065856933593,649.2428727518968,683.2065856933593,695.2653747558594,687.1155210770694,694.6906521984772,685.9556401147132,688.6609730841998,681.287474955217,0.023014600415377062,0.012797455009465114,0.022566310999771348,0.023014600415377062,0.02468871615363155,0.0038335365372301755,0.049784959473166746,10839885.95,0.7660349968903502,0,0.5991817043955052,-1.5334830717437171,14.893267352082196,0.02132144854158121,0.01658458575982844,0.005499419277794644,-0.02601788070010657,0.07588558408435836,1
2022-07-05,697.8805541992188,710.1998139212261,696.5709923264933,701.3726007825674,11460367,64.96284930020082,-1.5536627370853466,-4.419777028870368,2.8661142917850215,714.1722086678654,682.4402709960938,650.7083333243221,682.4402709960938,694.6300109863281,688.1407623267979,694.8157463945847,687.7902422815603,689.3439050186456,680.8273773308462,-0.0009026244702105002,0.012852391573252863,0.019528874264695868,-0.0009026244702105002,0.01732185062033631,0.012881870082674052,0.033544042119581174,10915958.7,1.049872696934993,0,1.3874188169977515,-1.1252809361178606,15.114992896026138,0.021658423930968815,0.014153778420984453,0.004410964806910881,-0.022811941252986127,0.07249364801262713,1
2022-07-06,704.1856689453125,709.9572968202166,700.3540800733817,701.3240995748685,12163533,72.52020691595249,-0.13067932469436983,-3.5619574880351688,3.431278163340799,713.4572724529507,682.2680908203125,651.0789091876743,682.2680908203125,694.0906799316406,689.6688486714183,695.1831943377505,690.3126156144451,690.4432949391395,680.89645256882,0.00903466174570311,0.012048413063682052,0.0136373362457347,0.00903466174570311,0.031325450690635526,0.03301316674821919,0.05731142130184064,11055674.15,1.1002072632540458,0,3.398565174084297,-0.19862460268564064,14.332048490777513,0.02035265573104208,0.021048971983959306,0.01294978745298642,-0.012995317120759558,0.08156731696914807,1
2022-07-07,719.7545166015625,721.6945557298686,711.024340524185,713.8859100794957,10374018,74.39193401162143,2.2276422994690392,-2.4040375305343273,4.631679830003367,715.8315338949196,682.7167236328125,649.6019133707055,682.7167236328125,694.1935021972656,692.5341503790512,696.1467756029981,694.8421388432324,692.6144965437634,681.6972861379738,0.022109009516720457,0.012774457173690492,0.014824797843665817,0.022109009516720457,0.03041250287804398,0.04920819532166698,0.061288659663921496,11202156.65,0.9260732842903067,0,6.289817430570338,1.1329572980937428,14.009865218656143,0.01946478263840009,0.03930544971336435,0.033912016583163104,0.00548031557830022,0.10799322136667316,0
2022-07-08,733.0437622070312,734.7897854998337,722.2280208901641,728.7756526421427,9797700,77.71156471972277,5.110054705167499,-0.9012190833939622,6.0112737885614616,724.0122784100251,684.448208618164,644.8841388263029,684.448208618164,694.359375,696.3922086483826,697.5937162541367,700.7193116684322,695.6092569632647,683.1300877543779,0.018463580705566196,0.013041152685339376,0.017136445676652252,0.018463580705566196,0.05038571113098356,0.07358999447748982,0.05921921162346466,11292500.75,0.8676288996482909,0,10.47621665407246,3.058998552182061,14.377083658638421,0.019612858603901395,0.0526306197908002,0.05081761077672891,0.012474213582178177,0.13670614312391055,0
2022-07-11,746.4300537109375,748.4185819739815,732.3647700477684,732.3647700477684,12440573,78.3397744930077,8.377973095070047,0.9546193522988397,7.423353742771207,735.8029132256348,688.4010375976562,640.9991619696776,688.4010375976562,694.867666015625,701.1577177019593,699.5088667426387,707.7517335211253,699.3737604260552,687.4346068213462,0.018261244681494926,0.013231548056087623,0.02150745652107698,0.018261244681494926,0.05999040683247103,0.0686016442095505,0.07269816765637205,11083403.35,1.1224506234359863,0,14.042196624889925,4.818214544161492,13.996001685484227,0.01875058703210297,0.06456797788286212,0.06707732982255664,0.014442917110391829,0.1644789853036458,0
2022-07-12,737.1178588867188,744.4414944411,734.9838040959955,742.4044179205171,10219829,78.27933778930692,10.099979390696262,2.7836913599783246,7.316288030717938,742.7634811879209,692.0095092773438,641.2555373667667,692.0095092773438,695.2343347167969,704.5824930528887,700.9837291796614,712.2695989619858,702.1696195712896,691.1274558202023,-0.012475642932545994,0.01309203338589781,0.012830635197726087,-0.012475642932545994,0.02412397822404788,0.0562235248588101,0.0698296590843055,10926964.9,0.9352852410096055,0,16.441730726090782,6.167982785076674,13.857425459220556,0.018799470521782845,0.046176801374750893,0.05154774383899603,-0.007600834510836408,0.14949160815608442,1
2022-07-13,730.61865234375,741.8223650085422,727.417600040279,741.8223650085422,8674121,71.83833706032438,10.815574919275491,4.390068071837758,6.425506847437733,747.278070819842,695.2081451416016,643.1382194633611,695.2081451416016,695.7959753417969,707.0621272710661,702.1458830292336,715.092530251488,704.2769553322125,693.7294109428447,-0.008817052069237108,0.013352504992034147,0.019715846183305293,-0.008817052069237108,-0.0033082743327352837,0.0375369516366717,0.07178933202849214,10900691.4,0.7957404426658661,0,17.393278599647715,6.962688691483095,13.542163062228301,0.018535200297427976,0.033316061155193345,0.040551073505804454,-0.022293466283327294,0.13602120078228774,1
2022-07-14,729.8427124023438,736.7298273298937,726.3506065982099,727.5146418662545,7044542,67.66439521053773,11.191073928742185,5.750269243218644,5.440804685523541,749.9854860741222,698.792367553711,647.5992490332998,698.792367553711,696.2538256835937,709.2317068073781,703.2320332007281,717.3617890439274,706.1707151151852,696.8000072598725,-0.001062031387943807,0.012711335471742838,0.01422117472067332,-0.001062031387943807,-0.022222231307713836,0.014016161855314735,0.06391406720721804,10591056.55,0.665140627542018,0,16.697556428326948,7.085257597729992,13.16801452376747,0.018042263490476943,0.029061032377904382,0.037840539033039175,-0.026857551307049775,0.12699746562679382,1
2022-07-15,728.6786499023438,736.2447900539347,721.8885134986842,730.6671780080716,6358018,65.73685506862282,11.26487501674319,6.853190397923553,4.411684618819637,752.3606045912646,701.9134094238282,651.4662142563917,701.9134094238282,696.8736669921875,711.0837966259463,704.2299397380464,719.1028445606069,707.8379695438637,700.5746354949438,-0.0015949498161985654,0.012783380219456684,0.019701793866438215,-0.0015949498161985654,-0.011448927580076429,-0.005954777231232611,0.06719700522269623,10092176.8,0.6299947103582252,0,14.6915879775637,6.636223483909703,13.12644535412235,0.018014038638131544,0.024743712850558604,0.034716942272280574,-0.0314768670028737,0.11852101299540951,1
2022-07-18,748.8551025390625,749.9706487184862,735.129302042271,736.4873531124134,8045363,75.43279949455285,12.803839327174614,8.043320183773766,4.760519143400849,757.609410790663,706.0869201660156,654.5644295413682,706.0869201660156,698.0697021484375,714.681063855767,705.9799461224,723.6801150188307,710.8762756916561,704.4161887616228,0.027689095377534167,0.013702250956459017,0.019818716098607473,0.027689095377534167,0.024960285556373085,0.003248862791722651,0.07207338433059651,9945392.85,0.8089537659641067,0,13.523346153807665,6.47107937976125,13.930182715323676,0.018601973423285897,0.047817187850093,0.060731408380867845,-0.01155517358537593,0.14405101887947175,1
2022-07-19,757.2457885742188,758.555291290108,744.1505245941465,744.7810017811212,12825591,81.82189710478697,14.533010372884974,9.341258221596007,5.191752151288966,764.3569771718138,710.1876800537109,656.018382935608,710.1876800537109,699.4151208496094,718.7348471622862,707.990371316589,728.8440647965828,714.3110544236978,709.4409217867012,0.011204685668438241,0.012874883083844066,0.019022577495060776,0.011204685668438241,0.03754655038162302,0.02730625699111333,0.08506503586866443,9920690.0,1.2928123951055823,0,14.152354109397493,7.006642136927553,14.311259428069596,0.01889909411713675,0.05358156984315107,0.06957074453715201,-0.009303491444412617,0.15430574549699294,1
2022-07-20,759.6222534179688,765.8788910888006,756.9062106352496,765.8304019544345,8152179,81.51992194379598,15.911731203949785,10.655352818066763,5.256378385883021,769.1430703118152,714.8680236816406,660.5929770514659,714.8680236816406,700.7518078613281,722.6288858533036,710.0151510068391,733.5791707383344,717.6674395343846,712.9045534687823,0.0031383005090388494,0.012927525473534388,0.011812029483309427,0.0031383005090388494,0.04246536318824767,0.03969731813057087,0.07872438607801535,9986386.5,0.81632920976972,0,15.566758582237526,7.869267977605546,14.210792282000218,0.01870770928320998,0.05119276061180726,0.06986766738820169,-0.012378473214335372,0.14990967177476908,1
2022-07-21,762.4353637695312,765.2969332735929,756.712224761408,761.3683659501904,8312338,84.20831854240151,17.03500298050494,11.9312828505544,5.103720129950542,774.4354603659727,719.0803314208985,663.7252024758242,719.0803314208985,702.5017248535156,726.4199789881825,712.0708456249839,738.0185850508262,720.9835820703213,717.8184933823021,0.003703301659350622,0.012514245037796435,0.011259588576455195,0.003703301659350622,0.01813469813375601,0.04465708955276937,0.059299172403242784,9653982.8,0.8610268085416518,0,17.188272180804347,8.83881242425582,13.916322296196345,0.018252461726582462,0.04957928722102874,0.07072964502618057,-0.015495282964923434,0.1487214300820565,1
2022-07-22,776.0640869140625,779.7986975015549,765.4423615783869,765.4423615783869,12267898,83.92021856231317,18.808119717477894,13.3066502239391,5.501469493538794,782.6085912961119,723.2805114746094,663.9524316531069,723.2805114746094,704.8821520996094,731.1479892668377,714.5803844990654,743.8717391836319,725.063619466154,722.8775428133147,0.017875250535533738,0.012108186412382548,0.018498905135856055,0.017875250535533738,0.024850977877705738,0.06502926498267692,0.05868725296496158,9724540.9,1.2615400692077916,0,20.064192640891406,10.350444761019048,13.96482370748386,0.017994420748180112,0.061432293197256294,0.08604168788945744,-0.00836242338102974,0.16885495092143915,1
2022-07-25,776.888671875,793.281966548427,773.2025502653746,778.9256892232296,21034148,84.49806971415353,20.048755052816432,14.655071189714567,5.393683863101865,789.7604620961694,727.3327697753906,664.9050774546118,727.3327697753906,707.1694580078125,735.5042447533293,717.0238467491021,748.9512672899962,728.9025122371797,729.7376982888214,0.0010625217360802353,0.012012848230188285,0.025845937790019872,0.0010625217360802353,0.022730269392898794,0.03743523846053409,0.040805723205590505,10361987.05,2.0299338243237814,1,20.823180897562338,11.043900626702111,14.42558047093526,0.018568401101948764,0.056266741377611,0.08349070312977412,-0.016298347206449494,0.168420423031034,1
2022-07-26,772.426513671875,778.7316404027981,767.9159585336972,777.5676051652617,7374145,80.28404855597546,20.436331312985658,15.811323214368787,4.6250080986168705,794.2954700101027,731.5038513183594,668.712232626616,731.5038513183594,708.8437109375,739.0206513170003,719.1965003539167,752.5628436564391,732.1265123434534,732.8836890521884,-0.005743626293785109,0.01253006453423409,0.014002214680185584,-0.005743626293785109,0.013104258245507872,0.020047288907660166,0.04790096232166108,10313697.75,0.7149855637373124,0,20.28580415471413,11.206129037327742,14.335504702942623,0.018559053125709137,0.04520288072510892,0.07401317065887253,-0.027532520534140195,0.1550955343494803,1
2022-07-27,776.5006713867188,779.7017241497522,770.8260805434004,771.165563713231,9536564,78.04404258386859,20.832099296775368,16.815478430850106,4.016620865925262,797.4968869197212,736.24482421875,674.9927615177787,736.24482421875,710.6508581542969,742.5901770379259,721.4437227473599,756.2455863841744,735.4134870873991,737.2062072837459,0.005274492320928248,0.01171920584711788,0.011430310279708015,0.005274492320928248,0.000562562396608568,0.022219488558694156,0.06279886079527808,10311998.1,0.9248027305202859,0,19.96129118462227,11.428571740520738,13.718844475928027,0.017667524293865887,0.04566515340137741,0.07631495971673886,-0.026327645759344504,0.1503837013610203,1
2022-07-28,790.1778564453125,791.0508976723771,781.1566869885742,782.7572428364289,11124518,78.12790906616009,21.995828584512424,17.85154846158257,4.144280122929853,802.4326096628181,741.4538269042969,680.4750441457757,741.4538269042969,713.0623254394532,747.1223369814865,724.1391789708091,761.4659356243495,739.4701070398371,742.937075113517,0.017613874092559767,0.011648884511897965,0.012521498296994763,0.017613874092559767,0.01710564853293506,0.03638668140813994,0.08266869425108059,10269703.8,1.0832364999660458,0,20.702357993303963,12.068333345825181,13.684198575027112,0.017317871493623897,0.057628473052724366,0.09119611173139618,-0.0152720029943138,0.16121504123233593,0
2022-07-29,794.0579833984375,798.7141246229065,783.7757998058745,796.0465708488148,11095993,75.86926397167541,22.966443383592605,18.87452744598458,4.091915937608025,805.7223057870115,747.0168884277343,688.3114710684572,747.0168884277343,715.1779382324219,751.5923985450056,726.8810928699318,766.4800968203631,743.5136534367705,748.5667653344291,0.004910447592874956,0.011049402374315823,0.018812637275049428,0.004910447592874956,0.028004566575185574,0.023186096081221574,0.08972313584987801,10330258.5,1.0741253957972108,0,20.444409278167882,12.300708370866346,13.604520924371318,0.017132906171594936,0.0565008173787285,0.09241799131584563,-0.014476851769891757,0.1536317739494176,1
2022-08-01,798.714111328125,800.2661189069178,792.7969566227277,796.0950467342799,7974903,85.23853918970352,23.836599731866045,19.866941903160875,3.96965782870517,810.4047629833001,752.0270416259766,693.6493202686531,752.0270416259766,717.3575744628906,756.0801807148265,729.6980739859393,771.4391759754035,747.6025762435374,752.6497630450208,0.00586371276032005,0.009912712220893764,0.009351484064517253,0.00586371276032005,0.028607109768155503,0.0280933938712864,0.06658031523055774,10313817.05,0.7732251756395078,0,20.57593596149718,12.674227236837282,13.320443257889037,0.016677360608715698,0.056388107638254435,0.09458163561428769,-0.014425694651816843,0.1514667253170231,1
2022-08-02,793.2334594726562,797.3560424170265,787.8498629981253,795.4160033843817,11106772,86.24362924896326,23.80950099937195,20.655453722403088,3.1540472769688606,812.0440166984779,756.7946868896485,701.545357080819,756.7946868896485,719.4838562011719,759.6185882155721,732.1896577305165,774.7921426672885,750.9826416679166,757.659904603568,-0.006861844279119289,0.009702569657744041,0.011984087793297219,-0.006861844279119289,0.0038669813415042054,0.026937120143470272,0.04752442528098699,10296137.3,1.0787319240585496,0,20.59793689857179,12.993157376599811,13.067549212298786,0.01647377459466489,0.04425230211394533,0.08337157060009581,-0.02316445517608713,0.13069447536985784,1
2022-08-03,800.0720825195312,803.1761568023379,787.2193239716678,793.2334567936133,11073975,87.9851814486844,24.062467637204236,21.33685650536332,2.7256111318409175,814.1944587539226,761.5890075683594,708.9835563827962,761.5890075683594,721.6460290527343,763.4713019588064,734.8517136045955,778.6813641830182,754.618896545814,762.9142072246509,0.008621198419216158,0.00950870479387993,0.01994424399914065,0.008621198419216158,0.0075738790451478355,0.030355944304230054,0.05324992642008031,10241659.4,1.0812676508261931,0,20.881124920880552,13.407990857235632,13.46595007651209,0.01683092107664357,0.04793995591821166,0.08875310175847143,-0.017345212906514796,0.1284776287357986,1
2022-08-04,795.6585083007812,805.0677094506085,784.1152523738859,799.2960814871609,11113742,84.99739767372441,23.634364721905285,21.79635814867171,1.8380065732335744,816.2035353174119,765.3842071533203,714.5648789892286,765.3842071533203,723.4260144042969,766.5367501818516,737.2362937887597,781.2932325088279,757.6588677869227,766.9382085861279,-0.005516470722051747,0.009822086464643477,0.026333479574634236,-0.005516470722051747,-0.0038256529889809654,0.006935972465900164,0.0435750308944125,10278645.6,1.0812457625740108,0,19.414413200365175,13.097114817950569,13.937105828045812,0.01751644164254597,0.037991339765537445,0.07924489746941474,-0.02517145065861662,0.11348672695229821,1
2022-08-05,813.0703735351562,815.6894380803118,798.4230432594383,798.4230432594383,16056522,84.55107376982961,24.418599667681974,22.320806452473764,2.0977932152082097,822.0517612017441,769.3855377197266,716.7193142377091,769.3855377197266,725.3350134277343,770.9685238345473,740.2101792690105,786.1820234359553,761.7634237682734,771.8385752124368,0.021883590827879162,0.008934066377412312,0.021236039810183724,0.021883590827879162,0.025007661774236745,0.023943327230775857,0.04768457559767447,10591586.7,1.5159694628190128,1,19.376125289541733,13.329086399078733,13.847029468287815,0.017030542397064828,0.05460903837060425,0.09843176479699096,-0.01092557438653019,0.13443346284022573,1
2022-08-08,816.7297973632812,821.9505207188839,811.069933828099,816.3882174189047,12142951,83.7223255659453,25.046673965703008,22.865979955119617,2.180694010583391,828.4222507259749,772.9005249023437,717.3787990787125,772.9005249023437,727.14841796875,775.3267403610935,743.2109486060408,790.8816809632362,765.8350069975332,776.138172892902,0.004500746733907102,0.008808419654162049,0.013322137781566979,0.004500746733907102,0.020820267583006702,0.022555862954767747,0.05128292756814923,10576705.6,1.1480844281039646,0,19.246559646266974,13.512874620101456,13.595302339346631,0.01664602220126841,0.05340078556158801,0.09892056743126791,-0.014114122782732046,0.13849168446594656,1
2022-08-10,828.24462890625,832.3919510539397,821.8041053952454,821.8041053952454,23658553,85.25056451243746,26.171884846888474,23.52716093347339,2.644723913415085,835.5131173076397,777.4568634033203,719.4006094990009,777.4568634033203,729.1077270507812,780.366539270156,746.5456027354608,796.6298268006229,770.4579419537345,783.2313883744524,0.01409870385547718,0.009070165784753255,0.012783476389911765,0.01409870385547718,0.040954907495503345,0.04413728268203565,0.07226333411191832,11248641.8,2.103236410283773,1,20.747951054583837,14.35594500494426,14.073121856282878,0.016991503916985656,0.061353334909608516,0.10943608249975773,-0.008699430626309894,0.15129820293459215,1
2022-08-11,838.93017578125,845.5658799495219,837.3687950848084,839.2716961670366,22787391,86.3542301799421,27.607613523351347,24.343251451448985,3.2643620719023616,842.7118593349933,782.8724395751954,723.0330198153974,782.8724395751954,731.2846276855469,785.9440284616887,750.168527168629,803.1375727976425,775.5299592742912,790.5133010043244,0.012901438176678548,0.009204834934749684,0.009770878556227847,0.012901438176678548,0.031805121780120515,0.04856824042572461,0.08039851953127242,11954305.3,1.9062078831130402,1,22.472726502882324,15.31681356403351,14.69716060850338,0.01751893188824292,0.06741720198990495,0.11832227745895348,-0.004487516713871224,0.16029303336027872,0
2022-08-12,853.2750854492188,856.0562074685697,837.7591953397174,843.0775387772877,10792853,86.44649385895917,29.562178773029473,25.387036915765083,4.175141857264389,851.2680928340542,789.044058227539,726.8200236210239,789.044058227539,733.8046862792969,792.3565100795487,754.211921611005,810.8510362825004,781.288857509471,794.8413048953628,0.017099050769761703,0.00913566737522795,0.02144327479012187,0.017099050769761703,0.044745873364630206,0.07241370078664056,0.0798519326873508,12141720.85,0.8889063694789194,0,25.819759897697054,16.975627822245315,14.76385192256257,0.017302570032019546,0.07688278520429415,0.13134658973119087,0.0023576504652991913,0.1739840094088143,0
2022-08-16,858.0078735351562,863.1310368403135,855.2267515651621,860.1547348322915,13804836,86.92877470078973,31.134186735922867,26.53646687979664,4.597719856126226,858.1992537083095,795.5105194091797,732.8217851100499,795.5105194091797,736.5251330566406,798.6090208848445,758.2823510982266,818.1059343213706,786.9717475854477,800.0426537794493,0.00554661464590378,0.00899519625848252,0.009212369162283176,0.00554661464590378,0.03593533068631016,0.05526889364399756,0.08053554208097458,12514061.75,1.1031459070433307,0,27.6404970502972,18.07217182921613,14.033604430279881,0.016356032226672642,0.07437788842467474,0.1315150250991551,-0.00022300202700743422,0.17082746578870722,0
2022-08-17,861.9111938476562,864.106835156637,857.1783908503086,860.4962130919745,9058040,90.94541735578505,32.32238733877762,27.693650971592838,4.6287363671847785,866.4725565637856,801.1633239746094,735.8540913854332,801.1633239746094,739.2761145019531,804.6377992622552,762.3462272844788,824.8452050177223,792.5228176789446,804.0156413753633,0.0045492826265307595,0.008249437071339353,0.008038466556396773,0.0045492826265307595,0.02739324288222833,0.055319882573450885,0.07912353321821919,12564695.6,0.7209120131808048,0,29.311058901161687,19.135278678438,13.75594460436756,0.015959816629088748,0.07117910025841827,0.13060334399218265,-0.005264289886131613,0.17130719790507432,0
2022-08-18,863.7164916992188,866.2049328790207,853.909305576073,859.276428878953,13137856,90.7534289550628,33.0289798067937,28.76071673863301,4.268263068160689,874.0419106574795,806.4868591308593,738.9318076042391,806.4868591308593,742.2863073730468,810.2643413991088,766.3215317713314,830.8254029687216,797.7964231619279,809.589939166155,0.0020945288382943072,0.008369943236320027,0.014235721351989061,0.0020945288382943072,0.012236858227851588,0.04282776073031913,0.08885534439434739,12580308.85,1.0443190351403813,0,29.89780212895289,19.775929035870604,14.000229154124408,0.016209287756658766,0.0659687802721423,0.12709411896956826,-0.011813414016375623,0.16887171835186782,0
2022-08-19,849.3716430664062,865.4730122271322,843.4189799433652,863.6188913480285,10787199,77.48802928637144,32.061860854538736,29.420945561814158,2.6409152927245785,877.3346995785697,810.9743286132813,744.6139576479928,810.9743286132813,745.1211547851562,813.9888463198039,769.5783988809421,833.6786706760577,801.6168098215189,812.9857284190205,-0.01660828381844537,0.010066167605589753,0.025965114874976783,-0.01660828381844537,-0.01006544431016354,0.01244616964151124,0.06161889862676406,12712059.85,0.8485799411965481,0,28.044817858115152,19.409871712313134,14.536215296846454,0.017114081233472463,0.04346840488856158,0.10368436055571845,-0.03187273514383462,0.1406872438294211,0
2022-08-22,831.66015625,846.4441652513382,829.0741548205303,844.6388243943513,13848023,65.47372545473726,29.525887104830417,29.44193387041741,0.08395323441300562,877.2633834431356,814.4355682373047,751.6077530314737,814.4355682373047,747.538720703125,815.6718282179178,772.0129776012974,833.3681299951256,803.8422428902952,815.8459925483652,-0.020852458356702575,0.012245999844788273,0.020885947583602106,-0.020852458356702575,-0.03509762701028707,-0.02533172427956132,0.045247612604689236,12988844.1,1.066147448794154,0,23.315318138369094,17.80105599029241,14.919012684621018,0.0179388330347478,0.01960142238455577,0.07726188597765661,-0.051983506953349995,0.10650821907524155,0
2022-08-23,843.0287475585938,847.0296703338628,822.4384744443109,824.926856148958,13254855,67.28127512570887,28.109431911244997,29.175433478582928,-1.0660015673379313,879.1212188233303,817.7838012695313,756.4463837157323,817.7838012695313,750.4310144042969,818.277249107506,774.7979097564855,834.8543788510437,806.7449469397988,818.9262157717778,0.01366975587703445,0.0125419194525559,0.029170056134820786,0.01366975587703445,-0.023952007793581975,-0.01745802857827594,0.03684597914099519,13038191.95,1.0166175686652628,0,19.66822822266147,16.515558658258897,16.142015085004005,0.019147644883701992,0.030248303344721082,0.08806275409745591,-0.041055170199446364,0.11445935324267287,1
2022-08-24,852.2015991210938,854.202060474313,836.3441890909899,836.3441890909899,10494109,72.35200214697527,27.41107560887758,28.822561904641862,-1.4114862957642806,881.5483872944664,821.549447631836,761.5505079692056,821.549447631836,754.1275769042969,821.5081395849907,777.8333485550976,837.523181969513,810.1121063606354,823.3057050804011,0.010880828903005346,0.01225998052646898,0.020954984597236912,0.010880828903005346,0.0033318230927403825,-0.011265191583390344,0.04343150191449996,12511190.0,0.8387778460721962,0,16.8703403227355,15.487121270618786,16.64155958881283,0.01952772631027197,0.03736233161561711,0.09560949103576305,-0.033290048052200455,0.11903490340203908,0
2022-08-25,851.2745361328125,860.1547214600488,845.7610723978989,852.2015966285933,9827829,70.31901469003185,26.477599685064433,28.35356946072638,-1.8759697756619467,882.170190160426,825.4918487548828,768.8135073493395,825.4918487548828,757.8540991210938,824.343034494307,780.7133951267726,839.6387749177129,813.1611752326485,825.9045969870617,-0.0010878446945387088,0.012326290791085893,0.016908351479109917,-0.0010878446945387088,0.023584609332800932,-0.014405138359612435,0.027805682551754085,12633874.2,0.7778951131237322,0,14.078693095198105,14.391863355441274,16.529903605347094,0.01941782927096525,0.03267026045173861,0.09038033860631033,-0.03502232831285656,0.10725751823452774,0
2022-08-26,849.8107299804688,856.3000935449566,846.3465078959074,853.0310514850003,5976725,72.00475596181738,25.327734015393503,27.748402371659804,-2.420668356266301,881.8363550238414,829.1573516845704,776.4783483452993,829.1573516845704,761.5173950195312,826.7685293025128,783.4230945328,841.2036910812138,815.8759570658203,828.425148720872,-0.0017195465037560531,0.01212887079322624,0.011712708839623527,-0.0017195465037560531,0.008044781914632981,0.000516954995668728,0.012969558746753096,12455882.25,0.4798315269879819,0,12.779682982708891,13.844695651857819,15.744269931941849,0.018526795881129557,0.027870195660924687,0.08474046260693853,-0.036316970672531194,0.09444227490881509,0
2022-08-29,835.1731567382812,840.198759670883,826.53699122095,829.5132931497114,7755134,59.18863947076489,22.97053730313621,26.792829357955085,-3.822292054818874,880.8187659219083,831.4071166992187,781.9954674765291,831.4071166992187,765.0576928710938,827.5689700106811,785.4525087369365,840.2759165669165,817.3053792637803,830.4544432378788,-0.017224509794697362,0.012388104278077978,0.016358007126675636,-0.017224509794697362,-0.01998170667641852,0.0042240817500762695,-0.02121464580371224,12287413.05,0.6311445678958436,0,11.897141792763364,13.439531135639072,15.975899144798152,0.01912884653428167,0.009188583674786603,0.06330191507224177,-0.0518217946183879,0.06800255432854946,1
2022-08-30,865.8633422851562,869.2300042276803,838.3446257766652,839.7108264248318,12544701,66.67770220940129,23.31017818698001,26.096299123760073,-2.786120936780062,883.4071506653876,834.9973846435547,786.5876186217218,834.9973846435547,769.0498034667969,831.2160530844407,788.6058747584353,844.2124436004918,820.9022654135118,833.5607285854954,0.03674709286243538,0.015498334482118667,0.03567003814886476,0.03674709286243538,0.017137604301683984,0.02708637729459573,0.009155473967428662,12359848.45,1.0149558913078744,0,12.93880397693465,13.80796500194981,17.631346330413447,0.020362735629714284,0.04168265166697386,0.09796714683413475,-0.019859255573171697,0.10078435229166621,0
2022-09-01,853.2261962890625,864.302022725116,842.1504294135921,842.1504294135921,15877583,58.41552889585583,22.302544119796153,25.33754812296729,-3.0350040031711387,883.6035802498253,837.7229888916015,791.8423975333777,837.7229888916015,772.8066296386719,833.3122571991665,791.1400050145384,845.5991747833489,823.2966306635527,835.919582001247,-0.014594850456126518,0.015991197600586673,0.025962157992649393,-0.014594850456126518,0.004019090590527519,0.0012022943503338102,-0.01007644130925256,12754982.45,1.2448141784781523,0,11.80411761417588,13.306656459440774,18.206400557621002,0.02133830470373052,0.0238973313039081,0.07847686993578742,-0.03437897337647056,0.07752022239134693,1
2022-09-02,851.3233642578125,860.0083098715986,846.053801187429,852.9822456312818,8401284,54.43746377692091,21.10713431401348,24.49146536117653,-3.3843310471630517,881.7583824443161,840.6274841308593,799.4965858174025,840.6274841308593,776.3284851074219,835.0276007285613,793.5001367495687,846.4798193178817,825.3726850038682,838.3671414334774,-0.0022301612860997633,0.01572452632207769,0.016391549051793245,-0.0022301612860997633,0.01933755579813523,5.73588459744645e-05,-0.014348605775750367,12619708.05,0.6657272867734844,0,10.684566234254362,12.786741622796058,17.965918960542265,0.021103519197085627,0.019515239394521978,0.0728710996132985,-0.03451627882701258,0.06482426486840145,1
2022-09-05,861.1305541992188,864.4972162001684,850.4938677754845,850.4938677754845,8744999,52.907172157068246,20.71236247501929,23.735644783945084,-3.0232823089257934,881.0267094848858,843.6804077148438,806.3341059448018,843.6804077148438,780.2307885742188,837.5135962971954,796.1523099828883,848.733778530395,828.0214160553758,840.9182282234486,0.011519935142337179,0.015355942396332301,0.01626158583782435,0.011519935142337179,-0.005465975812588231,0.013320406320370015,0.013844247366630258,12503259.25,0.6994175538670048,0,10.745066994682588,12.729215450088304,17.659228695958802,0.020507028359225327,0.028198894927125226,0.0816153434481991,-0.02258291953180382,0.06795749782927837,1
2022-09-06,862.301513671875,868.4492971380652,856.8855510472846,861.1792732309683,9879326,51.63202723826943,20.260439852828313,23.04060379772173,-2.780163944893417,877.5984954848553,847.0125579833984,816.4266204819415,847.0125579833984,783.9130346679688,839.8743503328791,798.7463964020643,850.8211223983151,830.5606825454868,843.8301391766053,0.0013597932008639901,0.015296280774227277,0.0134103279507646,0.0013597932008639901,0.010636472980182443,0.032482314253899025,0.03684360395481545,12441538.45,0.7940598375114937,0,12.305380322197948,13.29388766512784,17.781214031650645,0.020620645736703178,0.026702998287907044,0.07956858091140484,-0.01743050141002015,0.05618985471450359,1
2022-09-07,855.0315551757812,861.3257390281522,851.4209330033636,857.324756787144,8814960,47.45028189952596,19.09554150979568,22.25159134013652,-3.156049830340841,875.3396422238836,849.1106170654297,822.8815919069757,849.1106170654297,787.1724560546875,841.3178936512506,800.9536575304454,851.468881287156,832.3733397773603,846.5823209898289,-0.008430877576842688,0.015422509515223719,0.011584140918345684,-0.008430877576842688,0.00435579601553826,-0.012509811399092241,0.01423772042406335,12079460.35,0.729747831822636,0,10.101840566809983,12.347782772010078,18.063509486092283,0.021126131985127385,0.016300213781278848,0.06751688707193432,-0.023200236877776666,0.03906997505473425,1
2022-09-08,877.0855712890625,879.0372526045969,864.1069024528758,864.1069024528758,12163106,54.30820060603033,19.724553591843232,21.746183790477865,-2.0216301986346323,876.4929959892797,852.1284057617188,827.7638155341579,852.1284057617188,790.7972973632812,844.724339140566,803.9392227758815,855.4099105182186,835.6853569263753,849.4405794854596,0.02579321895172315,0.016949728628031537,0.017022683578955453,0.02579321895172315,0.018527988598291634,0.027963715956884183,0.029199630924927167,12080468.1,1.0068406206875378,0,11.412081941399492,12.79921776134313,18.89994306651143,0.021548573691314944,0.038309813804372234,0.09098492328887456,0.0006760753394428876,0.0595843341171868,1
2022-09-09,879.476318359375,889.9178244256609,876.0120962296875,888.1613233024965,9936230,60.511085510094574,20.183302954135,21.433607623209294,-1.2503046690742927,879.2535370248255,854.689990234375,830.1264434439246,854.689990234375,794.6067260742187,848.0340514471193,806.9014618183714,859.1124348014733,838.9291318473383,853.1314494950631,0.0027257854291216077,0.016153446136644482,0.01581137309292645,0.0027257854291216077,0.019917400601983992,0.033069636384414736,0.03312889206656888,11394351.95,0.872031164527966,0,13.006450718557971,13.401325068802748,18.317921345954744,0.020828214431203824,0.037076656130259594,0.08994265096193332,0.00025337553409603733,0.05944862412852894,0
2022-09-12,885.2825927734375,886.9415336840817,880.98887036478,883.1845116863607,6016978,70.41994118647865,20.775891405438415,21.302064379655118,-0.5261729742167027,883.9426418739454,857.0076110839843,830.0725802940233,857.0076110839843,798.6787536621093,851.5815315734353,809.9752316597467,863.1386129510063,842.3627215455679,855.3730289597158,0.006601967890271121,0.01468564497874811,0.006724026167342805,0.006601967890271121,0.03538002476579605,0.0280468953940185,0.04174089775706169,10555831.3,0.5700146041553354,0,14.06793527623995,13.822921676858414,17.401330423014088,0.019656243740768384,0.03957467365189801,0.09297489376233896,0.0015158799180130594,0.06651227108340099,0
2022-09-13,888.0149536132812,891.8695359284446,883.4284908418431,891.8695359284446,10400475,68.33732230023237,21.2213739182655,21.285926287377194,-0.06455236911169493,888.948424635651,858.7446044921875,828.540784348724,858.7446044921875,802.7190966796875,855.0513812915159,813.0356129128264,866.965742283664,845.7443683653985,857.2969264051658,0.0030864278391420363,0.014451849434719007,0.009505521334134551,0.0030864278391420363,0.012461021685895135,0.029819546334683533,0.06327046846353457,10536212.4,0.9871170592574614,0,15.177030958636806,14.289216510762117,16.247748222803352,0.018296705654214727,0.038551568996912665,0.0922214716177434,-0.0010500845679009506,0.07178182461024787,0
2022-09-14,895.919189453125,899.9689515793953,876.353598243347,876.5487782664047,14712947,68.00643563734178,21.95909699196909,21.420560428295573,0.5385365636735173,895.107025974343,860.640170288086,826.173314601829,860.640170288086,806.9815454101563,858.9435534973835,816.2859492477402,871.4201187712733,849.4610217793042,859.5251353320558,0.00890101659626552,0.014386943626779645,0.026358798443041686,0.00890101659626552,0.018696206765889345,0.047820029599887626,0.034711998649401554,10581617.95,1.3904250814498553,0,17.625659846132862,15.332291717294765,16.65899693371228,0.018594307533340192,0.043047806581918924,0.09755556895077265,0.0009073367264635163,0.08442039172484012,0
2022-09-15,895.4313354492188,914.021147040755,893.6260541136272,897.7733767780912,16253099,68.25337874149291,22.247921907043974,21.586032724045253,0.6618891829987206,900.1397549411479,862.3161773681641,824.4925997951802,862.3161773681641,810.919951171875,862.4185803499392,819.3896898830923,875.1141521063419,852.8662301992979,862.5438069977826,-0.0005445290263332847,0.014373835092741186,0.02277683627957464,-0.0005445290263332847,0.011463845283557372,0.020916732369902435,0.04946535788952455,10941370.9,1.4854718982243806,0,17.694241209373217,15.450467107210784,17.087671495496416,0.01908317345955276,0.038279271633832476,0.09280278542066576,-0.005230764962977306,0.08603926302268941,0
2022-09-16,887.1365966796875,895.4312411349546,883.3308543718534,892.7965193682152,11966860,64.60482593292949,21.55898309926772,21.58062279908975,-0.02163969982202829,902.9096624871189,863.4871826171875,824.0647027472561,863.4871826171875,814.7050720214844,864.7726771432485,822.046431326096,876.9637589637797,855.404775864512,864.0546689284482,-0.009263400152698442,0.014730166904674076,0.013639823684863885,-0.009263400152698442,-0.0009891240344768182,0.00871004501247108,0.04206771941834009,10882821.1,1.0996101001788958,0,16.738625696129247,15.144969507724568,17.241021168947572,0.019434460525556103,0.02586103854520188,0.07918064342009289,-0.017469151635816534,0.07653755065853829,0
2022-09-19,877.475830078125,890.4544974160177,873.71880824309,883.0869132125273,11235656,67.2229160775247,20.002870365993317,21.265072312470462,-1.2622019464771448,904.1997319822076,864.8923919677734,825.5850519533392,864.8923919677734,818.1708752441406,865.9825012322843,824.2201332379402,877.0425391352173,857.039668769224,865.4633000180903,-0.010889829861286504,0.014140850696538525,0.019072535788749442,-0.010889829861286504,-0.020585963100375082,-0.008818384953052427,0.018981182120643814,10905243.95,1.0302984556342731,0,14.400969658849021,14.244901578193549,16.774017627048206,0.01911621614187909,0.013272010496154108,0.06461343844025058,-0.029555308366988605,0.06285334018828456,0
2022-09-20,894.6018676757812,900.2129511108898,885.4289422358922,887.2342830774511,12090663,63.15323106903734,19.921920421890604,20.99644193435449,-1.0745215124638854,906.2060284897292,868.0394775390625,829.8729265883959,868.0394775390625,821.667822265625,868.7081551792841,826.9802012551105,879.743974295304,859.8220538734134,868.9287902200302,0.019517389551495068,0.01154887888921438,0.016525797015612215,0.019517389551495068,-0.0009263331989843859,0.007417571106993481,0.03745830604699285,10817375.95,1.1177075712155498,0,13.656773887768168,13.944588342284078,15.965465737288614,0.017846448028068243,0.029807147938139524,0.08176938978471447,-0.012805212555567833,0.07799861763593825,0
2022-09-21,893.1381225585938,894.8458436342315,883.7700764821856,889.9666405609805,8917640,70.34833679464927,19.514701676599884,20.70009388280357,-1.1853922062036872,908.3759125774786,870.5449462890625,832.7139800006464,870.5449462890625,824.8697094726563,871.0348187392184,829.5746295415216,881.8046124896563,862.2899108130564,871.8046750856207,-0.001636197251622562,0.010559196134727153,0.012400956663138446,-0.001636197251622562,0.0067650527566649465,-0.003104149266217715,0.0445674398238769,10600515.2,0.8412459047273476,0,12.09126524183489,13.288680293781454,15.06281247160874,0.01686504258541551,0.025375913044864085,0.07662178995541552,-0.016774762306992805,0.07256290155942911,0
2022-09-22,881.5744018554688,889.6738667395215,873.6700574385206,884.1115635336504,11125669,64.03987103214507,18.050803837999183,20.170235873842696,-2.119432035843513,909.1198264365241,872.0135864257812,834.9073464150383,872.0135864257812,827.5725964355469,872.0385885598137,831.6138362989313,881.7691954690121,863.7183916310129,873.5146266469637,-0.012947292709886926,0.011351446240333503,0.01815366833169983,-0.012947292709886926,0.004670865722852913,-0.015475149288580847,0.005117893525268036,10632093.2,1.0464232010306307,0,9.620008209874413,12.224146415839073,15.456637931316136,0.01753299313000039,0.010935081796556325,0.06007664059425126,-0.030299003255737093,0.05589489138023695,0
2022-09-23,860.9353637695312,883.0381770404971,857.5199216916697,879.9154752286213,15927517,49.91768594020262,15.051749173117628,19.146538533697683,-4.094789360580055,908.7068305203926,872.4966278076172,836.2864250948418,872.4966278076172,830.0489465332031,870.9811385797868,832.7637001213078,878.5639905921689,863.5122414190513,874.0010484918523,-0.02341156689951307,0.01295545864419647,0.02964015235371208,-0.02341156689951307,-0.03763294614364843,-0.029534609448218396,-0.021081812213467055,10937077.6,1.4562863666616026,0,6.2084614365383,10.717268795211794,16.279131283040677,0.018908656756488552,-0.01153386033896913,0.03382912060662551,-0.0525708238855252,0.02947427811218397,0
2022-09-26,840.2474975585938,856.6904466386289,838.4422163569614,848.981282433677,14208640,42.01412263932016,10.880218451063115,17.493274517170768,-6.613056066107653,909.7121983983028,872.0184661865235,834.3247339747442,872.0184661865235,832.2415234375,868.054125149197,833.0571823737504,872.6691455100805,861.7889270590174,872.8039355814844,-0.02402952309957096,0.014450503927630575,0.021717684771081474,-0.02402952309957096,-0.059218863985430414,-0.0424266187664869,-0.05087086946300001,11348673.35,1.2520088967050937,0,2.0716239169126993,8.837049135810162,17.05980280602563,0.020303306889451322,-0.032033287769727505,0.008631238451548987,-0.07635898580013879,0.007098870910410855,0
2022-09-27,831.952880859375,853.71411404585,828.0982986271043,844.0533279671298,12493809,41.704645623099864,6.826255231839696,15.359870660104555,-8.53361542826486,910.2351835141455,871.8574523925781,833.4797212710107,871.8574523925781,834.2837268066406,864.6159114073092,833.0138764320102,866.4051047945873,859.5788495627476,872.2228439576542,-0.009871635111463495,0.014506748426365085,0.030789983433058783,-0.009871635111463495,-0.0562873886669738,-0.07003002014647175,-0.063131901693539,11585607.1,1.0783905316450788,0,-4.092243771974836,6.033675176899692,18.11231957389951,0.021770847833581856,-0.037777503417407154,-0.0012736829513329123,-0.08600228168784468,-0.0018318866946245022,0
2022-09-28,828.9765625,842.394370309741,823.6094393761035,823.6094393761035,11411458,29.959309326412225,3.334854034471391,12.954867334977923,-9.620013300506532,912.8858708055644,870.0131134033203,827.1403560010762,870.0131134033203,836.2896850585937,861.2216877018512,832.8555503954608,860.646867518497,857.3120134840256,870.9993655980411,-0.0035775083275155772,0.012129837160688167,0.022660388463802313,-0.0035775083275155772,-0.037121022801993364,-0.07183833993647992,-0.07471949227249752,11528944.95,0.989809392749334,0,-9.813131037367157,3.2809208539391648,17.739407681386783,0.021399166736257136,-0.037441143972925896,-0.004657455778038526,-0.09191653742161628,0.0022199454851909734,1
2022-09-29,823.5119018554688,840.78423273663,820.7795005412984,837.271230419244,13803629,27.269130406111927,0.1254943664912389,10.388992741280587,-10.263498374789348,915.6939868315127,868.5273986816406,821.3608105317686,868.5273986816406,837.7828210449219,857.6302795260053,832.4891328056572,854.9337958780311,854.8083015115399,869.6584606494555,-0.006592056870764917,0.011990025786654757,0.024291977019711062,-0.006592056870764917,-0.019917459738650334,-0.06586227989128834,-0.0803182005660652,11425247.25,1.2081689523174215,0,-14.408309033808337,0.8752965067258174,18.17505082419808,0.022070173828996963,-0.03978215145271352,-0.0107836013665828,-0.1006690950270545,0.0026189359123519364,1
2022-09-30,841.1746215820312,846.1026048427556,817.2665261890385,823.5119300342992,13175031,33.65871263222114,-0.981399462046511,8.114914300615167,-9.096313762661678,916.1739015293713,868.0199615478516,819.8660215663319,868.0199615478516,839.4613977050781,856.0630740075316,832.8297402086522,852.8169998324927,853.7983992945392,868.3117617166067,0.021448044268414623,0.01360629686238914,0.034280728298107604,0.021448044268414623,0.011084450736116969,-0.022952643158923425,-0.05180935525563879,11663934.6,1.129552886896331,0,-14.918064572255275,0.06604008734439049,19.701541061984535,0.023421463934481343,-0.017391770393508782,0.010019912799089495,-0.08186140188248492,0.02599034409913684,1
2022-10-03,827.8543701171875,840.1499977244196,825.2684281981548,838.9301969435782,8232026,29.332874842481132,-2.9000240945688347,5.911926621578368,-8.811950716147201,917.7058405502337,866.35615234375,815.0064641372662,866.35615234375,840.8260400390625,853.3765307798798,832.6346276560458,848.9765952609073,851.8766193554761,867.3562470150105,-0.015835298787060137,0.013833406204636658,0.017976071714350228,-0.015835298787060137,-0.0013537082151372504,-0.014749377388704521,-0.056550229943677754,11638285.95,0.7073228854632155,0,-14.677594369317262,-0.4225547177045428,20.234765940361317,0.02444242208626255,-0.029907268060639303,-0.005741122672636454,-0.09790879218898016,0.01576417678296769,1
2022-10-04,846.6880493164062,851.5672519066914,839.3204057566129,844.1020481193237,8975095,34.26879010556215,-2.8677695646180155,4.155987384339092,-7.023756948957107,917.6542856917866,865.5754791259766,813.4966725601665,865.5754791259766,842.51109375,852.7395325452633,833.185742230962,848.6245112694455,851.4922808340635,866.7290781358871,0.022749990673544218,0.01531298323136706,0.01446441361723038,0.022749990673544218,0.02814306315272308,0.017711542078933995,-0.053558817716150564,11593074.4,0.7741772967488244,0,-11.876378862045954,0.1718657989517851,20.241732258465294,0.023906954013119635,-0.007096520095408866,0.016205638672224645,-0.07733439213644765,0.04080087586809997,0
2022-10-06,864.0580444335938,870.1570479947877,851.9575975439521,851.9575975439521,12116698,40.95130796042672,-1.4241771507256544,3.039954477326143,-4.464131628051797,917.876818751282,866.0268035888672,814.1767884264524,866.0268035888672,844.2709729003906,853.8174860584377,834.3964207487122,850.9989009870068,852.4230781377324,866.8933244788087,0.02051522415039586,0.016646445800252825,0.021062763743801092,0.02051522415039586,0.027204128922154958,0.04231902748588712,-0.03255944113290521,11758161.3,1.0304925822033075,0,-7.404201643413558,1.540870353251421,20.461296954983418,0.023680465782129467,0.011993849437812025,0.035548598900107774,-0.058633983578434405,0.06126587826649558,0
2022-10-07,861.2280883789062,863.130989414095,851.7136427635446,856.0073651218893,9705750,42.28423729398912,-0.5026789943379981,2.331427782993315,-2.8341067773313133,916.8563902424601,865.2339294433593,813.6114686442586,865.2339294433593,845.9577612304688,854.5232577080061,835.4486430087198,852.5726221242221,853.0753011185601,866.2106063311339,-0.0032751920694663594,0.016533517824929726,0.013257053276143486,-0.0032751920694663594,0.040313513422649994,0.04579920027683704,-0.023079519361881573,11635293.5,0.8341646044425093,0,-3.1070218179992253,2.9595102030626776,20.47871985446083,0.023778509004517053,0.007846282252028788,0.030857007891408283,-0.06067286268119162,0.0585250104868758,0
2022-10-10,860.447509765625,868.3030152378152,849.6644822868607,850.9330632442586,7357588,44.64562625322807,0.16275265185015542,1.8976927567646833,-1.7349401049145279,915.4995340249329,864.2824890136719,813.0654440024109,864.2824890136719,847.7181811523437,855.0874721896841,836.428990724677,853.7841432998225,853.6213906479724,865.3219553416135,-0.0009063552661764396,0.016334147306433986,0.02166144098206691,-0.0009063552661764396,0.01625092082063495,0.022911875476397947,-0.0005666557844368203,11506361.4,0.6394365468131393,0,-0.9756018178474051,3.5992505160247674,20.614637267177038,0.023958041639044553,0.0062684084965190946,0.028715550641230807,-0.06013331761871615,0.05827583266848762,0
2022-10-11,849.5667724609375,861.9111794381765,844.5412292851928,861.9111794381765,11130051,35.26028696549551,-0.18573154312673523,1.4810078967863998,-1.666739439913135,913.1178898121191,862.4966979980469,811.8755061839747,862.4966979980469,849.1795031738282,854.5616912631368,836.9441978515891,853.135317016917,853.3210485600438,864.2038598412913,-0.012645439938168024,0.01542106956933191,0.02044565620506585,-0.012645439938168024,-0.01677117881838086,0.026227321045217744,0.011091107000522626,11762015.05,0.9462707667594762,0,1.1851604832570501,4.3095701955433015,20.23126791862125,0.02381362898647436,-0.005845006689705783,0.015081739788327747,-0.06959793260020095,0.046424933367089125,1
2022-10-12,847.3711547851562,850.6402565068132,840.6866705498809,846.9808542844545,14557532,35.09216919687944,-0.6317928604145209,1.0584477453462158,-1.6902406057607366,910.0244745128074,860.4645080566406,810.9045416004739,860.4645080566406,850.323369140625,853.8768782652339,837.3530981234937,852.2485228274154,852.8803156878299,862.0871898377121,-0.0025843968325423017,0.01541399192562154,0.011746430003810994,-0.0025843968325423017,-0.01608973717965123,0.0008067971070355728,0.01853262880687989,11969867.9,1.2161815085695307,0,1.1373457199706536,4.167355892531759,20.151112118970275,0.023780738824039176,-0.007619041627283469,0.011963957241112445,-0.06884795022814452,0.04497029097001801,1
2022-10-13,832.9774780273438,844.5412243974098,829.9523961161733,841.5160829256583,11563124,34.45691377758065,-2.122284712355281,0.42230125380591643,-2.5445859661611974,905.3685427240983,857.3174224853516,809.2663022466048,857.3174224853516,851.1017590332032,851.8864591949587,837.1815051785467,849.2837467043274,851.4060314166827,859.0168429285684,-0.016986271808440145,0.015637762999846927,0.01751407290841252,-0.016986271808440145,-0.03192528472278777,-0.035970461251389585,0.00482633129612009,11812376.75,0.9788990179304939,0,-1.931026863479019,2.7850844298344555,20.00473308674955,0.024015935141637603,-0.022196597872308113,-0.005021643604401323,-0.07995756565491256,0.02929959608464397,1
2022-10-14,849.2252807617188,862.4479089579862,847.566339832314,862.4479089579862,8199540,46.146439245428546,-1.9697423872037234,-0.05610747439601149,-1.913634912807712,899.6657917177299,855.0071197509766,810.3484477842233,855.0071197509766,852.111982421875,851.6330136298882,837.6538101033769,849.274751943926,851.2444943311298,855.81140089345,0.019505692726354384,0.015731011400175764,0.017523700086182127,0.019505692726354384,-0.00040195981091584176,-0.013936851084107582,0.031224052558699755,11409698.8,0.7186464904752787,0,-2.8902440781179166,2.2051670946570994,20.28703134259348,0.02388886883395285,-0.0028271953172729057,0.013814144362232108,-0.056065831801501764,0.0479754518982524,1
2022-10-17,863.8141479492188,866.0585695130226,847.5663774405991,850.933039566598,8936947,58.079654010112854,-0.6639976857351257,-0.17768551666383436,-0.4863121690712914,896.1218858450379,853.8409973144531,811.5601087838684,853.8409973144531,853.5235961914062,852.7931216603006,838.6797057051747,851.5115820985864,852.1755797843215,854.1993947339556,0.017179030721288013,0.014896020171687679,0.021407604999670087,0.017179030721288013,0.019404711939045693,0.003912659570030952,0.026914181415279126,11258203.15,0.7938164626208579,0,-2.294350529383564,2.250714980497719,20.001248818297306,0.023154574240051837,0.012923446506535324,0.029969059788934136,-0.036052838800330334,0.06438714594246583,1
2022-10-18,875.2314453125,878.9396276267804,869.62036194361,874.4019450781407,8097552,64.52669757714918,1.2773701485061792,0.11332561637016833,1.164044532136011,895.7566970513793,853.7287780761719,811.7008591009645,853.7287780761719,855.0267834472656,854.9301048652719,840.1131072584031,855.1607918238038,853.8834216752977,853.6098634163054,0.013217307670159162,0.014748390566721703,0.010647772921187737,0.013217307670159162,0.05072642226200652,0.030209129739407814,0.05722875532879779,11101297.95,0.7294238958787698,0,0.36841360213509233,3.1689094068140093,19.251939122498445,0.021996397896358228,0.023746199053813137,0.04180191661180106,-0.022913869141524285,0.07826847230628979,1
2022-10-19,870.54736328125,878.8908479432257,864.1556193526078,878.3053078550508,5529462,63.79532167533023,2.4101689432279727,0.5726942817417292,1.8374746614862434,890.8418260806077,852.5260528564453,814.2102796322829,852.5260528564453,856.524560546875,856.4174628096508,841.3066074945932,857.527956663411,855.1177877201831,851.8276096422023,-0.005351821002703483,0.014823444030049641,0.016926395061468195,-0.005351821002703483,0.025107686973715904,0.027350716820151666,0.028179580406393123,10773237.9,0.5132590639254332,0,2.5405845444169017,3.9535093710994715,18.962674669425617,0.021782473268257198,0.016498846748457432,0.03475636055413331,-0.02278121907302694,0.06919230210948737,1
2022-10-20,867.1807250976562,871.7183479005771,858.8372407802135,868.2053457589235,8107159,64.69619201693203,3.001659323954186,1.0584872901842206,1.9431720337699656,885.272110205194,851.2281829833985,817.1842557616029,851.2281829833985,857.606767578125,857.4425354085084,842.3212787731447,859.0129979609871,856.011338637033,850.7494276833224,-0.0038672659588609992,0.014696637907637476,0.014854005338867523,-0.0038672659588609992,0.003897339672463307,0.041061430798000176,0.003613970941164668,10732713.85,0.7553689694242617,0,5.5560762135497725,5.1397735945980685,18.453844306927902,0.02128027500247973,0.011357250529341053,0.029513021872983804,-0.020435959632055353,0.06118139083511516,1
2022-10-21,885.2338256835938,888.0149475742908,864.3020328643687,866.546454336231,17022807,64.78871161903763,4.871004149624241,1.8209906620722247,3.0500134875520164,886.1735622578501,851.4111541748047,816.6487460917592,851.4111541748047,858.9768481445312,860.0893249585166,844.0041237500251,863.0469714567728,858.1759673071485,851.3858207324171,0.020818152506681287,0.014639297892384143,0.026787176474656883,0.020818152506681287,0.011428268973497024,0.042401640339271296,0.02787384390803327,11027570.75,1.5436588334742718,1,8.45631132862843,6.3503136466481465,18.08790402522826,0.02043291105743779,0.029234755036972343,0.048850119061479805,-0.0010604430263774023,0.08398357301111714,0
2022-10-24,903.921142578125,910.9472068623996,895.4313173829842,902.6525617008244,4390050,74.64429953823009,7.770806666739986,3.0109538630057773,4.7598528037342085,895.3977678748598,853.5604431152344,811.723118355609,853.5604431152344,860.4903784179687,864.2637837794317,846.3538107628917,869.3353054754423,861.5644988087023,851.2766209002259,0.021110034831871127,0.014158801030679053,0.01716509189635915,0.021110034831871127,0.03833654629781802,0.046430120094842486,0.0505244449186002,10450697.4,0.4200724441605208,0,11.470662119131134,7.674105057717043,18.78841743915179,0.020785460759955535,0.04588571168083819,0.06801804527038505,0.009519093088085961,0.11358309519296556,0
2022-10-25,902.7012939453124,920.4616039673743,900.6520526030126,919.2905833886684,15838120,70.48532844750339,9.856865651985231,4.380136220801669,5.476729431183562,903.3776229649915,856.6831329345703,809.9886429041491,856.6831329345703,861.76580078125,867.9244990333251,848.5635159857318,874.4685344708068,864.6116688188216,855.9518033843299,-0.0013495078003523675,0.01346494519238422,0.021944746836224004,-0.0013495078003523675,0.04096097597609316,0.031385810896001676,0.06254307866874353,10532171.4,1.503784870041139,1,12.99439416805319,8.450408727328636,18.509608123070205,0.020504687704802998,0.0400689172280779,0.06379932313810543,-0.0007486670053430108,0.11446166789295907,0
2022-10-27,902.0670776367188,911.1423833365192,898.0173153082427,903.6771788960313,16080842,65.83977193414415,11.328320642566155,5.769773105154567,5.558547537411588,909.5193077615762,860.1888427734375,810.8583777852988,860.1888427734375,862.741640625,871.1761731860292,850.6616948740058,878.7144641886395,867.3861435460733,860.5906144073846,-0.0007025760490735333,0.012717631444225164,0.01454999118542514,-0.0007025760490735333,0.01901559956786114,0.036206777120850964,0.06454777524900557,10711523.05,1.5012656860221198,1,14.758710376378417,9.355087379412566,17.770755933776993,0.019700038250297,0.03545884908412563,0.060429878378768176,-0.008193592001029858,0.11248413083002078,0
2022-10-28,885.9168701171875,905.0921618446528,879.2323857919483,895.8216760899096,9854094,59.260609151977555,11.063736680436932,6.82856582021104,4.235170860225892,911.3434585267769,863.0358581542969,814.7282577818169,863.0358581542969,863.2998205566406,872.5800490842348,852.0442507658953,879.8225266391853,868.7587899587484,863.5093423460728,-0.0179035549793507,0.013838097896165013,0.029189844922225882,-0.0179035549793507,-0.019917968075828463,0.021605813502625137,0.06355440991659789,10633654.85,0.9266892840705658,0,15.137513675726382,9.722971992750558,18.736139818252372,0.0211488689856126,0.015284352475110521,0.0397545307310558,-0.02790011622039015,0.08737712440364975,0
2022-10-31,886.7463989257812,894.8946444220753,882.7454165769548,890.552141674467,9000840,59.86092936205739,10.796532322412304,7.622159120651293,3.1743732017610107,911.8157505486577,866.1975830078125,820.5794154669672,866.1975830078125,863.7965246582031,873.9292252596202,853.405119321185,880.8877377602001,870.0912054377878,866.9095612172864,0.000936350617732451,0.013815951601554365,0.013700904632754436,0.000936350617732451,-0.017674611886064007,0.0017086708599498568,0.04418276164648294,10393515.4,0.8660053556085556,0,13.839900301103626,9.40099557115991,18.272618024978517,0.020606362819306917,0.01466614606274711,0.039068525428013076,-0.027493878678660336,0.08063446658744218,0
2022-11-01,886.6487426757812,898.7491899037128,877.8173971843925,898.7491899037128,9823761,65.12736545991547,10.456356531111965,8.188998602743428,2.2673579283685363,913.3654061199849,868.4712890625,823.5771720050151,868.4712890625,864.2551696777343,875.1406078706832,854.7087908252868,881.7740462087511,871.3176896776391,869.9754425873052,-0.00011012872464810641,0.013167972477705821,0.02360776225334866,-0.00011012872464810641,-0.017092226668255384,-0.0191083039092107,0.026434615340318324,10225951.9,0.9606695881290034,0,10.876824091251478,8.354980062395043,18.527035351145418,0.02089557505628828,0.013150040920965438,0.037369396680305596,-0.02925079411283721,0.07658246587531944,0
2022-11-02,882.8429565429688,898.5051854414255,880.5496955165991,898.3587855348516,7690974,64.28287048414845,9.767080803331737,8.50461504286109,1.262465760470647,912.2063687223794,871.2207183837891,830.2350680451988,871.2207183837891,864.9245959472656,875.8741648870914,855.8120914416664,881.9384939524768,872.1714131491451,872.1979151572498,-0.004292326768915444,0.013232802913011085,0.020338260380007394,-0.004292326768915444,-0.0034697539666584953,-0.021998791333899148,0.008696569657356212,10198899.3,0.7540984349164032,0,7.949665853766305,7.248575455934656,19.098599920280712,0.021633065970268255,0.007956384530163283,0.03158504696488596,-0.032189440006362265,0.06336505228770456,0
2022-11-03,886.6975708007812,891.7718941909748,875.3777842858833,879.2811466233138,9022366,73.63671617356705,9.423234794402674,8.688338993169406,0.734895801233268,913.0545441557138,873.2211944580079,833.387844760302,873.2211944580079,866.0253442382813,876.9049654503,857.0232867106513,882.6706596214467,873.247424827044,873.905725199446,0.00436613808746511,0.011915153720414321,0.018488953218046878,0.00436613808746511,-5.5064362324053207e-05,-0.017038097517319106,0.018551785004158994,10201262.85,0.8844361852709246,0,5.728792264270737,6.361591836645516,19.025410722859892,0.021456482288180787,0.011167236743211576,0.034624828228440666,-0.02886681143381676,0.06396748689778667,0
2022-11-04,883.428466796875,891.3328112458532,878.4517036538972,884.404307378681,7099336,66.98975554592117,8.785669256674737,8.707805045870472,0.07786421080426464,914.0269349643586,874.1897155761719,834.3524961879853,874.1897155761719,866.8333386230469,877.5262512928309,858.0587839689346,882.7872453407433,874.0015760840686,875.0016299757838,-0.0036868309010409384,0.0112690678444084,0.014580815624676679,-0.0036868309010409384,-0.00363196350923356,-0.002808845168490115,0.018736280949267048,9950394.75,0.7134727996595311,0,4.946202208596105,6.014533203039264,17.84045905581086,0.020194571180727962,0.006725970300430941,0.029566369230081713,-0.03347654975690267,0.05881922908256344,0
2022-11-07,895.3338012695312,897.8709631491665,881.6232519741969,888.258956518355,11100219,66.08560332615258,9.135743801781587,8.793392797052695,0.3423510047288918,916.3117195655328,875.8950012207031,835.4782828758733,875.8950012207031,867.6959826660157,879.2222084334691,859.5205493532717,884.717484714403,875.5817409126214,876.7114751049941,0.01347628576631954,0.010946573055511204,0.018147099050578996,0.01347628576631954,0.01414843334705207,0.009684169401931397,0.011409387319941233,10020118.2,1.1077932194452558,0,5.292983173848825,6.115430032086692,17.680138991707015,0.019746980362673236,0.01832482469337142,0.04166654531204227,-0.022893866626466603,0.07164221933767562,0
2022-11-09,888.5028686523438,899.62747534603,883.8676257900718,897.7733543768877,11590409,57.10550136431221,8.760989988152005,8.786912235272556,-0.025922247120551134,917.4033036280847,877.2977691650391,837.1922347019935,877.2977691650391,868.4405493164063,880.1060808352667,860.6571108944119,885.2998514740862,876.5388614859341,878.1217014256574,-0.007629481437539387,0.010810981245760404,0.017737533678267494,-0.007629481437539387,0.0020359792459250237,0.002091161795331642,-0.017057100668987468,10231759.25,1.1327875018169529,0,4.965472964583455,5.948320069125089,17.725451125878198,0.01994979616977902,0.009540654246029191,0.03235406691637513,-0.03150243176741076,0.06128895111958938,0
2022-11-10,888.6980590820312,890.8937004635314,882.1111349375303,885.624137323697,10009741,60.20855060215073,8.383109855190469,8.706151759256139,-0.32304190406567024,917.4354849538717,879.2543334960938,841.0731820383158,879.2543334960938,869.2182958984375,880.9243644778157,861.7567559213774,885.8226526445393,877.4395427893488,879.9981217104796,0.00021968463645327674,0.010655470636667792,0.009882507828443955,0.00021968463645327674,0.005964933758884516,0.006632099736050279,-0.015512589776047747,10175743.75,0.9836864258693622,0,5.050199590724333,5.944664479710923,17.300260906976998,0.019466972758832253,0.008824474515270683,0.031263234057096134,-0.03132364764949691,0.05662393958192547,0
2022-11-11,884.6482543945312,905.5800464757256,881.6719525763125,903.53080510858,17921457,59.74939395880146,7.668454563922069,8.498612320189325,-0.8301577562672566,916.2648877802375,881.1181884765625,845.9714891728876,881.1181884765625,870.2077978515625,881.2790206603601,862.6544617438541,885.6419759906919,877.9735214267698,883.2954208875109,-0.004557008588139788,0.010683889629526185,0.02702553673807472,-0.004557008588139788,-0.011934707323512761,-0.0023111785503137083,-0.019309897982112578,10343940.0,1.7325561633188127,1,4.374055210060078,5.631175033202794,18.087902819766246,0.020446434760837146,0.0038231180536290933,0.02549548356385564,-0.03450599690914856,0.04571875733005876,0
2022-11-14,873.3285522460938,884.6482793217701,869.7179301331439,883.135738311916,12641308,42.81509825387026,6.1181534712989105,8.022520550411244,-1.9043670791123333,910.3942308209167,883.1357421875,855.8772535540833,883.1357421875,870.3571020507812,880.5218331923347,863.0730535282556,883.7476031069075,877.6294496356086,885.4853523135561,-0.012795709585370685,0.009738495065111609,0.017095913273678272,-0.012795709585370685,-0.017078522694322862,-0.011432634254362917,-0.014209366923364497,10397849.2,1.2157618135104327,0,2.9955818995038044,5.014269559321065,17.460576711102256,0.019993136221409226,-0.008169338538899952,0.011882538420025384,-0.040713876823890105,0.020389955007616905,1
2022-11-15,889.6738891601562,891.5767902470384,877.0855215643974,878.7932426186741,15176911,41.151572631727376,6.137709081661114,7.645558256661218,-1.5078491750001035,907.3553425925397,885.1581726074219,862.961002622304,885.1581726074219,871.0860559082031,881.3934575702225,864.1162235530361,884.6593394227918,878.5216303411307,886.7658449607317,0.0187161370964275,0.009334512532614697,0.016288292664540984,0.0187161370964275,0.001098044569977974,-0.006321566438516668,0.0033013838431386056,10746717.75,1.4122368664609248,0,2.1712491367534312,4.595674199764403,16.92735219839788,0.0190264684674259,0.009394705076165188,0.02957665289749247,-0.01948680147941067,0.030954917379440117,0
2022-11-16,891.5279541015625,895.9192368299623,886.1608307668516,890.5033333770526,13008311,43.11490256667942,6.230987642579635,7.362644133844901,-1.1316564912652662,906.475309441384,886.5438629150391,866.6124163886942,886.5438629150391,871.8901477050781,882.3586477160644,865.1911933784685,885.716049373372,879.4850617307924,888.1564455393167,0.002083982641275961,0.009372304291094903,0.010945709574462762,0.002083982641275961,0.007776762880451038,0.0034046996987271427,0.005502981271993335,10950285.95,1.187942585188837,0,2.252566880797758,4.534082484056626,16.209413248308522,0.01818160964413456,0.010391813362097511,0.030440393897506173,-0.016489533894787245,0.028750497040759146,0
2022-11-17,897.5781860351562,900.0177875733908,888.3564803085126,890.942481763275,12584194,47.40698850198638,6.715700314439687,7.233255369963858,-0.5175550555241717,907.4272730465871,887.6611999511719,867.8951268557566,887.6611999511719,872.6191003417969,883.8081275559779,866.4612715218681,887.5409934751849,880.8252931607452,889.0509416460052,0.006786362565255555,0.009592404845951651,0.012991968216595559,0.006786362565255555,0.027766908257717438,0.009992288001953842,0.016690657588624314,11174618.05,1.1261408617004138,0,2.883763078162133,4.7045156004907085,16.10485890806579,0.01794256941471057,0.015580370953656135,0.03591264322597348,-0.010853858269394513,0.03420120503146102,1
2022-11-18,898.1148681640625,899.7250289707271,888.5516422411323,897.578167748702,10874061,58.596923807540946,7.061741007069713,7.19895249738503,-0.137211490315317,907.588010929785,889.0395751953125,870.49113946084,889.0395751953125,873.3353674316406,885.1706742805574,867.7025890372482,889.1677434273199,882.1060024202502,889.7870630872798,0.0005979224286598583,0.008148422353592246,0.012440932809001973,0.0005979224286598583,0.0094877225315384,0.015222562982106336,0.012876202370747603,11441848.0,0.9503762853692865,0,3.891653620197303,5.0481272933941455,15.055831099272243,0.016763814555313575,0.014623387624116474,0.03504919716853438,-0.010437712543181002,0.03173349785080168,0
2022-11-21,899.1394653320312,902.4572873134256,891.9670018823329,891.9670018823329,9245704,58.710454020532936,7.33411407586766,7.225984813081556,0.10812926278610391,906.5804474399423,890.6375122070312,874.6945769741202,890.6375122070312,874.2175256347656,886.5010353330787,868.9354077154751,890.7018544895832,883.3677404137155,890.9530481464113,0.0011408308717382187,0.008148467392847074,0.011667028125852436,0.0011408308717382187,0.00853760243349777,0.029554642430451805,0.01778412075866309,11498775.25,0.8040598932481962,0,5.979202140743951,5.862354187219466,14.93733521255597,0.01661292356580073,0.014256531572130682,0.03475984215669825,-0.008207746073636772,0.0279467702228984,0
2022-11-22,901.3839721679688,904.1163139298982,898.1637101071026,901.4327522857458,11256509,60.05325155990259,7.642981110119081,7.3093840724890615,0.33359703763001924,907.8644357354935,891.44501953125,875.0256033270064,891.44501953125,874.7034936523437,887.9184578887824,870.2079004391023,892.3452572093348,884.7022760992157,892.3621519212404,0.0024962833047359467,0.008150372333572969,0.006603849199224895,0.0024962833047359467,0.0042400608571200316,0.013162219494680993,0.006757447211150458,11210460.35,1.0041076502268704,0,6.525000318559933,6.091676886066239,13.867393148518488,0.015384557055263861,0.015165260007324868,0.035826004007933204,-0.007138140136830823,0.03012296867742278,1
2022-11-23,905.0433349609376,909.3369976680792,901.3839328784176,904.604194798919,10959704,65.17674371639563,8.089786432574329,7.465464544506116,0.6243218880682129,908.1066729664346,891.5011291503906,874.8955853343466,891.5011291503906,875.214833984375,889.549398562321,871.5739959105468,894.2988076326583,886.209021200084,892.7638202654746,0.004059715843590439,0.008021390723367576,0.008787496114763293,0.004059715843590439,0.007714455068579706,0.015159794818767391,0.018616109066346587,11538943.05,0.9498013771720625,0,7.190750846256606,6.382802532078358,13.15293421029243,0.014532933067630536,0.017417735792590844,0.03840102986944308,-0.003373323968086574,0.03445868299251946,1
2022-11-24,916.1679077148438,917.9244684130732,905.1409210367792,905.1409210367792,10844395,68.32517602479984,9.2350865894241,7.819388953489713,1.4156976359343867,911.5528156149146,892.1744598388672,872.7961040628197,892.1744598388672,875.8325402832031,892.084494672085,873.3227767656174,897.6632845683791,888.428197978955,892.6750498110284,0.012291757006736237,0.008482453215468297,0.013953280035948236,0.012291757006736237,0.01893859967154743,0.020710977571551048,0.030910215626201776,11289256.8,0.9605942350430011,0,8.276367116107167,6.8615052437493205,12.902007320795585,0.014082579418194727,0.026996784706600416,0.04905990326727176,0.005062890510426319,0.049692939107004,0
2022-11-25,907.824462890625,920.1200897078236,905.0921212292192,917.582868510347,9815055,64.26937395310182,9.361584429019217,8.127828048595614,1.2337563804236034,912.6150331340355,892.4623291015625,872.3096250690896,892.4623291015625,876.22873046875,893.583539264327,874.6757840646374,899.2265427718016,889.8649583427824,892.6842077312787,-0.009106894875885119,0.00889393547815559,0.01655382630993827,-0.009106894875885119,0.007145113427262206,0.010811083382252562,0.026198218762050196,10975967.45,0.8942314237639253,0,8.412864983769623,6.973195027389124,13.055354526984754,0.014380923912773727,0.015936868799107846,0.037898246904635925,-0.00524927824929536,0.040713568669751274,0
2022-11-28,914.7529907226562,920.9983347475076,901.6279229061404,901.6767030234084,9381474,62.060565902415874,9.906710775085912,8.483604593893673,1.4231061811922388,916.1069277430954,893.9041351318359,871.7013425205764,893.9041351318359,876.6054064941407,895.5996774984535,876.2474392276969,901.6152270719331,891.7085162968472,893.6482996508568,0.007632012702070146,0.008438547595012051,0.02117556546720281,0.007632012702070146,0.010728387676748774,0.01736496505006513,0.0474328228133889,10952336.45,0.8565728456963172,0,9.098642165374827,7.312031512221779,13.278404574584581,0.014515836197588838,0.021386020680245078,0.043943696461923164,-0.0014779246607977265,0.049388071466763404,0
2022-11-29,923.8770751953124,926.9509968667758,910.9959675424216,910.9959675424216,13096845,71.36120749198173,10.948754271673806,8.9766345294497,1.9721197422241055,921.3887316529646,895.7606689453125,870.1326062376605,895.7606689453125,877.1743212890625,898.2927629933924,878.115268089172,905.0401267832221,894.0913725115483,895.4532750396739,0.009974369655187498,0.008272741878413753,0.017269645229568257,0.009974369655187498,0.008414579266040167,0.024953963817710534,0.03844463286142252,11157136.7,1.1738535927412272,0,10.374305104610016,7.907367650069659,13.292345986612863,0.014387569887263188,0.028481040097289675,0.05211366749802751,0.002700644643096243,0.061765837267075775,0
2022-11-30,929.8785400390624,935.0504833540824,918.2660129689936,925.1456773495776,20858573,73.2378746141664,12.11914732039179,9.605137087638118,2.5140102327536713,927.3280291540972,897.9221588134766,868.516288472856,897.9221588134766,878.02916015625,901.3009322358372,880.145200322501,908.8614211302745,896.7422738098827,898.6520023186185,0.006495956015015514,0.008290779795290677,0.018050175009290764,0.006495956015015514,0.024293327675060095,0.02744090157759871,0.04301669483392434,11708877.3,1.7814323667052177,1,11.751533673516178,8.571204411954113,13.863910619404846,0.014909377969753394,0.03170706562161581,0.05650583528528957,0.002750386923267882,0.07065181434202218,0
2022-12-01,917.4853515625,933.87946186494,913.6307692487462,932.9036212569308,15920653,66.935108676834,11.909381570454912,10.065985984201477,1.8433955862534344,929.3994458591869,899.6542785644531,869.9091112697192,899.6542785644531,878.8293505859375,902.8423055050431,881.6095199789715,910.1881796583092,898.2787980878543,900.5236401848516,-0.013327749746802176,0.009208502188430214,0.022069772102311813,-0.013327749746802176,0.0029869930654014,0.0014379938836128758,0.022178753714235278,12120361.25,1.3135460793299374,0,10.757810832958057,8.286743213354157,13.602524813460613,0.014825876827673794,0.016218830207857495,0.04069356191206303,-0.012819132128568137,0.05469104723289826,0
2022-12-02,908.1172485351562,911.9230507412958,903.7259657868032,905.824046924139,14228874,68.31019306755763,10.862002675070016,10.225189322375186,0.6368133526948299,930.0455862719948,900.7252624511718,871.4049386303489,900.7252624511718,879.099658203125,903.3446810317205,882.6490387458807,909.8695748701318,899.0075721950618,901.5284245055514,-0.010210629533637383,0.008895649323378859,0.009026461029911068,-0.010210629533637383,-0.01705835882638873,0.00032251349958012376,0.011137083602168474,12380686.65,1.1492798745536459,0,9.761141767393497,7.973254681243361,13.518884569679942,0.014886717096813938,0.005283218691214257,0.028854288251944683,-0.023577702061612218,0.04213002276818724,0
2022-12-05,911.0447387695312,914.3626205552238,905.9704154181172,914.3626205552238,10984608,63.09804191493122,10.15115515265245,10.210382488430641,-0.05922733577819095,930.5856758594018,902.1060760498046,873.6264762402075,902.1060760498046,879.4577905273437,904.0780198638929,883.7625956095534,910.0503693161934,899.8992141635409,902.4018730029321,0.0032236919176429346,0.007642932416975777,0.009211627903632004,0.0032236919176429346,-0.020254044435459195,-0.004053828728338482,0.013240741727540195,12574950.25,0.8735309310667054,0,8.478342365439403,7.515156381856514,12.814882222262936,0.014066139319975527,0.007705882404581819,0.03087044336964802,-0.020998536294709658,0.0428309621411193,0
2022-12-06,900.359375,907.2878196018734,897.9685535605643,902.6525766407452,18220912,54.884007604110984,8.626146962275243,9.893535383199561,-1.267388420924318,930.6735787060343,902.3573547363281,874.041130766622,902.3573547363281,879.8334899902344,903.7238632101888,884.4134497032964,908.559447113702,899.9333001514268,902.8277616539822,-0.011728692691824416,0.008442602959929482,0.010350606991024119,-0.011728692691824416,-0.018666212526809334,-0.025455442966090036,-0.0011366933511192112,12930984.9,1.4090892643452084,0,5.431100216796381,6.29818161412436,13.051866446966958,0.014496285382675066,-0.003722916199465576,0.01802994436827391,-0.03257232653814214,0.030110990555209036,0
2022-12-07,899.8713989257812,910.6544252339894,898.4076380813933,899.72499901711,15675663,51.3513435747519,7.294109440107263,9.373650194581101,-2.079540754473838,930.5181584664053,902.92578125,875.3334040335947,902.92578125,880.6122106933594,903.356961849769,885.0196437904526,907.2228243155604,899.9287148754531,903.3732869024925,-0.0005419792227061571,0.00826401048293821,0.013609485941230768,-0.0005419792227061571,-0.009080159662946619,-0.032269957657072745,-0.005714572811455043,13135247.6,1.1934044547435863,0,2.0560296139318552,4.874443467951664,13.093686438946804,0.014550619626957088,-0.0038584558166802055,0.01678127173733683,-0.03293515474338864,0.02803274132931963,0
2022-12-08,909.3858642578124,910.9959654854242,901.48151978929,902.6525404024692,10136870,56.00625526910142,6.926355231959974,8.884191202056876,-1.9578359700969017,930.8488970364275,903.960171508789,877.0714459811505,903.960171508789,881.9949780273438,903.9311430314874,885.9751818479962,907.5555996912915,900.6292444593315,904.1389005840249,0.010573138943396732,0.00871725222049061,0.010462495701865058,0.010573138943396732,-0.001820848572112288,-0.008827920021713731,-0.007402620633097157,13141604.05,0.771357131247612,0,1.0888375264443084,4.3656618690246205,13.090199283950247,0.014394548891117527,0.006034443296235639,0.026423632274874164,-0.023057483171487488,0.036843541566346165,0
2022-12-09,907.4342041015624,912.215787338606,902.7013414221592,909.4834455516406,9575331,54.37697630781733,6.403607902776571,8.388074542200815,-1.9844666394242445,930.4285689511519,905.0994689941406,879.7703690371293,905.0994689941406,883.5046044921875,904.264767895304,886.8167121324498,907.5369234467178,901.1333155439412,905.2145868857743,-0.0021461298585753186,0.008755218647459954,0.010484998111644805,-0.0021461298585753186,0.007857783567325471,-0.0007521544543896974,-0.00042988353477502184,12724297.75,0.7525233367004478,0,0.9200868635834922,4.167673386569049,13.020496461475537,0.014348694817347053,0.0035049869449578826,0.02324887621877982,-0.024713734742163432,0.03144438144093211,0
2022-12-12,907.824462890625,911.3375246500736,902.7012999402708,902.7012999402708,8493863,53.46635805247187,5.952204196102002,7.9009004729810535,-1.9486962768790512,927.2716900246799,906.8242645263672,886.3768390280545,906.8242645263672,885.0815625,904.6037864662869,887.6405454955155,907.581160284242,901.62895608814,906.7653113999044,0.0004300684141049782,0.008739861776323686,0.00951309979277715,0.0004300684141049782,0.008838000601349982,-0.0035347066306047337,-0.00757420626365779,12516925.5,0.6785902017232587,0,0.5257666023940146,3.8779498859621526,13.21218366769034,0.014553676627771319,0.0035603172046396354,0.02273884118693791,-0.02097252331033341,0.0241969588082746,0
2022-12-13,910.4104614257812,913.2892029869304,905.3848587227286,907.0437995851348,10415140,52.92242472018695,5.7369994179381365,7.46812026197247,-1.7311208440343338,926.6854161886412,907.8610931396485,889.0367700906558,907.8610931396485,886.8195336914063,905.1568031290958,888.5334833751339,908.0164373829404,902.2794379650022,908.1659485899424,0.0028485667007938087,0.008708324216689996,0.008682176445801033,0.0028485667007938087,0.0011266913289937897,0.011163416192319087,-0.014576196477961378,12278836.95,0.8482187720556058,0,1.4329399189069818,4.120033671837518,13.20870363015749,0.014508514774172874,0.005804141645429531,0.024621444728843204,-0.017562545475029792,0.024041403071490518,0
2022-12-14,899.4810180664062,913.4355258812766,897.7732971207961,913.3867457663752,12319827,40.89456400828618,4.6311483474841,6.9007258790747965,-2.2695775315906968,925.9310772107268,908.2587463378907,890.5864154650545,908.2587463378907,887.9856616210938,904.6162521707445,888.9627984610662,906.7032959496274,902.0721476021433,908.83547631545,-0.012004962401528818,0.008588719462480682,0.017412517269290727,-0.012004962401528818,-0.008764476806371269,-0.00043381849877777157,-0.03268977685126406,12244412.75,1.0061590744725588,0,1.259290320975424,3.9431546706135805,13.40735329503927,0.014905654511599089,-0.005676698922903011,0.011832013244591039,-0.02856590495266524,0.009987354901104186,0
2022-12-15,886.8439331054688,897.6757995963253,883.1357507052321,893.8699973988869,8929748,39.064109587646485,2.703877644717636,6.061356232203365,-3.357478587485729,927.3084802452246,907.7220336914063,888.135587137588,907.7220336914063,889.1654528808593,902.9236503550039,888.8797057020231,903.6480093582185,900.9441317135008,908.8144938723848,-0.014049306997165,0.009025737342592,0.016395273563160298,-0.014049306997165,-0.02311077817660001,-0.024788081757506797,-0.033397174575973465,12061690.45,0.7403396760194588,0,-1.00749267648348,2.904523854026934,13.50144607236568,0.015224151136815644,-0.0178085015750923,-0.0022902678320758053,-0.04363655461131454,-0.0014543432904002686,0
2022-12-16,880.208251953125,891.6255992841462,877.9150502872375,883.6236941724553,9157260,31.938763331778148,0.6337522142183616,4.975835428606365,-4.342083214388003,929.6344367111208,906.8267028808593,884.0189690505979,906.8267028808593,889.8358569335937,900.7602790786345,888.5396486922624,900.041892834358,899.4081406201396,908.443212030889,-0.0074823550171985165,0.008731700630493848,0.015576483140763491,-0.0074823550171985165,-0.03317427770475856,-0.03000322450418691,-0.03073281189961985,11975850.4,0.7646438202000252,0,-3.5044888166694363,1.7229365598126378,13.097170154904363,0.014879626640448545,-0.022816311512461118,-0.009376505315659703,-0.05316733417584735,-0.004310673448065771,0
2022-12-19,884.5507202148438,888.6004229521618,879.3787769678182,886.0632612266272,7015083,28.356590574250447,-0.6489554522092931,3.8508772524432335,-4.499832704652526,930.795015959977,906.097265625,881.3995152900229,906.097265625,890.2457104492188,899.2165115677973,888.3832201245204,897.6586355082788,898.3075909604881,908.1383791040106,0.004933455522693642,0.008259556406938182,0.01042523144642716,0.004933455522693642,-0.01659879147161747,-0.025636831377813696,-0.029080919330559674,11864319.35,0.5912756385809861,0,-5.387274898489636,0.7426746290049095,12.616214202046462,0.01426284995730056,-0.016309521860740202,-0.004314016544728879,-0.049682577745046426,0.0035752287925685244,0
2022-12-20,887.72216796875,890.4057295045923,874.0604001499164,884.1115459902278,6384331,26.053129745584698,-1.3935373591874622,2.8019943301170946,-4.195531689304557,931.3837789995857,905.414175415039,879.4445718304924,905.414175415039,890.7755920410157,898.1218121774118,888.3572965105686,896.1299481945052,897.5234855536927,907.8120441436768,0.003585376939307716,0.008033784808650541,0.018412663268369867,0.003585376939307716,0.0009902924635294408,-0.024920949855408492,-0.014035736598233317,11620710.45,0.5493924857236246,0,-7.034990951683994,-0.17618686456523847,12.58484698558839,0.014176560459658824,-0.011579324839521326,-0.0007149471775752728,-0.04687821713808819,0.009412299994107084,0
2022-12-21,870.6937866210938,893.7236012549803,865.5706234047746,888.2589176484736,11341147,24.749797934618442,-3.319407879747814,1.5777138881441128,-4.897121767891927,933.9582587325242,903.6966979980468,873.4351372635695,903.6966979980468,890.980517578125,895.5096192672863,887.6646098482363,892.2166925678265,895.5361004475743,906.4149282900008,-0.019182106701942425,0.008720146902616162,0.03233395974887928,-0.019182106701942425,-0.010809334394354164,-0.032004267869038205,-0.032424202324374596,11639782.6,0.9743435414334972,0,-9.106632903458149,-1.2981886128299038,13.149438788017815,0.01510225407608215,-0.02771140824427671,-0.01911850831818567,-0.0677380081175006,-0.0031385852543833184,0
2022-12-22,869.1324462890625,882.0134944431401,864.9362840988583,878.7444522871822,9788367,27.026968702321383,-4.915004150209143,0.2791702804734618,-5.1941744306826045,934.6802530139569,901.3449249267578,868.0095968395588,901.3449249267578,891.3718310546875,892.9975075550745,886.9378583361118,888.6652700634013,893.5802742136104,904.6506546626492,-0.0017932140507058714,0.008524450077256147,0.01964857072957795,-0.0017932140507058714,-0.017430627292956524,-0.01997136830421309,-0.04426439815138583,11586981.2,0.8447728386751849,0,-9.92614279992938,-1.9418473659112578,13.38642625720245,0.015402055595045974,-0.026724667274102328,-0.020075151691520025,-0.07012858837397049,0.0012935910542833456,0
2022-12-23,857.6663208007812,868.1566071729486,854.1532589304963,861.7160235243845,11059215,21.421064739775602,-7.023780422140476,-1.1814198600493258,-5.84236056209115,937.2761797442572,898.8370178222656,860.397855900274,898.8370178222656,891.577734375,889.6326326260943,885.7899549033539,883.8962009460752,890.9199813682156,902.2628140847305,-0.013192610098999524,0.008715313787094756,0.016327268429262434,-0.013192610098999524,-0.03385726779442866,-0.025609770304157786,-0.05484461912040839,11649189.2,0.9493549130440769,0,-11.127646452540262,-2.7496937889085302,13.856924987306709,0.016156545560013186,-0.035932036048354155,-0.031749777638470866,-0.08493746097889536,-0.0031747348982344593,0
2022-12-26,871.620849609375,875.3290320358716,854.1044986503864,859.8131424263865,6943159,35.13373738496337,-7.482730696932208,-2.4416820274259026,-5.0410486695063055,936.1848038413893,896.6804107666015,857.1760176918137,896.6804107666015,892.3506018066406,887.91722471974,885.2343037153547,882.0076853558137,889.4904160527459,900.7864382811533,0.01627034718533049,0.009990755879771492,0.02435064901785812,0.01627034718533049,0.0010647405580772595,-0.01461744398594611,-0.03987953041711745,11527273.45,0.60232448116341,0,-11.29928684805725,-3.148916409165736,14.438949857058008,0.016565631562770623,-0.018353484600446602,-0.015378362597160595,-0.06896496713799781,0.016851651958786726,0
2022-12-27,878.890869140625,880.9401105972046,866.7416416351155,876.0121274292705,4994381,39.85849181852352,-7.177089260764205,-3.3887634740935635,-3.788325786670642,932.512612462376,894.4311004638672,856.3495884653585,894.4311004638672,892.9439135742188,887.0575718074433,884.9855415751692,881.5281751688616,888.7052644296258,899.0521994288459,0.00834080498935763,0.01038315528730853,0.01615498517577309,0.00834080498935763,0.011227774193942608,-0.009948268891755152,-0.034621298436964154,11122150.25,0.4490481505588364,0,-11.064240369968502,-3.3717549353993945,14.578355700593224,0.016587219429014966,-0.009206508040034051,-0.006886748029460959,-0.057502432251461295,0.02632252175850539,0
2022-12-28,877.23193359375,882.111136673352,874.1580118293671,874.353191864668,8980300,33.18016548768301,-6.9881731448761,-4.108645408250071,-2.879527736626029,926.709677806741,891.7987701416016,856.8878624764623,891.7987701416016,893.2122692871094,886.1217967394725,884.6814785170744,880.8672149265367,887.8553880714128,895.3062655759923,-0.0018875330318280925,0.009772413730902162,0.009066159745693966,-0.0018875330318280925,0.022812616420219145,0.007509123268272022,-0.024735468593305776,10528236.6,0.8529728520728723,0,-9.387822527813796,-2.9831313311618715,14.351824149474794,0.01636035306042699,-0.010032326457190429,-0.008420595552437179,-0.05339077102344582,0.02374181267837315,0
2022-12-29,886.1119995117188,901.042348014541,867.8637693146782,876.2072536656079,11994220,39.60011979377853,-6.052143315383546,-4.497344989676766,-1.5547983257067797,923.0373194462513,890.2301025390625,857.4228856318737,890.2301025390625,893.4298803710938,886.1208636701626,884.7375773796095,881.6741048627185,887.7262481781021,892.6775440691571,0.010122825649528933,0.010342359338403514,0.037442872591890684,0.010122825649528933,0.016625520039863728,0.019536209118821812,-0.0008253240129714179,10331914.95,1.1608903149168879,0,-6.876643884911914,-2.200280956502297,16.04211934829022,0.018103940988419113,-1.0003328899367992e-05,0.0015534800004538374,-0.040004146264297116,0.03345970157853062,0
2022-12-30,869.3275756835938,886.5511861175967,867.0831542131343,886.5511861175967,9688527,33.812042676275766,-6.58874471371837,-4.915624934485088,-1.6731197792332821,921.2314677550686,888.2906188964844,855.3497700379002,888.2906188964844,893.4054846191407,884.521502909537,884.133263587609,879.7746388351609,886.3633835488793,890.7242136692298,-0.01894165053331165,0.011295050078179403,0.022394356798303226,-0.01894165053331165,-0.010881093196908775,0.013596493881122385,-0.012361479508272932,10104897.6,0.958795168790231,0,-5.11112971655723,-1.6566913157448653,16.815819862194473,0.019343479181563282,-0.01717756682676965,-0.01674599125921039,-0.05634185748990799,0.016341625537672433,0
2023-01-02,880.6473388671875,885.0874015715547,872.4014740958874,872.4014740958874,4315403,38.34096274523024,-6.031072453167326,-5.138714438221536,-0.8923580149457901,918.0544840367799,886.7707489013671,855.4870137659544,886.7707489013671,893.6748168945312,884.1525349055038,883.9965606573965,879.9089003785496,885.9399728317169,889.364423814329,0.013021286221931438,0.012007140532703586,0.014405230011806698,0.013021286221931438,0.0038933891285120037,0.0103559813442482,-0.004412840618916891,9771437.35,0.4416344131807794,0,-3.764689814236249,-1.2377430579582551,17.376925692462983,0.01973199137218268,-0.003964469817067156,-0.0037887271730087523,-0.040746105835798865,0.02941052838484872,0
2023-01-03,879.5739135742188,884.0628161348139,875.0850705742079,876.7927916486487,5846855,41.549295044792956,-5.611048939603052,-5.233181338497839,-0.3778676011052129,916.491101822778,885.7314758300781,854.9718498373783,885.7314758300781,893.5616186523438,883.7164757310957,883.8231235168797,879.857363947114,885.468412886717,887.8067390966548,-0.0012189048278389292,0.011678359177757327,0.010206925673959902,-0.0012189048278389292,-0.007378396795329145,0.0007771663781894755,-0.009178833973669698,9152734.5,0.638809636617341,0,-3.3410960763476396,-1.1624180582895178,16.89946260675767,0.019213237621026474,-0.004687659753598905,-0.004807760545744326,-0.04028101110325664,0.028775290954339568,0
2023-01-04,877.3782348632812,885.9656795492845,873.1821323138736,877.2806746302692,12454582,45.59088097090117,-5.393180967858484,-5.265181264369968,-0.1279997034885163,914.8297660228538,884.6068176269531,854.3838692310524,884.6068176269531,893.0307604980469,883.1128337436847,883.5703827853661,879.4759594726781,884.8691404405366,885.8634502451312,-0.0024962981246399174,0.01112083407588242,0.01457016680770853,-0.0024962981246399174,0.009260788918788121,0.00016677604169279547,0.0076771516518199245,8991680.45,1.3851228443065946,0,-3.0089629957877833,-1.1110957317083603,16.645054026346006,0.018971355072353428,-0.006493619684014138,-0.0070080981014378225,-0.040938251629469825,0.02691338923910616,0
2023-01-05,857.9103393554688,881.1841152530334,850.9330548179901,879.1348736929588,16547196,40.72269379599876,-6.714020449674763,-5.554949101430927,-1.1590713482438355,912.1380880412571,882.0330413818359,851.9279947224147,882.0330413818359,892.13494140625,880.7125961829022,882.564106572429,876.1581717623383,882.872192212013,882.6964520629318,-0.02218871489426233,0.012427671382119733,0.0352613309891688,-0.02218871489426233,-0.025818507032527083,-0.03182629303269813,-0.012911849030040057,9312196.75,1.776937971161316,1,-5.408267487260446,-2.1734708071805926,17.826519129069904,0.02077900021867392,-0.02589069002335238,-0.027934250932441423,-0.05945124910005465,0.00702212472194116,0
2023-01-06,849.078857421875,857.7150822158359,839.7108117598847,857.7150822158359,14804613,35.77295718406042,-8.376858825291379,-6.119331046203017,-2.2575277790883614,910.1516959858395,879.1152740478516,848.0788521098636,879.1152740478516,891.0751770019531,877.6998591580424,881.2509595469171,871.992123402267,880.3689822275584,878.8403796528064,-0.010294178224065531,0.012463196781367255,0.021204473881988987,-0.010294178224065531,-0.03467025986301098,-0.02329239153123175,-0.010012592509040519,9573660.85,1.5463899580273934,1,-6.821643751494662,-2.8823040406919063,18.467796387015653,0.02175039011463656,-0.03260909915563034,-0.03650731017822998,-0.06710182361173639,0.0011791419035193777,0
2023-01-09,852.2503051757812,857.5198678751491,841.4672792045169,853.1285854792023,16811853,35.77295718406042,-9.331196662567777,-6.76170416947597,-2.569492493091807,906.4890461686488,876.3365661621094,846.1840861555701,876.3365661621094,890.401845703125,875.2760921121128,880.1136789833432,868.9549205981923,878.2861172607601,875.2388509131479,0.003735162789868518,0.012469206007922496,0.01883553290992516,0.003735162789868518,-0.02863979147079665,-0.03224563617932974,-0.02222359004178809,9989560.35,1.6829422327880526,1,-8.876442793390993,-3.8828816740532375,18.44688633815539,0.021644916084073002,-0.02630688435778982,-0.03165883507201949,-0.05983386255146939,0.00716891172909143,0
2023-01-10,840.540283203125,857.1784132046618,835.9050403188388,854.2508913830072,13470142,37.367101865598556,-10.906691630759042,-7.590701661732584,-3.3159899690264574,902.5603876017278,872.8430572509766,843.1257269002253,872.8430572509766,889.4777233886718,871.9679198350664,878.5617811096092,864.5834379220281,875.4901295527872,871.4312122699189,-0.013740120597834249,0.011996294808355573,0.025309165201166228,-0.013740120597834249,-0.02024693648685194,-0.04437788543827714,-0.04363520806058552,10142310.45,1.328113753410102,0,-11.748555896029302,-5.26134240727049,17.95548598355662,0.02136183873916427,-0.03604219365992953,-0.04327697690020581,-0.06871573941263019,-0.003066498405410779,0
2023-01-11,845.3707275390625,849.8107905022805,834.1973403912118,842.0529051268117,15558460,40.31037696026507,-11.631426412306837,-8.398846611847436,-3.2325798004594013,899.494046357787,870.1375427246094,840.7810390914317,870.1375427246094,888.6521630859374,869.4348539021136,877.2601711656662,861.6276363246488,873.2590627369557,867.3734534712155,0.005746832641416955,0.012195522207178209,0.01846935267858234,0.005746832641416955,-0.0043672385084134735,-0.036480854040340294,-0.03632016213108191,10304242.1,1.5099082347841963,1,-13.677979841571187,-6.310211619699885,17.850931681184257,0.021116098653131337,-0.027677894732479117,-0.036351181410903835,-0.06017084719779925,0.00545883914388761,0
2023-01-12,839.8572387695312,848.3470043668949,834.294935420491,844.5900418696975,16659001,42.36720617102581,-12.506509161091117,-9.220379121696173,-3.286130039394944,898.97854492996,867.7882080078125,836.597871085665,867.7882080078125,887.7924487304688,866.6179381752011,875.7933895030726,858.2783443930923,870.7848535541834,864.3932609794588,-0.006521977388052491,0.011846057866012763,0.016731497089900037,-0.006521977388052491,-0.014541580485200156,-0.02104310876996829,-0.05219967765663436,10690704.75,1.5582696734749877,1,-14.094658007701128,-6.770717069356351,17.784708937458383,0.02117587146538694,-0.030879466287091435,-0.041032680954501854,-0.06576498014759063,0.003895978936255841,0
2023-01-13,852.3480224609375,853.7630033069328,837.5640128792874,843.8094168254664,11223103,41.63490342809852,-12.053175189330318,-9.786938335223002,-2.2662368541073157,897.7381501642382,866.3951965332031,835.0522429021681,866.3951965332031,887.1054577636719,865.2588985833664,874.8739633445575,857.3659871727608,869.4191623620911,862.7355263130211,0.014872508224976988,0.011690237980894034,0.01900513640059252,0.014872508224976988,0.01404779698697567,0.0038502490204372908,-0.01953182401847131,10793996.9,1.039754143342398,0,-12.440960574675955,-6.376996202359578,17.42574158332697,0.02044439726980839,-0.0149214023034806,-0.025747641177370918,-0.05056054228618522,0.020712212566077356,0
2023-01-16,844.3461303710938,856.2513983254271,840.2475876903445,856.05621828147,8319812,35.1010033205345,-12.198968452931695,-10.26934435876474,-1.9296240941669538,895.9811905070471,864.3849670410157,832.7887435749842,864.3849670410157,886.3238110351563,863.2672063726739,873.6767934240295,855.3629322801967,867.5619007331284,861.4382093745821,-0.009388057318113208,0.011497127189924378,0.018954087736564658,-0.009388057318113208,-0.001212009281361559,-0.009274475769248558,-0.04122105057716918,10859233.35,0.7661509548461817,0,-12.008885739438938,-6.436885559313737,17.55469455996936,0.020790874652619057,-0.021917983055424726,-0.03357152584766025,-0.057629625133907604,0.013877933491867514,0
2023-01-17,844.2484741210938,846.9808157440077,837.3687506076432,846.0049751957827,12624859,35.5801779579926,-12.181964603013398,-10.651868407614472,-1.5300961953989258,893.0192842120683,862.2112823486328,831.4032804851973,862.2112823486328,885.3021044921875,861.4558985391901,872.5227416866594,853.6530156403346,865.834980243348,859.7422770435179,-0.00011565902476162737,0.011517660731938818,0.011385350913865975,-0.00011565902476162737,0.005228549744949573,0.004411675433136475,-0.040161990832103256,11171259.75,1.13011954627588,0,-10.512021295876252,-6.039039422949827,17.67319029513933,0.020933636052511716,-0.01997481757020386,-0.032405192684042974,-0.054613389602225886,0.015450015578961994,0
2023-01-18,848.493408203125,850.9330097218229,837.9055614362097,843.5654250474721,11313898,32.85908722038455,-11.691189470715699,-10.859732620234718,-0.831456850480981,892.2206126349315,861.1012634277344,829.9819142205372,861.1012634277344,884.5019152832032,860.221375650041,871.5804148833836,852.8592298807639,864.5504193514796,858.1760375078718,0.005028062486521545,0.011157145817573782,0.015353623445586643,0.005028062486521545,-0.00452234786288741,0.003693859465838001,-0.03292174972252104,11169897.3,1.0128918553261899,0,-9.213478252072605,-5.679756282282597,16.233823836978647,0.01913252793720273,-0.013633661960624398,-0.026488670793902127,-0.049009408449632294,0.022303490793498252,0
2023-01-19,845.2244262695312,849.518089512292,841.1746636354501,847.0297076978778,6694679,37.474705569659115,-11.434219598567324,-10.97463001590124,-0.45958958266608363,891.5584515469676,859.9058624267578,828.2532733065481,859.9058624267578,883.6324426269531,858.7930947566591,870.5468467024482,851.684644709805,863.1188643083723,857.169498171923,-0.0038526898405923937,0.010189264472934619,0.009871255038932492,-0.0038526898405923937,0.001040208353950245,0.00639059503477446,-0.01478699172161535,11015212.9,0.6077666460718159,0,-7.8248434185419455,-5.246542800624411,15.439209120720047,0.01826640196481577,-0.015799694443249544,-0.029087946879407987,-0.05196970002027451,0.020490293862927993,0
2023-01-20,849.3228759765625,855.3243197281536,844.6388528234257,852.3967978123699,8127162,32.401311277535456,-10.775643572835179,-10.934832727288029,0.1591891544528501,891.483636472322,859.4886901855468,827.4937438987716,859.4886901855468,882.9259350585937,857.8911691585547,869.7145341249625,851.3212956739216,862.0969392467567,856.7489423342904,0.004848948491846139,0.009474088500871121,0.0125811598945119,0.004848948491846139,0.006010554962212256,-0.0035491916501908527,0.00028739209857198134,10868610.25,0.7477646003544933,0,-7.367729424811728,-5.15942921959504,15.076754907631969,0.017751499852510767,-0.009987622544706039,-0.023446380793114428,-0.047292803559012365,0.026379815241795043,0
2023-01-23,850.6401977539062,861.9599240223267,843.7116942884356,860.6913432516452,16882379,33.78890594179943,-10.031780350233134,-10.75422225187705,0.722441901643915,890.1341230930643,858.4396575927734,826.7451920924825,858.4396575927734,882.47216796875,857.20060045335,868.9665209339406,851.2165113785346,861.2482917287678,856.0902895969126,0.0015510258991071613,0.009532582497995457,0.021452348222050967,0.0015510258991071613,0.0025301193032571945,0.007454368719669757,-0.001889242411644454,11365571.25,1.4853964335492595,0,-6.06660591932382,-4.710272490088869,15.7389323485809,0.01850245543314218,-0.0076532875688306405,-0.021089791998358868,-0.04436851067109236,0.028902503322632885,0
2023-01-24,849.7131958007812,860.3986621992815,847.0296341717808,857.7638806877826,11504090,34.27618935288935,-9.408608119666269,-10.485099425434894,1.0764913057686254,887.3708456475728,856.9807739257812,826.5907022039897,856.9807739257812,881.6729541015625,856.4875142959626,868.2114885757776,850.9852320588802,860.3938401785465,855.4926611041992,-0.0010897697470361178,0.009538263421732132,0.01573357703936978,-0.0010897697470361178,0.005310742794149448,0.0064728830992279995,0.010913114791714973,11691056.7,0.9840077159150208,0,-4.968384243227547,-4.3112531108818075,15.780752405158742,0.018571857519862036,-0.007909418855626689,-0.02130620593991577,-0.04243733049321702,0.027973328922208517,0
2023-01-25,834.6364135742188,855.616985476424,827.512789445121,852.2015435388557,14918485,36.076971723093415,-10.015853437213877,-10.39125022779069,0.3753967905768132,885.2356728598007,854.8509979248047,824.4663229898086,854.8509979248047,880.5351232910157,854.4064570843678,866.8948189678733,848.4700292150861,858.4858826523,853.6455396939335,-0.01774337776684043,0.008874089219421922,0.03367238185900676,-0.01774337776684043,-0.01729196612708339,-0.016331293201501174,-0.012697759237644934,11987965.95,1.2444550695441374,0,-5.814918565673111,-4.685595915510248,15.627404947748719,0.01872360790110564,-0.023138920997406404,-0.0372114409820346,-0.05715908298421639,0.012335362040658899,0
2023-01-27,797.45703125,822.6337093757153,793.4560486471688,818.876746508259,39718683,26.939838742571595,-13.343351310874368,-10.981670444407428,-2.3616808664669406,886.8633553339738,850.4182495117187,813.9731436894637,850.4182495117187,878.5327001953125,848.9827022429995,864.1717684691332,840.621875681996,853.9652269928704,844.9439976696563,-0.04454560299496524,0.014375067767186108,0.03658837979371879,-0.04454560299496524,-0.06252134174276625,-0.056514451706461744,-0.05048501764615554,13374189.1,2.9698012120974124,1,-9.810392513659622,-6.37507823331498,17.26889332856771,0.02165495149186787,-0.060691072806159006,-0.07720078305418068,-0.1008118370730351,-0.020290733874341025,1
2023-01-30,803.6046752929688,806.2882367465883,776.7690607567737,780.6724228711294,36301441,28.83220014873048,-15.307893979848814,-11.846915151495704,-3.4609788283531095,887.9839301692299,847.1321044921875,806.2802788151452,847.1321044921875,876.6424963378906,844.6609853906157,861.7965883445777,834.9269217759918,850.2348157558406,837.8798421611301,0.00770905992681814,0.014585174757600919,0.03673345476624166,0.00770905992681814,-0.054263627698942773,-0.053828999520384224,-0.05718714173493922,14704834.8,2.4686738405248865,1,-13.230183767939025,-7.917945780384798,18.230792422795023,0.02268626973349633,-0.04860685033139104,-0.0675239538408821,-0.0950234030250754,-0.0033184533870880334,1
2023-01-31,811.8018188476562,818.0471629504093,794.4318085216838,806.0443354842496,27291226,37.10029067776411,-16.018713462804158,-12.681274813757396,-3.337438649046762,884.2519660286409,843.689828491211,803.127690953781,843.689828491211,874.8957434082031,841.5315409579529,859.83600914862,831.369213633171,847.3879270959751,834.7512594064043,0.01020046772587424,0.014768841462713607,0.02909004867991946,0.01020046772587424,-0.027358732922730278,-0.04565782220121006,-0.03854380372316524,15853625.95,1.721450101451397,1,-15.669059495397164,-9.130511785320664,18.398076818716635,0.022663261391594938,-0.03532811387729324,-0.05586436226196843,-0.08193382651595713,0.010800434341361107,1
2023-02-01,827.4640502929688,854.0557066947356,803.2632152779729,823.0727675844201,39237711,42.674629328249054,-15.143665096686505,-13.173752870343218,-1.9699122263432862,878.5148314245405,841.0843353271484,803.6538392297564,841.0843353271484,873.4173449707031,840.1917799422401,858.5665205660454,830.7684192731399,845.9120843698264,833.2768258472274,0.01929317116774243,0.01575309033586929,0.0613833210020173,0.01929317116774243,0.03762838355808751,-0.026184300323645826,-0.019880905139447735,17523168.75,2.2391903861566136,1,-16.295734353722423,-9.644968009732224,20.91086548340906,0.02527102594487995,-0.015148600537542009,-0.03622604600581331,-0.05811032358872215,0.02962744642149998,0
2023-02-02,837.1736450195312,839.8083668980825,806.1418673862072,808.3863483354639,16798190,48.93861809853123,-13.510953947362168,-13.241193085747009,-0.26976086161515944,872.3897433325252,839.074105834961,805.7584683373967,839.074105834961,872.059951171875,839.9043385210298,857.7275842701036,831.7538386187387,845.2647925661008,831.4137219795662,0.01173415899231478,0.01605026902628603,0.04021447606737527,0.01173415899231478,0.04177298957889253,0.0030399242161591733,-0.013341014879026392,17740349.15,0.9468917357807471,0,-14.502118563338058,-9.167234697769686,22.311896238085588,0.026651455609982864,-0.0032511958520263836,-0.023963248503967707,-0.040367391503788895,0.03898832952628677,0
2023-02-03,842.9310913085938,851.5673162826182,831.5137444720939,843.760591547997,14914366,46.065999878629825,-11.618509850645978,-12.916656438726804,1.2981465880808258,870.5121932442238,838.3251434326172,806.1380936210106,838.3251434326172,870.59521484375,840.192600691274,857.1473296441621,833.4734159556394,845.0919258062854,830.3649935877006,0.006877242640537462,0.015612551671476994,0.02379028608304446,0.006877242640537462,0.03834590134957461,0.05702383736878458,-0.0027132852407725228,17658707.65,0.8445898927377056,0,-8.790101551725456,-7.024438824971071,22.587223479719796,0.026796049775141943,0.0032593605502674043,-0.016585524849584667,-0.03168376290381508,0.04564106072982652,0
2023-02-06,833.0750732421875,846.8344009053097,829.1229310036805,840.6866174720121,8463833,45.36325384003885,-10.789656118053017,-12.491256374592048,1.701600256539031,869.3803649051505,837.5249542236328,805.6695435421151,837.5249542236328,869.1002270507812,839.5147409342181,856.2033195891828,833.4121324612622,844.2017885793152,829.7225132707987,-0.011692554905176733,0.01572320346922141,0.021260352722713444,-0.011692554905176733,0.006780986977297898,0.03667275571595541,-0.019130301554274087,17341668.65,0.4880633560023649,0,-5.14624445639754,-5.593268755394888,22.709199141615986,0.0272594870150605,-0.007670702345100611,-0.027012563275382442,-0.041759962760286054,0.03401584423755721,0
2023-02-07,832.1480712890625,835.3195532376869,826.7321678735284,834.3437126381102,9337066,45.0558105130956,-10.091259120196128,-12.011256923712864,1.9199978035167362,867.6799184365252,836.5198425292969,805.3597666220685,836.5198425292969,867.4481286621094,838.8131533489652,855.2599765185898,833.217661511693,843.3089206318891,828.7436826078122,-0.0011127471975812542,0.01572191517834175,0.010319540067978531,-0.0011127471975812542,-0.006003024295337833,0.025063078166402075,-0.02173906960154448,16967929.3,0.5502772810351113,0,-2.718387608987655,-4.576032630030113,22.63600772931556,0.027201898929178084,-0.007945848289684474,-0.027023251249995772,-0.040950408546376924,0.03326253157561193,0
2023-02-08,838.3446044921875,839.9059851305341,831.3186000816627,831.9040805956793,8082983,45.9183242639247,-8.934771540199222,-11.395959847010136,2.4611883068109144,867.5259331438874,836.41005859375,805.2941840436126,836.41005859375,865.7374792480468,838.7685296483197,854.5966285959859,834.0064219702306,842.9411935104298,828.2947974549189,0.007446431010200039,0.01580528754538936,0.010243263930914251,0.007446431010200039,-0.005441117149073249,0.013149277234904,-0.013379327712899403,16698571.35,0.4840523677494123,0,-1.4232502939204323,-3.969891970059507,22.31886035526257,0.026622537123360896,-0.0005054137597531915,-0.019017187243645886,-0.03363741363436557,0.04104142449237525,0
2023-02-09,840.0036010742188,844.0045833872938,831.0258553801846,837.7591795408565,6299265,47.87272457779285,-7.794529161404739,-10.675673709889058,2.8811445484843183,867.0238841205188,836.1417022705078,805.2595204204969,836.1417022705078,863.93998046875,838.8861554984054,854.0243530068971,834.9290649093057,842.7235940707104,827.7791154633812,0.0019788957585480382,0.015793816877596064,0.015450800437654894,0.0019788957585480382,0.008316810878840286,0.0033803692597387247,0.00643056954227017,16235611.6,0.38799061933706275,0,-1.0181830226243846,-3.7032312632065896,22.649953364567377,0.02696411460093983,0.0013320586690925228,-0.016417274148346303,-0.031164404512003217,0.04314643884691849,0
2023-02-10,833.2214965820312,841.0770612876762,831.416215244057,834.8804375621235,8656405,43.57974665060417,-7.353372907749986,-10.011213549461242,2.657840641711257,866.6665931083265,835.8099151611328,804.9532372139391,835.8099151611328,862.2547033691407,838.3466641730364,853.2085547157259,834.666362089725,842.019734997475,827.2963505156056,-0.008073899306520027,0.015845740683717566,0.011594571291366254,-0.008073899306520027,0.0012899450590637684,-0.011518847538876553,0.044848140941175396,15835481.8,0.5466461399362033,0,-1.845936518237636,-3.93877492843626,22.576766160202478,0.02709575575380007,-0.006113422776078831,-0.02342575918071282,-0.038590499267248106,0.03511789015959821,0
2023-02-13,830.0988159179688,838.5398012262449,828.830175511351,832.7823775217515,9394365,41.92559309883526,-7.173041275863056,-9.443579094741605,2.270537818878548,864.6342145929577,834.6974548339844,804.760695075011,834.6974548339844,860.6943347167969,837.5611548154109,852.3022904491472,833.9636626786855,841.1367039545486,826.7172228453472,-0.0037477197562377773,0.015837029278440495,0.011696951650456831,-0.0037477197562377773,-0.00983579846525462,-0.003572615986018768,0.03296912205661462,15744044.9,0.5966932297049026,0,-1.9535861188072658,-3.9010291400355754,21.96686587313125,0.026462952906202,-0.008909604814572303,-0.026051173134214692,-0.03994220688022061,0.03148528624474638,0
2023-02-14,844.3948364257812,846.3465175729854,831.5137289421172,833.2702896230664,13402934,48.10828225707006,-5.809588460788632,-8.71678096795101,2.907192507162378,864.6399624905263,834.6998901367188,804.7598177829112,834.6998901367188,859.3613366699219,838.2119816354461,851.9921942129369,835.5684586397772,841.3780471005658,826.7790539732057,0.017222070714560944,0.016621501071536184,0.017566176379824355,0.017222070714560944,0.005227638721961192,0.014717050437607293,0.040148983189506104,15998201.0,0.837777572615821,0,-0.6011717135190793,-3.267782305652986,22.17248541795382,0.026258433213314288,0.007376242437231291,-0.008917168301258882,-0.023414515801965196,0.0492507426030083,0
2023-02-15,849.761962890625,852.1527842173793,839.8083770889955,845.4683000864001,12070288,55.779290105591905,-4.247003221460318,-7.822825418652871,3.5758221971925535,865.383694828849,834.9755645751953,804.5674343215417,834.9755645751953,858.3493884277344,839.311979850225,851.9047341610816,837.7520746783691,841.9990778998294,826.916452806488,0.0063561810580961,0.01591078526700506,0.014526900081985364,0.0063561810580961,0.01985122368595227,0.01361893228304778,0.02694728863418483,15970472.45,0.7557877851008722,0,0.5434502019053298,-2.6918944349042704,21.046786210602452,0.024767861036057503,0.012450653977636245,-0.0025152709974862377,-0.01805179833127499,0.05617245570869271,0
2023-02-16,848.4446411132812,856.5928864866202,843.9557385135968,854.787605159296,10715685,76.83618759416491,-3.079442127626976,-6.874148760447693,3.7947066328207173,865.3766998983353,834.9731262207031,804.5695525430708,834.9731262207031,857.3208532714843,840.1817571133732,851.7690442376385,839.3970848991248,842.4765270267518,827.0117131631121,-0.0015502244568145196,0.00901441213723466,0.014894487348569537,-0.0015502244568145196,0.022100772635152754,0.010048814110163118,0.013463152072216822,15940561.8,0.6722275622682257,0,1.2956016149678362,-2.2553087692585905,19.007984999600556,0.02240332966763671,0.009834638671871362,-0.003902939590077107,-0.019566113563079846,0.054532375021563696,0
2023-02-17,841.8088989257812,846.5904820244143,834.4900945865224,846.5904820244143,9990618,70.00515199668635,-2.658939882428399,-6.031106984843834,3.3721671024154354,865.0011559755981,834.8023498535156,804.6035437314331,834.8023498535156,855.9693139648438,840.3367230002692,851.3784503038402,839.7681332109181,842.4270730933465,827.0642143664877,-0.00782106676847294,0.009526726630969885,0.01437426885523897,-0.00782106676847294,-0.0030624743170457602,0.010306265955662974,-0.0013312978894518546,16105358.75,0.6203288082607908,0,1.990058827232815,-1.8301044118857135,17.896225752239427,0.021259249902295534,0.0017518881243888727,-0.011240067651047233,-0.026811822030063364,0.04624060567991589,0
2023-02-20,831.5137329101562,845.6146411781135,829.7084516646102,841.8088986592531,9013430,60.09997398074575,-3.120452051881898,-5.448975998251448,2.3285239463695495,863.3485634461167,833.9118927001953,804.4752219542738,833.9118927001953,854.4509045410156,839.4964382297823,850.5994417785977,838.4982254723394,841.6186775242213,826.7316337328547,-0.012229813712782645,0.010154194649145533,0.01912919640886076,-0.012229813712782645,-0.02147451966241698,0.0017045163359530324,-0.0018741892323759224,16149672.15,0.5581184507203758,0,1.9352834143713835,-1.7028486705495425,17.34557111543785,0.020860234087453144,-0.009508921010384353,-0.022437951321168683,-0.0368736705935891,0.033610122745855425,0
2023-02-21,833.5630493164062,838.6862124472567,826.3905851968655,833.7582293477933,11704445,53.63160733313854,-3.2829967214465796,-5.015780142890474,1.7327834214438944,861.4228117251246,833.0580352783203,804.693258831516,833.0580352783203,852.9656762695313,838.9313535713655,849.931347956551,837.7389676021959,841.0219643236425,825.6102842689833,0.0024645611072202644,0.008828937359876334,0.014750686538318519,0.0024645611072202644,-0.017539850068883922,-0.012827869904113332,0.0017003921251079746,15890775.45,0.7365559369225119,0,0.719371935919412,-2.060846256385844,14.595795103554176,0.017510127296938113,-0.006398979168088312,-0.019258377373064624,-0.03234156563943912,0.03587676442923316,0
2023-02-22,818.9742431640625,833.4654525968871,814.5829603588933,830.6843306445138,13880984,39.758388099933846,-4.536712873897159,-4.919966689091812,0.38325381519465296,859.4132757491933,831.5210876464844,803.6288995437754,831.5210876464844,851.1369519042969,837.0306763897177,848.7173438470417,834.852086919406,839.3887997933032,824.5067308694628,-0.017501742866730785,0.009420566137279431,0.023056271177762953,-0.017501742866730785,-0.027125700133198483,-0.03623099299694743,-0.02310548815407265,16009620.15,0.8670401839608918,0,-2.281303460507388,-3.1873903140399307,13.546765778242584,0.016541137760212567,-0.021572008929871243,-0.035044765961963834,-0.04705423307532466,0.019095061948367822,1
2023-02-23,819.462158203125,824.048621015575,813.4119344650369,816.3394563163132,11743574,35.96032385293566,-5.428346689664977,-5.021642689206445,-0.4067040004585323,859.1194100910673,830.7623748779297,802.4053396647921,830.7623748779297,849.5365747070313,835.3574841814707,847.5700816649273,832.4844055784398,837.9127522681048,823.6077300577338,0.0005957635946858275,0.009134729193363274,0.012980082660389958,0.0005957635946858275,-0.014493536582796729,-0.03415954501418861,-0.024453993821960784,15850874.6,0.7408786137264628,0,-4.824272931902556,-4.198962572711139,12.874131116814997,0.015710464464942148,-0.019028172105168602,-0.033162949082143664,-0.046160349099479164,0.02125710996073187,0
2023-02-24,819.413330078125,825.1707536453126,815.3635679302187,823.560652457791,8246139,40.740759125875115,-6.068953812393033,-5.231104913843763,-0.8378488985492707,856.2043356395825,831.8601898193359,807.5160439990893,831.8601898193359,848.1879626464844,833.8389933144854,846.46589532819,830.4734708860836,836.5424246984767,826.1587143233336,-5.958557635787898e-05,0.008701727375598451,0.011968545488708272,-5.958557635787898e-05,-0.016974983775834618,-0.02660410085499798,-0.016572023838257732,14277247.4,0.5775720465556967,0,-6.497729685783838,-4.91255497565021,12.309539389205336,0.015022381180974579,-0.017300298201477472,-0.03195942730755407,-0.04296988934770426,0.014733188482691105,1
2023-02-27,835.7099609375,837.5640224460278,813.4119662298283,813.4119662298283,14422574,51.997847344990355,-5.201675976034494,-5.2252191262819085,0.0235431502474146,853.8818406464015,833.4654541015625,813.0490675567235,833.4654541015625,847.2979968261719,834.0171807071534,846.0440939795354,831.2790847401477,836.4807607161822,830.522052998111,0.019888169085339635,0.010359907459284846,0.028900045883269995,0.019888169085339635,0.02043497449783027,0.005046492753231657,0.006759610918521952,13183304.05,1.0940029862999328,0,-5.479257522628814,-4.555347799062247,13.421301592922548,0.01605976022813767,0.002029670694446928,-0.012214650649503144,-0.02128149217360701,0.027871495442303763,0
2023-02-28,834.1973266601562,837.2712484244097,829.4645234973756,834.2461663394178,19600146,47.54480658427887,-4.583572417239225,-5.0968897844733725,0.5133173672341478,852.2730581612442,834.5852294921875,816.8974008231309,834.5852294921875,846.2909289550781,834.0343374645823,845.5795148689716,831.7280450355337,836.3116174527729,833.1523796297363,-0.0018099991002223925,0.010166067143834024,0.009358367232234602,-0.0018099991002223925,0.01798151178736762,0.0007609230570742032,-0.012076707869022263,12798750.05,1.5314109521187187,1,-4.897016106783212,-4.351833087579394,13.365540155648457,0.01602203666746279,0.0001954226441915953,-0.0134608135706541,-0.021208850060432324,0.021177599316136227,1
2023-03-01,835.6123046875,843.1262893169088,831.269802049156,843.1262893169088,11015843,47.39281466723391,-3.934193063668772,-4.864350440312453,0.930157376643681,852.362341067944,834.992642211914,817.622943355884,834.992642211914,845.2487316894532,834.1846200572412,845.1886438814629,832.3256234435285,836.2598165071972,834.165189263278,0.0016962150106722973,0.010161458881209154,0.01418898118330942,0.0016962150106722973,0.019768990831319,0.020315732347280235,-0.016651319806069265,11387656.65,0.9673494151230841,0,-2.8460563324764507,-3.5286999655787668,13.28538010283728,0.01589897614995714,0.0017114732110031336,-0.01133041630799049,-0.01965130974634279,0.022002026090143414,0
2023-03-02,833.367919921875,841.0282452444632,830.5379581962662,832.3920792662288,12327141,50.091884939679204,-3.5596251974320694,-4.603405391736376,1.0437801943043068,852.1548279741944,834.8023559570313,817.4498839398682,834.8023559570313,844.5022143554687,834.1068390919683,844.7250860791262,832.4859767478895,836.0456019453216,834.6958628635697,-0.002685916366997887,0.009945193381637399,0.012587822014051557,-0.002685916366997887,-0.002802456743482784,0.01696937629095885,-0.017769834896503633,11164104.2,1.1041764551068953,0,-1.2506450895024273,-2.8449955858011435,13.344625888878543,0.016012886469315438,-0.0008858807235025936,-0.013444807481646578,-0.02204635523450713,0.019472797409043056,0
2023-03-03,847.56640625,851.9089091653085,829.3181737177321,836.0514981986004,12823098,59.62366072299269,-2.092952031641971,-4.101314719717496,2.0083626880755245,852.9581408051552,835.0341217041016,817.1101026030481,835.0341217041016,844.0708935546875,835.3887026308284,844.8365103995526,834.8060428251372,836.8989948567792,834.6805144562953,0.017037476471923663,0.010844122961118039,0.026653646582723366,0.017037476471923663,0.016026279589469672,0.03435760090599316,0.006839446971356411,11059540.8,1.159460255348034,0,1.549709316343069,-1.6293849286373643,14.26470515549872,0.016830191770591686,0.014577290285134575,0.0032312711593824738,-0.00632121823711723,0.037273194334433046,0
2023-03-06,846.7857055664062,855.6658314634678,844.443664233259,850.6890680812614,13904231,51.54772779714698,-0.9822759359774409,-3.477506962969485,2.495231026992044,854.3625437047039,835.7196533203125,817.0767629359212,835.7196533203125,843.85328125,836.4741314818358,844.9129494257038,836.6490678622556,837.631343798233,835.4947673095454,-0.0009211085737197422,0.009866264747037974,0.013252664938058229,-0.0009211085737197422,0.013371513100306487,0.01325309634515004,0.018366470753045316,11331560.7,1.2270358309954603,0,2.4569507746823547,-1.131144553831632,13.905738410869592,0.016421791628577608,0.012327427348294954,0.0022165077976084775,-0.008868410950511439,0.03636003858895069,0
2023-03-08,851.0305786132812,852.5431792187243,840.686691893039,845.7122948969003,16144568,50.83334602964843,0.23772826733920738,-2.734459916907747,2.972188184246954,856.4241230790552,836.6637786865234,816.9034342939916,836.6637786865234,843.4414758300782,837.8604597800687,845.1528564526677,838.861607977798,838.6238797104588,836.5294155397631,0.005012924780107841,0.009808648380735993,0.013931916929477369,0.005012924780107841,0.021194310782999715,0.020178980937903157,0.020955258646841335,11671935.8,1.383195407911685,0,3.826122315486373,-0.42665841630389423,13.870886996391123,0.01629892902202545,0.015718749678997366,0.006954626155183217,-0.0062977493515512534,0.04177622823777698,0
2023-03-09,835.270751953125,848.7861200905347,833.5142508305153,846.2489584201631,10624440,42.72629299450633,-0.06633128719545311,-2.2008341909652884,2.1345029037698353,856.2631999755762,836.5100860595703,816.7569721435644,836.5100860595703,842.5690734863281,837.6138209394073,844.7653229428818,838.3091685893868,838.3754998765822,836.649436394957,-0.018518519846650205,0.011009853839595584,0.018283735213173738,-0.018518519846650205,-0.014507009959580985,-0.0004087454582214489,0.01989868292573127,11799008.65,0.9004519205941933,0,3.4292008821661284,-0.42332093858112785,14.219399839944165,0.017023701364730835,-0.0027973141413241195,-0.011239300113173247,-0.024516349672682382,0.022667427938780207,0
2023-03-10,822.2921142578125,824.9268362576815,816.0467105264111,824.2925755972103,17273189,39.92954273322042,-1.3391315943663358,-2.028493671645498,0.6893620772791622,856.2853946992419,835.62451171875,814.9636287382581,835.62451171875,841.4702770996093,836.1546107792556,843.8840206415066,835.8450063845293,837.1841379788956,835.5177894212821,-0.0155382403429839,0.011554083626838706,0.010799234940110716,-0.0155382403429839,-0.02892537172933296,-0.013290415192728777,0.0034534310417615455,12347704.85,1.3988987597156568,0,2.047771687287309,-0.8410654376195907,14.595792332798103,0.017750130494650344,-0.016578867523703408,-0.025586343449518437,-0.03969854052382743,0.00899240807948757,0
2023-03-13,808.3863525390625,834.6364281528208,804.0438500876161,821.1210600737454,16413159,38.49518911090397,-3.4303705864448375,-2.308869054605366,-1.1215015318394714,858.3693561321681,834.3827545166016,810.3961529010351,834.3827545166016,839.9157641601563,833.51001475638,842.4919552257245,831.6205981006112,835.0509686870561,834.2495460286051,-0.016910975403553685,0.011946075189792628,0.03784400611058864,-0.016910975403553685,-0.05010892339932804,-0.04622652977043651,-0.013457161525565087,12735542.55,1.2887679449510379,0,-1.8786878744484738,-2.3445551738280983,15.64482008649106,0.01935314721401742,-0.03014200402218403,-0.04048181406969549,-0.05823018172308737,-0.0024800220913906547,0
2023-03-14,810.2892456054688,814.2902279362222,798.4815977730528,807.0202033098866,15456802,38.405459545386535,-4.877915414411973,-2.8226783265666873,-2.0552370878452857,859.6519914321091,833.3922760009766,807.1325605698441,833.3922760009766,838.7349975585937,831.2985129324837,841.2291038680675,828.3388515628969,833.2167669773089,832.7385091743411,0.0023539401183969577,0.01194296932901141,0.019509860520679573,0.0023539401183969577,-0.02990827380132932,-0.04309999533651243,-0.030418107382032766,13038664.4,1.1854589953247052,0,-5.175618549352066,-3.683845557636346,15.89574886597521,0.019617376081670076,-0.025272831600411282,-0.03677934836102758,-0.05742177802020335,0.0039109871040216146,1
2023-03-15,805.94677734375,823.5606883048955,802.3361552027651,816.2418837869195,12914488,42.772077398730794,-6.302850677549827,-3.518712796763315,-2.784137880786512,859.8794952391903,831.469873046875,803.0602508545597,831.469873046875,837.240986328125,828.884061924033,839.845483220055,824.8939170676435,831.1967677451934,831.2281641258927,-0.0053591582083432066,0.011141017845898027,0.026334906595299634,-0.0053591582083432066,-0.019877774127525893,-0.052975536252755306,-0.03386554765107186,13014242.1,0.9923350050480466,0,-8.97639785603576,-5.30737323261269,16.056066304876456,0.01992199330803735,-0.027672488390041147,-0.04036302695387949,-0.06272125128467913,0.003594408372371342,1
2023-03-16,803.9951171875,811.2163020979362,790.7236489111071,809.6549809174596,14987868,41.55570306272875,-7.503113580762715,-4.315592953563195,-3.18752062719952,858.7371445580601,829.1815307617187,799.6259169653773,829.1815307617187,835.7294104003906,826.5136862348393,838.4395865128961,821.678717086083,829.1818306668457,828.8282154558559,-0.0024215744899214187,0.011135142815041436,0.02548852940614315,-0.0024215744899214187,-0.005432099809416724,-0.03744370875251257,-0.037837149264842496,13160121.1,1.1388852645132574,0,-11.100134704568063,-6.325736429985682,16.760063921754384,0.02084597724969238,-0.02724524641560626,-0.041081635313346805,-0.06374712881289477,0.00546405529063394,1
2023-03-17,816.0466918945312,818.1447729834259,798.8719213661859,811.7041893648593,11104490,48.37494733802946,-7.396605752453979,-4.931795513341353,-2.4648102391126265,856.2092681756733,827.5616333007813,798.9139984258893,827.5616333007813,834.5027795410156,825.5168296310004,837.5614337827642,820.8122516719981,828.208857424452,827.2309967342959,0.014989611814048676,0.011960197534724767,0.023617339312406525,0.014989611814048676,0.007105421083011487,-0.007595138339516083,-0.020784610990266517,13179561.35,0.8425538381063039,0,-10.637781148255158,-6.3225868587423975,17.436182914764817,0.02136664860963413,-0.011471768226339168,-0.025687359780958062,-0.046907429963607514,0.021444978436225573,0
2023-03-20,816.2418823242188,817.5592433108602,805.0684955346812,816.7785827424584,14838651,38.87335794253836,-7.213296898248927,-5.3880957903228675,-1.82520110792606,854.5330397724321,826.2832824707032,798.0335251689743,826.2832824707032,833.6694104003906,824.6335013160688,836.7253729412527,820.1091179261858,827.3224148244348,825.9308647843472,0.00023919027137320192,0.01047927082647075,0.015302752831810141,0.00023919027137320192,0.012773926603937058,0.00971754379633305,-0.03695819430170022,13421963.0,1.1055499854976505,0,-8.876513440311214,-5.766582284471838,16.603232311906204,0.02034106883198533,-0.010176180058726036,-0.024480541978822094,-0.04480945225758679,0.0228165316129909,0
2023-03-21,831.8065795898438,833.8558210953935,818.7790713998663,822.6336538132437,18755854,48.82271118463447,-5.745847764525706,-5.459646185163436,-0.2862015793622703,854.559398124345,826.2979248046875,798.0364514850299,826.2979248046875,833.32396484375,825.3166516278568,836.5324790843347,821.9087274129024,827.6545751774281,825.7666043093839,0.01906873146634558,0.011848117300268027,0.018125307091176608,0.01906873146634558,0.03459158122705097,0.026555127198185424,-0.017689393996729197,13909084.2,1.348460741937273,0,-5.981861304626932,-4.696624783732773,17.303747586487678,0.02080260965838957,0.007863561154601932,-0.00564939152113243,-0.02662520426835269,0.04231652331415752,0
2023-03-22,839.4180908203125,841.7112923918411,830.4403454439372,836.9297092178792,17431520,51.76631019799535,-3.9234710771034997,-5.152411163551449,1.228940086447949,855.2869788569129,826.5906768798828,797.8943749028527,826.5906768798828,833.0673205566407,826.6596458366621,836.6456403288828,824.6024756294271,828.5259467065306,826.174720715049,0.009150578292157707,0.012101760110557799,0.0134270955929595,0.009150578292157707,0.028639781470741976,0.04153042659575812,-0.013645206276713173,14195437.95,1.2279663411159498,0,-2.224416087370855,-3.1998428911722385,17.261923277927046,0.020564154462120315,0.015433733880571352,0.003313769124930678,-0.018553875399587073,0.05204162007347834,0
2023-03-23,834.7828369140625,846.4929238858591,832.1968355502246,836.2953779024698,17920621,50.6424226166459,-2.820734997404088,-4.686075930321977,1.8653409329178885,856.064955463695,827.3811065673829,798.6972576710707,827.3811065673829,832.9521716308594,827.4332830821288,836.5725892145762,826.1686850578326,828.9894200552367,827.0845479340488,-0.005521984761753473,0.012180736770485914,0.017125517803507795,-0.005521984761753473,0.02271502478781051,0.03829341630116212,-0.0005841399784699552,14397419.8,1.244710597380789,0,0.9195968472895402,-1.866997298319916,17.53376622702973,0.021003985050587187,0.008882352187426081,-0.002139386735338764,-0.02486040155458165,0.04518054731803399,1
2023-03-24,831.8065795898438,839.2229445781608,828.635097531845,831.9041398289326,17295696,42.032548773481096,-2.1620450919087943,-4.1812697626393405,2.019224670730546,856.4953486147781,827.9983276367187,799.5013066586594,827.9983276367187,832.680888671875,827.8497875114349,836.3856868763513,827.0360534473728,829.1980985392815,827.7707054454935,-0.0035653072782629858,0.011193275452703943,0.01272873683150784,-0.0035653072782629858,0.0,0.01931248279277309,0.011570663474766318,14675025.9,1.1785802708532187,0,2.332957880434492,-1.1757469064128827,16.676417055511113,0.020048431287636725,0.004779601490631775,-0.005474875238012682,-0.02882533929094167,0.04040677940377259,1
2023-03-27,828.1959228515625,835.7099073266975,823.6582402717402,834.2949265553112,17047675,40.863289065945104,-1.9093684089830276,-3.726889491908078,1.8175210829250505,856.6466798656991,828.4374572753907,800.2282346850823,828.4374572753907,832.4476623535156,827.8827527819233,836.0645196596929,827.2144948941711,829.1238633031542,828.063075887318,-0.004340740776613727,0.011222079056432943,0.014551710196135952,-0.004340740776613727,-0.013368985123710209,0.014645218269497606,0.024505077615771365,15115102.7,1.1278570406273192,0,3.2492514658545133,-0.6608532815597528,16.73566704299315,0.020207376758594214,0.00037827828709667647,-0.009411470793346421,-0.03321177526608396,0.03494963930819873,1
2023-03-28,834.0997924804688,838.149554987118,827.7080481588954,834.8804530854435,24469018,41.812194721673535,-1.218679203712668,-3.2252474342689963,2.0065682305563284,856.4878617394672,828.3569488525391,800.2260359656109,828.3569488525391,832.0826977539062,828.4748518008324,835.9874715350174,828.2737714459092,829.4924506496219,828.4364008015185,0.007128590549659641,0.01133062457829649,0.012518294480293972,0.007128590549659641,-0.0008182300873826875,0.002756906409367099,0.029385243607926936,15617424.9,1.5667767353886874,1,3.1582001729756257,-0.5450075493172335,16.634597007460098,0.01994317365550671,0.006789512883112323,-0.002258023138890579,-0.026139388844962582,0.042330235449017005,1
2023-03-29,830.4403076171875,841.27211389231,827.5127859687133,836.3441310294944,34881515,47.35433852111461,-0.9555775738199372,-2.7713134621791844,1.8157358883592472,856.1857427481604,828.1690979003906,800.1524530526209,828.1690979003906,831.8045812988281,828.6620380690567,835.7699356951025,828.607084703029,829.562662276849,828.6187007194023,-0.004387346569645567,0.010265257748911608,0.01656871396702417,-0.004387346569645567,-0.001642535664156397,-0.010695246267984904,0.030391002187717175,16381493.35,2.1293244916526493,1,2.002392232394641,-0.8757046337802876,16.366239874662295,0.019707906425715942,0.002145952712247418,-0.006376908106274963,-0.030069918062797792,0.037852604774273886,1
2023-03-31,856.05615234375,859.7155545338773,837.7591413931142,841.1258033201476,25739021,66.24409335060743,1.3048751636715679,-1.956075737009034,3.260950900680602,859.7296795089848,829.1912902832031,798.6529010574214,829.1912902832031,832.0407348632813,831.2710013333133,836.5654736028927,832.8300181862169,831.5251430225453,830.055642160675,0.030846099944333183,0.012279248370431416,0.025648332858364233,0.030846099944333183,0.0336396602826321,0.025483652141589763,0.06475292454308379,17117652.25,1.5036536917613805,1,3.8377182511844694,-0.0071156116835027206,17.084183123946282,0.019956848715090028,0.029815969726698865,0.02329844985941808,-0.0042728862952978565,0.07187509268460214,0
2023-04-03,862.4478759765625,865.6681379160334,847.8590476761958,858.9348737808818,26416933,78.03640341547904,3.5708958584698394,-0.8506814179132595,4.421577276383099,864.5991014305207,830.6452880859375,796.6914747413543,830.6452880859375,832.31982421875,834.2402274898133,837.5804697744092,837.3866116924238,833.815715833954,832.0052305386849,0.007466477070824151,0.010897204892880114,0.020649468490686572,0.007466477070824151,0.03398644113289073,0.03683704497964868,0.056860942569727735,17822141.85,1.4822535485542663,0,6.390439978378367,1.1947828980578379,16.17107685070577,0.018750207753013504,0.03381238108311394,0.02968957264351095,-0.002488119002667131,0.08253684559202287,0
2023-04-05,863.228515625,866.302437142274,852.8846297520107,865.1801966999474,21068934,77.7777350768137,5.367847476110569,0.39302436089150616,4.9748231152190625,867.6707625851634,831.4283935546875,795.1860245242117,831.4283935546875,832.6799060058594,837.0010168360216,838.5862754940401,841.3622892205124,835.9944417444018,833.2848980038556,0.0009051441486287448,0.010927922346691814,0.015543749015923626,0.0009051441486287448,0.03948291973193463,0.04229988557878528,0.05756459490535892,18234433.65,1.1554476768736934,0,9.11826405409829,2.521755834347232,16.000303795498194,0.018535420813703723,0.031335085933493816,0.02938545603604384,-0.0051197379832507465,0.08556801679393268,0
2023-04-06,853.8605346679688,868.5957040705766,851.6161131746726,860.6914189453125,26042745,73.88133121357424,5.967240177392341,1.5078675241916732,4.459372653200668,868.7857493391531,831.7821350097656,794.7785206803782,831.7821350097656,832.7706591796875,838.606685200969,839.1852660498804,843.2850962124287,837.3178560350364,834.4160703326777,-0.010852260771585631,0.011400834282025006,0.019885672433035805,-0.010852260771585631,-0.0025648056728171387,0.023691100711984214,0.02651332126874939,18841359.35,1.382211575939185,0,10.131833400136543,3.1977945148629487,15.697093637910598,0.018383673914633556,0.01818951570049105,0.017487519397434308,-0.017179396281001715,0.07433770849394977,1
2023-04-10,847.46875,861.4720382738286,843.5166076266008,858.7884767219354,30906205,70.74985579696212,5.858961150155437,2.378086249384426,3.480874900771011,868.2501562511561,831.6040435791016,794.9579309070471,831.6040435791016,832.7072302246094,839.4506913723053,839.5101085577282,843.9287352566705,838.0697741065151,835.1470618105448,-0.007485747857469804,0.011703182739384334,0.021187130082646454,-0.007485747857469804,-0.01736815220235932,0.02050531775326858,0.009590762062109182,19579441.2,1.5785029145775622,1,10.788653303248566,3.740172862625741,15.515863456510504,0.018308478579901033,0.009551554022294092,0.009480101979885197,-0.023934814294631394,0.06605484020146588,1
2023-04-11,860.5938720703125,864.2044347387856,844.1021416632927,852.5919670233527,39504022,71.04657137963193,6.754376651232178,3.253344329753977,3.5010323214782013,871.7325907170662,832.8701995849609,794.0078084528557,832.8701995849609,832.92484375,841.4643276292584,840.3369228131237,846.4926024587693,839.7382258075371,837.0322786280828,0.015487440770308725,0.011740390873004204,0.02335862911402472,0.015487440770308725,-0.0030520812357316407,0.005300726727024863,0.030919460744623706,21023420.3,1.8790482916806832,1,10.193326295945099,3.771449210231026,15.575109274957137,0.01809809456054855,0.022733636843465133,0.02410574700130557,-0.01277767834467588,0.0838607163665071,0
2023-04-12,868.64453125,870.4498125302297,859.0324656331312,862.1063873379366,22686032,73.04720278875543,8.021157885484058,4.206907040899994,3.8142508445840644,876.8236740383253,835.1878204345703,793.5519668308153,835.1878204345703,833.6050061035156,844.0529184502814,841.4470251047659,849.900591503574,841.8794336180899,839.2242524816398,0.009354771676819196,0.011776431311574872,0.013143865512707064,0.009354771676819196,0.017314298977151088,0.007184962066746348,0.04428667981722478,21294062.45,1.0653689052179895,0,9.812690960468103,3.866555330356732,15.498437783594243,0.017842094465605654,0.029135155228027558,0.03232230352451224,-0.009328150038028957,0.09462841446802733,0
2023-04-13,877.2807006835938,879.8667021016108,865.0826931657463,869.5715361080806,34439635,71.29796593231056,9.61116629579169,5.287758891878333,4.323407403913357,882.2830777823407,838.6325378417969,794.9819979012531,838.6325378417969,835.2014794921874,847.2174691391683,842.8522672843277,854.1129159928078,844.5017496970161,842.7984083177823,0.009942121458090591,0.011144668267974545,0.016852084998957097,0.009942121458090591,0.03517764010011426,0.016278638627246433,0.059267108757342646,22195386.25,1.551657385552369,1,10.216452303146752,4.265991790287558,15.296299938214945,0.017436038347014564,0.03548466909561221,0.040847530149256836,-0.0056698096390113695,0.10352272504233893,0
2023-04-17,879.525146484375,895.1385965391224,871.5720810990891,895.1385965391224,29957514,69.778626174773,10.926414529618796,6.415490019426427,4.510924510192369,887.2366540361127,842.0943328857422,796.9520117353718,842.0943328857422,836.7198889160156,850.2943907910927,844.2904194098198,858.0224899145874,847.0960753849686,846.5493140891862,0.0025584123747761645,0.011043026981860653,0.0267945897104057,0.0025584123747761645,0.02199791914450877,0.030057147244059168,0.054460334858517534,22920421.85,1.3070228024620758,0,11.687705590123755,5.105153359939436,16.1745548305099,0.018390099356638743,0.034377218066894116,0.04173294670237419,-0.00869160163374381,0.10361117549499535,0
2023-04-18,875.1825561523438,886.0144217796876,872.4989946928628,886.0144217796876,26699379,69.98062639121407,11.485944663200257,7.429580948181194,4.056363715019064,889.6330727151327,845.5561218261719,801.479170937211,845.5561218261719,837.9875036621094,852.664692254069,845.501875752664,860.6625001050114,849.1765554418112,849.3047261845692,-0.004937426006964563,0.011007765121583987,0.015442980429413633,-0.004937426006964563,0.007526697823027062,0.032701862047826324,0.05387774187350902,23609666.4,1.1308664234239245,0,13.214000881763695,5.991767194935733,16.118793312737782,0.018417635497218445,0.026408814746096104,0.03510421591112154,-0.016243232188621785,0.09195920229461174,0
2023-04-19,870.3522338867188,875.2314367685581,865.8145513823755,874.2555961921902,24377956,68.72033503403578,11.408104163612279,8.225285591267411,3.1828185723448676,889.644349561723,848.8739776611328,808.1036057605427,848.8739776611328,838.8452673339843,854.3492200286071,846.4763996010583,862.1532283791203,850.745124215508,851.8488166864621,-0.0055192167984483564,0.011115239177148873,0.010819625686636926,-0.0055192167984483564,-0.007897662391838978,0.01133910213993361,0.01669993434873196,24079170.8,1.012408450543488,0,12.8848923993487,6.139476787934655,16.035153194156837,0.01842375140757541,0.018731232478418867,0.028206142896497775,-0.02168520002909963,0.07703050411164926,1
2023-04-20,872.7918701171875,877.573453395635,867.717487005693,870.6937889701342,16999919,71.90795217946135,11.411725988147737,8.862573670643476,2.5491523175042605,890.7226908807394,851.7112365722656,812.6997822637919,851.7112365722656,839.5576318359375,856.1056628941861,847.508378836985,863.7899424926691,852.3782165045213,853.5057945871583,0.002803044716245706,0.010899492581263987,0.011292458978357272,0.002803044716245706,-0.007655581416974422,0.004774494880223745,0.011993761511572387,24373942.25,0.6974628406695269,0,12.052744443904771,6.061353732219118,15.878317432370036,0.01819255881730211,0.019490826829238906,0.02983273311692613,-0.020130643293505893,0.07394131161941232,1
2023-04-21,864.2532348632812,878.9396237033103,861.0817529732831,872.9381803026192,29578071,64.43922381945549,10.603370747934946,9.21073308610177,1.3926376618331755,889.6911198230084,854.1118041992188,818.5324885754292,854.1118041992188,839.9840747070313,856.8816221293381,848.1650398576242,863.861218241994,853.2578474940591,855.5628969136551,-0.009783128769015437,0.011427514245013943,0.02066277568848466,-0.009783128769015437,-0.0124880474504796,-0.01484982607067642,0.0011870776042879339,25110913.25,1.1778970643371562,0,9.664152990169782,5.312772573296456,16.408057711070366,0.018985243038941016,0.008602836778812928,0.018968236427615217,-0.02859181618536069,0.05585697199071999,1
2023-04-24,882.8917846679688,884.5995057214851,873.3773387983774,883.135744818471,30881665,71.9656898003377,11.336043740758214,9.63579521703306,1.7002485237251541,892.8330627810135,856.666064453125,820.4990661252366,856.666064453125,840.9804089355468,859.3587804663506,849.5268729874416,866.788997692144,855.4529539513858,858.0472370099217,0.021566074679067793,0.012280150225318096,0.012710693561757448,0.021566074679067793,0.014407443668240205,0.0038277907084871554,0.03399999042149093,25717203.8,1.200817368799636,0,9.064389675257871,5.2364535776217735,16.878553634970874,0.01911735269041883,0.02738437627744658,0.03927469835438669,-0.011134531781427832,0.07604240043487004,0
2023-04-25,891.3816528320312,893.8700345751175,881.2816663774997,884.4043683667354,41383839,67.27102146684007,12.458144044624646,10.200264982551378,2.2578790620732683,897.6141956627005,859.2642425537109,820.9142894447214,859.2642425537109,842.1650805664062,862.4085778345107,851.1682369029157,870.5724830982805,858.1143390536558,861.0903223662089,0.009615978211027665,0.009838399565330015,0.01412231018848433,0.009615978211027665,0.02129921617206154,0.01850939163013643,0.05181654524964041,26914819.75,1.5375855898124675,1,9.743885580441656,5.66636115025176,15.686633726465734,0.017598111512198318,0.03359553202760502,0.04724496778150129,-0.006943453948015815,0.08584009840415259,0
2023-04-26,892.8453979492188,894.7970792127569,883.8676522248263,889.429955738027,30371555,65.61407204946511,13.312075300083507,10.822627046057805,2.4894482540257012,901.4924838280423,862.1673706054687,822.8422573828951,862.1673706054687,843.2550964355469,865.30732260734,852.8026353753198,873.9990853830402,860.6870100829567,863.469387146137,0.0016421081952235905,0.009754935379913522,0.012241119249798947,0.0016421081952235905,0.033083084832723264,0.025843748297229796,0.03747589533878437,27537366.45,1.102921554068944,0,10.958102578732905,6.326235774261477,15.195229208472378,0.017018880584896756,0.031824618401357294,0.04695431382699239,-0.009591966692950205,0.08507480010685559,0
2023-04-27,896.1632080078125,897.6758086146725,886.599981860416,887.5270423599347,25835108,66.4875732557642,14.094073806326946,11.476916398111635,2.617157408215311,904.7821216651695,865.3852020263672,825.9882823875649,865.3852020263672,844.3782885742188,868.2459783597659,854.5030499883588,877.408950402236,863.314876595909,865.791051979869,0.0037159961469415137,0.009748038383963377,0.012359162544597471,0.0037159961469415137,0.015031766712876093,0.02677767597386871,0.03168002073093401,27964337.05,0.9238591264941144,0,12.14031546557976,6.994671151373836,15.027944877329032,0.01676920536688449,0.03215359511458495,0.04875366801794471,-0.00952595486910667,0.08495874229281201,0
2023-04-28,895.4801635742188,898.2125053822566,888.2589192038619,892.9917223591818,20381002,72.81968494661655,14.491646597925183,12.079862438074345,2.4117841598508374,906.2190167275612,868.7494140625,831.2798113974388,868.7494140625,845.6234619140625,870.8397102849519,856.1099956191769,880.1891370440794,865.6974904461542,867.921431491869,-0.000762187542950099,0.009012478241955758,0.011115361996033512,-0.000762187542950099,0.004597930335638045,0.03613168855061022,0.020745313189317383,28131003.4,0.7245032006217027,0,13.958088155613837,7.9449557615527056,14.52608739750694,0.016221562451509287,0.02829505016624022,0.04598727751866468,-0.011850174135741964,0.07723073662628073,1
2023-05-02,899.8225708007812,903.433192842073,896.504748580591,901.6766917183744,17515017,79.36507501785324,14.984391138214619,12.660768178102401,2.3236229601122176,908.2159008073259,872.0355529785156,835.8552051497054,872.0355529785156,847.0179370117188,873.5999827150309,857.8242142537496,883.2096653143412,868.2252741761266,870.4537847119985,0.004849250048410081,0.00844712310304772,0.00769978936549254,0.004849250048410081,0.007814536388481619,0.019176513392498817,0.023077707780771117,27783303.35,0.6304152094282913,0,14.241202248680338,8.297341266307967,13.811630156123117,0.015349281740990005,0.03001669941001378,0.04895916418443314,-0.009241558091070254,0.07652924245368432,0
2023-05-03,900.554443359375,901.5302839262966,889.5274568652771,897.33418140065,18715142,76.03302827586865,15.258065256925079,13.180227593866938,2.0778376630581405,908.164133636762,875.541259765625,842.918385894488,875.541259765625,848.1411291503906,876.1670742049685,859.4999095127937,885.8780927058849,870.6200274489598,873.7984788309128,0.0008133520788908832,0.00784423536781634,0.013328263659712639,0.0008133520788908832,0.004900039760976416,0.010290530995562541,0.028990394093977745,26974984.7,0.6937962044516007,0,13.758496370457806,8.331672609877955,13.23309686937502,0.0146943885147144,0.02783415386447336,0.04776560578098608,-0.008379201507236204,0.06837679475187244,0
2023-05-04,899.4323120117188,901.5791732893766,889.7714660425504,897.773371044411,20485002,72.04757896098697,15.209086464569737,13.5859993680075,1.6230870965622373,910.644563911347,877.7100677490234,844.7755715866999,877.7100677490234,849.1345361328125,878.3828111389446,861.065886081379,887.9633572144746,872.7542707499049,875.7752045148397,-0.0012460449847655486,0.0077229901601771,0.013127955365997994,-0.0012460449847655486,0.004413440518576506,0.0073774407950464305,0.03341184981526113,26712283.75,0.7668757262283873,0,13.075488531604606,8.263250706059125,13.26097975149843,0.014743721761383255,0.02396392621285539,0.0445568992460512,-0.01231243488839377,0.06469971701757402,0
2023-05-05,904.555419921875,919.6809486172212,901.1399779584096,902.652518915828,19002035,70.56663656706183,15.406070817072305,13.950013657820461,1.4560571592518432,914.0016874876007,879.8154449462891,845.6292024049774,879.8154449462891,850.2567517089843,880.8754405468428,862.7713579966925,890.5159822463824,875.10991142931,877.8123466681124,0.005695934915544321,0.007488848991696292,0.020497329683141975,0.005695934915544321,0.005259758173082663,0.009364602160714108,0.03639304041686664,26341538.85,0.7213714850983355,0,12.62946218707691,8.268308008333634,13.651310299329712,0.015091734567804318,0.026882324429810173,0.04843005222403629,-0.010335065782746594,0.06968328121747795,0
2023-05-08,915.2409057617188,918.9490880615252,904.6042195927596,904.6042195927596,18623913,73.89039357682877,16.237238957202067,14.407458717696782,1.8297802395052845,919.1108044002328,882.416064453125,845.7213245060173,882.416064453125,851.7253918457031,884.1483419958786,864.8289873208112,894.3198166333572,878.0825776761551,879.7429423012765,0.011812969779968485,0.007917652099230349,0.01567332532720112,0.011812969779968485,0.016308244893621593,0.02206720259288275,0.05899621643476216,26219287.8,0.7103134586287275,0,13.308631710926647,8.718991701634309,12.996106920730922,0.014199656985299161,0.035166682205897415,0.058291198815017424,-0.0042104810649455865,0.0822015234111634,0
2023-05-09,911.8255004882812,922.1693872512036,909.2882791362129,918.2660247654844,21507610,74.8184373708144,16.43094532486782,14.812156039130992,1.6187892857368293,921.6675316632267,885.3143127441406,848.9610938250545,885.3143127441406,853.3316271972657,886.784261852298,866.6719878371825,897.0129987648841,880.5820534400162,882.2659835155856,-0.0037317008581417843,0.007832219303297722,0.014126725023694706,-0.0037317008581417843,0.013778900658842463,0.01333921828257556,0.032771531373115836,25992531.05,0.8274534695612107,0,13.184279137267026,8.847773583432968,12.950798422742773,0.014203154458619154,0.028238253330835655,0.0520998870215954,-0.010678504815271777,0.07404863087422146,0
2023-05-10,913.435546875,918.2659695728609,905.824002397458,912.0205661468576,25910923,80.51150691729076,16.523899081667423,15.154504647638278,1.3693944340291448,922.3869180092518,888.6126525878906,854.8383871665294,888.6126525878906,854.9290771484375,889.3224794735078,868.505852897489,899.5395446279788,883.0156455463114,885.6757073473345,0.0017657395914640883,0.007458460368186973,0.013621067428313566,0.0017657395914640883,0.00981711762214843,0.014303525578724718,0.024741247447600978,25742766.95,1.0065321668928056,0,13.155405268539312,9.005943384695343,13.166875693401364,0.014414674071364117,0.02711397491691375,0.051732171784009934,-0.009704572950330996,0.06854764665248403,0
2023-05-11,916.5094604492188,924.1210048601322,911.2886777477154,917.3389010960858,20027372,80.68503021511724,16.653632035716896,15.454330125254002,1.1993019104628946,924.6703335524599,891.4084320068359,858.146530461212,891.4084320068359,856.8797814941406,891.9117157569088,870.3883473112824,902.1503009081696,885.4966688724527,889.2970418776546,0.0033652221929998394,0.007456032829735827,0.014001303495685858,0.0033652221929998394,0.0013860336437259146,0.018986585437768433,0.026504098642782026,24768934.45,0.8085681699561363,0,13.528904617964258,9.32246122990341,13.379472887863844,0.014598292178354622,0.027578676518937032,0.05298912063840144,-0.008825710966510754,0.06801044800197407,0
2023-05-12,921.095947265625,925.0968698193026,912.5085025133512,917.0461850344828,13873480,92.24096250019277,16.931363275261333,15.74973675525547,1.1816265200058638,927.999340327997,894.0310028076171,860.0626652872373,894.0310028076171,858.9124572753906,894.6911663767866,872.3768806428253,905.0650157323935,888.1336524571321,891.2443817518157,0.0050042983889748704,0.006398489713921064,0.013666727492745256,0.0050042983889748704,0.01016690887936278,0.018285808674031845,0.0278216501581654,24328306.85,0.570260811224518,0,13.815725829943744,9.60552264613284,13.00307978614414,0.014116965582950633,0.029512732304901784,0.055846352309222407,-0.007439006432840756,0.07096376164404744,0
2023-05-15,922.9012451171876,926.0727270591708,915.5336605179272,920.9495639221208,10453762,89.65209785345212,17.100021331151424,16.019793670434662,1.080227660716762,931.6439429843872,896.3120300292969,860.9801170742066,896.3120300292969,860.9822155761718,897.377840542539,874.3582282692709,907.8090510223618,890.7090296912104,893.2063339567861,0.001959945494192983,0.0041423986847753886,0.011419495419475156,0.001959945494192983,0.010362743462930979,0.008369751949726778,0.030621651554536333,23129013.2,0.45197613532426884,0,13.229498546660466,9.529240948459687,12.302565192075551,0.01333031595435046,0.028442205079654698,0.055518453739497785,-0.009384162193115974,0.07191934728226027,0
2023-05-16,923.4866943359376,929.195397374275,920.2176522692876,927.0485362203852,19612293,87.7296195398787,17.08399129744828,16.232633195837387,0.8513581016108915,934.8988459447704,898.510107421875,862.1213688989795,898.510107421875,862.7377502441407,899.8643980466722,876.2848347816891,910.2209961475273,893.137004850079,895.2919207211927,0.0006343573831408822,0.00374520088592333,0.009721574939900099,0.0006343573831408822,0.007612833459786694,0.012788843744128364,0.026298655204988863,22611752.15,0.8673495476996904,0,13.08013619437429,9.6128469445066,12.044663542601954,0.013042595650241665,0.026250951077231275,0.053865886616659274,-0.012206830352111675,0.07117945065591878,0
2023-05-17,916.6558837890624,925.487289252936,913.1916614199988,924.4138288097396,19273344,74.84748621356869,16.331834830865205,16.25247352284295,0.0793613080222535,936.0913981594329,900.583773803711,865.0761494479891,900.583773803711,864.3869213867188,901.4635871649951,877.8680131741353,911.2109788616096,894.8791440307444,897.3391488739717,-0.007396761197287383,0.004594222718864209,0.013413569967076744,-0.007396761197287383,-0.004820413649352595,0.0035255217788268123,0.017879474748493385,22240450.4,0.866589644245694,0,12.141107691487377,9.36216027664625,12.142249317245282,0.013246245981703002,0.01685292322438154,0.04418417123398831,-0.02076241103014629,0.05962450169732069,0
2023-05-18,923.6331176757812,929.2442010636688,919.3393952590776,925.0480984422348,21550141,76.6322235069533,16.113009136262008,16.224580645526764,-0.11157150926475623,937.1645665600252,903.2478179931641,869.331069426303,903.2478179931641,866.1473376464844,903.5749710231653,879.6627231545921,913.1220771407129,897.0090680044509,900.124815993019,0.007611617412935701,0.004825387888353078,0.010723744758649987,0.007611617412935701,0.0007930128629316524,0.007772595411149386,0.026906755895764523,22099059.65,0.9751609951421621,0,11.663255266256442,9.274375843309713,12.250284354413136,0.01326314975067113,0.022198652348573877,0.049985515316035296,-0.014438711585002307,0.062464175225341693,0
2023-05-19,931.2446899414062,932.9036309042943,918.8515021794102,928.4635680040532,15427412,80.56733341401606,16.36513141796172,16.252690800013756,0.11244061794796423,939.0964243548473,906.170458984375,873.2444936139028,906.170458984375,868.104873046875,906.210182348712,881.685545381526,915.9101714177426,899.5450399997809,902.1484264550649,0.008240904445672825,0.005001310660350353,0.015089620243384474,0.008240904445672825,0.008400765980767444,0.01101811674007358,0.029505400588762498,22020434.3,0.7005952648263617,0,11.519015971925455,9.308664738700713,12.543037393448092,0.013469110244523701,0.027625498013948487,0.056209546384742896,-0.008360945915468808,0.06641919502689438,0
2023-05-22,927.39013671875,931.1959390731236,923.291653642454,928.0732370849948,15509525,73.75966737191601,16.068680168848346,16.215888673780675,-0.14720850493232973,937.0229195588757,909.3273040771485,881.6316885954212,909.3273040771485,869.70134765625,908.2273208601442,883.4778822967113,917.6763199255898,901.6076397567415,905.4258821326006,-0.0041391411562290426,0.005288462178959756,0.008523150201528088,-0.0041391411562290426,0.01171023185420128,0.004863891586788682,0.013274353102607384,21317007.0,0.7275657881990657,0,10.849480317605185,9.119654027440447,12.543037895669377,0.013525093053122808,0.021099140510833194,0.04970385258302483,-0.010280199810545282,0.051902000251634814,0
2023-05-23,930.366455078125,935.6847387180298,922.1693701855752,929.0002544091722,16579935,74.73705108258766,15.890726037454897,16.150856146515522,-0.2601301090606256,937.9572279543044,911.7010375976563,885.4448472410082,911.7010375976563,871.3729626464843,910.3358098332852,885.3166498567667,919.6286484105952,903.7379223731403,908.2747790794568,0.0032093487320294933,0.005279917348418392,0.01452693017755003,0.0032093487320294933,0.007290056271788359,0.007449767045246469,0.020333884696046578,20601920.5,0.8047761857929702,0,10.471411786612975,9.031815075077589,12.651076572200461,0.01359795003694337,0.022003578271306383,0.05088552805219101,-0.008092877425482313,0.05073337766557651,0
2023-05-24,917.9244384765624,930.8054861062682,915.8263574668708,923.8282619002744,18049620,62.917519733885484,14.577686849059546,15.836222287024329,-1.2585354379647828,937.5883848550393,913.0281768798828,888.4679689047264,913.0281768798828,872.71083984375,911.0585363707402,886.5953866653862,919.3664622668979,904.7887754178383,910.9584403764577,-0.013373242912673389,0.006713908948848914,0.016318476784709563,-0.013373242912673389,-0.014303707294891499,0.0013838941198482946,0.004914294847534251,19435209.55,0.9287072492614312,0,9.594949205745024,8.727373491250887,12.877606671669826,0.014029048723272044,0.007536181081374831,0.03533635780466817,-0.020972898871307107,0.0331542279550595,0
2023-05-25,917.1437377929688,918.8514587940116,910.4104735823488,914.3626159869316,19328582,59.361391742610344,13.320546839527992,15.333087197525064,-2.0125403579970715,936.9322562990324,914.2430938720703,891.5539314451082,914.2430938720703,874.3482995605468,911.6380793633334,887.793361219409,919.0245046555242,905.7039578159962,912.8342651065842,-0.0008505064805653939,0.0066247489618859266,0.009203557592810186,-0.0008505064805653939,-0.011048639100297741,-0.007025928107842527,0.0006920576067366291,18883060.9,1.023593690787705,0,8.063108340168128,8.130638064816935,12.034203000681275,0.01312139254163213,0.006039302826709865,0.03305991895822039,-0.02112054353238948,0.0287024771528766,0
2023-05-26,927.7316284179688,929.4393493908152,912.9476201716644,917.094942534292,10957182,59.302317124612664,13.028425037592683,14.872154765538587,-1.8437297279459042,937.5883219173152,915.8215148925781,894.054707867841,915.8215148925781,876.45708984375,913.1707983209177,889.3595677762153,920.3640621574388,907.3356371198461,914.5308744476775,0.011544417945303698,0.006591360922598419,0.017776400754250025,0.011544417945303698,-0.002832031019363246,-0.003772436569446147,0.007204115024110669,18139164.6,0.6040621076893474,0,6.960615972205687,7.674022394689246,12.184064506359887,0.013133177885868767,0.015945352308488852,0.043145721969012236,-0.010512815986434257,0.03766762845021099,0
2023-05-29,925.2432861328124,934.4649321286174,923.925865590138,930.8055298888272,12108079,60.13265179135212,12.452582360478914,14.388240284526653,-1.9356579240477387,937.2106257443508,917.3096710205078,897.4087162966649,917.3096710205078,878.794228515625,914.3205590649077,890.7667724176505,921.114711999804,908.662129639325,916.1679974401256,-0.0026821789932931495,0.006539304773199853,0.011390589584852874,-0.0026821789932931495,0.00797325721973019,-0.002314937911172432,0.0025376940685861715,17725518.45,0.683087438833136,0,6.093238204763452,7.288890120939186,12.016775822323366,0.012987693077513927,0.01194627744023997,0.038704310469045,-0.012769103638825767,0.031016602948779393,0
2023-05-30,926.9998168945312,929.2930185471208,921.8278734759396,922.5109142673764,18483624,60.22065958728645,11.999635909424569,13.910519409506238,-1.9108835000816686,937.2066767204259,918.6685333251953,900.1303899299647,918.6685333251953,881.1284399414062,915.5281074296337,892.1876761226263,922.0201127528389,910.0204768434144,917.4818746132108,0.0018984528588805727,0.006540496584903126,0.008053016769938165,0.0018984528588805727,0.010746493374397703,-0.003618615186755658,0.0038041940183228817,17773948.8,1.0399278296559513,0,5.192297596348453,6.871026265859541,11.66128852916468,0.012579601761120343,0.012530155406265637,0.03901885410835942,-0.010890724617553492,0.029850594164093393,0
2023-05-31,926.2191162109376,929.0002380573592,917.7780713161202,926.5606365918726,27254425,57.578101851807766,11.445737229030556,13.417562973411103,-1.9718257443805474,936.6746185728192,919.9517669677734,903.2289153627277,919.9517669677734,883.53388671875,916.5462987421388,893.5222424005993,922.6661132848541,911.2203760558235,919.0373222310093,-0.0008421799760532922,0.006523727547727219,0.012116103570770236,-0.0008421799760532922,-0.0016303337740143364,0.009036340451008762,0.01043273990927207,18200912.95,1.4974207653688054,0,5.487762371398617,6.9268557352131666,11.546277074080551,0.012466031926997063,0.010553550302994761,0.03659323994273782,-0.011162363273825344,0.025453349042725584,0
2023-06-01,913.484375,931.1959059694744,910.2641128857094,931.1959059694744,21650700,44.729715566584794,9.865458482789336,12.70714207528675,-2.8416835924974144,934.7163493971332,920.6543701171875,906.5923908372417,920.6543701171875,885.723671875,916.2546869571732,894.3050711299876,921.2535381641073,911.388079681318,920.2347283763272,-0.013749166895878906,0.00744791494780043,0.022914232204316577,-0.013749166895878906,-0.012708993741484376,-0.00398995560038895,-0.010987850567029667,18259197.85,1.185742121743864,0,4.616607593839831,6.511709910578588,12.142236058210099,0.013292220852940259,-0.0030235173654317537,0.02144604172464173,-0.022714885013862464,0.007602075896967862,0
2023-06-02,915.48486328125,921.827827046608,912.4597217491146,920.2176662665536,12494376,44.87870915316412,8.674504587425986,11.900614577714597,-3.2261099902886112,933.3476327034133,921.2008422851562,909.0540518668992,921.2008422851562,887.7124353027343,916.1813704166091,895.1356512143509,920.3660497205908,911.6915451331648,920.7316621912765,0.002189953474847295,0.007454168245155395,0.010232943954875026,0.002189953474847295,-0.012421743136753371,-0.013200762765416041,-0.01692340029466144,17933814.9,0.6966937079293709,0,3.010572095691373,5.776083438135629,12.0585959693708,0.013171813596295613,-0.0007602284414955437,0.022733104238774463,-0.01913838830921371,0.0070741793638607765,0
2023-06-05,923.8770751953124,928.8050582446286,920.2176729962288,920.2176729962288,10751684,50.24333677261466,8.312030496312445,11.182897761434166,-2.8708672651217206,933.4981129414662,921.6326507568359,909.7671885722057,921.6326507568359,889.8651391601562,916.9142946812475,896.2627658802709,920.9062074859326,912.5941769896201,921.2551346483582,0.009166958680215886,0.00789430831782509,0.009294943536275593,0.009166958680215886,-0.00252860362589602,-0.0014765964346634686,-0.0037881161167697686,17540203.45,0.6129737337795818,0,2.5937356163398135,5.49599346262039,12.368770959255885,0.01338789682235709,0.007593709198835647,0.030810505988073618,-0.01030643513122672,0.015509337773821963,0
2023-06-06,919.3394165039062,924.9017199029888,915.4360540569128,923.6331390198328,11894330,51.72195820803872,7.571338358418188,10.460585880830973,-2.8892475224127843,933.010781181157,922.0083465576172,911.0059119340774,922.0083465576172,891.6157958984375,917.1452586643579,897.1677325713939,920.6651627194669,913.0938243610487,921.6380068508461,-0.004911539438779644,0.007740190773025522,0.010296160129925003,-0.004911539438779644,0.0064095694071464315,-0.008263648224103748,-0.011852360447897725,17059539.45,0.69722456663389,0,1.617151234724247,4.980056448767641,12.166630817337234,0.013234101137102217,0.002392377672805816,0.024712975208064543,-0.01465295466354985,0.009147585609117189,0
2023-06-07,917.4853515625,922.9988152614025,911.2399478470064,921.5350543493884,16486469,45.777505011658235,6.756838330743108,9.7198363708134,-2.9629980400702927,932.6853571527456,922.2108367919922,911.7363164312387,922.2108367919922,893.1771411132812,917.177648464181,897.9645019435942,920.1759610030105,913.4191226722673,922.1325380238081,-0.002016736047777634,0.007457076240738345,0.012816408888022459,-0.002016736047777634,0.0021851680584645816,-0.009429480017823955,-0.00047834755853226607,16588316.75,0.9938602721701706,0,0.6313497220421596,4.4422595429948615,12.107384398750778,0.01319626997655233,0.00033548909399864146,0.021738999232880595,-0.016297034657697867,0.006305589705765395,0
2023-06-08,915.2409057617188,927.5364732717564,912.6061242779728,913.9722653565424,17608140,38.13315544033947,5.86265216733716,8.948399530118152,-3.0857473627809924,932.7814435403752,922.1474090576172,911.5133745748592,922.1474090576172,894.7863024902343,916.9931967782321,898.6420079756775,919.4167217351194,913.5540695677822,922.229728009575,-0.0024463015098376006,0.007033855112114581,0.016313026329781183,-0.0024463015098376006,-0.009347747298273368,0.0019228908668731393,-0.0020747369826991102,16467355.15,1.0692755357256019,0,0.7385098210588694,4.336936845689934,12.170114417957889,0.01329717054968078,-0.0019109095058391654,0.01847109042168267,-0.018804552663570687,0.00408938726609263,0
2023-06-09,915.3872680664062,921.1935315811796,913.581986770486,918.6563698311433,12253128,40.58191870149201,5.106943736924904,8.180108371479504,-3.0731646345545993,932.9131218156587,921.8619750976562,910.8108283796538,921.8619750976562,896.4579162597656,916.8402511866296,899.2986848419806,918.7968057860867,913.6898620491618,922.1364789968899,0.00015991669927140073,0.006990054425275778,0.00831510889022053,0.00015991669927140073,-0.004298900239184111,-0.00010660494646952401,-0.013305960445277654,16386337.55,0.747764896372466,0,0.6588807700205734,4.163033627629716,12.145722168796558,0.01326839753239331,-0.0015847723944742344,0.017890144281988606,-0.0187861584743745,0.005024577600701132,0
2023-06-12,913.3380126953124,920.7055972423155,910.7520113059578,915.3384739939504,10520125,36.44133198553705,4.293192330367219,7.402725163257047,-3.109532832889828,933.0557531982219,921.3838134765625,909.7118737549032,921.3838134765625,898.1607580566406,916.506704663647,899.8492467185819,917.956991464429,913.6637991340618,921.9254729028639,-0.0022386758507386695,0.006894236259156438,0.01089803095678033,-0.0022386758507386695,-0.00452033251552697,-0.011407429389642565,-0.012867181654740545,16389655.7,0.6418758998091705,0,-0.4075900176004552,3.5864808383109903,11.891309126218207,0.013019614820504708,-0.003457358197393164,0.014990028636373338,-0.021132435479148216,0.003986030132202226,0
2023-06-13,920.75439453125,923.3891760871558,911.5326888658716,913.2892496101985,13528776,52.44933967247764,4.198332744274353,6.761846679460509,-2.5635139351861564,932.8793963354256,921.2471984863281,909.6150006372307,921.2471984863281,899.8938500976562,916.9112465557997,900.6690564367257,918.3873611670168,914.1890284227425,921.6391406157801,0.008120084495390145,0.006371347329189965,0.012876927106408467,0.008120084495390145,0.006024084735310797,0.0015391247258000895,-0.006737242283610723,16085479.85,0.8410551706357706,0,-0.2340121085582041,3.5013238653317558,11.668263310638695,0.012672503525306475,0.004191406736351335,0.022300464250417356,-0.012997394788442616,0.012246273298280754,0
2023-06-14,917.094970703125,924.0722547164398,913.6307485353478,923.1939743649098,13489262,49.95979530324607,3.784248458405159,6.16632703524944,-2.3820785768442807,932.8664693306281,921.2691528320313,909.6718363334345,921.2691528320313,901.626943359375,916.9287440936403,901.3132099373688,918.1885318648796,914.4042834064744,921.6899802566487,-0.003974375631395133,0.0064664208136534325,0.011385414286032586,-0.003974375631395133,0.0018655520961374794,-0.00042549001868008585,-0.009850957886875067,15796275.75,0.853952046260018,0,-0.2489043705406857,3.3487079937746103,11.811157665597923,0.012878881732981764,0.00018128628920783678,0.017509740888911243,-0.016906491063849494,0.008160233254676248,0
2023-06-15,904.2138671875,920.1688965759562,902.0182258592284,917.9732552476846,19366819,31.317825097431594,2.389145692350553,5.410890766669663,-3.02174507431911,934.1036307798884,920.2981903076172,906.4927498353461,920.2981903076172,902.59009765625,915.7178034359126,901.4269612020798,916.038583452975,913.6494377606244,920.7306909965438,-0.014045550272453466,0.00657277702461537,0.02007342662547773,-0.014045550272453466,-0.009989889154932374,-0.012048236158152648,-0.010148512734550086,15687109.65,1.2345689825658865,0,-1.2753933423194894,2.7849532264023082,11.929653486853422,0.013193398066278119,-0.012562752635416837,0.0030916603400720786,-0.031998337879741705,-0.002513955735729862,0
2023-06-16,911.6303100585938,915.094532313058,904.6042457522844,906.848667243868,11249387,39.971258450024784,1.8605148004879766,4.700815573433326,-2.8403007729453496,932.6265381507737,919.3174713134765,906.0084044761793,919.3174713134765,903.5737463378906,915.3285183523584,901.8270925297862,915.3603875461472,913.4998727456592,920.0111854654431,0.008202089284653491,0.007085663670583211,0.011507171761434029,0.008202089284653491,-0.009909357508199879,-0.004104227946875927,-0.004210395362344799,15478208.4,0.7267887024960847,0,-1.5117328342712426,2.528407687805611,11.954053385930463,0.013112830117684583,-0.004040307080589632,0.010870395899626108,-0.022513007332829744,0.006205136237852932,0
2023-06-19,900.8472900390624,911.386356797931,896.5047873782526,910.9472166078564,19351375,32.994938362639246,0.5649589172655851,3.873644242199778,-3.308685324934193,933.0839108811136,917.9903289794922,902.8967470778708,917.9903289794922,904.3261218261719,913.9493537510921,901.7886689026991,913.127603314288,912.5626443970224,918.5951055601811,-0.01182828159677829,0.007580962543047661,0.016519525100678376,-0.01182828159677829,-0.017716464688063538,-0.013675903644247978,-0.024927326128729166,15670300.9,1.2349076845103848,0,-2.5573509125549663,1.9394221841172339,12.501223215156172,0.01387718357304943,-0.014335656191730235,-0.0010439018542805476,-0.03454846929212414,-0.002269868670411418,0
2023-06-20,903.1892700195312,906.1167918668598,892.6989833999372,898.7004270111945,15212286,35.32337727906746,-0.2696914078114787,3.044977112197527,-3.314668520009006,931.9257748186798,916.6314697265625,901.3371646344452,916.6314697265625,905.3126965332032,912.9245838718958,901.8435944366926,911.5986289612486,911.86832036906,917.1466777424587,0.0025997524845384756,0.007677133917176828,0.014856031744744275,0.0025997524845384756,-0.0011331358710032768,-0.019076883711927395,-0.017567120689539584,15601918.45,0.9750266320613925,0,-3.9866626839038872,1.1745379999669012,12.658054766990713,0.01401484183566196,-0.01066387522513105,0.001492138538367302,-0.030835615427354867,0.0020548419146093648,0
2023-06-21,902.3598022460938,905.97042432825,897.7733395774403,905.580064269418,9210553,41.64223358000284,-0.9867146882138513,2.2386387521152513,-3.2253534403291026,932.4029762092104,915.853237915039,899.3034996208677,915.853237915039,906.410517578125,911.918414193248,901.8638378801986,910.1772710050709,911.1639856932848,916.427329956382,-0.0009183764698837971,0.006859298601624194,0.009084053534306477,-0.0009183764698837971,-0.010169152681972715,-0.0160672219647372,-0.016485875540843353,15159965.1,0.6075576651558386,0,-5.0103299003922075,0.5506279428298058,11.748432743208193,0.013019676534753409,-0.010481871841145542,0.0005499326451106872,-0.032221233447002194,0.00339852188556428,0
2023-06-22,903.3844604492188,912.9476866817438,898.4564771949641,902.0670994269972,27291569,40.77382365123025,-1.4555013368470782,1.4998107343227856,-2.955312071169864,932.6089268795298,915.1652740478515,897.7216212161733,915.1652740478515,907.2663293457031,911.1056566938167,901.9234701378073,909.1322232272476,910.5877245640946,915.478432959646,0.0011355317475074678,0.006829039358681859,0.016041021426883677,0.0011355317475074678,0.002816426755356538,-0.0009172683237662627,-0.012954453016533751,15558114.45,1.7541694456425598,1,-4.612146742095888,0.4965089357274337,12.114368756728636,0.013409981339179358,-0.008474534416366544,0.0016198606198686127,-0.031336249941435676,0.006308012527729741,0
2023-06-23,901.1887817382812,909.3858664900742,896.797499098517,903.6771633220312,8767733,30.89565938691392,-1.981351271129256,0.8035783332323774,-2.7849296043616336,931.2950730518152,913.8381317138671,896.3811903759191,913.8381317138671,907.9172143554688,910.1611924123372,901.894658828022,907.9101553058681,909.8915065769974,914.8289718812734,-0.002430503077112567,0.006183112353232034,0.013968624162493237,-0.002430503077112567,-0.0022149159070575797,-0.011453687097834009,-0.015510906502028132,15448642.0,0.5675406938681082,0,-5.167325940021215,0.06756629823576077,12.06209535874139,0.013384648814064358,-0.009858045749319422,-0.0007826602395650053,-0.03232733876157731,0.005363333606259579,1
2023-06-26,905.0433349609376,909.2882175524284,900.8960126007483,904.7017550302204,11749040,37.822102571621606,-2.0632767315528326,0.23020732027533541,-2.293484051828168,929.8383899187008,912.8281341552735,895.8178783918461,912.8281341552735,908.4724670410156,909.6737774169658,902.0181363234304,907.4691060220326,909.5323827535855,913.9457036645103,0.004277187311654496,0.006308871654050774,0.009272710628869753,0.004277187311654496,0.0029739054290363054,0.0046578870450875165,-0.009081717413574775,15430690.05,0.7614072968823581,0,-4.275576334126299,0.2294674207313392,11.985419580570246,0.013242923424310446,-0.0050902230788452355,0.00335381132117553,-0.026665983279020294,0.010298361744747587,0
2023-06-27,913.484375,917.2413971004926,899.920226200877,907.5317710784504,13422726,46.93570553753239,-1.4305909013434075,-0.10195232404841317,-1.3286385772949942,927.812351354794,912.1523620605469,896.4923727662998,912.1523620605469,909.1516516113281,910.0366914724929,902.4677927421194,908.3945320186431,909.8251229199865,913.0443038178005,0.009326669467630166,0.006884291941026519,0.018961649890963484,0.009326669467630166,0.011180084441300808,0.011398613028525073,-0.007895720698624653,15177645.15,0.8843747410974356,0,-2.887892399402972,0.6241983054268303,12.382726972371643,0.01355548853517242,0.0037885104631644943,0.012207174977853856,-0.01544275233442655,0.01895387261496503,1
2023-06-28,914.8017578125,921.1935016587148,911.7278361808256,921.1935016587148,25708001,49.658817493202434,-0.8135034778023282,-0.2442625547991962,-0.569240923003132,925.8532581608945,911.581494140625,897.3097301203554,911.581494140625,909.9440356445313,910.4905073143983,902.9514776468402,909.3802590638518,910.1937625416541,912.2693520144472,0.0014421514462137353,0.006869029448013666,0.010347231405111998,0.0014421514462137353,0.01510557648971278,0.013788242268146789,-0.002500518445616162,15100323.95,1.7024800981173653,1,-1.4279068788497398,1.087639766641587,11.992392435522033,0.013109280052323667,0.004735085608765148,0.013123939058765952,-0.011936557171432405,0.01949385714317216,1
2023-06-30,912.0205688476562,919.4369928830704,908.1660462617388,917.7780520093212,13843218,47.487222004573674,-0.5426209582313959,-0.30393423548563614,-0.23868672274575975,925.7539689080924,911.5083038330079,897.2626387579234,911.5083038330079,910.77740234375,910.6362274604229,903.3071282821663,909.7864605690525,910.3290815272838,911.8686163295904,-0.00304020946734318,0.006915942345716961,0.01235821538057255,-0.00304020946734318,0.00770928155282169,0.00955972653563597,0.008633689377534726,14709949.85,0.9410785312772497,0,-0.46942923339383924,1.3836581443590603,12.25377827913903,0.013435857367363717,0.001520191428243517,0.009646154992776828,-0.014834827094108353,0.016447726063978582,0
2023-07-03,919.7785034179688,922.9012051068142,913.874679970956,914.36260024857,12350359,54.42948281492818,0.2946592260525449,-0.18421554317799993,0.47887476923054484,926.345402175896,911.7229858398438,897.1005695037916,911.7229858398438,911.7171350097656,911.5069204087606,903.9530645620018,911.3236979304241,911.0290387043716,911.9612516338058,0.008506315356587413,0.00726460921141193,0.009813803108373367,0.008506315356587413,0.006890242012041803,0.0206279994340699,0.008938045685263907,14702749.0,0.840003389842267,0,1.3457279964234203,2.058405733979839,12.31999615933905,0.013394525000918136,0.009074624475148027,0.017506925388471276,-0.007089039080349736,0.025279143370426013,0
2023-07-04,921.8765869140624,928.3171107716475,919.2418054957484,924.3649684244668,14041699,50.8327098350884,1.1146585185440472,0.07555926916640948,1.0390992493776376,925.9190423145277,911.6229614257812,897.3268805370348,911.6229614257812,912.8696020507813,912.4945076949798,904.6559477914944,912.9472193125224,911.8325607939784,912.043242432903,0.0022810747242918428,0.00695618744191517,0.009844381997245752,0.0022810747242918428,0.007733729238212028,0.018599387789371757,0.02334390868189007,14867249.75,0.9444718583542998,0,2.8207302780140253,2.637811468064001,12.121340306097263,0.013148549901536027,0.010281792536792712,0.019035567239245044,-0.0043658842897974694,0.02735871053181317,0
2023-07-05,934.8552856445312,941.4422096300224,918.265995606998,919.2906163148466,13817767,61.577594171276026,2.7797432359631102,0.6163960625257496,2.1633471734373604,929.8038676317566,912.3987548828125,894.9936421338683,912.3987548828125,913.9088720703126,914.6241055949371,905.8402355504371,916.3176910559084,913.5379478199453,912.6306112476357,0.014078564218573453,0.0077669287526459735,0.024791231732776333,0.014078564218573453,0.02503750197841126,0.023394938358448858,0.03506022123614816,14963421.6,0.9234363215429284,0,4.5874141224442155,3.3724428083177145,13.030962294806718,0.013939015476414178,0.022119666347995892,0.032031089981847664,0.005432778017627311,0.044538465564541566,0
2023-07-06,936.2214965820312,940.6127792872744,930.9519335115064,931.6350338444386,16334427,74.5508715717879,4.161604291793424,1.3254377083792845,2.836166583414139,933.6647097916025,913.335562133789,893.0064144759756,913.335562133789,914.8056689453125,916.6809999746604,907.0316575516762,919.3798149830043,915.2182106912109,913.6487646447678,0.0014614143584352757,0.006376157949386609,0.010318974527970128,0.0014614143584352757,0.01787712270177999,0.023414623536306634,0.03752571230638968,14955819.5,1.0921786666387623,0,6.190492660262066,4.080179904835973,12.424546227595313,0.013270947391140875,0.021316572076775914,0.03218172021596947,0.0027384421448246065,0.04839280144635318,0
2023-07-07,923.5355224609376,931.9765075014355,920.998301288774,929.9760462814668,8593807,58.44870138926795,4.184846735655242,1.897319513834476,2.287527221820766,934.5754876509419,913.75029296875,892.9250982865582,913.75029296875,915.4194714355468,917.3338116400201,907.6788679402747,920.019154594994,915.8343078593388,913.7078450817829,-0.013550184617003302,0.007442640179665314,0.011887151003578117,-0.013550184617003302,0.0017995202073939343,0.012625760872729597,0.022306186229613223,14505102.85,0.5924678431356314,0,6.697584179597243,4.371739658108368,12.734726953859544,0.013789103552752818,0.0067605823989306335,0.017469454319945985,-0.011812812700398636,0.03428106594060134,0
2023-07-10,925.4872436523438,929.8785263276142,918.60751981262,923.1452024012996,12069184,69.99198737789183,4.31105892505343,2.380067396078267,1.9309915289751634,935.7274148402164,914.2552917480468,892.7831686558773,914.2552917480468,916.0059521484375,918.1103289745271,908.3772356152579,920.8603990653555,916.5493401403021,914.036340862178,0.002113314695471047,0.006470115457574997,0.012178456907211649,0.002113314695471047,-0.010020847222068974,0.006206646723271758,0.02696267686243692,14495905.65,0.8325926155569314,0,6.603408565766472,4.424171053256032,12.45940437062047,0.01346253495774903,0.008034889103204223,0.018835795709364094,-0.010943540849042288,0.03663159896450988,1
2023-07-11,922.1205444335938,929.6833087354524,919.1442426527204,925.4872062607308,16977595,65.10892925687278,4.092245643740853,2.722503045610784,1.3697425981300686,936.4449730219727,914.6944183349609,892.9438636479491,914.6944183349609,916.538759765625,918.492254256343,908.9161889022515,921.0542675835461,916.9620219398053,914.5552261081623,-0.003637758642100364,0.0066345108117398235,0.01142916308106502,-0.003637758642100364,-0.015061555625370038,0.0002646314300571717,0.018868941202017986,14818779.15,1.1456810866905995,0,5.997746561363215,4.260241110757079,12.253779914606858,0.013288696351661548,0.003950267583027553,0.014527583172756405,-0.015296604713625662,0.03267470887413791,1
2023-07-12,921.5839233398438,928.1708476534084,918.5100015026126,925.48728589603,21511161,65.41470251985032,3.8313680780402137,2.94427605209667,0.8870920259435437,936.5382077887326,914.7358947753906,892.9335817620487,914.7358947753906,916.9739868164063,918.7866989309622,909.412962801765,921.135753084515,917.3043850064748,914.9567999691913,-0.000581942455343043,0.006625668158253602,0.010482871831991872,-0.000581942455343043,-0.002113182518300394,-0.014196167587090858,0.008866652305731915,15217898.4,1.4135434758849488,0,4.162593336025111,3.572727251327933,12.35833430032015,0.013409884859463726,0.003044476386234391,0.013383315430848705,-0.015967618111595836,0.0320856356653746,1
2023-07-13,932.61083984375,936.0750619372392,919.436992216799,924.8041153240754,23222286,70.19548301385468,4.462954571571686,3.2480117559916732,1.2149428155800126,938.7259323292116,915.5116882324219,892.2974441356322,915.5116882324219,917.6151147460937,920.1032837797991,910.3226834700781,922.9011510474743,918.4381964759026,915.8806364399375,0.011965178888911687,0.007184988149526614,0.01784031346153742,0.011965178888911687,0.0076971306090547476,-0.003856626611825398,0.019467695464245205,15704549.6,1.4786979946244367,0,3.4222838051387043,3.2910259184019424,12.51168145986733,0.01341575813333195,0.013593643544635199,0.024483797644930905,-0.00651424689023824,0.045179324420422794,1
2023-07-14,936.8557739257812,941.6861968997156,928.3659486322888,936.5630336523336,12871569,73.9671889098516,5.245554633485426,3.6475203314904237,1.5980343019950025,941.571700698922,917.1437835693359,892.7158664397499,917.1437835693359,918.363583984375,921.6987590317974,911.3631968212823,925.0480161056753,919.8024614721899,917.1531026736793,0.004551667105587631,0.007072762599303908,0.01421803508944594,0.004551667105587631,0.015979721502939137,0.014423106790033557,0.02723097036013611,15379787.1,0.8369146410355707,0,4.364947391777264,3.684328881007559,12.563958665286586,0.013410771449525075,0.016444651514889306,0.027971918542918812,-0.005008568938127732,0.04944451997035317,1
2023-07-17,945.296875,950.2736386246636,929.8297645450108,939.6370109898406,16290763,75.47869570390796,6.4722886180165915,4.212473988795657,2.2598146292209345,946.1264705126681,918.8271118164063,891.5277531201444,918.8271118164063,919.1784130859374,923.9461986478168,912.693929298879,928.1632251663406,921.690936548324,918.6788411654846,0.009010032610299534,0.007259468560486444,0.021626935008806414,0.009010032610299534,0.025730648136981227,0.021404542832464735,0.02774403999137065,15631855.9,1.0421515592400004,0,5.8358696732897215,4.316693683621111,13.424792174427498,0.014201667782332929,0.0231081380966009,0.03572166380701824,-0.0008768336353791918,0.06031121486871929,1
2023-07-18,951.8837280273438,964.0817355638042,947.687625346918,954.3721096526648,29709508,74.88928819250768,7.885093677958594,4.946997926628245,2.9380957513303487,951.0408574347975,921.3789337158203,891.717009996843,921.3789337158203,919.91126953125,926.6069157315814,914.2307841509756,931.8125332988026,923.927439620844,922.9229884727613,0.0069680258144761975,0.007131019243855968,0.017222807507026948,0.0069680258144761975,0.020665520236525126,0.03227689023242819,0.0325500631421054,16149762.55,1.8396250661902145,1,8.114661475238336,5.3145952487241175,13.529341436155253,0.01421322902976088,0.027278894498435367,0.041185381775713785,0.0008862611800082331,0.06747288361216051,0
2023-07-19,949.9320068359376,956.323750603878,944.174523696845,956.323750603878,15994261,72.58463735815315,8.746440753208844,5.706886491944365,3.0395542612644793,954.6807740985724,923.7160705566406,892.7513670147088,923.7160705566406,920.6733996582032,928.8283529796153,915.6308320994056,934.6001446122079,925.8537038589991,925.3132577261147,-0.002050377723601615,0.007248666184199801,0.012789575274445224,-0.002050377723601615,0.013957573058830608,0.0307601757996816,0.016127331601929917,16188861.3,0.9879793707294285,0,10.041654048653072,6.2178692976405046,13.721024395379816,0.014444217372022467,0.02272072529722347,0.03746179522797912,-0.004974193878701186,0.06404990452429826,1
2023-07-20,971.546875,974.035316171972,948.6146209598538,952.46920323191,26487838,80.80805847244604,11.045873776783651,6.774683948912223,4.271189827871428,963.1482625341977,927.175424194336,891.2025858544743,927.175424194336,921.8356262207031,932.8967836482234,917.8236180955074,940.2842569795606,929.238383202777,929.0033847239233,0.022754121356598933,0.008786967114389716,0.026165176242389926,0.022754121356598933,0.027769054033951024,0.04174949881857826,0.03773185997857875,17052725.55,1.5532905823374374,1,12.793499868424306,7.500934625429295,14.73172072329314,0.015163160010465929,0.04143019038036558,0.05853331276870914,0.008719958071360927,0.09015266609498515,0
2023-07-21,972.9130249023438,977.2555272465715,964.9111205085836,971.2540840611064,16903003,79.4483217735106,12.830525582030191,7.985852275535818,4.844673306494373,970.2044059054722,930.6518524169921,891.0992989285121,930.6518524169921,922.9636975097657,936.7078542438538,919.9839869898932,945.3040674292196,932.4735418471894,933.1725453554545,0.0014061595353735967,0.008746615096266766,0.01268808868010272,0.0014061595353735967,0.02209229578761729,0.038487515346646184,0.05346573168060753,16533297.25,1.0223612836816323,0,15.009095212056422,8.620790168610938,14.836275757495278,0.015249334090253823,0.038651507505204075,0.05753256432824414,0.0027918024082189824,0.09181213145628915,0
2023-07-24,968.0338134765624,984.3303623695843,966.1796926305508,980.670960352914,21687719,74.81633210253644,13.693315394545266,9.127344899337707,4.565970495207559,974.3526206968681,933.9941040039063,893.6355873109444,933.9941040039063,923.9024548339844,939.6912789326833,921.8682939109391,948.800951436503,935.1076360419578,936.4607227988693,-0.0050150540705025115,0.00907175888554848,0.018750036916425353,-0.0050150540705025115,0.019055897169860447,0.024052696118944006,0.04597207591572294,17179296.55,1.2624334725742887,0,15.745080284866503,9.174364612060117,15.484516076290593,0.01599584215005884,0.03016153834701009,0.05007821602126096,-0.006485133909514683,0.08325342815575539,0
2023-07-25,970.6686401367188,974.8647427328618,964.3744564622128,974.8647427328618,29325327,71.66467286959096,14.42342674311476,10.186561268093119,4.2368654750216415,978.3872510623667,937.2753692626953,896.163487463024,937.2753692626953,924.857802734375,942.6415038092581,923.7820329786168,952.1652112365363,937.7417844934215,940.2025080412179,0.0027218332908163223,0.008549013307306707,0.010807278443827582,0.0027218332908163223,-0.000903955213979013,0.01973446079208041,0.05264831804929071,18058110.9,1.6239421256406175,1,16.034588077676744,9.551248827641189,14.578378379692351,0.015018903235236884,0.02973255072495927,0.05075505420572217,-0.007889116418132773,0.08313790253228638,0
2023-07-26,972.3764038085938,973.6449847104316,966.082219858008,969.1073019747432,12780537,71.78128189816714,14.967313628290299,11.142711740132555,3.824601888157744,982.5744772914028,940.219970703125,897.8654641148472,940.219970703125,925.8355969238281,945.4733990472901,925.6876945797924,955.2746254783913,940.307311850101,942.4001649540232,0.0017593683377208347,0.008546002459162998,0.007777610422056547,0.0017593683377208347,-0.0005515612187469987,0.02362737207625476,0.05511432999468657,18026001.45,0.7090056569367468,0,16.645046067674798,10.056862480386826,14.428515456596317,0.014838405580475687,0.028454533769445664,0.05043678283958965,-0.010378931794484812,0.08298675321831483,0
2023-07-27,966.326171875,982.1835819158672,963.3498699025234,978.3289995630472,25932395,78.01916110611981,14.740228570653585,11.862215106236762,2.8780134644168225,984.9082099818919,942.79619140625,900.6841728306082,942.79619140625,926.8290026855469,947.4593774118338,927.2813603560751,956.9748633855619,942.2346348149083,946.3167133997155,-0.006222108958934269,0.007648532487586665,0.019490015443543226,-0.006222108958934269,-0.0017640309437432222,-0.00537359880345456,0.036151554958227416,18037221.15,1.4377156428001108,0,14.56259376361038,9.45774226056767,14.686409508031065,0.015198190771894812,0.019913037870504254,0.042106757655445325,-0.01886677146008717,0.07288015158309782,0
2023-07-28,972.1324462890624,974.5720478609782,953.4450744239546,964.130541221062,12584130,79.07541227594275,14.857511700172154,12.461274425023841,2.3962372751483123,987.2405416903933,945.8017852783203,904.3630288662472,945.8017852783203,927.7989892578125,949.8091934953793,929.0402264710942,959.3067992168696,944.4492875166975,948.3057981571561,0.0060086072208891395,0.00767413122616358,0.021732608059397612,0.0060086072208891395,0.0015080389865458343,-0.0008023107855501532,0.03765432561242421,17974266.75,0.7001192413036821,0,13.101339251525474,9.056239481201033,15.390407145318884,0.015831594968431457,0.023502881364552388,0.04638358877273966,-0.015303357959208464,0.07493607684048538,0
2023-07-31,974.181640625,975.2551010010276,964.715975072084,971.9372191996074,14303116,82.9932162244332,14.943552313343616,12.957730002687798,1.9858223106558182,989.9104224975137,948.5219421386719,907.1334617798301,948.5219421386719,928.6577282714844,952.1303789362955,930.8104780065415,961.5952363565821,946.6516840432384,950.2255328109352,0.002107937394498105,0.007409497345892936,0.01081844030871086,0.002107937394498105,0.001856520591548172,0.006350839260829577,0.030556290186614765,18071904.6,0.7914559265657035,0,12.439100003612225,8.942184095602443,15.390411420048281,0.01579829754354059,0.023159918196644223,0.04659505199312299,-0.01588909613945716,0.07391214376947229,0
2023-08-01,970.5222778320312,979.4512433395982,966.521355109635,977.4507819784002,15508569,79.83339857092467,14.54875117706331,13.275934237562902,1.272816939500407,991.457636830275,950.9542266845704,910.4508165388658,950.9542266845704,929.52037109375,953.881988354937,932.3678034898942,962.968627352805,948.4198761757417,952.2109105597094,-0.0037563454702564947,0.007605037747384633,0.013322608378291158,-0.0037563454702564947,0.004342328790380767,-0.00015078503480536742,0.019580700095917614,18145248.1,0.8546903803426088,0,11.240484545678896,8.58577051127736,15.623914425703097,0.01609846036775586,0.017444809400156584,0.04092212772612178,-0.02111573729481251,0.06597990819705211,0
2023-08-02,963.1058959960938,970.0831205780984,953.8841903765008,961.4469550572352,15787996,69.44617643235401,13.48201610985086,13.317150612020495,0.16486549783036608,992.4747218239228,952.3667572021484,912.258792580374,952.3667572021484,930.1751599121094,954.7604557493329,933.5732188822941,962.9897456056186,949.5077294957678,953.4334769258191,-0.007641639976059378,0.007775118269377741,0.016819469457036003,-0.007641639976059378,-0.009285309144269172,-0.009533867518986883,0.013868244322071233,18243759.55,0.8653915853654188,0,9.287056702042833,7.885524302501722,15.623915692495261,0.016222427624468235,0.008740873374579633,0.03163402346647988,-0.029591510173535097,0.05573758655906831,0
2023-08-03,941.6862182617188,959.2513497940618,936.8557951782072,952.9571657495216,30994707,52.52681601132026,10.783921567157677,12.810504803047932,-2.0265832358902554,992.3573982906655,952.6399932861328,912.9225882816002,952.6399932861328,930.6503955078125,953.5152902743221,933.891375720703,959.7122798604033,948.9283582932457,953.5741662369783,-0.02224021036878987,0.010127273440383838,0.023782396069462503,-0.02224021036878987,-0.03335663597851557,-0.025498588706824976,-0.030735168324514728,18976773.55,1.6332969837225042,1,6.055912862488299,6.610015364627884,16.54747658895667,0.01757217666358339,-0.012405749685671163,0.008346626538873799,-0.05106142214108326,0.0315071949684809,0
2023-08-04,947.0533447265624,952.4204682670016,938.0268187721877,945.248063359922,20582882,50.94934412190446,8.975282978856626,12.04346043820967,-3.068177459353045,991.2309932482382,953.815884399414,916.4007755505899,953.815884399414,931.2485876464843,952.8998668888212,934.4075313679916,957.7647513782739,948.7894683994173,953.7833742075122,0.005699484988482606,0.009948212823279873,0.015198351365275824,0.005699484988482606,-0.024181756196152593,-0.025798029536237443,-0.02657964228444476,19576227.3,1.0514223034179828,0,3.0906733934418753,5.367304896897394,16.11531769003961,0.017016272398776542,-0.0061355052775350334,0.013533509666876331,-0.04456846973368618,0.033448868654171446,0
2023-08-07,952.0789184570312,957.7875622222014,944.8088939737931,947.4924556611198,16686062,50.10730837837511,7.856876485280964,11.20614364762393,-3.349267162342967,990.1330706476253,955.1454681396484,920.1578656316715,955.1454681396484,931.7355334472657,952.8216813238888,935.1005269401109,956.8900078519289,949.0331313666479,954.5770232742053,0.005306537122172106,0.009870594679663978,0.013631924829762901,0.005306537122172106,-0.01144939262121103,-0.02268850206804185,-0.016481753836915303,19807071.2,0.8424295460703953,0,0.6913023875932822,4.290048933569324,15.700589667511329,0.01649084898650649,-0.0007795402659451831,0.018156755373112725,-0.03843337155247594,0.0346908438406344,0
2023-08-08,956.2261962890624,962.7642804453878,948.8097722368316,952.1764341081312,23784778,53.378744094307486,7.221932005572853,10.409301319213716,-3.187369313640863,988.1959969163909,956.8507507324218,925.5055045484528,956.8507507324218,932.3551916503907,953.1459208443815,935.9289845616385,956.7878829961033,949.5659509905305,955.9601742510538,0.004356023173743173,0.009913644082939016,0.01459331302856075,0.004356023173743173,0.015440364046299226,-0.01473029714980234,-0.014878861076239258,20147430.35,1.1805365541318273,0,-0.7360675105554719,3.5611810717442722,15.829538331905846,0.01655417765517967,0.003231693466150579,0.02168670066023283,-0.03235167995730444,0.0331934187205056,0
2023-08-09,957.0133056640624,959.5713515147028,948.0600250851338,959.2270199754856,19317331,39.951368468672186,6.7049565142850724,9.668432358227989,-2.9634758439429163,985.2206227696583,958.6222198486328,932.0238169276072,958.6222198486328,932.9554614257812,953.5142432081607,936.7558206833022,956.8225634065586,950.1176068922736,957.6905280397217,0.0008231414053019304,0.007590047878128033,0.012028387026010421,0.0008231414053019304,0.010516789780596447,-0.00632598176105037,-0.01579953820799984,20037738.85,0.9640474478985437,0,-1.2462125411722127,3.1826018010081043,14.836011990295187,0.015502409321258726,0.003669648860334676,0.021625149834653464,-0.028630457436324645,0.026812070982083287,0
2023-08-10,948.552001953125,957.9480378042437,943.9770282120568,955.8818683285078,24858441,34.661491458985836,5.54853318075925,8.844452522734242,-3.295919341974992,983.5793485208052,959.4192779541015,935.2592073873979,959.4192779541015,933.402119140625,953.0416488029192,937.2184160272169,955.5501693367996,950.0016361560404,958.859406542756,-0.008841364755180825,0.007825533449007724,0.014728775611057416,-0.008841364755180825,-0.00370443713807056,0.007290946345248628,-0.01839355120371733,20119546.6,1.2355368385885992,0,-0.47364147140285695,3.3270403065139362,14.952197908452254,0.01576318206873718,-0.0047108611207427225,0.01209279046601552,-0.0356121207916346,0.014212952367354863,0
2023-08-11,937.4833984375,947.961670292414,934.679384304923,947.8633070091408,17162177,32.15527899823317,3.696306833522385,7.814823384891872,-4.118516551369487,983.488651901727,959.4506591796875,935.4126664576479,959.4506591796875,933.882099609375,951.5599106728794,937.2288074942869,952.7706661215227,949.0743592880003,958.8003075085763,-0.011668947504020921,0.008228733934537729,0.014168022612057527,-0.011668947504020921,-0.019600799396941593,-0.010104970688663228,-0.03564231189261169,20334077.0,0.8440106231524549,0,-1.339956215941811,2.821276126295288,14.646622759107142,0.015623340939710092,-0.014793090878981443,0.00027164225125958936,-0.046777614947837776,0.0022137095787828458,0
2023-08-14,944.0753173828124,947.371327936236,930.7438503525192,933.6954693282672,19026691,35.15298351069799,2.7288602741050454,6.797630762734507,-4.068770488629462,983.5846922256375,959.3895812988281,935.1944703720188,959.3895812988281,934.4539086914062,950.8470922643015,937.4972980781507,951.4329201617211,948.704059887616,958.6369814446281,0.00703150472456282,0.008505253281976039,0.017612448157009176,0.00703150472456282,-0.01351913103472735,-0.00840644711174754,-0.03090421948710964,20470873.4,0.9294518425383844,0,-1.974589059587288,2.396771138039867,15.084993567183412,0.015978591209229346,-0.007121833717094467,0.007016574147089772,-0.04016875735776651,0.0094962569734408,0
2023-08-16,941.0745849609376,944.3213540593632,931.334217614814,939.057657191525,17930805,32.77294778162427,1.700416534080432,5.7781879170036925,-4.0777713829232605,984.2052216970066,958.8491241455079,933.4930265940092,958.8491241455079,934.7978588867187,949.9163772830289,937.6375838382601,949.8393301308314,948.138913596751,958.0527121929215,-0.00317848837547563,0.008441814479942833,0.013800326405678395,-0.00317848837547563,-0.0078829805606766,-0.015845216735250855,-0.03034210913414004,19881938.25,0.9018640322957446,0,-3.2295435613526706,1.7085992766216123,15.472448680906675,0.016441256546683714,-0.009307969136589392,0.0036655965822189316,-0.043822808277425455,0.008121708626566727,0
2023-08-17,936.3027954101562,942.353578529597,931.1866436309264,941.5173104722998,27077611,33.240707490632275,0.4946222262029778,4.72147477884355,-4.2268525526405725,985.209384488667,958.1676635742188,931.1259426597705,958.1676635742188,935.1371264648437,948.6198456760885,937.5852391940207,947.7567863276506,947.2621641014476,956.9419409940853,-0.00507057530512256,0.008406206751299274,0.011926627746293206,-0.00507057530512256,-0.0012593321965076454,-0.021640775662502776,-0.02782985827141715,20436105.75,1.3249887885317877,0,-4.894397532072162,0.829418510718483,14.92482174414431,0.0159401657426499,-0.01298417940766758,-0.0013678156718495997,-0.049640807171049926,0.005559777161398784,0
2023-08-18,935.3189086914062,939.5987322998694,930.743875136834,932.61325789159,13257508,28.281083120940423,-0.5342118242132301,3.6703374582321944,-4.2045492824454245,984.457206268495,956.3562652587891,928.2553242490832,956.3562652587891,935.4937976074219,947.3530897727854,937.4963634880359,945.8432666913054,946.3774785155186,955.6920513207116,-0.0010508210843469534,0.008080123640158603,0.009467206404951337,-0.0010508210843469534,-0.009275116646075277,-0.013950835836591957,-0.006761604286899425,19774589.25,0.6704315236282341,0,-5.688559030133774,0.2779474608189503,14.048242010288009,0.015019734851659035,-0.012702952269111703,-0.002322627459084957,-0.049914102171432634,0.007609527527393607,1
2023-08-21,939.7955322265624,943.8293876376396,933.1052076187756,935.368103582327,13358017,30.278076109314696,-0.9770809341370068,2.7408537797583543,-3.717934713895361,982.5956529254843,954.700390625,926.8051283245156,954.700390625,935.9848901367187,946.6333223874308,937.5865269679781,944.9128460044219,945.8899269385589,954.4300376138384,0.0047862001864362735,0.008233550580507482,0.011411184296073717,0.0047862001864362735,-0.0013591406619788415,0.002466319716078136,-0.007663573061024942,19597339.95,0.681623987443255,0,-4.926588285448588,0.3577194736911906,14.061460159568039,0.01496225474306485,-0.007223272199655228,0.002356054822724356,-0.043558223132265025,0.014016327170665194,0
2023-08-22,936.6471557617188,941.517339432624,933.9906864820572,940.9762212582668,16872719,30.45659611448903,-1.5640758700576498,1.8798678497951535,-3.443943719852803,981.3969936798011,953.1310577392578,924.8651217987145,953.1310577392578,936.410087890625,945.6822588992677,937.5496888814581,943.6412013516983,945.205277221756,952.6553506675426,-0.003350065367287436,0.00822961767005176,0.008035739930738207,-0.003350065367287436,0.0003677873795213671,-0.007868187510384428,-0.01620849111996059,19356589.95,0.8716782782289605,0,-5.1648333650338145,0.05239080330738943,13.675514782468294,0.014600497848463354,-0.009554057985676307,-0.0009626509724685901,-0.04559809965413731,0.012739191569998922,0
2023-08-23,951.2576293945312,952.4382890585224,934.5317876320524,938.6148847885248,14707331,43.68836202131598,-0.8406400927902951,1.335766261278064,-2.176406354068359,979.1972403427022,952.1605072021484,925.1237740615946,952.1605072021484,937.1684802246094,946.2132465654832,938.0872551760884,944.8129595121342,945.6535996049245,951.032584593204,0.01559869534961722,0.009377234730216453,0.01882402923576794,0.01559869534961722,0.017040947804021878,0.010820656084359559,-0.005196016291765693,18625690.15,0.7896260960832102,0,-3.703130717545605,0.449671337828363,13.766115780392543,0.014471490535276525,0.005331126833573561,0.01403960468045225,-0.028533179830442124,0.02824903657831694,0
2023-08-24,953.3237915039062,966.5568958657866,951.159258811673,956.8165287761592,28389740,57.809722442947766,-0.09944368771289191,1.0487242714798728,-1.1481679591927647,976.5339568114857,951.207876586914,925.8817963623424,951.207876586914,937.8198681640625,946.8904413215236,938.6847664046303,946.1223182800991,946.221761967812,950.8223829073127,0.0021720321031117873,0.0070808161907595065,0.016151529198514196,0.0021720321031117873,0.014394896350797382,0.018178944009553888,-0.0038552381020408033,19406150.3,1.4629248749042203,0,-1.7294043545649629,1.0995272106096081,12.990939797265908,0.013626996318608793,0.006794186424993391,0.015595251593723684,-0.02376790396860727,0.02963876733442604,0
2023-08-25,954.7504272460938,956.9148999052288,944.7149101731644,947.420561047928,10275758,55.45378195597338,0.5962047080945467,0.9582203588028075,-0.3620156507082608,975.0119393783899,950.6290893554688,926.2462393325476,950.6290893554688,938.5729772949219,947.6390114095778,939.3147923199818,947.4497196594829,946.8535149513883,949.4799984718156,0.0014964860364357069,0.0069496010521801375,0.012778197719433724,0.0014964860364357069,0.019327738703965425,0.020775286775581048,0.006534618323724928,18623318.45,0.5517683665018358,0,0.2859216367924091,1.8184288319459938,12.834249814212367,0.013442518010944286,0.007504351077672431,0.01643286686456619,-0.020780783612981916,0.030773877078395764,0
2023-08-28,954.89794921875,959.2761961755662,949.486647599298,954.3076494260564,10481574,52.145759445625025,1.146202158946494,0.9958167188315449,0.15038544011494903,972.0807470478924,949.7673645019531,927.4539819560139,949.7673645019531,939.5866589355469,948.3303388199752,939.9258965120904,948.5956011301394,947.4493989711929,949.0379267777352,0.00015451364927043798,0.0068163776114109785,0.010251931721371404,0.00015451364927043798,0.0038268495428896987,0.01606989656186908,0.01857584978067317,18518190.65,0.5660150172392787,0,1.6970164325443875,2.3393695441122873,12.606455551916651,0.01320188776426908,0.006925445838785491,0.015928971381912578,-0.017676307118852763,0.02959065117695263,0
2023-08-29,952.1431274414062,961.4899212525077,950.0770180929742,957.603610762986,13209913,46.82478581768998,1.3442918472167094,1.0655117445085778,0.2787801027081316,967.8611950119828,948.6654388427735,929.4696826735642,948.6654388427735,940.3969152832032,948.6934615458257,940.4050036073577,949.1413744087959,947.7970825615791,948.3702771253863,-0.0028849384162963343,0.0067538727787706644,0.011986541550955854,-0.0028849384162963343,-0.0012384712025674816,0.01654408662255058,0.00854572713643198,18463530.5,0.7154597545686076,0,3.01120264655799,2.855314725899575,12.424912334129308,0.013049416601385828,0.0036362281763379885,0.012481987855255523,-0.016240001822143434,0.02439395839423535,0
2023-08-30,943.4359130859376,960.1617553156956,939.992357332752,954.7996350612804,13936165,40.59946517375098,0.7895781575653018,1.0103250271199227,-0.22074686955462086,963.6187486694209,947.3111206054688,931.0034925415166,947.3111206054688,941.2486877441406,948.192742644884,940.5238628025961,948.2636111283562,947.4740329707909,947.3474649696055,-0.00914485869248105,0.007142369617777882,0.02137866250710167,-0.00914485869248105,-0.011850755796770862,-0.008222500474001082,0.0025091827605758787,18384910.3,0.7580219197479576,0,1.9794960794007466,2.43660762650768,13.04334601651321,0.013825365173824045,-0.005016732722165435,0.0030962003182610394,-0.02094483488553132,0.013353785076017427,0
2023-08-31,943.2882690429688,950.61813513853,938.6640537842972,944.518110332464,36675400,45.8814281498065,0.33419750090547495,0.8750995218770331,-0.5409020209715582,960.9041559235959,946.3202392578125,931.7363225920292,946.3202392578125,942.0506677246094,947.725649920892,940.6322708904539,947.4981738844504,947.1639763835449,946.439614095977,-0.0001564961020891209,0.006776375087922119,0.012672776442307562,-0.0001564961020891209,-0.012158032369092076,-0.010526877174759308,0.007460699324039144,19429280.5,1.8876355200080621,1,0.8352085993684568,1.9475044858236288,12.899279713802205,0.013674801369987794,-0.004682136521569987,0.0028236306947033753,-0.018332615976351177,0.012398300002733405,0
2023-09-01,953.077880859375,957.3577048100216,937.4342746002596,941.46819032756,16268147,62.451000076021856,0.7545469603765014,0.8509890095769268,-0.09644204920042543,961.6009606014142,946.8898223876953,932.1786841739764,946.8898223876953,943.065029296875,948.2353862007475,941.12033402649,948.3565903421311,947.6020433817546,946.605800607389,0.010378176150052765,0.00650655209441436,0.020904304474884356,0.010378176150052765,0.0009817362442983146,-0.0017518152796675013,0.018987077031100696,18692952.5,0.8702823697861534,0,0.5963747911696373,1.8055417065081656,13.331480611056488,0.013987818706941038,0.005106848709822699,0.012705651339745055,-0.008863426817615249,0.022419732439942892,0
2023-09-04,951.7495727539062,953.4221689523384,945.0592480110232,953.0778374045047,9512956,56.68957621067857,0.9693198565586272,0.8746551789732668,0.09466467758536035,961.9958086409786,947.1246337890625,932.2534589371464,947.1246337890625,944.0323315429688,948.5700706343816,941.5371669177613,948.8785876362504,947.9092677796917,946.7406354176892,-0.001393703633401966,0.006312295623682118,0.008786892246367861,-0.001393703633401966,0.008812108541400576,-0.0032970816069084474,0.012719831194581532,18139456.2,0.5244344645789326,0,0.2397318144064684,1.6112704056708935,12.741155136599234,0.013387087844686339,0.003351889562990572,0.010846524380526096,-0.010651019261245306,0.020912889761746937,0
2023-09-05,952.7826538085938,954.3568266156636,946.7318107329096,948.551951794262,16623486,60.56834647317756,1.2089538638381327,0.9415149159462401,0.2674389478918926,962.0835899324076,947.1598205566406,932.2360511808737,947.1598205566406,945.064208984375,948.9712690319257,941.9781664036763,949.4792132012263,948.2702593373882,946.7275207531635,0.0010854547081100563,0.00621829019968668,0.008002891165445005,0.0010854547081100563,0.010065199660818092,0.0006716704125209194,0.017226869208557982,18136327.4,0.916585019302199,0,0.27780748609995953,1.5731627963185701,12.358146525042432,0.012970583034486146,0.004016333161019934,0.011469997702990634,-0.0096674927429822,0.02204012878679542,1
2023-09-06,942.0584716796876,953.8649486093548,935.466510050454,947.027018710753,30802100,54.691269952610334,0.5274337411519809,0.8586986809873883,-0.3312649398354074,960.9006419840898,946.4514343261719,932.002226668254,946.4514343261719,945.80451171875,948.3129073793316,941.9813156301866,948.3375606594512,947.8101269182993,945.8911651475237,-0.011255643756777012,0.006861654259237773,0.019530038858518454,-0.011255643756777012,-0.011561918916585645,-0.0014600264704196508,-0.009670521876075644,18487193.5,1.6661317468224692,1,0.12016473444759868,1.4574528275904868,12.874682500773158,0.013666542882224322,-0.006595329084920027,8.190825892273249e-05,-0.019608864310358305,0.010789936680068798,1
2023-09-07,950.0770263671876,953.8649135559164,939.3036045546078,941.96007377633,13462347,60.79137750206427,0.6271253723390373,0.8123840192577182,-0.18525864691868088,959.7997159274771,946.1046203613281,932.4095247951791,946.1046203613281,946.5363647460938,948.4809187115084,942.2987944826181,948.6051707683338,947.9780453959947,945.4826169131244,0.0085117377833277,0.007168805118077985,0.015326451011016136,0.0085117377833277,-0.001757338731321001,0.007196906340313669,-0.0034057317835284318,18194444.3,0.7399152608359685,0,0.7552687906163555,1.6665235921641397,13.282286203506958,0.013980220376756688,0.0016828041810767547,0.008254528107340193,-0.01012991502179622,0.018948220821628253,1
2023-09-08,954.89794921875,959.2761961755662,945.7479421269364,951.8971485126772,13086915,60.98780957861974,1.0826596655894036,0.8664391485240553,0.21622051706534828,960.6398360383893,946.4219177246093,932.2039994108294,946.4219177246093,947.3382885742187,949.0920644741028,942.7928789820742,949.5732905299363,948.4906308643469,945.4432937290064,0.005074244211541679,0.007180470293200837,0.014167224947647928,0.005074244211541679,0.0022201237624348558,0.0019096743256006299,0.00015451364927043798,17605868.0,0.7433268839684587,0,0.8566782733553282,1.6725449555841578,13.482577205633081,0.01411939068113389,0.006117304065611654,0.012839585985996813,-0.0059771483590753405,0.024344402965728113,1
2023-09-11,962.4737548828124,966.1632786045712,953.7172612295014,959.226986017833,7894110,67.65295096808107,2.031559524778004,1.099463223774845,0.9320963010031589,962.9357534773087,947.671435546875,932.4071176164414,947.671435546875,948.3473522949218,950.3665111796943,943.564678037005,951.5579773534557,949.5264178286777,946.0669323777222,0.007933628583306263,0.007267643682643242,0.012931279748594482,0.007933628583306263,0.02167093000790543,0.011267861248285715,0.007933628583306263,17142464.65,0.4605002933460913,0,1.7964405453126346,2.0275111192437407,13.833960378811867,0.014373337775320683,0.012739552120885803,0.020040043132120912,-0.00047978132791099933,0.03224625455802165,0
2023-09-12,974.5262451171876,979.1012787688176,966.802865781473,974.1326718812546,20959591,66.48083382687987,3.713300122328633,1.6222306034856027,2.09106951884303,968.4901933978603,949.1939819335937,929.8977704693272,949.1939819335937,949.4423071289062,952.6674382213603,944.7788571381886,955.0915570094145,951.3782568870859,948.0277081249608,0.012522409232699205,0.006858872568532582,0.012619888944977255,0.012522409232699205,0.025733933219590055,0.02282114522307621,0.023508143923623326,17239109.65,1.2158163284262191,0,3.696169189434613,2.8006907345123864,13.742604840207239,0.014101831437648638,0.022944845198695944,0.03148608561066471,0.006232434525898935,0.04799288272874995,0
2023-09-13,973.8374633789062,978.8060099166414,964.7366383159148,973.8374633789062,21997553,64.81868172567168,4.933640792315032,2.2845126412514887,2.649128151063543,972.6270513893589,950.8321258544922,929.0372003196255,950.8321258544922,950.4815246582032,954.6836310935075,945.9184103240992,957.9755426047209,953.0419018124059,950.0369971944763,-0.0007067862376538558,0.00688832112341506,0.014447350949007851,-0.0007067862376538558,0.01983407145826588,0.033733566073193666,0.032224287703365606,17442447.05,1.2611506250781481,0,6.370723714175938,3.937094693912627,13.647728736393885,0.014014380478894915,0.02006301528754574,0.029515286678098527,0.0012444769943610813,0.04822224884414495,0
2023-09-14,971.7714233398438,976.887575209195,966.4093032080316,976.2972153487822,11464188,62.18309416131355,5.668712017338521,2.961352516468895,2.707359500869626,975.1807684267346,952.6055572509765,930.0303460752184,952.6055572509765,951.2198474121094,956.3110398788729,946.9322539717755,960.0979857947398,954.4292737774012,951.8725791905509,-0.002121545038834327,0.006957755035356802,0.010782650888365341,-0.002121545038834327,0.009660178690444887,0.022834355921234062,0.030195598982454275,16661775.9,0.6880531864553525,0,7.830121167364496,4.633459489157417,13.524748898472385,0.013917623603284914,0.01616668930532174,0.026231200029235284,-0.0034961159994892008,0.044881414290162784,0
2023-09-15,976.44482421875,981.4133711300916,972.6568769312491,974.3786547753372,13307980,64.48415303416223,6.552828722243021,3.6796477576237203,2.8731809646193005,978.0834181823944,954.6618530273438,931.2402878722932,954.6618530273438,952.0243139648437,958.2285431493374,948.0896096677353,962.6128840138183,956.0600552915753,953.5318420934518,0.004809156522471492,0.007010566908082638,0.008967730671160554,0.004809156522471492,0.001968730048241829,0.022564584014059808,0.024517349346420136,16664299.5,0.7985922240535823,0,9.13647867523457,5.296730685661146,13.514205985185217,0.013840214674697964,0.019010372003261916,0.029907736844571018,-0.001675311055461398,0.04854229025007135,0
2023-09-18,974.2310791015624,980.1834988788136,971.3778233153544,974.132655768785,16713222,64.9566743346577,6.994241587423971,4.342566523583771,2.6516750638402007,980.2621074165371,956.3836303710938,932.5051533256504,956.3836303710938,953.0382250976562,959.7525941924065,949.114765331807,964.400298642702,957.406057055278,955.1909820655966,-0.0022671481913572045,0.0069819293782345465,0.009038590281455415,-0.0022671481913572045,0.0004041903679596892,0.012215734880149043,0.023621241334110143,16832059.75,0.9929397975194331,0,9.38608301271222,5.550087294801983,13.327975442608485,0.013680507354476484,0.01508564290085505,0.026462883823090467,-0.0061524650084347175,0.044746053817614,0
2023-09-20,971.2302856445312,979.9375379402288,964.8351109491382,965.7205606456862,25741856,70.39703591427718,7.020991885937406,4.878251596054498,2.1427402898829078,980.9599127364107,958.1127868652344,935.2656609940581,958.1127868652344,953.9530859375,960.8457076640375,949.9820406381883,965.4510658737526,958.4300739878151,957.3129296356202,-0.003080166011331209,0.006425834966979812,0.01554979000790559,-0.003080166011331209,-0.0005568569751235319,-0.0033821146317717377,0.019361846862131715,17275516.6,1.4900773502773281,0,8.17826944267722,5.203183499999682,12.966048943190417,0.013350128321612049,0.010807747693165276,0.0223669965298171,-0.009918475735403352,0.03845391331084236,0
2023-09-21,943.8294067382812,966.6552735540002,942.0092656124872,964.1464092816628,19742813,50.28365499669186,4.776113695545405,4.85782401595268,-0.0817103204072751,981.288510330857,957.7413757324218,934.1942411339867,957.7413757324218,954.3872631835937,959.2251075758703,949.7407608774078,962.1246567759877,957.3485430804423,957.419339078413,-0.028212545789864985,0.010355431828848294,0.026112778183809297,-0.028212545789864985,-0.033402212466602244,-0.030814235197428763,0.0018798568367375257,17527290.7,1.1264041509849552,0,4.541476482362782,3.8223505533085245,14.199401705891221,0.015044457827354639,-0.016050143721213356,-0.006224176514931676,-0.038173384481945884,0.010313878185117873,0
2023-09-22,934.9745483398438,945.4036387107805,932.1213525224975,941.0745732661132,12701888,40.416633548713115,2.2565068798867287,4.33756058873949,-2.081053708852761,982.435175467574,956.8239135742188,931.2126516808635,956.8239135742188,954.6550756835937,956.9155305057725,949.1616937190719,957.947717016581,955.6912101366943,956.6981728407773,-0.009381842031218834,0.010190805352129365,0.014206040380315333,-0.009381842031218834,-0.04029488650466895,-0.03786577184327389,-0.015896056433541195,16742898.1,0.7586433318852965,0,0.6044906268996328,2.2294397472963965,13.725034275785577,0.014679580636880409,-0.022928859932215707,-0.014947026911335896,-0.04830916920817922,0.004039782591215823,0
2023-09-25,940.9269409179688,945.6987611069428,926.3164505561932,934.974521142832,8997098,44.5382132252381,0.7315755133961375,3.6163635736708195,-2.884788060274682,982.707596588816,956.1327392578125,929.557881926809,956.1327392578125,954.8213977050781,955.3928076878864,948.8387622366757,955.329136078333,954.5975605649369,956.3251672812457,0.0063663685698120975,0.010395484297059294,0.02059916631979971,0.0063663685698120975,-0.031200988246008476,-0.03637469565082596,-0.014630891512764976,16678965.1,0.5394278329654878,0,-2.8357354614510086,0.749152568940417,14.512133533602318,0.015423230967798917,-0.015141276607394583,-0.008338425487652538,-0.04251585702184119,0.012230608994023758,0
2023-09-26,933.400390625,943.4850895612308,931.8261576873732,943.4850895612308,10521409,40.82013171458487,-1.0719168969787916,2.678707479540898,-3.7506243765196894,983.5153537905172,955.057861328125,926.6003688657328,955.057861328125,954.7522900390625,953.2982917771353,948.233335898963,951.9554829316664,953.0273998286452,955.7473084970746,-0.00799908044467923,0.010553364723432775,0.012490815293157109,-0.00799908044467923,-0.01104968338433343,-0.0419106815132777,-0.030206916407141127,16680956.85,0.6307437333848148,0,-6.454302415271172,-0.8814294328440155,14.800270390109713,0.015856293332167485,-0.020872691500413498,-0.015642716525991748,-0.05095493727919107,0.007338678018865076,0
2023-09-27,927.890625,931.2358173022473,919.3309777310822,931.0390306872604,15152973,42.94113425486671,-2.9122194119795495,1.5605221012368082,-4.4727415132163575,984.7843649974773,953.8452362060547,922.9061074146321,953.8452362060547,954.4041650390625,950.8785139888366,947.4355825303762,948.2531970960254,951.1654165080049,954.4572409830936,-0.005902896206536501,0.010262365289754613,0.01283000307408548,-0.005902896206536501,-0.007576594841455342,-0.04462346498572167,-0.04785465794364485,16778109.85,0.9031394558428164,0,-9.96719367520086,-2.5464581078121,14.491054271182358,0.015617200864791967,-0.024175421623951542,-0.02062932603626335,-0.05777278967829979,0.0054008934877798525,0
2023-09-28,927.3987426757812,931.9737765254612,919.6753630057271,930.2519986326986,25991282,37.78482331831366,-4.360102657151629,0.37639714955912096,-4.73649980671075,985.8908545565502,953.0433776855468,920.1959008145435,953.0433776855468,953.9144653320312,948.6423452923552,946.6498241047059,945.0448194929108,949.4049221500625,952.619967971917,-0.0005301080870590003,0.009893396437838788,0.013261192789899602,-0.0005301080870590003,-0.014377522476919813,-0.01740851042062963,-0.04768631568352011,17380865.7,1.4953962851228981,0,-10.58276228351508,-3.090936772701866,14.329418879641318,0.015451195068797809,-0.022393690016048216,-0.020336011203647923,-0.059329196138124665,0.007827509180232053,0
2023-09-29,936.5487670898438,940.5826225175416,928.480996183604,931.4326152919224,10447334,40.556982636932304,-4.714879860000451,-0.6418582523527936,-4.073021607647657,986.1088402219264,952.7064025878906,919.3039649538548,952.7064025878906,953.6468005371094,947.4905759397351,946.2537042217701,943.7377345078237,948.4526143678241,953.0158049783379,0.009866332563339908,0.010222419854987983,0.012921512215045894,0.009866332563339908,0.0033730181564801676,0.0016837022492164344,-0.03624582427927814,16069462.4,0.6501358751117896,0,-9.4249545660374,-2.9079894973017417,14.304820722007792,0.015273973149799171,-0.011548198080006334,-0.010256168180507196,-0.05025821806944656,0.01875854210729371,0
2023-10-03,925.1358032226562,936.2535565130628,923.8567802867412,936.2535565130628,11131636,31.514871320696685,-5.849544246395567,-1.6833954511613483,-4.166148795234219,986.9113254302194,951.3092987060547,915.70727198189,951.3092987060547,952.7185791015625,945.36154996668,945.4255512414127,940.8758989254902,946.7254431718858,952.3415648833916,-0.012186192826510456,0.010233269684286991,0.01339995294003119,-0.012186192826510456,-0.002968907868148518,-0.016782533275013556,-0.05254676938571101,15812636.85,0.703970887689108,0,-10.03125772120643,-3.413210995263057,14.322389966867272,0.015481391939406158,-0.021394721146355666,-0.021460968547036316,-0.06259480524314957,0.01029644683323286,0
2023-10-04,915.0510864257812,920.413206372594,910.0825397056648,919.9212698646452,17334739,19.970168664153988,-7.476343675414228,-2.841985096011924,-4.634358579402304,988.5903171057628,949.4743743896485,910.3584316735341,949.4743743896485,951.5613403320312,942.474839153261,944.2343957584467,936.9028508486119,944.3791945240262,950.4203900576368,-0.01090079614446382,0.009422857468713164,0.011289715754866918,-0.01090079614446382,-0.013314290479167434,-0.01965855637464664,-0.06074533439269569,16203726.0,1.0697995633843722,0,-10.823452623874346,-3.9989401405163107,14.209942797652007,0.015529125103994464,-0.029097596655331185,-0.03090684840941876,-0.07438797387301746,0.005154733112781178,1
2023-10-05,925.6768798828124,928.7269221864746,919.4784920475328,920.118033512241,10478856,27.900651052533917,-7.818059491601161,-3.8371999751297716,-3.98085951647139,988.6066679671549,948.1190856933594,907.6315034195638,948.1190856933594,950.7142016601563,940.8750335084563,943.5066500378337,935.175778392335,942.9938378839362,949.5247718347284,0.01161224068760558,0.010330404574546296,0.009990991824396226,0.01161224068760558,-0.011608458191465831,-0.0023857823945442336,-0.04690278550311944,15896494.5,0.659192880543569,0,-10.00348048038029,-3.9289324925425717,14.181833094792482,0.015320500493204341,-0.01615321172777974,-0.01889734444829436,-0.06365503098794922,0.019881831332717467,0
2023-10-06,929.9568481445312,931.285052783504,922.8729499513662,930.743934599139,6355755,31.19471698610404,-7.6552688937575795,-4.600813758855334,-3.0544551349022457,988.7379727064033,947.5140045166015,906.2900363267997,947.5140045166015,949.8999658203124,939.8352063309396,942.9752852577042,934.372866046519,942.0281349402766,949.6606415597755,0.004623609333594514,0.010557760138957338,0.009045691581197408,0.004623609333594514,0.005211175381042654,0.002758366332662021,-0.014698163137013553,14674177.25,0.43312513483507226,0,-8.807138961415603,-3.6745388470017133,14.034249582719228,0.015091291182726002,-0.010510734349879163,-0.013805703412062527,-0.05945065951191759,0.026113949032975446,0
2023-10-09,923.4632568359376,926.857631001396,921.2003607425812,925.0866714522842,6725306,26.556398060234727,-7.95849415489306,-5.27234983806288,-2.6861443168301804,988.7550601280453,946.183316040039,903.6115719520327,946.183316040039,948.9217028808594,938.2759730457013,942.2101076725369,932.6944646295065,940.6529587843995,949.1448298553054,-0.006982680241077621,0.010347856753434378,0.006126145482169307,-0.006982680241077621,0.009193115592064371,-0.013972054327258343,-0.01231187685733881,14337325.2,0.46907675638130886,0,-9.21460289403376,-4.043596549233257,13.971002412126527,0.015128920732585914,-0.015787163516167567,-0.019896677698467966,-0.0660343556508852,0.021969268101580616,0
2023-10-10,935.8600463867188,942.0584345201288,925.184987886715,925.2342295793238,11452715,34.42493473134685,-7.1164510288840575,-5.641170076227115,-1.4752809526569424,987.8340687096103,945.2314208984375,902.6287730872647,945.2314208984375,948.3123803710937,938.0458847924649,941.9610856613283,933.181477207539,940.2979282364231,948.3601862018576,0.013424236924440613,0.011343354803890371,0.01802988245791752,0.013424236924440613,0.011000778700657854,0.011592074511336925,-0.005385003139889655,14255615.2,0.8033827259871605,0,-7.315665174215042,-3.4644655800843793,14.670252563607383,0.015675690633709667,-0.002330204141591381,-0.006476954693225096,-0.05261412211747693,0.036816102356002925,0
2023-10-11,937.7293701171876,946.5350458326664,935.4172924942318,939.5003896293224,12233117,36.275685004293265,-6.226511632242591,-5.758238387430211,-0.4682732448123801,985.920327313206,943.9942016601562,902.0680760071065,943.9942016601562,947.6243188476562,938.0157405376766,941.7951360321463,933.8811530397927,940.1076646720353,947.6635231757863,0.001997439400994061,0.011414862155794622,0.011856036179228542,0.001997439400994061,0.008357938315271651,0.024783625775461893,0.004637859096340069,14472565.55,0.8452625042696731,0,-4.459098615584367,-2.4392597263004063,14.385633016989093,0.01534092188580094,-0.0003052938326225138,-0.004317038556907437,-0.04887915976673962,0.039532819150336726,0
2023-10-12,938.86083984375,944.616473054836,933.105206632664,937.4833935799946,7836818,47.40626320287065,-5.368048575407556,-5.680200425025681,0.31215184961812437,981.6279854868357,942.2109313964844,902.7938773061331,942.2109313964844,946.9179028320312,938.096226185874,941.6800655933856,934.64725870194,940.0153072773476,945.4559311405343,0.0012066058317241612,0.00868833937705209,0.012260886740241205,0.0012066058317241612,0.016673736495558256,0.014242507561176954,0.011822745642839028,13816426.9,0.5672101808029687,0,-2.778807322582338,-1.8265844444480308,13.120650616283942,0.013975074962619112,0.0008150695382122746,-0.0029938254537215116,-0.04356756966527947,0.03995038451660514,0
2023-10-13,935.9583740234376,941.960035361212,929.317231265394,934.6301694921656,6650442,50.54761822254934,-4.865824951582681,-5.517325330337081,0.6515003787543998,976.8717963401565,940.3169769287109,903.7621575172653,940.3169769287109,946.2266247558593,937.8926212180229,941.4556855318191,934.8489687514012,939.7147937029839,942.9323614519569,-0.0030914760709322975,0.008340575342302675,0.013507870057799678,-0.0030914760709322975,0.00010506660381381927,0.006453553077092389,0.009229720673288533,13049071.35,0.5096486808618761,0,-1.9425851129167313,-1.5195997258850866,13.074973323965025,0.013969609853223677,-0.0020623333106867957,-0.005839161197774375,-0.041882079583012564,0.03562465659617664,0
2023-10-16,936.0568237304688,939.4511376395518,930.8914903286628,933.2035679262764,5763024,47.10021470738304,-4.409040369944364,-5.295668338258538,0.8866279683141736,971.9731068828085,938.5312469482421,905.0893870136758,938.5312469482421,945.6856433105469,937.7177833620655,941.2439654611779,935.0347925943347,939.4438329642791,941.4723875698099,0.00010518598878284102,0.008144713763984776,0.009144367194265195,0.00010518598878284102,-0.001783613097785186,0.013637323197547069,-0.0005252725503057665,12764013.15,0.4515056457772452,0,-0.5581896836358737,-0.9661422113589424,12.301925949689267,0.013142285423081882,-0.0017712788016470752,-0.0055109428809646185,-0.03695193097217057,0.034214782717726204,0
2023-10-17,938.5164794921876,945.4527721377236,936.1551602699086,939.9922889934012,7747527,53.24185301784494,-3.8047033820284923,-4.997475347012529,1.1927719649840363,964.9296437816381,936.6348297119141,908.3400156421901,936.6348297119141,945.6222485351562,937.7938496601723,941.1370052270998,935.570436732466,939.3751401144945,939.5432827577544,0.0026276778282716684,0.007866424993409919,0.009906711358809354,0.0026276778282716684,-0.0003667852965512086,0.0028384939775185636,0.014463472522542764,12485990.5,0.6204975888777106,0,-0.25203513229257624,-0.8240804342284491,12.14028427350336,0.01293561118934451,0.0007705636289650921,-0.0027844253497182297,-0.027373150425698545,0.03322155066422231,0
2023-10-18,928.5302124023438,935.3189606246176,923.9551785937446,933.892332658969,12000153,50.383522197001355,-4.084486838754174,-4.814877645360858,0.7303908066066844,956.5953620842317,934.3497863769531,912.1042106696746,934.3497863769531,945.2517858886719,936.91159849276,940.6426211947564,934.4873252970625,938.5718121358167,936.603306213894,-0.010640481342690133,0.008251773990955783,0.012238462334437181,-0.010640481342690133,-0.007936423058177433,-0.009810034758423125,0.014730462786741727,12250337.05,0.9795773741588604,0,-1.104142044916557,-1.1525148373898446,12.175419130969447,0.013112571856405773,-0.008945759774881329,-0.012876738220758181,-0.029338580129365868,0.01800890900460714,0
2023-10-19,920.6591796875,929.7600051345846,918.9374019002138,920.9051479428266,8612676,46.287254052142046,-4.885032192771746,-4.828908554843036,-0.056123637928710224,946.6890800405558,931.8212310791016,916.9533821176474,931.8212310791016,944.6233911132813,935.3637490827352,939.8589568219229,932.3599182802067,937.2449504729784,932.0950127386313,-0.008476873029773957,0.00856443126293197,0.011755276516163512,-0.008476873029773957,-0.01644947577178546,-0.019386962778508487,-0.005420574181292714,11393878.05,0.7559038250369898,0,-2.7324771031387627,-1.8211087714627183,12.070004110586362,0.01311017624859103,-0.015720696263518102,-0.020428360016215417,-0.027495722620927164,0.004041424179377919,0
2023-10-20,917.7075805664062,924.840660125888,915.0019296990168,916.9696757843908,6586576,38.85981791384755,-5.692025409222765,-5.001531925718982,-0.6904934835037828,945.5300992479797,930.5151397705079,915.500180293036,930.5151397705079,943.8530187988281,933.6822092240373,938.990275400138,930.1057124780835,935.7977378873063,929.976216650153,-0.0032059628429443876,0.008045752625389643,0.010720986330742449,-0.0032059628429443876,-0.02217211884978365,-0.01949957814745118,-0.013171866632914142,10736066.2,0.6134999428375358,0,-4.210411993985645,-2.4654101316810966,11.831064866665704,0.012891976831403754,-0.01710927818888952,-0.022665511444900116,-0.029425312534949323,0.0024111412765245865,0
2023-10-23,914.9527587890624,929.5632496240032,910.4761484024964,926.8084170823352,11856890,43.292327460533194,-6.4791765278916955,-5.297060846153525,-1.1821156817381704,945.8856596258526,929.5140502929687,913.1424409600849,929.5140502929687,943.0118078613282,931.8984520397539,938.0476276898997,927.7744888336188,934.2536653615105,928.8837923797926,-0.003001851391097321,0.0074530311299237225,0.020861296977527623,-0.003001851391097321,-0.0146225221666757,-0.0225457091988287,-0.009215849124343922,10693816.3,1.1087613315369929,0,-5.819331322311541,-3.196337771278195,12.287858753694584,0.013430047219003453,-0.01818405558416857,-0.02462014530937236,-0.03270257934666834,0.0019825141705976886,0
2023-10-25,901.3260498046876,918.7406142727788,896.7018946503207,911.1155983660612,12593434,41.362244799969304,-8.109084513888433,-5.859465579700506,-2.249618934187927,947.3172433679572,927.5340057373047,907.7507681066522,927.5340057373047,942.0672888183594,928.9867946840333,936.6075658120483,923.7054982137832,931.8145827276717,927.1723047008716,-0.014893347064617535,0.007931732245231854,0.024451439772803354,-0.014893347064617535,-0.02099922567369028,-0.03962682648643845,-0.0369008130172499,10873633.1,1.158162491246831,0,-8.807054976139057,-4.52943941505157,12.786819904085055,0.014186675184696913,-0.029775175532773448,-0.037669475771073054,-0.048548882526152505,-0.007077623647033668,0
2023-10-26,893.9962768554688,901.8180196143732,884.5018778394127,899.5551235944749,21693345,29.199077001746502,-9.878377963095659,-6.663248056379537,-3.215129906716122,950.1520681574823,925.5638000488282,900.975531940174,925.5638000488282,941.1975463867187,925.6543644146461,934.9365348725746,919.1348487740426,929.0132267371382,923.5545949514242,-0.008132210259325312,0.007231621265375146,0.019369366767239816,-0.008132210259325312,-0.025837537155684154,-0.03719204295736045,-0.046637222481635154,11432229.9,1.8975602476293798,1,-11.257234078113925,-5.706086322181818,13.046841762246995,0.014593843509212133,-0.034200765184310374,-0.043789344506347416,-0.05910189872123294,-0.007746331434413174,0
2023-10-27,898.0301513671875,903.3430900053108,896.6035233948352,901.227738868632,8645505,28.969533812410432,-10.830211867230787,-7.496640818549787,-3.3335710486809997,951.5236037045115,924.0707763671875,896.6179490298634,924.0707763671875,940.2766430664062,923.0234869815549,933.4892257155007,915.8879722499111,926.7181841171418,922.434396902233,0.004512182674750509,0.007223281913497934,0.0075048333290537615,0.004512182674750509,-0.018495607843482476,-0.024579158954341263,-0.04348960649307487,11106856.5,0.7783935085503265,0,-12.340262101180315,-6.36973110642225,13.113606784940155,0.0146026352956809,-0.027077681084909246,-0.037985520744639005,-0.05621873396420338,0.0015750324191614248,1
2023-10-30,909.9841918945312,911.3615781096988,893.553500239537,894.4389499383923,7687791,41.71704404379242,-10.49893078860589,-8.097098812561008,-2.401831976044882,951.305367243235,923.200048828125,895.094730413015,923.200048828125,939.6548352050781,921.7816493542193,932.5674596833057,914.9796983490834,925.4786291376893,921.2763774173885,0.01331140219417426,0.008215714215807243,0.019569656295991784,0.01331140219417426,0.00960600449939264,-0.008415958237054322,-0.027751428749176354,10191681.95,0.7543201443800942,0,-11.900559869817926,-6.422815716832247,13.760148961240995,0.015121305494981412,-0.012798537992108136,-0.024216229672482496,-0.04343628951495077,0.01663450914815012,1
2023-10-31,900.588134765625,915.9857713767748,899.3582935043779,914.3131752513102,17211107,27.495266527044464,-10.86927716989669,-8.651534484028144,-2.217742685868547,950.4954037266359,921.4020172119141,892.3086306971923,921.4020172119141,938.9405419921875,919.7632193934008,931.3133685100635,912.7656116439359,923.6348888138326,919.2806535614692,-0.010325516874468144,0.007417325031282325,0.01846291021447236,-0.010325516874468144,0.007373473560026822,-0.015699853227885696,-0.0378915981013741,10529870.6,1.6345031818339724,1,-12.135232646353074,-6.734259179836272,13.619598974684257,0.015123005121790453,-0.02084784890661548,-0.03299129464188129,-0.05250658631839563,0.00927874480151971,1
2023-11-01,899.30908203125,902.801819087158,894.6356853935422,899.0631137871601,12927203,25.300446530170106,-11.137600881400658,-9.148747763502646,-1.988853117898012,950.7574807973976,920.1106811523438,889.4638815072899,920.1106811523438,938.2203454589844,917.8152063112911,930.0582984520709,910.6953763189073,921.8329772003079,917.562383245264,-0.0014202416010153929,0.007305706845263722,0.009080452824040405,-0.0014202416010153929,0.001424151140265728,-0.0022377781867889412,-0.04177592862530444,10619648.95,1.2172909915256662,0,-11.171588372742121,-6.549267359977421,13.408769000054349,0.014910078490220795,-0.020163235641319843,-0.033061601054469245,-0.05411306227430156,0.011068690622126641,1
2023-11-02,905.114013671875,909.8857738877014,898.0792974270889,905.2123769553756,9747311,29.53465991531195,-10.757830315020215,-9.470564273806161,-1.2872660412140533,950.9210936168649,919.6138275146484,888.3065614124318,919.6138275146484,937.5267150878906,916.605568917061,929.0800912057887,909.8367051424408,920.594535457461,917.1354797940838,0.006454879369741873,0.0076618644037138835,0.013044187010999648,0.006454879369741873,-0.005351937172135779,0.012435999012782917,-0.025218564154078638,10240277.55,0.9518600401607278,0,-9.04879549758516,-5.856443666785935,13.429855431371525,0.014837749972392055,-0.012537077708095156,-0.025795491433693047,-0.04817127336061181,0.018920779142640624,0
2023-11-03,918.7406616210938,919.4293847809116,911.8535501246076,913.5753279987292,7146961,40.76034443793005,-9.25066686888681,-9.426584792822291,0.1759179239354811,950.4448919714163,919.2670166015625,888.0891412317088,919.2670166015625,937.1685852050781,916.8089110793499,928.6746233789379,911.2065446006951,920.4572114695819,916.7294641490429,0.01505517287699254,0.008989383467154796,0.008245890241688683,0.01505517287699254,0.020156302481370014,0.023062154675292268,-0.002083852644642614,10073682.8,0.7094685371669633,0,-6.21457590220507,-4.814602336562757,13.549324503744279,0.01474771398474609,0.00210703726632594,-0.010696923882446474,-0.033357252606788686,0.03451401325195094,0
2023-11-06,930.2027587890624,932.4656547249422,922.2825929880618,925.8245118398002,10338367,47.199991592355296,-7.050064772404312,-8.951280788738696,1.9012160163343843,950.4751266975825,919.2793121337891,888.0834975699956,919.2793121337891,936.7474877929687,918.084515623132,928.7345502577664,914.1290390912131,921.1791038636175,916.9627017873418,0.01247587882715906,0.009715515042695737,0.01094714205119829,0.01247587882715906,0.03435267960158206,0.022218591349853378,0.013615642375912618,10272813.4,1.0063812703927826,0,-3.6971337310873196,-3.8329094255393557,13.918277774669955,0.014962627925108246,0.013199485406531836,0.0015808699384431263,-0.021328667462299892,0.04742714095500581,0
2023-11-07,932.8099975585938,935.122135214151,915.4446745754224,928.3825689148798,15704942,47.274428692617775,-5.037618843147584,-8.168548399620475,3.130929556472891,951.4817550725946,919.7466491699219,888.0115432672491,919.7466491699219,936.3372119140626,919.4869424741283,928.894371720544,917.0030327015793,922.0406515447269,917.5401377041453,0.0028028714652765796,0.009719832489996454,0.02109482176459258,0.0028028714652765796,0.030599442134766397,0.035778689002331054,0.01951711560842262,10721795.2,1.4647679522921684,0,-0.27627691927250453,-2.418996789519497,14.652671505489504,0.01570809869516767,0.014489662081134209,0.004215361786289072,-0.019623873410558774,0.05044805400447648,0
2023-11-08,920.6591796875,933.1543790682604,919.035765182007,933.1543790682604,17606074,46.31673891771378,-4.372803442784061,-7.409399408253193,3.0365959654691315,949.8118973007438,918.986605834961,888.1613143691782,918.986605834961,935.6553869628906,919.598584113497,928.5714230133658,917.5655168532594,921.9383202960435,917.2046478966853,-0.01302603735261798,0.009931919158035736,0.015335331681638838,-0.01302603735261798,0.002088204154392148,0.023740556036671023,0.021449651751440868,11029463.15,1.596276605720379,1,1.783377802205905,-1.4868754387050558,14.62105100461881,0.015881067964348808,0.0011533244964979708,-0.008520877478858095,-0.030693148502448187,0.03659004821821544,0
2023-11-09,922.2333374023438,927.1527024283356,917.953513850068,918.9373868552664,9406117,50.78275944328203,-3.67653032344856,-6.6628255912922665,2.9862952678437065,947.8079882445036,918.2118041992187,888.6156201539338,918.2118041992187,935.0020947265625,919.8495129981492,928.322870636463,918.2836430915801,921.9601734150286,916.1564650553579,0.0017098159118753564,0.009677354728254602,0.009974903535995512,0.0017098159118753564,-0.008567402441477578,0.01891399699030072,0.03158521045098284,10888113.15,0.8638886159995499,0,3.243944081088216,-0.7572205693256819,14.50509281489715,0.015728224329597182,0.0025915373879198504,-0.006559714757371246,-0.026982945026163253,0.03783156236054725,0
2023-11-10,923.4632568359376,926.2673311686412,917.3632917279804,919.8229744492044,9560455,52.91190335177216,-2.9910061831303665,-5.928461709659887,2.9374555265295204,945.5396036430457,917.4419250488281,889.3442464546106,917.4419250488281,934.4284973144531,920.1936790779386,928.1322975462463,919.0805067445581,922.0715129276884,915.6162152982889,0.0013336315048619873,0.009631643685595902,0.009642007275058017,0.0013336315048619873,-0.01001998343405297,0.005140291936694075,0.02832099281970657,10974295.0,0.8711680340286095,0,3.3847679985887,-0.5423258326916311,14.438329173024986,0.015634979590303393,0.0035531408575586753,-0.005030576699736068,-0.023347881698503853,0.038364233554490486,0
2023-11-13,919.3801879882812,925.72618120136,916.9696869940612,925.72618120136,11470096,52.210213925088176,-2.7455439734847005,-5.291878162424849,2.5463341889401487,943.3561761882044,916.6130157470703,889.8698553059363,916.6130157470703,933.9473828125,920.1162037360665,927.789077563581,919.1266115512847,921.8721555247694,915.2789664810954,-0.004421474073203702,0.00967858936450061,0.00952434512044361,-0.004421474073203702,-0.001389212998074818,-0.011634636318290426,0.01032544980170269,11215277.7,1.0227206411482794,0,2.0316881129344893,-0.9454726941853551,13.700428672010121,0.014901809774679147,-0.0007999160810305326,-0.009063363407318755,-0.02541562646762147,0.03316252652720696,0
2023-11-15,925.9229125976562,929.169741735814,923.6108349273644,929.169741735814,19492138,63.213548678595835,-2.000015276592876,-4.633505585258455,2.6334903086655785,941.655701466436,916.1063201904296,890.5569389144233,916.1063201904296,933.6000756835938,920.6692236276465,927.715894623741,920.1721963276495,922.1722116042424,915.6873336944572,0.007116451599518792,0.008748233727369695,0.006003638891335135,0.007116451599518792,0.004000695968880308,-0.007383159463302036,0.028131369772737003,11901733.4,1.6377562280129716,1,1.1822811535181472,-1.1784770968030216,12.825488252372597,0.013851572391043844,0.005706380570981867,-0.0019326843880495233,-0.016707580960088834,0.03971219821872768,0
2023-11-16,920.9051513671876,930.9406682319986,918.9374053172576,923.8567704420824,19706373,64.82380227712437,-1.7933966489617887,-4.065483797999121,2.2720871490373327,938.648492595917,915.2257537841797,891.8030149724424,915.2257537841797,932.95662109375,920.6916929361741,927.4488066528958,920.2849586414247,922.0783552903865,915.5558719963288,-0.005419199765120175,0.008534915673299772,0.01303420107588808,-0.005419199765120175,-0.0027701215503850296,0.00026716909483393003,0.024014067874372103,12499675.7,1.5765507420324514,1,1.0931088226770953,-1.1226163604700332,12.445996905214072,0.01351496067400273,0.00023184572278774968,-0.007055543377454756,-0.018903073268310023,0.03263291994549325,0
2023-11-17,906.9833374023438,923.2664842460192,905.310801275944,911.6075526979567,10956653,54.447668513178755,-2.721650443324279,-3.796717127064153,1.0750666837398741,936.9689119495488,914.1484100341797,891.3279081188107,914.1484100341797,932.0612963867187,919.3861352662856,926.6462392313056,918.2385553738739,920.9602058171981,914.7319548030775,-0.01511753294481566,0.009656462456295261,0.019797147565578706,-0.01511753294481566,-0.013483921828969736,-0.01653594527709734,0.0020652908940004266,12447500.7,0.8802291531503992,0,-0.4633777318636021,-1.6766314051574227,13.060916178087869,0.014400392641716152,-0.013490303353714981,-0.02121942656916525,-0.032002742209252304,0.01756416369434071,0
2023-11-20,906.58984375,911.804358961298,902.7035331502466,907.1309619231906,10562301,48.094984609292524,-3.4492886596833614,-3.7272314335879946,0.2779427739046332,936.2877802052616,913.4449432373046,890.6021062693477,913.4449432373046,931.1374401855469,918.1674408361632,925.8597139183132,916.4464458932779,919.8957345529612,914.1199298286006,-0.0004338488218215142,0.008954548115714956,0.010038526102837158,-0.0004338488218215142,-0.020879782306518102,-0.018271883543857448,-0.013225514422812168,12544981.95,0.8419542604443525,0,-2.0262382417753315,-2.272583627933045,12.438969602437128,0.013720614330935833,-0.012609461598441844,-0.020812948094222145,-0.03171881240268983,0.017951605288273456,0
2023-11-21,911.164794921875,913.0833593528812,907.1309394932732,909.4922588007952,8989572,56.275558465601165,-3.6151140786221276,-3.7048079625948214,0.08969388397269373,935.8908988869144,913.1178039550781,890.3447090232418,913.1178039550781,930.5195666503906,917.5005221776596,925.2834425851196,915.6338842053698,919.2489982839919,913.8583660894155,0.005046329609155187,0.008554902053911363,0.006532758829996656,0.005046329609155187,-0.010576937734414815,-0.008935795195220142,-0.020466466786199344,12665131.75,0.7097890631891769,0,-2.615681558406891,-2.505634978461444,11.71511515461458,0.012857295650474573,-0.0069054208718562346,-0.015258727232596914,-0.026419857265891786,0.02338429788780802,0
2023-11-22,907.8688354492188,910.2793363749666,899.9978512350831,908.3607719626024,12197979,54.96012953215773,-3.966761939385833,-3.7571987579530237,-0.2095631814328094,935.6366731400028,912.7636077880859,889.890542436169,912.7636077880859,929.6754028320313,916.5832186797129,924.6005168150842,914.4392613198081,918.406023259194,913.2737245724458,-0.0036173033583226655,0.008620017482660662,0.011324857444628793,-0.0036173033583226655,0.0009763112621352654,-0.019498466776016188,-0.026737665949820966,12682186.2,0.9618198950587873,0,-4.0860049479335885,-3.115377808656717,11.929458725555728,0.0131400685426689,-0.009507465392009614,-0.018096119417605454,-0.029678013365588823,0.020202813891956096,0
2023-11-23,908.1148071289062,910.426884730186,903.6873784917664,908.1148071289062,5534614,51.85861449768451,-4.177442585885046,-3.8412475235394288,-0.3361950623456176,935.4570424332171,913.1030456542969,890.7490488753767,913.1030456542969,928.7397399902344,915.7767032939219,923.9540183960185,913.4662683673616,917.6437109532467,913.534548979086,0.0002709330578196667,0.008460024055007422,0.0074214253368769705,0.0002709330578196667,0.0016820874284211307,-0.013888883365776206,-0.013625424951339449,12329245.2,0.44890128391639095,0,-4.914989642252294,-3.494788256877314,11.567532281113383,0.012737962414339733,-0.008366555010033371,-0.017142856626792997,-0.029228744949304115,0.019495679816279136,1
2023-11-24,914.41162109375,915.3954941269689,905.3599771779697,906.639000110985,7452002,47.050933321580374,-3.7925896412358497,-3.8315159470787132,0.038926305842863496,934.5888537058186,914.123812866211,893.6587720266034,914.123812866211,927.7784973144531,915.646695465334,923.579806737106,913.6117072483445,917.4042968895803,915.3527239296468,0.0069339404174586505,0.007603272697250534,0.010974835312127241,0.0069339404174586505,0.00356337974202936,0.008190099404341122,-0.008481276908320345,11617178.05,0.6414640429824522,0,-3.7394398009515726,-3.066432494199603,11.261828412539282,0.012315928792624851,-0.0013488547249726462,-0.009926793089755874,-0.021589421414627497,0.02322234136423696,1
2023-11-28,910.5745239257812,916.0350074399644,906.8358182796372,913.9197163754528,14231987,35.07853063042597,-3.7539395055082423,-3.8160006587646196,0.06206115325637729,933.8634879232555,914.7510314941406,895.6385750650257,914.7510314941406,926.499462890625,915.1636315091862,923.0697956464659,913.1444482756425,916.8983877811507,915.6836090377985,-0.004196247159872213,0.00669835553485288,0.01010262083839822,-0.004196247159872213,0.002980263636017,0.004395240254732036,-0.013956952607207196,11896502.15,1.196316935898675,0,-3.0038093269770343,-2.789918271847341,10.93855670228776,0.01201280775474379,-0.005014521365798915,-0.013536648885725533,-0.0249382959058232,0.01667631260709278,1
2023-11-29,924.4470825195312,925.9228920765872,911.0664332225616,915.8874351292822,11680078,44.572151585832735,-2.5742352719696555,-3.567647581405627,0.9934123094359717,934.91878205078,915.4741760253906,896.0295700000013,915.4741760253906,925.5116552734376,916.0477697006477,923.1238068963901,914.8833150823946,917.4575503543642,916.2556923096644,0.015234951373272354,0.00800874084019548,0.016070642803626068,0.015234951373272354,0.017984813442543768,0.014577261623453186,0.005511207003858765,12096116.5,0.9656056140001628,0,-1.4527524770119271,-2.1596356887295087,10.62933581029329,0.011498046790654151,0.009169077308739431,0.0014334757843480616,-0.011200651577753832,0.03171492713073066,1
2023-11-30,919.8721313476562,925.6769463830784,913.2309881790076,923.8076235957444,23950292,49.433462237698954,-1.9855829286690323,-3.2512346508583083,1.265651722189276,934.6482314969313,916.4383758544922,898.228520212053,916.4383758544922,924.4736694335937,916.4119946194104,922.9962902082045,915.6508252770502,917.6364082057192,917.3347208250846,-0.004948851327872927,0.007305842099280651,0.013530095955659543,-0.004948851327872927,0.005971610736283939,0.013221398763509917,-0.006534865017028935,12433075.75,1.9263368519249953,1,-0.1712240603025066,-1.6042266068797062,10.509860404423112,0.011425349291782183,0.0037757436050178126,-0.003384801102335467,-0.01580926347617401,0.024095885009856547,1
2023-12-01,931.4326171875,936.6471322793062,917.9535445552444,920.8559820278334,16986046,55.78952867434038,-0.5795563485037292,-2.7168989903873926,2.1373426418836634,935.5459089067268,918.0445526123046,900.5431963178825,918.0445526123046,923.5734252929688,917.8425301020856,923.3271265603338,918.0787932632734,918.6583496117771,919.0393009464843,0.012567492204494934,0.00804442279431044,0.020069715596290647,0.012567492204494934,0.022906519690220062,0.025677160944347133,0.011431650485050682,12636017.9,1.3442562470570731,0,2.065826808163706,-0.6268918356846598,11.18803177197984,0.012011638378912018,0.014806556287931986,0.008778568715252146,-0.004396675438443839,0.03430087639984111,1
2023-12-04,975.2149658203124,978.8060663731462,945.8955613418392,948.1584573156928,33131257,71.2097167968749,4.021245066476922,-1.3692701790145296,5.390515245491452,951.6737752542098,921.5496002197266,891.4254251852434,921.5496002197266,923.5931030273438,923.3065715990596,925.3619437862154,926.868973656664,922.8477285901871,925.2692656127734,0.04700538485007644,0.014760851344829969,0.033746923688382904,0.04700538485007644,0.054917024739172815,0.06649450129891621,0.07522919727873756,13805215.2,2.3999087678111675,1,7.659876133725561,1.7821370491094513,13.935846753764508,0.014290025524825927,0.056220106969837244,0.05387407853635962,0.024736617923315503,0.09399500874417738,1
2023-12-05,997.106201171875,999.369097282552,979.0029121847634,986.3327787602838,31378461,77.79737948334444,9.32634477786587,0.7698528123615502,8.55649196550432,970.6675862068105,925.4678771972656,880.2681681877207,925.4678771972656,924.1106213378906,930.3351077488516,928.1754440758491,937.6747009666965,928.3483561888306,932.4275074656699,0.02244759988188716,0.015317711917698951,0.020425291783214995,0.02244759988188716,0.08396174554290181,0.0950297586550386,0.09984267753040887,15016790.2,2.089558459703326,1,15.171476239665367,5.105648429383223,15.035677986260291,0.015079314488857075,0.07177101333366925,0.07426479286430356,0.027237558295710416,0.13273004432808044,0
2023-12-06,987.0706176757812,999.8609670700351,984.1189985847996,997.6472527517988,18786590,71.33540388543702,12.57591943208206,3.1310661363056527,9.444853295776408,981.2563179417455,928.3112701416015,875.3662223414576,928.3112701416015,924.9754455566406,935.7384896466543,930.4850587268269,945.2740727680941,932.6981533360121,936.0891790076407,-0.010064708738446448,0.015892037006903493,0.015948168452529384,-0.010064708738446448,0.059733790143920995,0.0677416115431646,0.08330636036087702,15439201.35,1.2168109978046242,0,19.690719946006652,7.3612518304367995,15.460850467524779,0.015663368142727084,0.05485734379539151,0.060812968911483446,0.005925362851402262,0.12760875675044114,0
2023-12-07,982.88916015625,986.037565872625,972.2141617664824,980.2818725979604,11841945,71.7541606294732,14.645003596282095,5.433853628300941,9.211149967981154,989.121510888481,930.8152282714843,872.5089456544877,930.8152282714843,925.9337377929687,940.2290296951873,932.5401215279808,951.0610092893488,936.4160056930667,938.2366053731847,-0.004236229348389631,0.015837182015341157,0.01406405184481336,-0.004236229348389631,0.007869233558656763,0.06850629197372338,0.08263343974122739,15246051.5,0.7767220909623714,0,23.817035075776857,9.543831319776245,15.664649967136045,0.015937351435075176,0.04537206267167983,0.053991284091639495,-0.006300894949330111,0.1265089774168032,1
2023-12-08,994.5480346679688,996.5157807404588,977.2318932503936,978.4617345457,16116363,81.2280970594663,17.02923897262974,7.752930697166701,9.276308275463041,999.128316624792,934.5096710205078,869.8910254162236,934.5096710205078,927.0061596679687,945.4022682640236,934.9718043962157,957.7513208860596,940.7220819134299,941.7654049375113,0.0118618405658939,0.014840094751008844,0.019389598911130717,0.0118618405658939,-0.002565590807578677,0.06776165695275771,0.09517874486853661,15171565.95,1.0622741945764669,0,27.55973816193807,11.644677835881907,15.759521718563901,0.015845913087370628,0.05198397344041502,0.06371981485604913,-0.004584277995739446,0.1433018684059875,1
2023-12-11,1000.697265625,1003.5505215202488,988.4480940647678,990.8585350218602,11714606,82.23794915713516,19.193701193148172,10.041084796362997,9.152616396785175,1009.1527959406912,938.4328674316406,867.71293892259,938.4328674316406,928.3520971679687,950.6684584888785,937.5492734640112,964.3583893074351,945.164688114287,944.4977590572959,0.006182940132282377,0.014699948329588453,0.015091904389334537,0.006182940132282377,0.013805139880776585,0.02612993103859207,0.09436192907089436,15286990.4,0.7663121185710956,0,27.361886889818948,12.187329677795788,16.18820755030887,0.016176927934542014,0.052624873255650094,0.06735431827243882,-0.008378840498389887,0.15325843460111616,0
2023-12-12,999.31982421875,1004.5343391404564,992.3342898455438,1000.6972103966642,12380856,80.87525331554781,20.560891923903228,12.145046221871045,8.415845702032183,1017.5518437654792,942.2256958007813,866.8995478360833,942.2256958007813,929.7806811523437,955.3019218917234,939.9716480034127,969.7370716014836,949.1761796775804,947.3595603312285,-0.0013764816329239205,0.01487081596628716,0.012208353121034436,-0.0013764816329239205,0.016716700853520505,0.0022200474174900453,0.09746077664281572,15428010.45,0.8024920672775406,0,24.96681414287184,11.796203927563624,16.595817099739683,0.016607112855700615,0.04607747699267763,0.06313826203311379,-0.017917533792932993,0.15275158086448234,0
2023-12-13,997.5488891601562,1004.2392137541405,992.9246739088816,998.43433885667,15887040,81.74852657353476,21.256469421399856,13.967330861776809,7.289138559623048,1024.5189533676034,946.134130859375,867.7493083511466,946.134130859375,931.1836840820313,959.3254425839551,942.2295790291674,974.0158127643563,952.7593433429564,950.9195025832322,-0.0017721404255922613,0.014780060589503983,0.011342341180676039,-0.0017721404255922613,0.003017304732988002,0.01061552364819418,0.07907624787066214,15648857.65,1.015220430482988,0,23.586952937300794,11.744520302340561,16.606359682487323,0.016647163725948648,0.03984408718822863,0.05871107356657963,-0.026324612266855913,0.14958188910072223,0
2023-12-14,1016.9803466796876,1023.2279161860636,1004.7802975048244,1005.7641705011572,16317672,83.93131149106524,23.10928635778987,15.79572196097942,7.313564396810449,1034.5176300976532,950.6870025634765,866.8563750292999,950.6870025634765,932.7923156738282,964.8163858311677,945.1609816821291,980.6257410590226,957.5164547012328,955.847625954854,0.019479203205660323,0.015012001389720654,0.018139601951471664,0.019479203205660323,0.016271735332980874,0.034684670363053005,0.10556708049168018,15490134.35,1.053423529538335,0,24.587356135980485,12.620860154148318,17.9591825958793,0.017659321199779095,0.054066205357387036,0.0759863836843324,-0.016952135862885333,0.1731820587295254,0
2023-12-15,1020.669921875,1026.8682500033867,1009.1585351765272,1026.819128412104,14306067,83.66584004096515,24.591894954783697,17.554956559740276,7.036938395043421,1043.8066942216283,955.6752410888672,867.5437879561063,955.6752410888672,934.702998046875,970.1357702162946,948.1221165916535,986.7863842614807,962.194489306697,960.8988667400454,0.00362797099015566,0.015059759923024616,0.017351069574310873,0.00362797099015566,0.021364629359715837,0.026265083531890054,0.09580650606477126,15220119.05,0.9399444874907203,0,24.733501952271013,13.150312195437778,18.50733958715504,0.018132541373568182,0.052089772596920755,0.07651736418104475,-0.02216576352183819,0.1765053661206565,0
2023-12-18,1004.9771118164062,1013.3399724649144,1001.582737875324,1013.3399724649144,8592711,77.81964245629989,24.221385275904936,18.88824230297321,5.333142972931725,1048.2028644087472,960.5749298095703,872.9469952103935,960.5749298095703,936.5015185546876,973.453993225829,950.3517242475262,989.5849577314693,965.3635724555644,963.9791209075353,-0.01537500980705453,0.01602106860438123,0.011699007322007737,-0.01537500980705453,0.007446474791329649,0.004276864081099729,0.03051854928319231,15101921.95,0.5689812878419757,0,22.785534736950467,12.802450783515042,19.213624932822817,0.019118470169032915,0.03238275132666111,0.05747912712225733,-0.04123796457732736,0.1512464300013902,0
2023-12-19,999.0739135742188,1008.9618258446332,996.2698393148888,1008.9618258446332,10094256,73.0757645644902,23.184162331242533,19.747426308627077,3.436736022615456,1050.563649478292,965.1991333007812,879.8346171232704,965.1991333007812,937.9694592285156,975.8939856399613,952.2623983387691,991.0447970918924,967.8606347606499,967.2273764378996,-0.005873962872167349,0.016197839561220936,0.012703751301381036,-0.005873962872167349,-0.01760745245857609,-0.0002460780208413116,0.0019734230917740625,15078519.7,0.6694460862759625,0,20.592063748237933,12.290750335356392,19.023883388461268,0.019041517479325146,0.023752506189549612,0.04915821029698618,-0.049011533884351526,0.13552467035318091,0
2023-12-20,990.4158325195312,1005.5182598581188,985.840798804144,1005.5182598581188,16490281,71.27595185009558,21.416643161332445,20.08126967916815,1.335373482164293,1051.260295724679,969.1616851806641,887.063074636649,969.1616851806641,939.1786389160156,977.2770186761109,953.758611443897,990.9480333115291,969.5313901501967,970.3029400880837,-0.008666106618391178,0.01641449654762782,0.019867878125410226,-0.008666106618391178,-0.02964140385355052,-0.007150583513385822,0.0033890329464236757,15453555.15,1.067086559690441,0,17.951576092155733,11.529032414729613,19.54041930631155,0.019729510236727973,0.013444308617037949,0.038434485031950336,-0.057877638347603615,0.11651117134507785,0
2023-12-21,988.2020874023438,994.5972620458951,973.2472054564856,980.4786481484716,18064916,68.14463410152058,19.611175333264555,19.987250809987437,-0.3760754767228818,1050.3642692149035,973.1783477783204,895.9924263417372,973.1783477783204,940.4734155273437,978.3175014119425,955.1093359912871,990.5255800947314,970.9144047614668,973.6546320981461,-0.002235167335275623,0.01639506250533335,0.02160494990000654,-0.002235167335275623,-0.016691946728759954,-0.028297753610776466,0.005405418496271963,15746902.0,1.1472044469445482,0,13.501115580774808,9.948354309158049,19.730167082407814,0.019965720912684868,0.010103658552704434,0.03464812892516684,-0.05918154647341821,0.10291343804890288,0
2023-12-22,978.2649536132812,993.2690175032114,975.6084843898132,986.775479446596,20881976,51.24397132824208,17.180440005214678,19.425888649032885,-2.2454486438182073,1047.5385158742704,976.6858551025391,905.8331943308079,976.6858551025391,941.321513671875,978.3124968596891,956.0173994274437,988.639329866816,971.4588898616013,975.3164076263822,-0.010055770895185945,0.011268426515026722,0.018052914037416993,-0.010055770895185945,-0.020828248719349296,-0.041546211319541615,-0.016372342498392922,16514270.1,1.2644807111396343,0,8.176726643394431,7.895282835790226,17.607815934390107,0.017999025590515704,-4.859719829853652e-05,0.023271076655259147,-0.06612984745785101,0.07996147605959936,0
2023-12-26,979.0520629882812,981.4133823646852,973.9359710908165,978.8553364159528,14339699,41.10516449487207,15.14301860141245,18.569314639508796,-3.4262960380963463,1044.4225848011095,979.9178771972656,915.4131695934218,979.9178771972656,942.1479675292969,978.3829317290788,956.9207195670845,987.1643657316567,972.0213471302443,976.8417475127167,0.0008045973354076086,0.00930754442250414,0.007637399027632928,0.0008045973354076086,-0.011473735736172164,-0.025796655986789374,-0.021630120697092026,16858654.95,0.8505838124410987,0,4.92893850324981,6.568995319558212,16.416621635220753,0.01676787400367007,0.0006839155074178522,0.023127666658956988,-0.06259010745662569,0.06951931161655069,0
2023-12-27,986.0867919921876,988.6940796680808,976.002092947119,981.856149768816,12996468,49.50052398656171,13.935353221521154,17.642522355911268,-3.7071691343901136,1039.3399723542404,983.693490600586,928.0470088469316,983.693490600586,943.0924865722657,979.1166327065177,958.0644871131669,986.9985851563538,973.0632319348326,979.8860802428597,0.00718524506494056,0.009194000360863737,0.0128710645188952,0.00718524506494056,-0.0021405494251854895,-0.012999159927586601,-0.013242039140880402,16796879.0,0.7737430269039861,0,3.2226470665564193,5.8020887743978165,16.198765794915484,0.016427322550573033,0.007118824308399952,0.029248871298274807,-0.05123749858424808,0.06253970175214354,0
2023-12-28,989.6779174804688,995.3843691168538,982.9875327507294,991.7440268494004,24915990,53.467350907371255,13.11684074663708,16.73738603405643,-3.6205452874193504,1035.1245691906915,986.9550323486328,938.785495506574,986.9550323486328,944.1668774414062,980.1224693516559,959.304229480512,987.4107901292946,974.2939493826575,982.5486049978006,0.003641794533142395,0.009157908277124763,0.012526132135679411,0.003641794533142395,0.01166653658094674,-0.0007450557784252076,-0.007890311708245279,17458674.6,1.427140981251807,0,2.8454506755450666,5.5456180366149965,16.023078684688738,0.016190195215712643,0.00974923892432921,0.031662205863936234,-0.04390452421176236,0.05421091635681157,0
2023-12-29,980.52783203125,992.285126682214,977.6746362911867,987.8576980727096,12280140,42.650857587110444,11.596155031087733,15.709139833462693,-4.11298480237496,1026.6331529054441,989.9878173828125,953.3424818601809,989.9878173828125,945.0562976074219,980.161075321141,960.1365276197567,986.3518734988262,974.7557184677385,987.050572588936,-0.009245518453632973,0.008882259485008573,0.014900638119328392,-0.009245518453632973,0.0015073448070415107,-0.007765876503324165,-0.03584387325423788,16875167.0,0.7277047984176986,0,1.843573909198426,5.027191628469609,15.689264606186027,0.016000835563927167,0.000374180039733638,0.021237921717283968,-0.04490924605708752,0.028515827929984305,0
2024-01-01,983.28271484375,988.6447747328208,975.0181575005024,975.5592756483812,7683792,40.53477901435905,10.492347415274594,14.665781349825073,-4.173433934550479,1017.1203356604556,992.580322265625,968.0403088707944,992.580322265625,945.9516223144532,980.4583743232943,961.0442212363839,985.8796952441991,975.3873478289245,989.9607936201755,0.00280959165309258,0.00871731016157372,0.013858290221733165,0.00280959165309258,-0.002843641321645274,0.005129245621991574,-0.03663006642007105,16410054.3,0.4682368418488414,0,2.1458774636051885,5.026821808940213,15.583849590245839,0.01584879847371487,0.0028806327677144638,0.023139927503810644,-0.033268060454944584,0.01574563149207663,0
2024-01-02,966.4093017578124,981.560970722992,964.44155566108,980.9214292212156,16263825,34.691111403859395,8.161942713234794,13.365013622507018,-5.203070909272224,1018.2571757908154,992.1400390625,966.0229023341847,992.1400390625,946.7092041015625,979.120367412296,961.2546165509498,982.8842500924472,974.7223073792125,991.441909299166,-0.017160286488529297,0.009704188212569975,0.017714456008208267,-0.017160286488529297,-0.023511301314971034,-0.012913267545630158,-0.03837680441187963,15566682.7,1.0447842558003704,0,0.7374356832171998,4.333896983865316,16.058214582228516,0.016616370054613562,-0.012982127711302246,0.005362455605527273,-0.05091825058118157,0.00039998992021211073,0
2024-01-03,968.1802368164062,972.0665472696064,959.3745612454452,968.8197783020528,16826752,36.3386724570266,6.384384644080228,11.96888782682166,-5.584503182741432,1018.7822165995414,990.6937408447266,962.6052650899118,990.6937408447266,947.6596252441407,978.0784502126875,961.5262095025363,980.6220942038256,974.2377095597453,989.9894453209241,0.0018324896659962508,0.009768176403387044,0.013109114957660487,0.0018324896659962508,-0.012592804417662085,-0.018159208014139172,-0.03092231349259178,14839097.25,1.1339471476271914,0,-1.038182493830277,3.4617223893693563,16.156603595007255,0.01668759904471278,-0.010120060813249501,0.006920276585401189,-0.049669084283815605,0.005791545017129897,0
2024-01-04,971.2302856445312,973.1980317046522,966.0649522367138,970.492380871986,22789140,24.89209115056991,5.162263161441047,10.607562893745538,-5.445299732304491,1019.283870610524,989.901724243164,960.5195778758041,989.901724243164,948.7300793457031,977.4262440633393,961.9067615081048,979.1772005793188,974.0149374178777,988.4648572580206,0.0031502903200690824,0.007764203847192234,0.007344375039957396,0.0031502903200690824,-0.012257338624257152,-0.01864003582387863,-0.019371203735903175,15039224.75,1.5153134805037074,1,-2.6962252883166684,2.6025320275927015,14.831893055152332,0.015271242334982933,-0.006339054692301155,0.009692752467826313,-0.047144457350443425,0.011150952063271805,0
2024-01-05,977.6746215820312,982.2004134055408,967.934254767328,972.0665334175308,14875499,27.096445703651113,4.660009445995229,9.418052204195478,-4.758042758200249,1019.3755825584777,989.6409973144531,959.9064120704285,989.6409973144531,949.9845166015625,977.4498990651194,962.5251089619843,978.9460345797361,974.2860251337408,988.1665547770209,0.006635229597709014,0.00800705561212604,0.014591928974414732,0.006635229597709014,0.011656882651820855,-0.002909871964886568,-0.010653150761890995,15190902.45,0.9792373460998692,0,-2.711176256021531,2.3885813422275533,14.585924755963276,0.014918997009824145,0.00022990694165168622,0.015739342775571468,-0.04090833809436892,0.018510356101568703,0
2024-01-08,966.163330078125,982.1020854154484,964.4907338916496,977.969806616758,8393164,28.359872839049984,3.2951206379012774,8.193465890936638,-4.898345253035361,1019.6325503047686,988.2217620849609,956.8109738651532,988.2217620849609,951.2812622070312,976.3749877330247,962.6677842998722,976.9794646564113,973.68434401851,987.6087715360233,-0.011774153946308985,0.007629251518440825,0.018228130767884498,-0.011774153946308985,-0.002083193460871824,-0.01741044005674952,-0.012370496858195912,14804742.5,0.5669240110052572,0,-4.083386590269583,1.623563063488291,14.48050815054348,0.014987639977365495,-0.010458745649158219,0.003631102894748915,-0.05243969527126382,0.009774507680646517,1
2024-01-09,963.9495849609376,978.9536484165684,959.6697613726194,970.3447595485834,14660414,29.57666102858255,2.0116170251984613,6.957096117789003,-4.945479092590542,1018.9985805468406,986.3843780517578,953.7701755566751,986.3843780517578,952.6803283691406,975.191616040445,962.7180509924631,974.9748677801846,972.9632507549861,986.2340991348718,-0.002291274206203231,0.007577481195345652,0.020005078424024055,-0.002291274206203231,-0.0074963690807500205,-0.0025452122536494537,-0.015425612792487886,14952032.9,0.9804963711656894,0,-3.9287513718510354,1.4634344415133,14.951358187272385,0.015510518828511413,-0.011528022692763892,0.0012792260072457893,-0.05402264206919816,0.010672811611372967,1
2024-01-10,977.0350952148438,978.9044779822008,958.5874760008376,958.5874760008376,9409181,42.60063048042068,2.026956983931427,5.971068291017488,-3.944111307086061,1017.5444994712899,985.2701416015625,952.9957837318351,985.2701416015625,954.2604272460937,975.3671854856258,963.2795037070663,975.2918258470552,973.2648688631238,985.2436051919425,0.01357489069766693,0.008470117899315332,0.020794546767939414,0.01357489069766693,-0.0006541300685013463,0.009145878072820635,-0.009179411843714846,14803449.15,0.6356073442519307,0,-2.711264727061689,1.7532942045299933,14.997039682085845,0.01534954041624072,0.0017100326462054715,0.014279958677456246,-0.039810941219273054,0.02522499248514315,0
2024-01-11,975.165771484375,982.3972141884088,970.9350694416868,979.2488085023232,6451345,42.76352567851158,1.8667564034833504,5.150205913510661,-3.2834495100273102,1016.1840041816333,984.1509857177734,952.1179672539135,984.1509857177734,955.5640588378906,975.3480031997924,963.745631855196,975.2724328681813,973.405676464698,984.319083693642,-0.0019132616009639447,0.00846676112991922,0.011754047447004468,-0.0019132616009639447,0.009317722093139302,0.004052062521127109,-0.014663503893305951,14331664.4,0.4501462509825446,0,-2.078240863546853,1.8388703470913015,14.290760264751027,0.014654698393482329,-0.00018683763622784886,0.011849744633545418,-0.04036496592001728,0.024206878793533993,0
2024-01-12,987.3165893554688,992.432741141072,975.7560812090544,978.7568819517846,12255743,54.90404990357373,2.6892655634649145,4.658017843501511,-1.9687522800365969,1010.8114143918697,982.6677978515625,954.5241813112552,982.6677978515625,957.2986279296875,976.4878685479521,964.6699831297166,977.1253800200718,974.4361144566069,982.5844102266348,0.012460258785127465,0.008731189646143842,0.01689089407775913,0.012460258785127465,0.024240898859329896,0.009862143867287232,0.006923574326447524,14128567.95,0.8674441063929625,0,-0.9620305171673635,2.1448741677322687,14.262648589272365,0.014445871509748642,0.011089457592155343,0.023476014203612835,-0.02324352960590183,0.034354716922064474,0
2024-01-15,993.5641479492188,995.3351674307464,983.1351179289786,987.3165782754368,12388044,57.42322822354043,3.8014154135106537,4.48669735750334,-0.6852819439926865,1003.7911906955546,981.3125091552735,958.8338276149923,981.3125091552735,959.1837292480469,978.1141808718822,965.8030876324423,979.6544212399406,975.8530058264299,981.0905672248988,0.006327816893898719,0.008860418583689363,0.012279075817046646,0.006327816893898719,0.01691756295687652,0.028360440743365967,0.010456232933071075,14032666.8,0.8828004096840666,0,1.7391931388575586,3.1353033325700608,14.599979891265159,0.014694551852943235,0.015795668214895472,0.028744016945348144,-0.010188416516436333,0.03622141744895966,0
2024-01-16,992.777099609375,999.4182427672284,988.3988524803248,989.8746620709588,11505126,53.65590092439783,4.5666524322939495,4.502688372461462,0.06396405983248776,1001.0371522441438,980.7025085449219,960.3678648457,980.7025085449219,960.9369909667969,979.510649323072,966.8608920236946,981.6732948352383,977.1066424029443,980.8213253691492,-0.0007921464773746889,0.008693080456141413,0.011099561312644538,-0.0007921464773746889,0.018059830071960326,0.029905624835769418,0.02728429641933494,14178287.55,0.8114609017081191,0,4.3190332826270605,4.142841031231569,14.480508717403861,0.014585860938071056,0.013543957174402614,0.026804484284638157,-0.008251494578649054,0.03374668806612158,0
2024-01-17,965.9173583984376,991.5472391168444,960.9979931914172,971.9682016234104,41914771,39.64850553428025,2.971498063433387,4.196450310655847,-1.2249522472224603,998.4583955412954,979.0446807861329,959.6309660309703,979.0446807861329,961.8805249023437,978.2160501873926,966.8238907050571,979.2493046141919,976.2778065507586,979.0982979613175,-0.027055157921658135,0.011319266540959227,0.03162718389912784,-0.027055157921658135,-0.021674132884772823,-0.011379055748208744,-0.002337249131844965,15769313.3,2.657995957249451,1,2.8488647017668427,3.5443869979908413,15.864956578249105,0.016424755638054147,-0.01257257206789748,-0.0009376395384255773,-0.032591280005429074,0.0065508435950830364,1
2024-01-18,970.443115234375,978.2649176405235,954.504420581354,958.2431259931632,17902484,45.42204780434066,2.0488990540768555,3.7669400593400493,-1.7180410052631938,997.0473018843693,978.046044921875,959.0447879593808,978.046044921875,962.68533203125,977.4757706680575,966.9658210787559,977.8945062480663,975.8456071939894,977.6845200864856,0.004685449326059743,0.011214338948890535,0.02448417293725771,0.004685449326059743,-0.02327080014165872,-0.004842926595763575,-0.000810487915987812,15839923.45,1.1302127852139336,0,2.1277674682651195,3.220189223559828,16.51852848311641,0.017021634986948166,-0.00719471074856008,0.0035960879690037223,-0.02668297341531712,0.011885083385153653,1
2024-01-19,983.0859375,994.5972638899036,971.6237927511232,975.3133165907816,23271148,49.91803153650189,2.311260021735393,3.475804051819118,-1.164544030083725,996.3483876185925,977.7902374267578,959.2320872349231,977.7902374267578,963.6908508300781,978.0100722710996,967.59798250704,978.693187979133,976.3819279573976,977.6460833272563,0.013027885990588572,0.011777275186527035,0.023368731320887584,0.013027885990588572,-0.009761669677098905,-0.004285000273550166,0.005534884304567944,16100235.05,1.4453918174318827,0,1.522203723147527,2.927999377323431,17.270495013345712,0.017567635091256417,0.005189992795384415,0.0160066011638747,-0.013311056938920264,0.02486765255511607,0
2024-01-23,1012.45458984375,1042.3151122922168,1004.7311505255956,1042.0199023424595,50797448,67.37196338468746,4.833272818442538,3.747297805143802,1.0859750132987358,1003.6870098105538,979.4997192382813,955.3124286660087,979.4997192382813,965.5267590332031,981.2905025161139,969.3570651476953,983.8872498044587,979.0539769860162,983.4546405134234,0.029873942066992454,0.013121792567861685,0.037121627126428906,0.029873942066992454,0.048179309586561914,0.019012805497785168,0.047912457784836215,17596008.65,2.8868733251048955,1,3.1763216442316207,3.5539775152529955,20.15535327117048,0.01990741458763204,0.03175826857360661,0.044459906721253654,0.00873537262861562,0.059815155192248656,0
2024-01-24,983.0859375,1019.2432110778104,980.5770732992008,1012.8480364224022,34578943,54.654386346752226,4.411330260595378,3.8801042962341175,0.5312259643612602,1003.940206697769,979.7014129638671,955.4626192299653,979.7014129638671,966.7438110351562,981.461496324103,969.895452298766,983.7639709883881,979.3526407277927,984.6675399725841,-0.029007377356333963,0.01573538629286861,0.039331391390805645,-0.029007377356333963,0.013027885990588572,-0.009761669677098905,0.019852026327536576,18607970.85,1.8582866062475585,1,1.9508470010309793,3.034560275071385,22.01064982505965,0.022389344598940163,0.0016551247114441805,0.013599904164898362,-0.020772421563196797,0.02891093561807486,1
2024-01-25,993.66259765625,998.7295078271164,972.214177202352,982.2988759526588,28315035,56.69014481895175,4.8741990922897,4.078923255445234,0.7952758368444659,1004.9672651956795,980.0802032470704,955.1931412984612,980.0802032470704,968.1477978515625,982.6235059747837,970.8274972147459,985.2868366295977,980.412637537308,984.9618252771617,0.01075863233599561,0.015937736341661065,0.026684440661554683,0.01075863233599561,0.01075863233599561,0.028724237137446318,0.017018326693525765,19373899.2,1.461504197358475,0,4.407455787391086,4.00360650968878,23.395096336261513,0.02354430607677443,0.01123430450660273,0.023521274899008137,-0.01124879180739119,0.040274008150325,0
2024-01-29,1000.008544921875,1015.3569397583504,993.7117336782304,1003.5504637146486,14078922,56.664712951383834,5.687528595948493,4.400644323545887,1.286884272402606,1006.720627249597,980.5967346191406,954.4728419886843,980.5967346191406,969.7603649902344,984.2792239697447,971.9718520267902,987.5517148284096,981.8641862324611,985.3467707660774,0.006386420582392027,0.015932008428443705,0.021645021125105537,0.006386420582392027,-0.012292941379025923,0.030465906989673996,0.02547543624268611,18832045.8,0.7476044902142284,0,6.803453301687227,5.006030948034322,23.92568086939635,0.02392547642806945,0.01598054756118041,0.028845169576281134,-0.006667274063967158,0.04770769887838311,0
2024-01-30,1000.5005493164062,1007.338419115052,991.7440549694523,998.5819848189448,16085742,60.967957898463645,6.299185639165671,4.780352586669844,1.5188330524958271,1009.1935626798944,981.5953704833985,953.9971782869026,981.5953704833985,971.2519177246094,985.8241120979982,973.0906244695202,989.5438432111782,983.2446575720126,986.0201943408848,0.0004920001904280547,0.015462424849332879,0.015586562302494047,0.0004920001904280547,0.017714231434020844,0.017714231434020844,0.013353325673930216,19022325.9,0.8456243513312954,0,7.814039826898579,5.4926419624802065,23.781610342382123,0.023769712429074576,0.01488748047273277,0.02816790559648907,-0.008613821654196859,0.04874581611762208,0
2024-01-31,1011.569091796875,1022.2440902784828,987.070629039353,1000.4020967435956,25627447,64.39621010770799,7.589579182701868,5.342197905876249,2.247381276825619,1013.6981301234537,983.0096893310547,952.3212485386557,983.0096893310547,973.0651965332031,988.2760149264627,974.5995839725538,992.9323429935931,985.3427638108913,987.4387398766431,0.011063004900928153,0.015548536346876028,0.034771190148416155,0.011063004900928153,0.018020698557901893,-0.000874605197860423,0.01812157160141048,19919508.65,1.286550157952817,0,6.985512410348861,5.242518824858507,24.916579927752178,0.0246316145182849,0.023569404213604747,0.03793302237379402,-0.002100268574352978,0.062214135565215586,0
2024-02-01,1008.6174926757812,1017.2755035530364,1000.9924764517364,1017.2755035530364,13058880,60.17112867083383,8.278625143815816,5.929483353464162,2.349141790351654,1016.7913278837599,985.1200988769531,953.4488698701463,985.1200988769531,975.0978796386719,990.2132985216359,975.9336196079745,995.345442944699,987.0668178008832,988.8345734418683,-0.0029178423352682614,0.01535521879793152,0.016143907100106377,-0.0029178423352682614,0.008608874191748939,0.025970827373147376,0.01595563905799091,19759261.4,0.6608991973758696,0,8.751802197532925,6.038167309208461,24.628438864890523,0.02441801678409647,0.018586090675233646,0.03348985259974509,-0.008038852204798778,0.057862172318845585,0
2024-02-02,1007.4859619140624,1033.0666601657867,1005.1738843616477,1020.3746743205556,14774650,60.45843517885045,8.63386809937981,6.470360302647292,2.163507796732519,1019.2055311261272,987.0853851318359,954.9652391375446,987.0853851318359,977.1158020019532,991.8583140828194,977.170966365076,997.2132150938319,988.5793469944521,990.7812440242948,-0.0011218631145459845,0.015339626959277654,0.027685523033142093,-0.0011218631145459845,0.006981917803472459,0.013911527202913332,0.04303536234668015,19656656.3,0.7516359738151396,0,9.234808108035736,6.3434691503300655,25.80205536899174,0.0256103373589166,0.015755927645466145,0.031023225814571103,-0.01149872999523048,0.0549975230762857,0
2024-02-05,1006.9940795898438,1009.8964570838908,995.7779026556566,1006.0102065272256,12948430,56.887061051221245,8.774562217056427,6.931200685529119,1.8433615315273082,1021.2581469720902,988.8735748291016,956.4890026861129,988.8735748291016,979.0323876953125,993.2998155596789,978.3405002170276,998.7179634778338,989.9434012607774,992.4611281173334,-0.0004882274719582025,0.015077201046416158,0.014020493977466904,-0.0004882274719582025,-0.004522688805076669,0.006985474977630801,0.037664200798251946,19164620.8,0.6756423795246708,0,9.020591589934156,6.368648190237423,25.577168566958683,0.025399522286542593,0.013786637041152329,0.02928794153616234,-0.013967151620320245,0.052802569357198195,0
2024-02-06,1009.8472900390624,1018.2102106949072,1000.3037097510472,1007.0432159063024,12886927,55.83775605815194,9.012404171674461,7.347441382758188,1.6649627889162737,1023.7097763315405,990.4822082519531,957.2546401723657,990.4822082519531,981.0719567871093,994.8757655100964,979.5760606022055,1000.4301675641766,991.4177633925021,993.6800920665488,0.002833393469781731,0.015020242443825067,0.017731889881258543,0.002833393469781731,0.001219290139435003,0.009342064558627516,0.027221783486311324,19065192.2,0.6759400516297969,0,9.051653412098176,6.485436132685322,25.98477224139384,0.025731387802594104,0.015048637275117235,0.030902377726796704,-0.013541422200884216,0.05494112815919774,0
2024-02-07,1005.6658325195312,1014.9142629380416,996.6633703562916,1011.4214656725248,16410895,54.5110149436489,8.76247855995473,7.630448818197497,1.1320297417572327,1024.264154249943,992.4573333740234,960.6505124981039,992.4573333740234,983.0229772949219,995.9033909395664,980.5991889126889,1001.235654480385,992.4731759204303,994.6794772306635,-0.004140683012942903,0.015082088151126622,0.018148068664146005,-0.004140683012942903,-0.0018066052166852975,-0.005835745007647164,-0.0067052462325905005,19466078.75,0.8430508892295527,0,7.627376013103685,5.9996049401351,26.50130811959715,0.026352002089205375,0.009802598995826944,0.0255625783605194,-0.018157739537444876,0.0468592057525355,0
2024-02-08,973.3455810546876,1011.6674477599702,969.360907274992,1007.5843506463148,20565502,52.504137761320926,5.88855691186825,7.282070436931647,-1.3935135250633977,1023.2016801660056,992.927133178711,962.6525861914163,992.927133178711,984.2016564941406,993.7550280933875,980.3147337025713,996.9448739533547,991.0563170414864,995.172233955952,-0.03213816202134512,0.01585168098179133,0.04346507685290575,-0.03213816202134512,-0.03341479281473181,-0.03497055313557973,-0.009907939961059986,19761333.15,1.0406940586394597,0,3.5417295717516026,4.381114094596796,27.253267695812895,0.02799958023776312,-0.020537704425865753,-0.007109097117781487,-0.048725583702354074,0.011107844113914961,1
2024-02-09,994.4005126953124,997.401313514954,969.606899599494,972.9028503266528,12799837,57.26650503985379,5.249398521743615,6.8755360538940415,-1.6261375321504268,1023.1324294031411,993.7954040527344,964.4583787023276,993.7954040527344,985.8781762695312,993.8165028173804,980.8671171924826,996.5534337598096,991.304035238066,995.4727530336285,0.02163150688762605,0.01680089718453253,0.027950924763829384,0.02163150688762605,-0.015296151701464145,-0.012988219899252695,0.0007426213292147654,19930865.95,0.642211785083026,0,1.958188734560963,3.6961508274066546,27.541404614119358,0.027696490762528534,0.000587643570293269,0.013797379140985114,-0.028082304775140333,0.031045542922517485,0
2024-02-12,980.035888671875,995.876280283492,969.360890452768,994.105320862232,8050066,49.084454039856624,3.542915262405927,6.2090118955964195,-2.6660966331904925,1022.80005025171,994.0389099121094,965.2777695725088,994.0389099121094,986.9899523925782,992.5040633749513,980.834519995596,994.0122729770504,990.4693577146445,995.5081019793937,-0.014445511481588236,0.0170013145612139,0.027055529432352815,-0.014445511481588236,-0.025485547006647957,-0.026770952743782828,-0.019972485586670974,20010802.0,0.4022860253177259,0,-0.7957521847275757,2.494019778568372,27.71006469806188,0.02827454077790356,-0.012562341216698941,-0.0008142365581959563,-0.04181087160614704,0.015288986822831472,1
2024-02-13,1003.3536987304688,1010.4868382114652,984.1681747459204,989.7762629977263,18706292,47.16516885334102,4.025662055206908,5.772341927518518,-1.74667987231161,1023.7068132680502,994.8407653808594,965.9747174936685,994.8407653808594,988.6595837402343,993.5373619802388,981.7176250440224,995.4494154006533,991.4237533454464,995.9957989932396,0.023792812414444864,0.016237479456452642,0.026230693621646543,0.023792812414444864,0.030829869945333543,-0.00643027056926837,0.002851721986571576,20333329.45,0.9199817494719243,0,-1.338403529857601,2.141564441816854,25.654477180017125,0.025568727371491653,0.009880188834232525,0.022038998928511806,-0.019881780871035475,0.03869561030933007,1
2024-02-14,1006.2069702148438,1018.997259686499,991.3012696355923,993.2690157159768,17878720,58.62701131441938,4.585617386722447,5.534997019359304,-0.9493796326368571,1024.7717307403216,995.4729064941406,966.1740822479596,995.4729064941406,990.1550708007812,994.7439913359154,982.6779915213095,997.1044238336057,992.5188064468832,996.5679860736863,0.0028437344557410427,0.014019065234477114,0.02752514231241414,0.0028437344557410427,0.011872939895746892,0.0005380889733090921,-0.005300796184377621,20607863.25,0.8675678687842613,0,-1.159399603650968,2.078802608620663,24.87089519946691,0.02471747457101844,0.011523546740437032,0.02394373222616738,-0.01811599595167029,0.041434446133911146,1
2024-02-15,1000.2545166015624,1010.0932466717068,990.3665448403932,1006.3544812043776,10069878,52.547512588724885,4.497231476317893,5.327443910751022,-0.830212434433129,1025.1915556570036,995.84677734375,966.5019990304962,995.84677734375,990.6558618164063,995.2688032659771,983.3672670146528,997.5890534902144,993.0918220138965,996.743028922266,-0.005915734823433438,0.013902988418327085,0.019721682335748374,-0.005915734823433438,0.020630497478094645,0.027645818782797704,-0.008291523927502542,20536100.85,0.49035004617246997,0,1.5137751725895896,3.0525333120815503,24.385993142791847,0.02437978808198241,0.005009413858069943,0.01717288154015596,-0.024324272783792192,0.03492234636340485,1
2024-02-16,1006.7481079101562,1009.650485394361,1000.5005380040548,1006.6989262673612,7159395,52.601602225643255,4.894740038637224,5.240903136328262,-0.34616309769103815,1023.9651747051107,997.888314819336,971.8114549335612,997.888314819336,990.8486999511719,996.3620703749465,984.2841627360451,998.9981387855901,994.1033987469528,999.5792890958326,0.0064919390023414625,0.013906416707627538,0.009088616425910178,0.0064919390023414625,0.003383063404243547,0.012417124747226671,-0.0007323714987594876,18798332.05,0.3808526725114423,0,2.5455675575660734,3.4170455435624945,23.507537906413145,0.023349969790567505,0.01042395916506671,0.02282262178400535,-0.016814113624433333,0.035950032075906656,1
2024-02-19,1026.91748046875,1029.1311947979043,1006.8464465307476,1006.8464465307476,9388255,58.85259025422501,6.7593506543748845,5.544592639937587,1.2147580144372974,1026.5047216972519,1000.7120330810546,974.9193444648575,1000.7120330810546,991.6456372070312,999.2721094314992,985.9560575490924,1003.2934221214608,996.5340714670859,1001.6770363438454,0.020034179751737602,0.014846958705740413,0.02170062219311385,0.020034179751737602,0.020582753714659896,0.04783660714752802,0.01978502285437589,18372620.6,0.510991611071531,0,6.76804605654786,5.12153755349641,23.992446673709455,0.023363558542949126,0.02766550849996071,0.04154487677826155,0.00040210119132786873,0.05333583367599986,0
2024-02-20,1031.8367919921875,1035.6739206502066,1016.5867607398596,1024.2610180558977,11293528,57.08386914001004,8.535621991601715,6.1427985102704135,2.392823481331302,1031.0563277330727,1003.1495758056641,975.2428238782553,1003.1495758056641,992.62458984375,1002.3735077706124,987.7553020370569,1007.6847097938803,999.1490878022786,1003.7303486777705,0.004790366915550015,0.014644579456136092,0.018498235436531573,0.004790366915550015,0.03157423922256131,0.02838788883497223,0.021775076459604525,17773739.6,0.6354052807210026,0,8.836145790373621,6.037676993034552,22.843425150224967,0.022138603049926837,0.029393518477064173,0.04462794567057337,0.0007569559859360112,0.0580306429622056,0
2024-02-21,1034.985107421875,1046.8408245754547,1031.0988572886058,1039.7569873370444,15946325,59.203226530767914,10.08116319331748,6.930471446879827,3.1506917464376523,1035.3981835078675,1004.2761016845703,973.1540198612731,1004.2761016845703,993.4333312988281,1005.479374404066,989.6074512678342,1011.884770967418,1001.8036077741006,1002.8656427549776,0.003051175781015658,0.014592302949135988,0.01520984908281605,0.003051175781015658,0.028047730400342363,0.02860061404751213,0.029154092695869993,16031183.45,0.9947066634060632,0,10.735383068150554,6.929459746524685,22.804778020621313,0.022033918997566557,0.029344941098664163,0.04585419814281436,-0.0003989538445905573,0.06353679509993303,0
2024-02-22,1045.5618896484375,1048.808718901475,1023.5232284095382,1038.969987954932,13432573,62.46778309307897,12.020904162098986,7.94855798992366,4.072346172175327,1041.9225231192484,1007.3998992919921,972.8772754647359,1007.3998992919921,994.3306237792968,1009.2967568082918,991.8017429690343,1017.0658661491134,1005.0449619870144,1005.488541813214,0.01021926030695175,0.01472320884846251,0.02418363823535961,0.01021926030695175,0.018155703388335498,0.045295844502467375,0.07419390399399406,14973864.95,0.8970678608931891,0,14.027953542314663,8.434475954381469,22.618543355464006,0.02163290722376016,0.03593109023239833,0.05420452934320128,0.003492933925925527,0.0747109795004521,0
2024-02-23,1044.1845703125,1052.744218252001,1040.5934094728898,1052.744218252001,13142759,62.107643010627946,13.293782248595335,9.017602841657995,4.27617940693734,1047.4770297850773,1009.9259979248047,972.374966064532,1009.9259979248047,995.2279187011719,1012.6194057134545,993.8559714923075,1021.237974481942,1007.9441922333467,1009.075553668638,-0.0013173006299996848,0.014738913060258327,0.011636648466731105,-0.0013173006299996848,0.011966793989262925,0.037185530430303704,0.05006439254767514,14215251.15,0.9245534152943896,0,16.257335338508028,9.571808756262385,22.477990094812363,0.021526836091903968,0.0311717950702375,0.05063973076966318,-0.0031432283276444464,0.07384970485058981,1
2024-02-26,1037.1988525390625,1045.168319797316,1033.558570535963,1036.116616276115,7875941,58.67118729600479,13.582290075193328,9.930540288365062,3.6517497868282653,1050.9186914383333,1011.785513305664,972.6523351729949,1011.785513305664,996.02091796875,1014.9603054111315,995.5556923176705,1023.6934941830375,1010.1112041078442,1010.2191546721276,-0.006690117793396233,0.014950293264035519,0.011193368786450308,-0.006690117793396233,0.002138914947966697,0.010011877551854953,0.05832741895264015,13905102.1,0.5664065566264342,0,15.688195979632269,9.599634768578085,22.028222117490422,0.021238185969416897,0.021910755533363288,0.04182906144049664,-0.013055090761106603,0.06636134519184335,1
2024-02-27,1043.1021728515625,1049.0054112267308,1029.6231599356051,1033.8046204513494,10580973,61.740161709383266,14.124465177084176,10.769325266108886,3.3551399109752893,1055.0490475925085,1013.9155944824219,972.7821413723352,1013.9155944824219,996.5433544921875,1017.640483262601,997.4202601817448,1026.679444747426,1012.5549795703419,1012.0087291300863,0.005691599347655174,0.014869612100225879,0.018581354536094694,0.005691599347655174,-0.0023525310373564423,0.010917793343678595,0.03961561528241431,13629863.65,0.776308059398672,0,15.26697549198866,9.66495814468783,22.109033453874392,0.021195462946294326,0.025020319069196367,0.04580006492097304,-0.011323525449558272,0.07228754362207404,1
2024-02-28,1029.327880859375,1047.6771362637548,1025.3432672847086,1045.8569952406344,7730332,69.86722175050683,13.289479754093918,11.273356163705893,2.016123590388025,1056.4867461303663,1014.8035339355469,973.1203217407274,1014.8035339355469,996.716513671875,1018.7535687480081,998.6715394240048,1027.0868964569568,1013.7974167028628,1013.1875692237488,-0.013205122518853751,0.012049233570681514,0.02169752650671416,-0.013205122518853751,-0.014228030058592744,-0.005465998034108965,0.022978285113245178,12735007.9,0.6070143073880622,0,13.2741943439421,9.064088156170556,20.682414060593537,0.02009312527639493,0.01037965650943648,0.03069712135088141,-0.0257067732940968,0.05776013290741167,1
2024-02-29,1035.231201171875,1043.5941223069317,1021.7521880889904,1026.22885861961,20944844,66.23622164965471,12.954761971789821,11.60963732532268,1.3451246464671414,1058.6763009611855,1016.1342193603516,973.5921377595179,1016.1342193603516,997.3215954589843,1020.3228670740907,1000.1052516494115,1028.339866413098,1015.3851044413082,1015.0199788839709,0.00573512135663834,0.010967407882307923,0.021098605020034574,0.00573512135663834,-0.001897082090257518,-0.009880513605977082,0.03496778468858941,13129306.1,1.595274254440606,1,11.026110265798934,8.30350868037715,20.2572369393422,0.019567838485172333,0.014611388785724159,0.03512225284742031,-0.022145673581267816,0.06331097080775963,1
2024-03-01,1069.37158203125,1072.3723226042753,1037.002136483119,1037.986009477885,14909562,80.69633181523425,15.268335265355972,12.34137691332934,2.9269583520266327,1067.7099005682373,1019.2285003662109,970.7471001641845,1019.2285003662109,998.727548828125,1024.9941732604868,1002.8215783310521,1034.6524380466599,1019.3841027813039,1017.5364033685868,0.03297850839573635,0.012414846130081827,0.03307567427027676,0.03297850839573635,0.02518392719657947,0.024121225724693662,0.06220371672819902,13136051.7,1.135010910470153,0,12.37476754703232,8.965606838744634,21.016217768033364,0.0196528672737997,0.04329527906446481,0.06636275598591909,0.0015563042565478744,0.1015964733249112,0
2024-03-04,1074.733642578125,1077.3409300364494,1062.6811983836533,1063.5667080999103,11424581,77.97907590427448,17.334708513167243,13.340043233296921,3.994665279870322,1076.645346721037,1022.615478515625,968.5856103102132,1022.615478515625,1000.4139050292969,1029.7312655764524,1005.6416592819178,1040.8187772053468,1023.4840686921796,1020.5604619845979,0.005014216421096451,0.011350844353104943,0.01364033940319357,0.005014216421096451,0.04411204880687891,0.03618861508299709,0.04656280861783424,13059859.25,0.8747859208360151,0,14.770960165320957,10.085966964247291,19.888273633262365,0.018505304798641434,0.043703030592627354,0.06870437661218472,-0.0017756117636454041,0.10959075908005216,0
2024-03-05,1070.503173828125,1081.7684727754213,1059.1393914895327,1068.6829125129027,9222544,74.93324257194911,18.41864208608854,14.355763003855245,4.0628790822332945,1083.3454395430388,1025.6482727050782,967.9511058671175,1025.6482727050782,1002.0599267578125,1033.614304457564,1008.1852480876514,1045.385607455005,1026.9669653689164,1022.9035718846362,-0.003936295080380736,0.011591099530350374,0.02113873348452284,-0.003936295080380736,0.034071589627826526,0.02626876032829606,0.037473350568633546,12876640.1,0.7162228600300788,0,15.973821194962966,10.76498790590665,19.526351578618215,0.01824034907695965,0.035689201679460214,0.06181197935466685,-0.01185426665046996,0.10594757042933337,0
2024-03-06,1079.4071044921875,1095.5918883060335,1062.878109231162,1062.878109231162,21796484,80.00746000659,19.76826380347552,15.4382631637793,4.33000063969622,1090.9477066612324,1029.3353363037108,967.7229659461892,1029.3353363037108,1004.0827697753906,1037.9755235084806,1010.9782620643,1050.619683922264,1030.8514201187884,1028.6491520369639,0.008317519164583231,0.011226104609777071,0.030307174131730348,0.008317519164583231,0.009384504534780458,0.04865235321421779,0.04292042151308517,13145919.55,1.658041791378527,1,19.2219547604725,12.30672264029522,20.453999953158075,0.01894929157686132,0.03991575913434186,0.06768577030347198,-0.0105785108659003,0.11540920539877787,0
2024-03-07,1070.4046630859375,1077.3410163000535,1065.2393294461426,1077.2917746056637,9963926,73.682276843232,19.88223690231439,16.32705791148632,3.555178990828068,1092.4295553918178,1034.1882904052734,975.947025418729,1034.1882904052734,1005.9098217773437,1041.064012992048,1013.3087091631878,1053.6635268705213,1033.781289968207,1033.8960850296244,-0.008340172460218565,0.011811188244938318,0.011305712008972554,-0.008340172460218565,-0.004027955691238039,0.03397643142347939,0.02376021322454025,12615840.75,0.7897948458171525,0,20.741145917957283,13.203457513776357,20.79484325696138,0.01942708582472969,0.028183329485728388,0.056346060589867776,-0.0201613845004227,0.096785619718121,0
2024-03-11,1061.3037109375,1070.404535791999,1059.3852067115477,1070.404535791999,13310362,63.940897231339356,19.01895198611828,16.865436726412714,2.153515259705568,1093.8045803896484,1037.5334503173829,981.2623202451173,1037.5334503173829,1007.41416015625,1042.9916032725673,1015.1908660955138,1054.8389398039026,1035.8199878177843,1037.8323295090368,-0.008502347254541798,0.011369524714829975,0.01038282347163139,-0.008502347254541798,-0.008593587684310844,-0.007544497375201686,0.016394745825325296,12641367.0,1.0529210962706803,0,17.997430012080486,12.36928776446166,19.98315536315008,0.018828875426712688,0.017557291551988784,0.04542283267316916,-0.029713597871907412,0.08156981985447943,0
2024-03-12,1059.483642578125,1077.1442354316737,1038.625582496139,1059.6804892440682,21785435,61.49754446812378,17.980658328110167,17.088481046752207,0.8921772813579594,1091.560196765458,1041.5058380126952,991.4514792599325,1041.5058380126952,1008.8102746582031,1044.5622736826203,1016.9278377222829,1055.5535094614752,1037.572851133365,1041.20815221687,-0.0017149363943778084,0.01139786446813465,0.03635606194146063,-0.0017149363943778084,-0.0184577828246143,-0.014189562321151095,0.021485552152809895,13328135.45,1.6345448380028282,1,14.831008106167928,11.28617844036512,21.371119150663485,0.02017125917929177,0.014284805484022644,0.041847418545605634,-0.02938596907654116,0.06861875214405348,0
2024-03-13,1066.4691162109375,1072.0772645081547,1055.8433596138775,1059.77885170946,24855870,62.688357293184545,17.519518363591942,17.174688510120156,0.3448298534717864,1092.4973721510148,1044.6616088867188,996.8258456224227,1044.6616088867188,1010.5291003417968,1046.6486396376981,1018.8706329571322,1057.232833576777,1039.713315213185,1046.2302184415485,0.006593281247659677,0.011463312113431568,0.015222105026308413,0.006593281247659677,-0.0036766907046666963,-0.003768375205055796,0.02240139457815138,13635614.35,1.8228639621213694,1,13.034335180134121,10.6853848694808,21.40625755119408,0.02007208387547917,0.01893708721591643,0.04671690567393941,-0.02382454786946568,0.06986503298881587,0
2024-03-14,1066.124755859375,1079.4070413229929,1057.7127137934276,1062.5828370894135,14231421,59.03194431486849,16.931103396239678,17.12597148734406,-0.1948680911043823,1092.781039846801,1047.6574981689453,1002.5339564910896,1047.6574981689453,1012.1859411621094,1048.5035078492865,1020.7237358160437,1058.6008216202536,1041.6697182240139,1050.0746518483822,-0.00032289763137816063,0.011240315537874124,0.020348770076235635,-0.00032289763137816063,0.004542568608957742,-0.0123052262464598,0.03574844875403427,13453249.4,1.0578426502670797,0,10.527984340805915,9.745473751743702,21.149745911024688,0.019837965298888906,0.016806093521073272,0.04447924394256816,-0.02439306962276992,0.06343007032984281,0
2024-03-15,1062.92724609375,1068.7321212212976,1052.7441838497475,1054.7119299877843,66192734,58.10288778181204,16.022075467338254,16.9051922833429,-0.8831168160046445,1090.424628064323,1050.7911346435546,1011.1576412227863,1050.7911346435546,1014.1163000488282,1049.8771972059021,1022.3787754347774,1059.2664253854068,1043.2443499180686,1053.9370192564918,-0.002999189117457113,0.011281082004102912,0.015041422101376755,-0.002999189117457113,0.0032502658627606706,-0.006985598297591822,0.026753487424377553,16259392.2,4.0710460259393955,1,8.813184213854129,9.070066271589553,21.423826524770316,0.02015549662829956,0.012430071747989876,0.039660908102996335,-0.025217132172982288,0.05119835202783914,0
2024-03-18,1063.7635498046875,1067.3055890531218,1042.9547297794695,1057.7128263089558,8769440,62.12945787591521,15.19400003026999,16.56295383272832,-1.3689538024583285,1087.7541760977126,1053.6419067382812,1019.5296373788499,1053.6419067382812,1016.0279663085937,1051.199706977215,1024.001707763009,1059.9582906806806,1044.7642906504107,1055.1044903167483,0.0007867929945448715,0.01104674355794845,0.022891232998276025,0.0007867929945448715,-0.0025369383558546676,0.0023177520645947247,-0.005244231584974557,16339894.45,0.5366889013166177,0,8.208103704647783,8.81084166749531,22.333905811363138,0.02099517868934667,0.011951908608879323,0.03882985911082164,-0.022055191163770853,0.04338658809327052,0
2024-03-19,1066.4691162109375,1071.1917547663113,1057.9094689437209,1061.0578145795118,16708715,60.99029933353849,14.587900640128055,16.167943194208267,-1.5800425540802117,1087.7358841511864,1055.6194885253906,1023.5030928995948,1055.6194885253906,1017.9327429199219,1052.6539364280457,1025.6670963295946,1060.959956146874,1046.372055506746,1056.568126364016,0.0025433907814822465,0.010994754722599115,0.01245444956697961,0.0025433907814822465,0.0003230019279356622,0.006593281247659677,-0.007689836848655984,16705917.45,1.0001674586270628,0,8.09166274542531,8.73925860731174,21.898193992182055,0.02053335971883015,0.013124142042132747,0.03978095819526151,-0.019551407883214578,0.041979378088266975,0
2024-03-20,1067.0103759765625,1072.4216780216257,1050.2845332918216,1062.5829470306016,18725251,70.24327737870559,13.98996998083453,15.73234855153352,-1.742378570698989,1087.8195703998942,1057.3781677246093,1026.9367650493243,1057.3781677246093,1019.7194580078125,1054.0212163850472,1027.2884014137896,1061.890789966826,1047.9008199859916,1057.8773903325878,0.000507525025710942,0.010148882524679555,0.020746887966804836,0.000507525025710942,0.0038414010910134966,0.000507525025710942,-0.0032627627240676693,17077503.6,1.0964864325954526,0,7.372576747349058,8.417768456657427,21.88414226009333,0.02050977455590744,0.012323432763587003,0.03866681888757442,-0.01912927013776932,0.03902247177343331,0
2024-03-21,1064.3538818359375,1082.2603227720365,1061.7465943107402,1074.3893386064217,19992607,66.21037826231714,13.150161869248905,15.215911215076597,-2.065749345827692,1087.5219596146933,1058.8466064453125,1030.1712532759318,1058.8466064453125,1021.6832690429687,1055.0052797613225,1028.7419496656387,1062.2697271774587,1049.1195653082098,1059.480778629472,-0.002489661019644429,0.010192559299571496,0.019273409729019374,-0.002489661019644429,0.0005549466621208587,-0.0016610382731522266,-0.01394582506785691,17279817.7,1.1569917777546925,0,6.50177191203602,8.018213849594986,21.78927042033297,0.020471828770660346,0.008861189848007149,0.03461697287825522,-0.021303549389443305,0.03318150108664492,0
2024-03-22,1072.716796875,1076.061869046459,1061.303773813482,1063.7143347625467,17214415,52.6114168966411,13.009460282156851,14.77462102849265,-1.7651607463357983,1088.8026199174521,1060.2043518066407,1031.6060836958293,1060.2043518066407,1023.85861328125,1056.692090915006,1030.4664534777705,1063.8769686693881,1050.8675083872313,1060.7764023267612,0.007857269261457578,0.005418443619477704,0.013757680755973745,0.007857269261457578,0.005858285597861279,0.009209991386735616,0.0021600557889918104,17468909.8,0.9854315579556087,0,6.814893709103899,8.087678042993161,20.19048283465988,0.018821820347623964,0.015164971989255583,0.041001182769838614,-0.014773865114020113,0.03985117364942981,0
2024-03-26,1066.22314453125,1071.585324555275,1059.58200164128,1063.5667354159368,13367635,43.47168171756253,12.232955885564479,14.266287999907018,-2.0333321143425387,1088.9892488289763,1061.3062805175782,1033.6233122061801,1061.3062805175782,1025.6423742675781,1057.5998103070292,1031.8686766563385,1064.2379188019822,1052.0049629164178,1061.5298484105747,-0.006053463843082474,0.005474886480605187,0.011257796246087142,-0.006053463843082474,-0.0007377917432077608,0.0023121630055984443,0.004635274090773134,17480153.6,0.7647321245506675,0,6.400103329814101,7.8669688933293855,20.08155880472587,0.018834292716047207,0.008153683595799228,0.03329344969190608,-0.0209057199804382,0.03153937410282315,0
2024-03-27,1066.2724609375,1074.8813504721743,1062.1402420015347,1066.223219242338,26907245,46.532216427796705,11.489110662686471,13.71085253246291,-2.221741869776439,1088.0639157687135,1062.7599609375,1037.4560061062864,1062.7599609375,1027.4645080566406,1058.4257770337406,1033.2178446673645,1064.5509252843697,1053.0618146216832,1062.4739445198752,4.6253363100268174e-05,0.005388398086878878,0.011949205233564032,4.6253363100268174e-05,0.0018025763181819254,-0.00018439847009932286,0.0064076669865853475,18431718.8,1.4598337405190882,0,5.771840605694933,7.550748337769846,19.375275032208087,0.018171035773701535,0.007413541954495762,0.031991913845407075,-0.020027734138961795,0.027776074032638435,0
2024-03-28,1075.66845703125,1087.2289654055658,1067.5022626495677,1067.5022626495677,22070566,46.960069082571536,11.524934057794098,13.273668837529149,-1.7487347797350505,1088.530618876439,1064.3882751464844,1040.2459314165299,1064.3882751464844,1029.2315454101563,1060.0679370335033,1034.8825745639874,1066.2613147838897,1054.7363807260956,1063.9152472592662,0.008812002971068766,0.005450278800422752,0.01833901759138874,0.008812002971068766,0.0027515744741284376,0.00811433632663916,0.008625979581103005,19006198.45,1.16122990392116,0,6.04672064845613,7.594173150197776,18.53546970315053,0.017231582447166657,0.014716528490997681,0.03941112109694796,-0.011816077216518703,0.0340520684050976,0
2024-04-01,1081.916015625,1085.162724605495,1076.7998037410025,1078.3740966909645,10848191,59.798992886193645,11.920043283003224,13.002943726623965,-1.0829004436207406,1085.9817224074345,1067.0176818847656,1048.0536413620966,1067.0176818847656,1030.998582763672,1062.1487064231696,1036.7270232330468,1068.6697302979067,1056.7496870149034,1065.008220006653,0.00580807083531365,0.005134130486758349,0.007729732015900881,0.00580807083531365,0.014718186501803121,0.01650027691802003,0.014811831053389346,19162091.4,0.5661277140135133,0,7.143426661847116,7.985073567408108,18.201647740879107,0.01682353110408889,0.018610679542601528,0.04358813012419677,-0.0037438077442238584,0.032309772063664914,0
2024-04-02,1063.7635498046875,1076.7998684057336,1061.845045296533,1076.7998684057336,14380396,51.81433641800237,10.64570089221047,12.531495159741267,-1.8857942675307964,1080.3010737961283,1068.4442993164062,1056.587524836684,1068.4442993164062,1032.4183117675782,1062.3025010309334,1037.7872791770328,1067.9149332989498,1057.2692324067393,1066.8527364012969,-0.016778072935565325,0.006562399812076056,0.014058409043951867,-0.016778072935565325,-0.002352973770518796,-0.008346328776052347,0.0007867929945448715,18833869.0,0.7635391326126353,0,5.61041011592738,7.320825699262286,18.848184451884613,0.017718396588551316,0.0013753603821286269,0.025030438461583298,-0.015308254701005454,0.006791699503657017,1
2024-04-03,1059.827880859375,1066.1739333709988,1054.9577578565486,1057.6634084362693,15477184,50.24622025711682,9.21200946341969,11.867598020476953,-2.6555885570572624,1080.419959481123,1067.9671142578125,1055.514269034502,1067.9671142578125,1034.2965222167968,1062.0668229193564,1038.651616497909,1066.670771385169,1057.4587619217493,1066.8720679228074,-0.0036997591673780805,0.006627728424157466,0.010583016088759114,-0.0036997591673780805,-0.014726262602878237,-0.005998053695117078,-0.0036997591673780805,18862250.1,0.8205375243115878,0,4.467012612327153,6.782939841570396,16.898007493235728,0.015944105451852958,-0.0021080990495749245,0.020388226451586854,-0.019059328218665485,0.0040867394704373035,1
2024-04-04,1061.451416015625,1068.2894057744195,1046.2997470246664,1067.2562910312008,21419689,46.11287738802004,8.113279559157263,11.116734328213015,-3.003454769055752,1079.652696922832,1067.3030029296874,1054.9533089365427,1067.3030029296874,1036.116688232422,1062.0082127380485,1039.5457262829175,1065.8677936360084,1057.7545140768511,1066.2798934802652,0.0015318856821671112,0.0063762531283725376,0.020716594672128982,0.0015318856821671112,-0.01891514619788026,-0.00452140057864403,-0.004704965309394016,19362005.5,1.1062742958109375,0,3.5824357043079544,6.327881615552997,17.30913276862686,0.016307041949786293,-0.0005242866446277468,0.021072367649507102,-0.016858459168474643,0.006159615808620727,1
2024-04-05,1065.9281005859375,1068.4861465296665,1050.235253168432,1052.7441775200211,15340637,49.8568216358417,7.517106698929183,10.396808802356249,-2.879702103427066,1079.3435834931356,1067.0742492675781,1054.8049150420206,1067.0742492675781,1037.7735314941406,1062.3815353902285,1040.5803291967616,1065.8770716283052,1058.359964929376,1065.9971772017411,0.00421751245772195,0.0064904236251684296,0.017122067943608873,0.00421751245772195,0.002034804427776704,-0.009055166005513482,-0.0010143063413365905,19667910.15,0.7799830730872035,0,2.3135983567251515,5.697754632774149,17.063173185174655,0.016007808759141522,0.003338315922825532,0.024359264420020538,-0.01242929787360285,0.010545253805035354,0
2024-04-08,1069.6175537109375,1074.1433454810406,1058.9425557038237,1060.959423288553,8023461,54.836352726277994,7.258670015571624,9.769181044999325,-2.5105110294277004,1077.487460777631,1066.5847717285155,1055.6820826794,1066.5847717285155,1038.9167907714843,1063.0706799922007,1041.7190438835921,1066.4525304102485,1059.193860394677,1065.2669421024464,0.003461258900081532,0.006489951661404413,0.014211425125250757,0.003461258900081532,0.009237040304718613,-0.011367298141859883,0.004945415209009818,18979259.0,0.4227489071095979,0,0.9219735690310245,4.992020650545328,17.006948357007996,0.015900027349031426,0.006158455728253991,0.02678122281737121,-0.00730394306492784,0.013200442879704987,0
2024-04-09,1089.1966552734375,1097.264365851894,1070.7490364796934,1074.340076856861,12298463,64.46547692444415,8.535336898091373,9.522412215617734,-0.9870753175263616,1082.34736020001,1067.5243713378907,1052.7013824757714,1067.5243713378907,1041.039005126953,1065.5588681142233,1043.5809109969193,1069.9516265430468,1061.4162896449554,1065.776662871786,0.018304768367508606,0.008055978897561327,0.024343932056552265,0.018304768367508606,0.02613896297011875,0.02390860776665993,0.015362729889609295,19095985.85,0.6440339397297993,0,3.256367083289888,5.793631819886514,17.242373561815434,0.015830358529228886,0.022183464345848176,0.04371078830192672,0.006328185687228806,0.034668210192557655,0
2024-04-10,1091.5087890625,1098.5435054120717,1087.3273285870816,1093.0337202336968,10598000,64.30573010309192,9.622749408616528,9.542479654217495,0.08026975439903339,1087.0089524616244,1069.0346252441407,1051.060298026657,1069.0346252441407,1042.9959289550782,1068.0302891569163,1045.4604356269422,1073.2681130845012,1063.6453636758847,1066.5953676027439,0.0021227881832615036,0.008053452750339219,0.010275846550556546,0.0021227881832615036,0.02399851215340032,0.029892503089686828,0.023715152555956243,18960367.75,0.5589554031724938,0,5.963466237559942,6.808819129033282,17.094794347701118,0.015661618595287616,0.021982990692255747,0.04404600295365891,0.004139649991552814,0.038483511471020485,0
2024-04-12,1086.58935546875,1093.9191612122947,1078.1280717650227,1085.70384575636,12216657,60.652976425314066,9.972616366266038,9.628506996627204,0.34410936963883465,1089.3903229877064,1070.389910888672,1051.3894987896374,1070.389910888672,1044.7275451660157,1069.7978192818528,1047.073334444268,1075.3175349897704,1065.3449186235043,1067.725670335888,-0.0045070031895715346,0.008219842245081386,0.014532711339197533,-0.0045070031895715346,0.01586716831537638,0.02368260956067636,0.019054130417460735,18481928.85,0.661005520535807,0,7.7896065438042115,7.527608161350599,16.64150468466312,0.01531535773004517,0.015695990292978235,0.03773949705772515,-0.002571133100645368,0.033479368701736865,0
2024-04-15,1060.95947265625,1088.3111913118553,1059.2376948297706,1082.4570746408117,10526597,48.52247137876104,8.088531548996798,9.320511907101123,-1.231980358104325,1089.5098547068724,1070.1144287109375,1050.7190027150027,1070.1144287109375,1045.9367236328126,1068.9560719841763,1047.6178888839536,1073.1086023230748,1065.020070774078,1067.9832264089664,-0.023587459865593297,0.010571708049774444,0.02740302267088055,-0.023587459865593297,-0.02592477903827084,-0.004661316205995747,-0.013674273219459687,17765465.2,0.5925314581686271,0,6.574536593947869,7.037559687192015,17.252916686148005,0.01626161708415976,-0.007480755792970233,0.012735162232204195,-0.02620479468568343,0.009746154694819879,0
2024-04-16,1049.841796875,1057.2699664181264,1045.561852981989,1053.2853525855292,11278092,40.2760999788286,5.633339603640707,8.58307744640904,-2.949737842768334,1090.6676069489345,1069.3002807617188,1047.9329545745031,1069.3002807617188,1046.702177734375,1067.1356648309215,1047.7051009620338,1069.5290937926018,1063.895754188961,1067.445644484786,-0.01047888827781085,0.010635550095504502,0.011152264532606947,-0.01047888827781085,-0.03817375783413335,-0.018488624057568348,-0.029645756497533093,17617798.75,0.6401532995147876,0,4.064984838720875,5.986057078441718,17.29859700338258,0.016477336923405275,-0.01620587571558824,0.0020394058509443005,-0.03743194518093535,0.001821530940662065,1
2024-04-18,1038.4288330078125,1060.66446152718,1033.5094674241825,1056.67972736376,16564216,38.65925928139597,2.735122704299556,7.413486497987144,-4.678363793687588,1093.4197027262733,1068.0753601074218,1042.7310174885704,1068.0753601074218,1047.2984045410155,1064.4016808477684,1047.341325748143,1064.7444382872495,1062.00931558295,1067.480844159881,-0.010871127346196108,0.010870063888216487,0.02615007715487156,-0.010871127346196108,-0.04432265254444834,-0.046610336177427936,-0.02381611665630634,15136372.85,1.0943319224592172,0,-1.1571872664549119,3.760414751223607,18.30003977975954,0.01762281554408829,-0.024401359286908654,-0.008509635322528701,-0.050292554250988455,-0.00412588137170768,1
2024-04-19,1050.03857421875,1054.7119714804403,1031.19738018549,1035.9691407376135,11284433,43.947200259247055,1.3594036609097202,6.202669930571659,-4.843266269661939,1093.9395985972328,1067.389111328125,1040.838624059017,1067.389111328125,1048.1494567871093,1063.033765930719,1047.4471001979707,1062.4819976613264,1061.1225940004167,1066.9335872001138,0.011180102903450617,0.011411674819093238,0.022394026155130264,0.011180102903450617,-0.010293417155848639,-0.03799347770655048,-0.009236694766594722,15262122.5,0.7393750770903589,0,-4.996523226197269,1.986664571028541,19.06957426721031,0.018160832121237508,-0.012224627409263274,0.00247408582284441,-0.04013112281041608,0.008838978442071398,1
2024-04-22,1069.125732421875,1071.1426002239434,1053.088552786897,1061.4023525762484,10346714,47.72495746870001,1.7886916327379367,5.319874271004915,-3.531182638266978,1094.0796305245296,1067.5219421386719,1040.964253752814,1067.5219421386719,1049.39208984375,1063.613953215591,1048.2972426381239,1063.5041107014108,1061.7154190686729,1066.9451570072029,0.018177578111667314,0.01227514204493846,0.01688673922023074,0.018177578111667314,0.018368420465137092,-0.016071962198949796,0.00723002135609474,14944022.45,0.6923647254022962,0,-6.183866066261771,1.2239081938557774,19.08011151986229,0.017846461778298413,0.005182123823799441,0.01986887777300127,-0.022808118720472944,0.02705326198045229,1
2024-04-23,1072.6676025390625,1082.2603648639931,1065.239312903183,1082.2603648639931,9848215,46.72246106778821,2.3871867581026436,4.7333367684244605,-2.346150010321817,1094.459880081326,1067.8048034667968,1041.1497268522676,1067.8048034667968,1050.64849609375,1064.476205532112,1049.252943026396,1064.913878676434,1062.5266919183314,1067.4032984002815,0.0033128658396091026,0.012196470674957388,0.01586796498796123,0.0033128658396091026,0.03297170537154415,0.011035416700224898,0.006322660927524426,14500170.65,0.6791792481421589,0,-4.479866452064243,1.6350541424424136,19.617738976045512,0.018288740080906012,0.007695237304863645,0.02231555285909497,-0.01991144484953087,0.030272183600416107,1
2024-04-24,1079.062744140625,1080.686158658188,1071.4377281688085,1074.635315511828,5461309,55.914769107340895,3.339042533848442,4.454477921509257,-1.1154353876608152,1095.6029694617207,1068.5402465820312,1041.4775237023416,1068.5402465820312,1052.1164343261719,1065.8653996853038,1050.4219548347971,1067.0906272093866,1063.7515846755382,1067.4459866981606,0.00596190430886967,0.011353204175666841,0.008570799556929541,0.00596190430886967,0.02764105113325921,0.027833667275017238,0.008830437007057546,13773605.75,0.39650539583652594,0,-1.2702651456177136,2.716853872763295,18.844700416110705,0.01746395241466592,0.012381811492537125,0.027265985039633227,-0.01509691538096329,0.03608836444657196,1
2024-04-25,1095.78857421875,1107.4966871577883,1072.3723483406734,1072.4215900322672,19905338,62.65147064381251,5.381000967985528,4.639782530804512,0.7412184371810167,1099.3489390201298,1069.6938354492188,1040.0387318783078,1069.6938354492188,1054.5652941894532,1068.7152258313463,1052.2010379478934,1071.505695980058,1066.1246950120724,1069.0351455008863,0.01550033134676121,0.011878839425138019,0.03205393781565668,0.01550033134676121,0.024938920641706108,0.05523704599456747,0.006052092533884723,13908151.9,1.4311993529492584,0,4.313544983577913,4.859712199750447,20.552426366301038,0.01875583196416702,0.025332612217949396,0.041425102902260334,-0.0032386121230564328,0.053603621318754284,1
2024-04-26,1090.032958984375,1101.9377986819404,1084.9659888361691,1094.2144193811591,14190059,59.77128825425548,6.460366606029083,5.003899345849426,1.4564672601796573,1101.8360999823576,1070.884326171875,1039.9325523613925,1070.884326171875,1056.4779431152344,1070.7454861316348,1053.684642694422,1074.3560441345683,1067.8956775285392,1070.3742553329018,-0.005252486994106964,0.012056316946105875,0.015569996949068937,-0.005252486994106964,0.016188944649962123,0.03808849098270661,-0.0013521009568714382,13949273.1,1.0172615374488583,0,7.711720200915806,6.237542496451397,20.1940085874452,0.018526053199584648,0.018013125530345696,0.03449638992270501,-0.010712247491411472,0.04817659232727995,1
2024-04-29,1141.4403076171875,1144.6870165205935,1090.032942347235,1090.1313056288498,28578063,69.5441810031607,11.333272149495087,6.269773906578559,5.063498242916529,1118.7118636795656,1074.6427185058594,1030.5735733321533,1074.6427185058594,1059.7060314941407,1077.478326273116,1057.1260413188443,1084.6767000549712,1073.3434279054761,1076.2261359961892,0.047161279123808075,0.0170864735722856,0.04788167529097658,0.047161279123808075,0.05780716998643154,0.06763898108737809,0.05047992774121646,14032814.0,2.0365169095806444,1,13.864373057524972,8.82879868072041,22.794235788311216,0.019969713384220062,0.05936266167442022,0.07975800708982142,0.020316620101681587,0.10757769959748613,0
2024-04-30,1131.8475341796875,1150.688726332458,1128.2563736745783,1141.2434493596547,29568491,65.62886668735031,14.256686051504175,7.867156335563683,6.389529715940492,1128.4180384737647,1077.4516723632812,1026.4853062527977,1077.4516723632812,1062.275908203125,1082.6563460737418,1060.0562959408383,1091.9337514587737,1077.6770654072695,1082.411311856594,-0.008404095574235826,0.017460698811617277,0.019819235347928364,-0.008404095574235826,0.03290685886795819,0.055170801747477904,0.06681505123467169,14407710.25,2.052268576125759,1,18.180140541629726,10.803352914442257,23.310775994072838,0.020595332224642295,0.045435643807324226,0.06772398646539043,0.003039206738099794,0.10264367866259713,0
2024-05-02,1121.0740966796875,1136.8653071432534,1114.9741318218018,1124.5668940413143,25118334,58.37641183950033,15.525221176422974,9.398769303735541,6.126451872687433,1133.9792374120402,1079.4095764160156,1024.839915419991,1079.4095764160156,1064.573250732422,1086.3151794647843,1062.4491508717736,1096.4168814927605,1080.8916603163375,1085.9309381936985,-0.009518452949414336,0.017313025646462622,0.019526965600478313,-0.009518452949414336,0.028477246893740427,0.03893318786807032,0.06785050854016328,15121217.4,1.661131728719144,1,20.449779779480423,12.02719603697642,22.89965907839392,0.020426534826035497,0.0319970832332736,0.05517906034355649,-0.011380403014965904,0.09390167167743325,0
2024-05-03,1123.63232421875,1138.7347523146343,1117.1386656639672,1122.8944193922243,19933604,58.43017482082883,16.546237261154374,10.828262895219307,5.717974365935067,1139.8512385947704,1082.4030151367188,1024.954791678667,1082.4030151367188,1067.0408068847655,1089.8691932508762,1064.8484910030277,1100.6038726813742,1084.0576354202199,1089.4188830548844,0.0022819433136840317,0.01731302343449838,0.019219887311165255,0.0022819433136840317,-0.015601326919681413,0.025409783105150074,0.08205039045780849,15398877.8,1.2944841993615923,0,21.153967419529863,12.647453055134292,23.641081208799424,0.021039872829608054,0.03097906719169182,0.05520394094783498,-0.0142289746476175,0.09627500972844782,0
2024-05-06,1127.813720703125,1139.767682131019,1119.7458896646774,1123.1403237344898,14970524,60.86057454822376,17.491176223601542,12.160845560895755,5.330330662705787,1145.6227561396008,1085.8023071289062,1025.9818581182117,1085.8023071289062,1069.462119140625,1093.482957770138,1067.3177156971492,1104.7900031462589,1087.2988269226573,1092.8161290913827,0.00372132092878541,0.017206753205276346,0.01775274772668947,0.00372132092878541,-0.0035639194809803376,0.03466020124194391,0.07406884698711313,15373544.8,0.9737847838450374,0,22.737471638503166,13.633073002727087,23.943274281590107,0.02122981290444214,0.031395791483568504,0.05668040932540982,-0.01554528778433735,0.099253083062976,0
2024-05-07,1113.6458740234375,1134.1596020771042,1108.1362092373274,1129.4369636309043,15097728,64.77241067730884,16.90198477843728,13.10907340440406,3.7929113740332205,1148.3135181336627,1088.4120300292968,1028.510541924931,1088.4120300292968,1071.1966870117187,1095.4032355085474,1069.1345062197488,1106.152444819671,1089.2504600412337,1096.5391112746652,-0.012562222306405912,0.01612447212670698,0.023367745031693154,-0.012562222306405912,-0.006625987236927866,-0.02435031723364689,0.04164163320689296,15057446.75,1.0026751713400548,0,17.924909235431414,12.008464900904528,23.72540973571097,0.021304267621442875,0.016653811056547483,0.04163308502788131,-0.030190051377754396,0.0827753616790059,0
2024-05-08,1104.8895263671875,1113.7443845482246,1098.0516561458446,1108.3823240237211,19913090,65.64160800715361,15.549240274423255,13.5971067784079,1.952133496015355,1149.7144794812014,1090.3601013183593,1031.0057231555172,1090.3601013183593,1072.6577416992188,1096.306691780799,1070.5366638725895,1105.958149673135,1090.4089093987118,1098.882514647769,-0.007862775645739672,0.015963284983188365,0.014202984124554766,-0.007862775645739672,-0.016680543490589006,-0.023817702471771507,0.030039057534555935,15286069.4,1.3026952500948348,0,13.650345707057113,10.480367931751289,23.74648893057661,0.021492183936844513,0.007828862717646046,0.03208938437505628,-0.03898789996472926,0.07166187495597988,0
2024-05-09,1097.7071533203125,1110.6451084134285,1092.0991247743116,1102.4790338657724,12229853,67.25864944052475,13.739245559283518,13.625534534583025,0.11371102470049266,1150.377046463584,1091.764581298828,1033.152116134072,1091.764581298828,1073.9121826171875,1096.4400690702764,1071.6021732626964,1104.6887656188546,1090.9495200595711,1099.743228252355,-0.006500535008681085,0.015695349870172123,0.016895201587253543,-0.006500535008681085,-0.02669462769440578,-0.02084335319902708,0.01727833648314503,15496389.0,0.7892066338809641,0,10.124889605492172,9.153022390922843,23.131559611727994,0.021072614441620726,0.0011556347544927818,0.02436070092890399,-0.045784895748038436,0.062483574468973166,0
2024-05-10,1099.035400390625,1110.694271608054,1094.1160353113987,1099.9700317150034,8573656,65.17365427013492,12.270542964036167,13.354536220473655,-1.0839932564374877,1150.943342353733,1092.2565185546875,1033.569694755642,1092.2565185546875,1074.9816528320312,1096.687243481738,1072.6779860912425,1103.8190171222038,1091.5484741581677,1100.348875560751,0.001210019508659288,0.015574403475943587,0.015084351505659283,0.001210019508659288,-0.01311949693669412,-0.021890544885514007,0.002963004222041432,15310148.65,0.5599982205267484,0,6.8180502308619,7.829495088214799,22.636105683278338,0.02059633900348696,0.0021411363384077242,0.02457159990336611,-0.04510034512815706,0.06333942061881022,0
2024-05-13,1109.808837890625,1112.4161255815404,1088.8522931770124,1094.4604418124766,9707983,63.28298746454825,11.839434315747894,13.051515839528504,-1.2120815237806095,1152.3776032610233,1093.1715209960937,1033.965438731164,1093.1715209960937,1076.2941381835938,1097.9369191397273,1074.1340979265124,1104.7405280096532,1092.9010936939053,1100.7290320337802,0.009802630102880183,0.015116131950901234,0.021232334434563533,0.009802630102880183,0.004452310756906108,-0.01596441192546849,0.018142459586429238,15265647.8,0.6359365240956234,0,4.453961369589251,6.816382229363171,22.81180614037367,0.020554716597618084,0.01081293336979671,0.033212557010319714,-0.03693994507523946,0.07335196740476403,0
2024-05-14,1102.47900390625,1109.7104468669584,1100.5112577889583,1107.7427007496667,8944262,59.498441526720406,10.782032700064747,12.597619211635752,-1.8155865115710057,1153.226607408421,1093.9660034179688,1034.7053994275166,1093.9660034179688,1077.5997412109375,1098.3694986413009,1075.2456628668942,1104.3926012245142,1093.6105685244495,1101.4199746857025,-0.00660459147028114,0.015320000108469007,0.008344094577226322,-0.00660459147028114,0.00434710712370201,-0.010027307942015007,-0.03413345704627435,15102028.05,0.5922556871426284,0,2.966263132753511,6.111156647145435,22.260129579006275,0.020190978240978073,0.0037414597455889286,0.02532755255830965,-0.044004884361984214,0.06550038737232,0
2024-05-15,1106.2176513671875,1109.612085486358,1095.5426526828924,1104.003936981434,10743423,58.80102010538135,10.128951656740583,12.103885700656718,-1.9749340439161358,1153.6092643873892,1096.2289123535156,1038.848560319642,1096.2289123535156,1078.86205078125,1099.116941758052,1076.4602506512194,1104.673378169541,1094.5444265128003,1102.6158102124843,0.003391128037532498,0.015285087868027966,0.012718503258447386,0.003391128037532498,0.006535049711783314,0.0012020432525654545,-0.022644289127753736,15112869.35,0.7108791025180139,0,2.810249977253079,5.923586778629897,22.60448688715527,0.020434032000138595,0.006460376816481251,0.027643752472946318,-0.04108116541987765,0.06484977081434924,0
2024-05-16,1112.8096923828125,1118.2209943092364,1094.8540087178606,1114.7281968433217,14265565,55.90446952213589,10.027709647898291,11.688650490105035,-1.6609408422067435,1152.815530760945,1099.3773071289063,1045.9390834968676,1099.3773071289063,1080.5316870117188,1100.4210132461244,1077.8857189544192,1105.9251188177366,1095.8974091698383,1104.8079042659851,0.005959081386450293,0.01483738281194607,0.02099818661836159,0.005959081386450293,0.002703938182625265,0.013758258764023035,-0.007371862681826213,15262243.0,0.9346964925142393,0,3.9809441758479807,6.283545691722793,21.764675942459625,0.019558309108411737,0.01125812665112857,0.03240044172982512,-0.03470272329843232,0.0639335597464985,0
2024-05-17,1112.2684326171875,1125.5507181902365,1102.528065843281,1112.8096108108375,8641784,58.00279247385241,9.790935675075616,11.309107527099151,-1.518171852023535,1148.35936522262,1103.069287109375,1057.77920899613,1103.069287109375,1082.072431640625,1101.5493389005114,1079.2340606666846,1106.9010132484213,1097.1100775733457,1108.4355561786506,-0.0004863902330559666,0.014732211448500003,0.02069882743393409,-0.0004863902330559666,0.008879469519375904,0.012040587793495261,-0.010113532119560231,14866121.4,0.5813072399637473,0,4.862095418773379,6.556074575442153,22.196878978258496,0.019956404701721907,0.009730924742213645,0.03060908949639364,-0.03142825643124001,0.05151285179141477,0
2024-05-21,1102.8724365234375,1115.5153011731006,1098.2482812745363,1104.1022778238569,10452900,30.10157424971848,8.744313236752078,10.796148669029737,-2.0518354322776595,1143.5231739521053,1105.7109802246093,1067.8987864971134,1105.7109802246093,1082.7424487304688,1101.6753481979329,1080.1610557983222,1106.2812322138084,1097.5369189770563,1110.735989509637,-0.008447597556680675,0.006902000212008252,0.015656407148042218,-0.008447597556680675,-0.003024011449840436,-0.006250086618855288,-0.022114719586970533,14824544.75,0.7051076560040739,0,3.738429058205611,6.026957871809827,19.526375101487474,0.017705016876693437,0.0010866071637735894,0.021025920720989005,-0.035548678290598726,0.0327499670086184,0
2024-05-22,1093.1812744140625,1107.742642963088,1080.3909253188892,1106.857133236162,17527411,30.071044962426456,7.051575451713688,10.047234025566528,-2.9956585738528396,1141.1911065728696,1106.9137573242188,1072.636408075568,1106.9137573242188,1083.1114013671875,1100.8663887899452,1080.6716526067826,1104.2658540907705,1097.2142786390568,1111.3338148426465,-0.008787201301289405,0.006928217483672287,0.025020294698021674,-0.008787201301289405,-0.017638611618057132,-0.00843347533988792,-0.018376218227648455,15183579.6,1.1543661943854135,0,2.4968901486442974,5.425989739888337,19.877758314795983,0.018183405424183032,-0.006980969220370178,0.011575784168210923,-0.04206993191787675,0.01915361643872819,0
2024-05-23,1116.2039794921875,1118.663662126591,1093.4765359706398,1097.5596331640877,13787687,47.77130765294608,7.481565621215395,9.534100344696302,-2.052534723480907,1139.5249317386822,1109.090576171875,1078.6562206050678,1109.090576171875,1084.0254174804688,1102.3271117139682,1082.0650771905239,1106.1024887679116,1098.6209231466962,1112.464097874097,0.021060281233288514,0.009031720555874362,0.02256498509117471,0.021060281233288514,0.0035383067248790923,0.009027453243634076,0.010240347885458911,15380553.2,0.8964363518472145,0,3.2101699559161716,5.60482653930444,20.134273485587187,0.0180381667289407,0.012588702237979692,0.031549768143614744,-0.020465504173666205,0.034809755109980675,0
2024-05-24,1113.695068359375,1116.6959292495774,1106.0209305101291,1111.7765639224867,6312670,45.450399597608005,7.5330514400457105,9.133890563766183,-1.6008391237204727,1137.808536890284,1110.8221923828125,1083.8358478753412,1110.8221923828125,1084.7111767578126,1103.409774251626,1083.3054690010672,1107.2705779358291,1099.7375264957834,1113.0841984880867,-0.002247717423435436,0.009014262300657943,0.009585207874875469,-0.002247717423435436,0.0098131311269809,0.0007956220929983271,0.014564827231655197,15423121.25,0.40929912289965303,0,2.988761005501601,5.419750046648005,19.354195777642985,0.01737836175045146,0.009321373027282516,0.028052659409474344,-0.021192905264019922,0.027549578234164582,0
2024-05-27,1111.579833984375,1129.2895491082788,1103.4628812192525,1113.6459433951586,11599857,42.42427004388623,7.3188059469348445,8.770873640399916,-1.4520676934650716,1137.6536018710515,1111.6117553710938,1085.569908871136,1111.6117553710938,1085.5346801757812,1104.1878751785543,1084.4142676278636,1107.933540404836,1100.6147344579012,1114.5554322821872,-0.0018992940124230584,0.008931940648688108,0.02323419973934987,-0.0018992940124230584,0.01683029155450355,-0.0006190939278859497,0.011414039610818216,15007847.2,0.772919449766253,0,2.6385362780429205,5.18020696117901,19.768829736406182,0.017784444384481398,0.006694475615959215,0.025050911969219606,-0.02291889890191007,0.02395969610127294,1
2024-05-28,1108.775634765625,1116.8925870555686,1106.8571304468578,1114.23617798317,9311718,47.457601196992734,6.843847791612234,8.38546847064238,-1.5416206790301459,1136.5934930418118,1112.5488891601562,1088.5042852785007,1112.5488891601562,1086.4841186523438,1104.6248046630374,1085.3696153587562,1108.063093383419,1101.2192455918068,1115.507250794931,-0.00252271508803692,0.008313719001821578,0.009050935368752117,-0.00252271508803692,-0.0066550064889949745,0.005352566667452541,-0.0009309739567074926,14763930.15,0.6307072646235732,0,2.949456465104504,5.208559560433969,18.626834291330038,0.016799462133984765,0.003757683228789917,0.02156502179133903,-0.024474764677509454,0.018623123272259578,0
2024-05-29,1084.2281494140625,1105.4306626270395,1080.7845935856149,1097.067741329381,19268547,40.74074884517841,4.4355330516580125,7.595481386845506,-3.1599483351874937,1132.8575341156131,1109.68828125,1086.519028384387,1109.68828125,1086.9790087890624,1102.682266067897,1085.324851988376,1104.396178926595,1099.960645874937,1112.8112361689712,-0.022139271987836717,0.010016416774754571,0.02273144176780861,-0.022139271987836717,-0.026458695726040427,-0.00818997288880452,-0.016554378294300398,14298454.35,1.3475964973794528,0,1.815877277951813,4.653199381593367,19.505285204017905,0.017990019180519276,-0.01673566105278979,-0.0010104832413117782,-0.042926302061021375,-0.002108457293868942,0
2024-05-30,1095.7393798828125,1102.9217012680538,1079.2103845207205,1079.308747806472,15255387,49.1510928363189,3.4164041839401307,6.759665946264431,-3.3432617623243006,1129.3462682770946,1107.8828735351562,1086.4194787932179,1107.8828735351562,1087.5644140625,1102.0210388121748,1085.7332648469815,1103.06436368909,1099.6479595051499,1109.0522604957157,0.010616981744083098,0.010371340995267249,0.021639558806282176,0.010616981744083098,-0.014250397153017458,-0.018334103788704703,-0.009472160809787078,13582799.15,1.1231401444966518,0,-0.3060729017934136,3.668187656457576,19.874237568890504,0.018137741449993354,-0.005700126139273184,0.009215997482808323,-0.02975782480385935,0.00857854748696798,0
2024-05-31,1102.970947265625,1112.366862972861,1093.328943190512,1099.970086377496,26197718,51.615528313837416,3.1558851849672465,6.0389097940049945,-2.883024609037748,1127.609575390683,1106.977716064453,1086.3458567382231,1106.977716064453,1088.301337890625,1102.111506283932,1086.4092523928105,1103.049991931634,1099.8941067466667,1107.0555386763976,0.00659971478216459,0.010521777026836761,0.017260581368481135,0.00659971478216459,-0.0052352228151433255,-0.009629315418939632,-0.008841354622029063,13636768.35,1.921108970073544,1,-1.2982679676940734,3.1037833917432636,20.049929246440065,0.01817811184976888,0.0007798130922259471,0.015244434669842419,-0.021850318286381527,0.01530368107383322,0
2024-06-03,1141.292724609375,1154.0830741093075,1117.974981638635,1151.1314549939386,25699977,60.540158824087115,5.972818233877888,6.025691481979574,-0.05287324810168581,1132.5972381684894,1107.8607360839844,1083.1242339994794,1107.8607360839844,1089.8686474609376,1105.843050886355,1088.561545420911,1108.9334892666711,1102.9606710327932,1108.4992422408766,0.03474414030465045,0.013841207368516928,0.03163788894127148,0.03474414030465045,0.05263151969089841,0.026730325359084928,0.0260946828490789,13925087.0,1.8455882537753625,1,1.6551757078007086,4.147277793047351,22.017664563522526,0.019291864469790965,0.03205669529198228,0.04844115558764718,0.007677474523023704,0.05370435706632295,0
2024-06-04,1054.170654296875,1140.702354777864,1036.5594240710273,1139.2265453107807,43476837,39.45896705111472,1.1618420138347574,5.0529215883506104,-3.891079574515853,1137.0093682798638,1104.1785827636718,1071.3477972474798,1104.1785827636718,1089.6767895507812,1100.9218702587855,1087.21288302389,1100.5084377328562,1099.3465957190215,1103.053910122764,-0.07633630569433347,0.025142762962362133,0.09879133922230021,-0.07633630569433347,-0.037936690374661186,-0.04924799820325465,-0.04415903472942362,15350402.65,2.832292936628604,1,-3.7029344042518915,1.843267665133908,28.834501737571177,0.027352783555527452,-0.04246551660466243,-0.030391682478149048,-0.07285666793433038,-0.016033208818589544,1
2024-06-05,1090.7708740234375,1105.1353964425034,1034.0998107211954,1067.5022525173526,42172104,47.05220765279879,0.2989939334263454,4.102136057365757,-3.803142123939412,1136.0700963379804,1103.0348327636718,1069.9995691893632,1103.0348327636718,1090.1628247070312,1099.955108712562,1087.352412082696,1099.0103510083304,1098.711357074904,1099.0185474354334,0.034719444690835655,0.027065634605580736,0.06512420473722853,0.034719444690835655,-0.011061101176266463,0.006034453738275269,-0.0022049411630444826,16704121.45,2.5246526209853437,1,-2.7271573553350663,2.0275600943200516,32.90351266027421,0.030165375189113466,-0.00834964501403523,0.0031438399388785516,-0.03987361559868611,0.019412442240337266,0
2024-06-06,1092.49267578125,1099.970087057546,1078.9151794387894,1099.970087057546,18574162,46.04935780731134,-0.24308227348910805,3.233092391194784,-3.4761746646838922,1135.767411838308,1102.414990234375,1069.062568630442,1102.414990234375,1090.672470703125,1099.2444008143418,1087.5539910512668,1098.0076317426258,1098.250714016115,1098.1491748648184,0.0015785182743845994,0.02700855324957708,0.01927235585693969,0.0015785182743845994,-0.04275857348063583,-0.002963025844621714,-0.021242805209962468,16637175.05,1.1164252310971507,0,-2.7766379978329496,1.8207262042853927,32.738364233658544,0.029966667017009598,-0.006142150943038696,0.004541093840508323,-0.03810175886893527,0.021916497535615632,0
2024-06-07,1103.6103515625,1110.104009770429,1085.8022733872265,1092.4926581643756,17197635,48.382948861815045,0.2218644332549502,2.6308467996068177,-2.4089823663518675,1135.9915560515742,1102.7101501464845,1069.4287442413947,1102.7101501464845,1091.4576000976563,1099.6602056474999,1088.1836522477859,1098.869588637991,1098.647724204736,1098.162746967946,0.01017643049487682,0.02717301206702457,0.022020214243909493,0.01017643049487682,0.04689914015734109,0.0005797109148342194,-0.009055186723356146,16885564.15,1.0184815175393473,0,-2.4513006364320518,1.7743998549753996,32.82972737910476,0.029747571081246364,0.003592151370681095,0.014176558600975372,-0.028504793294083338,0.03196249166217446,0
2024-06-10,1105.676513671875,1114.9248236920885,1097.1167466019742,1098.0022563128855,10851455,50.53845407353129,0.7484325975972297,2.2543639592049005,-1.5059313616076708,1136.3017504093145,1103.0422058105469,1069.7826612117792,1103.0422058105469,1092.1167944335937,1100.2331873641072,1088.8696468134365,1099.916807873973,1099.1683752763759,1098.3312326711105,0.0018721844231071039,0.02707202984881392,0.016106046271142045,0.0018721844231071039,0.013665234380027202,-0.03120690263726178,-0.0053107479391201196,16999454.1,0.6383413806211576,0,-5.609863522247906,0.3081013925254865,32.868374321358324,0.029726935423639175,0.004947429663350496,0.015435150486216244,-0.0269516761075197,0.033552471694986714,0
2024-06-11,1100.1668701171875,1110.8419895056586,1093.0830317236544,1101.6919214874545,12250002,51.363305437974915,0.7129411311370859,1.9460793935913376,-1.2331382624542517,1135.6859252314355,1102.560107421875,1069.4342896123146,1102.560107421875,1092.7956689453124,1100.226871435829,1089.3126751782895,1099.9552789883137,1099.2423378571766,1098.2877465690133,-0.004983051992657694,0.026990274553872987,0.016142058322582097,-0.004983051992657694,0.007024481267528415,0.04363260885021658,-0.007764207995296757,17126555.05,0.7152636338269324,0,-0.6949988229564497,2.099792154399438,32.18317718834443,0.02925299612495725,-5.4535405559784085e-05,0.009964260203913873,-0.031275420717228435,0.028737231266461345,1
2024-06-12,1101.4951171875,1115.1217348604168,1094.0668276461688,1102.9216850641683,16096514,46.86386528376039,0.7829667726402931,1.713456869401129,-0.9304900967608358,1135.640160145989,1102.5109130859375,1069.381666025886,1102.5109130859375,1093.5001220703125,1100.3476567455118,1089.7904180021803,1100.192177172804,1099.4092104001636,1098.3784104396882,0.0012073141869568538,0.026358212221914843,0.01911484389327892,0.0012073141869568538,-0.0019166496327306382,0.009831801911344362,0.01592558520341769,17484167.65,0.9206337025714805,0,0.3925480329498896,2.4380059194843398,31.866928581324405,0.028930612659175244,0.0010428162726151663,0.010740321250738186,-0.03006678009176748,0.030029924938732407,1
2024-06-13,1089.49169921875,1105.0860616284854,1087.1796217809997,1104.1021886675976,12494254,45.04030809653931,-0.12863014702384135,1.345039466116135,-1.4736696131399762,1135.2513005235332,1101.6746154785155,1068.0979304334978,1101.6746154785155,1093.7765869140626,1099.3137560286773,1089.7787035400852,1098.5459497952572,1098.674579942281,1098.0544153038365,-0.010897386453603941,0.026500410356063073,0.016435590890987034,-0.010897386453603941,-0.01463792913478501,-0.0027469077175771295,-0.005701794403638827,17571709.2,0.7110437498020967,0,0.06935521433547365,2.2247124888183407,32.383460089041364,0.029723457381330042,-0.008934716550268534,-0.0002633601853320052,-0.04030790476406476,0.020029782078661375,1
2024-06-14,1087.8192138671875,1096.0345294527124,1081.719129164698,1096.0345294527124,11377979,45.12218409233636,-0.974796022133205,0.8810723684662669,-1.855868390599472,1134.1168099283484,1100.4250915527343,1066.7333731771203,1100.4250915527343,1093.8946508789063,1098.219037727583,1089.7018608078147,1096.8956827294003,1097.8704787515335,1097.3105405272352,-0.0015351060983409548,0.026499884835119874,0.013159723698134819,-0.0015351060983409548,-0.011223439448494577,-0.014308616870941204,-0.013737200817483197,17427329.9,0.6528813688205903,0,-1.4411679199167793,1.5182085600288246,31.561226688969082,0.029013301370886074,-0.009469717336092393,-0.0017276715846218196,-0.04082259927360208,0.019766739487362184,1
2024-06-18,1104.7418212890625,1116.7451444635597,1083.4409459075025,1095.9853271941342,18306176,49.2172714288083,-0.2766861182985849,0.6495206711132966,-0.9262067894118815,1133.3493486147022,1100.048760986328,1066.7481733579539,1100.048760986328,1094.7142163085937,1098.8402552096286,1090.2916631796284,1098.1027809693483,1098.3794670876468,1097.1425904025566,0.01555645203371192,0.026868782078250553,0.0301465898314561,0.01555645203371192,0.002947542890478161,-0.0008453579064535699,-0.032025879541835,17910549.5,1.0220890207751583,0,-1.392932154478558,1.4220163661918832,33.22327968520811,0.03007334297025317,0.00537072249715501,0.013253479410539564,-0.02524157918351195,0.03561632340228027,1
2024-06-19,1125.993408203125,1146.75322461017,1107.9886043418487,1109.75950368303,34309514,58.20921020113874,1.9687024903096244,0.9133570349525622,1.0553454553570623,1136.4657496627774,1101.2048095703126,1065.9438694778478,1101.2048095703126,1096.0375268554687,1101.426269780438,1091.6917316119225,1102.3936466976215,1100.424944207312,1099.5859594388762,0.019236699928011358,0.026509437092478334,0.0344270401459831,0.019236699928011358,0.03350343009547441,0.023475109810556782,0.06813199894485322,19103380.2,1.7959917899765194,1,1.1993983446088805,2.379056433632968,34.22473412385792,0.03039514607680892,0.022304841546574326,0.0314206617105681,-0.009214832442385393,0.056334616150747654,1
2024-06-20,1138.144287109375,1141.2926325377728,1117.1877450402078,1135.4386364718932,15475933,58.314030993837136,4.674775615042108,1.6656407509704714,3.009134864071637,1142.1281263589601,1103.4529602050782,1064.7777940511962,1103.4529602050782,1097.5713842773437,1104.9232238117652,1093.51340045496,1107.8937452225068,1103.2189696074647,1101.182655788203,0.01079125225576627,0.026513309434469605,0.021179113905483667,0.01079125225576627,0.046262350030831234,0.033272203707496395,0.04343113133484677,19000806.3,0.8144882251654763,0,4.57556706625337,3.722982452779661,34.25284632030304,0.03009534617732643,0.03006639971146933,0.04081421099718227,-0.0034880843555489443,0.06890310210080433,1
2024-06-21,1139.9644775390625,1151.033048809149,1132.0934935247788,1144.7854792681485,69259425,57.410302744284884,6.886844956559116,2.709881592088201,4.176963364470915,1146.3092858386722,1104.6409851074218,1062.9726843761714,1104.6409851074218,1099.0521118164063,1108.2604860715078,1095.3350113210033,1112.8277040404384,1105.9408590838793,1107.258294438001,0.0015992615789606202,0.026495518166326497,0.016614162684487052,0.0015992615789606202,0.03188315638209538,0.046326904882804776,0.04345274143267375,21774393.2,3.1807740571158605,1,8.946730042830495,5.556307780918132,34.245820284733135,0.030041129315417334,0.028606985330621174,0.04074503759743318,-0.00553498813801166,0.07243064125215541,1
2024-06-24,1151.229736328125,1156.6902793435293,1134.0612010698649,1136.0289470067053,12210295,52.23251211640525,9.440118276173507,4.055928928905262,5.384189347268245,1153.005447185445,1106.5177185058594,1060.0299898262738,1106.5177185058594,1100.68435546875,1112.352795619757,1097.5269613212827,1118.7357090077749,1109.2955907316014,1108.2969601792975,0.009882113882514698,0.024971549188241137,0.019656440030675702,0.009882113882514698,0.02241250076700929,0.05829141612190658,0.043148729710812406,22069274.45,0.553271247211301,0,14.13375789217389,7.825100513467987,32.211316815446125,0.027979920774271257,0.0349501892398332,0.04893071140793756,-0.001540071524947848,0.08603506257101062,1
2024-06-25,1178.630615234375,1186.5508409447048,1148.819335321402,1151.3773811074136,27309845,88.217513599098,13.518791493165736,5.948501441757356,7.57029005140838,1166.4669319315744,1109.8702575683594,1053.2735832051444,1109.8702575683594,1102.4730346679687,1118.6649689163874,1100.707496768855,1127.9503099657134,1114.4315184725476,1111.898720521292,0.023801399530944956,0.012233180295601585,0.03201300317131147,0.023801399530944956,0.035572228041337306,0.06688331383987589,0.06598141559525805,22854773.85,1.1949295661046324,0,19.824713706758757,10.415833589226622,27.425474321514344,0.02326893088218372,0.0536046519594462,0.07079366561440222,0.010427799511348763,0.11901659172706604,0
2024-06-26,1198.357421875,1203.1291823342124,1174.59686276576,1182.6154524579229,25403461,86.85540087899405,18.133921278458274,8.38558540909754,9.748335869360734,1183.3919075223453,1114.349346923828,1045.306786325311,1114.349346923828,1104.6100073242187,1126.254726341017,1104.5369055965468,1138.7821733363728,1120.6482520579145,1116.2213191042238,0.016737056025565966,0.009951235109456086,0.02380952380952374,0.016737056025565966,0.05122347712272157,0.06426681821108926,0.08925059863632634,23659361.0,1.0737171219459394,0,24.82845656057907,12.845173984624353,24.389526739167504,0.02035246437661865,0.06401988275621331,0.08494104253382267,0.012646287554887772,0.14641695390472484,0
2024-06-27,1200.2266845703125,1215.083142699582,1189.6008082372057,1208.5403632954783,20516632,86.86866745816042,21.69222430213449,11.04691318770493,10.64531111442956,1197.5239664713115,1120.1492736816406,1042.7745808919697,1120.1492736816406,1106.88275390625,1133.2996747438071,1108.2894459484594,1148.2351750646712,1126.5429507625367,1120.9739974307693,0.00155985406456427,0.009951987834712225,0.021231268051250703,0.00155985406456427,0.042560530445004296,0.054547036051652675,0.08963413985429969,23721765.25,0.8648863937307533,0,28.376450932041962,14.776045493499396,24.70577151371177,0.020584254484024046,0.05905499782450288,0.08295417677931097,0.002256921927804901,0.15099342328009308,0
2024-06-28,1180.254150390625,1207.2122974343558,1177.0565628057336,1207.2122974343558,12507092,74.7301942916202,22.63961312626884,13.365453175417713,9.274159950851129,1205.287077038503,1124.3750122070312,1043.4629473755595,1124.3750122070312,1109.2686474609375,1137.7715295673138,1111.1115912207013,1153.161171268664,1130.5215581423952,1123.6727652583343,-0.016640635003743243,0.01168000465557541,0.025550204266294396,-0.016640635003743243,0.0013774758056213088,0.035342919578107646,0.08330715253448817,23584350.5,0.5303131837359694,0,29.511043495806007,15.776579899697936,25.123914245527462,0.021286867948917848,0.03733844600547092,0.06222827636417833,-0.020769264953363703,0.13109349340972062,1
2024-07-01,1192.3065185546875,1195.7500741919466,1172.8259044392062,1180.25407382428,8636894,76.26008426340566,24.085310512951537,15.509424642924479,8.575885870027058,1214.5028535484873,1128.8417907714843,1043.1807279944812,1128.8417907714843,1112.1179418945312,1142.9653380423017,1114.2957060181125,1159.1835323895907,1135.0982218766392,1126.0754051751214,0.010211671918352039,0.01172788492281208,0.019226741945962942,0.010211671918352039,-0.005049331034179261,0.035680786319486346,0.09605208600429904,22706309.3,0.38037418965309344,0,30.61254242254472,16.7687446968298,25.48934943571505,0.02137818508835564,0.043169446062903835,0.07000907579132948,-0.018276066564147993,0.14295297694667072,0
2024-07-02,1171.399169921875,1197.3734411453652,1166.4306833322826,1197.3734411453652,16153925,69.74902140753511,23.275680249610105,17.062675764261606,6.213004485348499,1217.9652063688238,1130.3471130371095,1042.729019705395,1130.3471130371095,1114.7773486328124,1145.6733220308324,1116.53505754375,1161.0628612407113,1137.7871809911012,1127.299852937285,-0.01753521288985016,0.012999073778960847,0.026415212344009342,-0.01753521288985016,-0.024018391708027997,-0.006135463663534679,0.06033749003457989,22229006.7,0.7267047609464259,0,27.00835311444507,15.827560774895119,26.431049437934934,0.02256365730538952,0.02245478479453521,0.04913783226728205,-0.03823264917868903,0.12339749617099312,1
2024-07-03,1182.2218017578125,1196.24199235147,1160.428990253299,1177.54840489326,22330897,71.26196424150648,23.23944847749908,18.2980303069091,4.94141817058998,1219.5095570461574,1136.7496704101563,1053.9897837741553,1136.7496704101563,1117.4210131835937,1149.1541296238781,1119.111008297243,1164.318082858727,1141.0786343812279,1135.2094914661582,0.009239063944922687,0.013016491627466188,0.03029296367646207,0.009239063944922687,0.001667142086758444,-0.01346478089311709,0.049936698692061965,21171709.7,1.0547517095419081,0,22.899403282861158,14.57410270069613,27.485199072500855,0.023248766882520592,0.028775663143426652,0.05639368480218444,-0.03057602547917842,0.12166343541251465,1
2024-07-04,1213.115478515625,1215.033982934888,1194.7171004020097,1209.179986290108,15275791,79.6135338592108,25.41067758854797,19.720559763236878,5.690117825311091,1229.320991024168,1142.8669006347657,1056.4128102453633,1142.8669006347657,1120.3008081054688,1155.2456866611874,1122.7974581097285,1171.8253744982496,1146.4146969097017,1144.2248970270584,0.026131878731958436,0.013266071681114563,0.01674769046532825,0.026131878731958436,0.01745269327736465,0.010738633052411073,0.06587142970831894,19826894.05,0.7704580940149827,0,21.946011917380247,14.508012161269107,28.549894881757268,0.02353435875428041,0.050093060309698234,0.0804401717812492,-0.013182490681332926,0.14833469146769038,0
2024-07-05,1213.509033203125,1222.5606171427328,1201.1613784936928,1205.2444756355717,9535575,80.29406382268847,26.853597321978896,21.147167274985282,5.706430046993614,1237.4418415518703,1148.9177185058593,1060.3935954598483,1148.9177185058593,1123.11763671875,1160.7945768080385,1126.3547747800578,1178.2382450682305,1151.3846477462516,1148.4799707948155,0.00032441650813130885,0.013174536452655174,0.017634181587058692,0.00032441650813130885,0.035948346526537556,0.028176035476336736,0.06451477841031439,19374964.7,0.4921596063604699,0,23.023047240724736,15.243183559356567,29.055883336116235,0.02394368936786701,0.04541239031288471,0.07737727079825778,-0.019340552052718115,0.1443949099644241,0
2024-07-08,1215.1324462890625,1219.5106332770945,1197.2751265898385,1209.0816030717467,6617190,78.72505870035882,27.80756912771085,22.479247645530396,5.328321482180453,1245.0281964882397,1154.4938232421875,1063.9594499961354,1154.4938232421875,1125.8390307617187,1165.9696119967075,1129.8362520941364,1183.9142760252817,1156.1067068975708,1151.7905840103379,0.0013377840967960797,0.013088426411298077,0.018298833806275068,0.0013377840967960797,0.027837961101982778,0.019144345333316215,0.05550821694786712,18845942.45,0.35112014257477475,0,23.00427395440579,15.54054607602393,28.265262488344725,0.023261054854279505,0.04216476466154576,0.0754942975469505,-0.024012106941434713,0.14208529873340212,0
2024-07-09,1228.1195068359375,1230.038011199292,1209.4751610015549,1215.0339475267522,13366874,77.76888235672895,29.274092390895476,23.838216594603413,5.435875796292063,1253.7725956869397,1160.6159729003907,1067.4593501138418,1160.6159729003907,1128.4856494140624,1171.8886496004438,1133.6904973781286,1190.7150807653825,1161.440988374487,1155.5953779858803,0.010687773655075006,0.012661316314723335,0.01674336258261558,0.010687773655075006,0.012368178121568096,0.04842101511634622,0.04198846607401374,18971713.4,0.7045686237279971,0,26.215327569611418,17.155439834378512,26.733222979532552,0.021767607167487,0.04798310595009654,0.08329346472974206,-0.020460719064406482,0.1505070490084346,0
2024-07-10,1223.15087890625,1232.5469141994529,1216.411372803046,1232.5469141994529,18226503,74.05343903793704,29.69311217944528,25.009195711571785,4.683916467873495,1259.3553966201425,1166.7651733398438,1074.1749500595452,1166.7651733398438,1131.1480078125,1176.770766677187,1137.1987476341335,1195.7052035562851,1166.0120913768399,1160.555735537281,-0.004045720226762306,0.012875144234658282,0.01319178334796709,-0.004045720226762306,0.007945425571060483,0.034620472306957195,0.0206895343398108,19270538.45,0.945822196265616,0,27.616637053308978,18.087739336890536,26.16398397230697,0.02139064315246455,0.03941303909173835,0.0755823302223417,-0.028748451637288567,0.13868870135022848,0
2024-07-11,1218.4775390625,1237.5155787915146,1205.2937361837155,1226.2501602309792,11307116,71.86301990102854,29.310218952973628,25.869400359852154,3.440818593121474,1262.5865171187625,1172.6142944335938,1082.6420717484252,1172.6142944335938,1132.6887524414062,1180.7428402376931,1140.3861512195597,1199.2086397880105,1169.8984208350369,1164.7446918847731,-0.0038207386548493316,0.013072847516832638,0.026444346797390016,-0.0038207386548493316,0.002752862688880642,0.004420074297820431,0.015206172906180093,19031068.55,0.5941398387743183,0,25.497153576505752,17.588693109831183,27.112718781123313,0.02225130780989522,0.03195843966939537,0.06847802190462177,-0.03493541033284568,0.12546664392480678,0
2024-07-12,1213.01708984375,1232.6945505595163,1210.2621973028672,1215.9687089511149,12208290,67.78033351693439,28.240620402498962,26.34364436838152,1.8969760341174435,1261.3946902745113,1178.7905639648438,1096.1864376551764,1178.7905639648438,1134.3121435546875,1183.816578295413,1143.2344233224692,1201.3330167196627,1173.0923963171638,1168.8019034987028,-0.004481370434576304,0.013210273498645916,0.018493023259498042,-0.004481370434576304,-0.01229718843168326,-0.00040538912024123963,0.027759224097861912,19016770.35,0.6419749397667832,0,23.022001487374382,16.87964854241136,27.09866699419365,0.02233988887797472,0.024666415459718552,0.06103968276119464,-0.03835246874254171,0.10657918048911731,0
2024-07-15,1210.1146240234375,1218.4775450466864,1204.309869041595,1213.213848187686,15612671,60.547156463030134,26.84924967327015,26.444765429359247,0.404484243910904,1256.531483518307,1184.9053344726562,1113.2791854270056,1184.9053344726562,1136.0929541015626,1186.3211540790344,1145.8571762911347,1202.6840332279357,1175.8347835546656,1172.8888363547562,-0.002392765810650177,0.011958523315488948,0.011707714065950317,-0.002392765810650177,-0.01065792872132798,-0.004129444720984199,0.014935845096558653,19228504.95,0.8119544936331621,0,20.351542082326887,16.020924196998294,25.415536307178545,0.02100258587296132,0.020056516620808703,0.05607806021714572,-0.03694046675607484,0.08698216931028854,0
2024-07-16,1219.9041748046875,1224.9219031587354,1209.1799349253702,1210.1638079399554,12320605,57.733034604159016,26.23410287168622,26.40263291782464,-0.1685300461384216,1253.0789721887866,1190.6634521484375,1128.2479321080884,1190.6634521484375,1138.0183911132813,1189.519537005287,1148.7609801544113,1205.3332857782052,1179.099182906519,1177.8020508303277,0.008089771486854191,0.011343572987480705,0.01290426621901315,0.008089771486854191,0.0011708346657626212,-0.006689358800606948,0.04140775077213643,18929226.4,0.6508773649619406,0,17.63088740484318,15.070482776282688,24.501939783243756,0.020085134791154095,0.025543622323258595,0.06193037183480366,-0.026474626197063828,0.08123767842883865,0
2024-07-18,1230.1365966796875,1236.1873202209238,1211.8364607641408,1214.9849267751276,10999632,60.12663354797113,26.269447688146556,26.375995871889025,-0.10654818374246844,1252.695709426262,1195.8706115722657,1139.0455137182694,1195.8706115722657,1140.0648486328125,1193.387828402849,1151.9521808024613,1209.1491797630486,1182.879732074902,1184.210527756903,0.008387889873922472,0.01149977460363363,0.019795248367140153,0.008387889873922472,0.014113162113934097,0.0057112478058996,0.04052944620935928,17763732.3,0.6192185186217876,0,16.61706172566187,14.753433168327774,24.421120139987092,0.019852364530819705,0.030793650984374987,0.06787123387601228,-0.018008453750437678,0.07997141629930384,0
2024-07-19,1228.5130615234375,1230.3332025768846,1220.2485041951068,1223.9380279933182,7958817,68.6572122985441,25.86825979469677,26.274448656450573,-0.40618886175380453,1252.0214779399366,1200.3890502929687,1148.7566226460008,1200.3890502929687,1142.3621923828125,1196.7330887000478,1154.9545682817152,1212.128238495416,1186.2599787007193,1187.4894885952983,-0.001319800712077157,0.010271129846240018,0.008208865414318107,-0.001319800712077157,0.0152038799752936,0.008236116086849599,0.012692594629699183,17387876.5,0.4577221951168103,0,15.990248462354657,14.568417062155504,22.98747469378392,0.018711624168877724,0.02655560636157451,0.06368951235125987,-0.018776368321715725,0.06942849103557626,0
2024-07-22,1221.1341552734375,1225.2172527697476,1213.0172019778342,1220.0026771573469,9958965,61.56278459444374,24.670513114133882,25.953661547987238,-1.2831484338533556,1248.24819648278,1204.4475341796874,1160.6468718765948,1204.4475341796874,1144.6870849609375,1199.0569998022754,1157.5498462029593,1213.5137641535732,1188.8432510394393,1199.7596297603009,-0.006006371833645496,0.01029944778281261,0.00999075387354265,-0.006006371833645496,0.0010082599061085329,0.006691633199275904,0.006283531363739048,14422853.5,0.6904989362888557,0,15.240421506862504,14.315422880490132,22.456881107559834,0.018390183429544044,0.018412098402997196,0.054930082949818486,-0.021721674652318695,0.05211514790803141,0
2024-07-23,1206.96630859375,1228.5131532036169,1192.9461171142627,1221.1341050565184,19369832,65.081368144268,22.320763551049822,25.227081948599757,-2.906318397549935,1243.1633791516417,1207.2343627929688,1171.3053464342959,1207.2343627929688,1146.8722680664061,1199.8102673062253,1159.4877466888727,1212.506463298216,1190.1856997471662,1202.5619277448911,-0.01160220326202821,0.009538536468648988,0.029468126687640258,-0.01160220326202821,-0.01883554082406569,-0.0026016671207722553,-0.0067203684011988285,14780830.35,1.3104698140317943,0,13.489113227190956,13.630570397737984,22.787186698722085,0.01887972061562488,0.005964310760226421,0.04094787723325318,-0.029116905440532914,0.030445487394054616,0
2024-07-24,1203.2767333984375,1213.7550053424825,1182.664641157268,1205.2444794873966,20122521,59.502658818395986,19.931098908539752,24.16788534058776,-4.236786432048007,1241.8665250745921,1208.4666687011718,1175.0668123277514,1208.4666687011718,1148.9570947265624,1200.1404069340551,1161.2049618539538,1211.0865048520964,1191.1554059435566,1205.3329774822037,-0.0030568999060224256,0.00940376393014727,0.025838083062908815,-0.0030568999060224256,-0.02054217322989249,-0.013630120914138288,-0.020228302945454857,14421464.15,1.3953174789121532,0,10.620869928768116,12.443981699542519,22.44985541922519,0.018657267107475464,0.002613299615829615,0.036231133113066305,-0.031074025184660438,0.024007078384592907,0
2024-07-25,1178.58154296875,1198.6033353860112,1171.3992217096722,1186.0589540798987,14154461,33.49016303129902,15.861732799264018,22.506654832323015,-6.644922033058997,1243.2262174534292,1207.4778747558594,1171.7295320582896,1207.4778747558594,1150.332548828125,1198.0871817945022,1161.8863964074753,1206.0857414854277,1190.2240086861636,1205.4048565182154,-0.020523284248952778,0.008104979399086795,0.023082080182431835,-0.020523284248952778,-0.034846795596474855,-0.04191002352916895,-0.03643813425319553,13859014.15,1.021318027877185,0,4.699353391653176,9.93421560501406,22.383093312917318,0.01899155255438342,-0.016280650625555056,0.014369000801537619,-0.05199751547799123,0.005847775210055521,0
2024-07-26,1187.7314453125,1200.325067835381,1166.824143926023,1170.808877642708,19309265,38.62843295638126,13.22262925048085,20.64984971595458,-7.427220465473731,1243.5589683222777,1206.8531127929687,1170.1472572636596,1206.8531127929687,1152.03759765625,1197.1009211771686,1162.8999277370842,1203.2620036126696,1190.0393743621887,1204.254509196244,0.007763486878219927,0.008505187856299485,0.028205806995826227,0.007763486878219927,-0.01593653703860276,-0.03319591584998338,-0.025233205179683638,13798645.8,1.3993594211976945,0,0.3678324771208281,7.945359455369044,23.247499402940043,0.01957302679379973,-0.00782680532519778,0.021353099250540016,-0.044893345978676225,0.015027329201249634,0
2024-07-29,1193.142822265625,1222.708256018106,1184.7307795900044,1195.5533833447412,28458261,40.613174561322154,11.435947090282298,18.807069190820126,-7.3711221005378285,1242.657124150442,1207.4975463867188,1172.3379686229955,1207.4975463867188,1153.7761010742188,1196.7239593760692,1164.0859236009485,1201.7052064823552,1190.2692593920729,1204.5475984624213,0.0045560610308681415,0.008630321529154767,0.031829782419498895,0.0045560610308681415,-0.00842192893083793,-0.022922406098406678,-0.016384161232786076,14596204.25,1.9497028482593344,1,-2.333040426206253,6.536077397989175,24.37192581300045,0.020426662557229563,-0.0029924504163109113,0.02496112879261762,-0.03984550599077614,0.01774646407389369,0
2024-07-30,1189.9451904296875,1211.0000973333736,1184.976703679443,1193.437987733722,23972277,32.21817371289245,9.650718959735059,16.975799144603112,-7.325080184868053,1242.768951043302,1207.3794799804687,1171.9900089176354,1207.3794799804687,1155.3188110351562,1196.0783623335567,1165.1000124961931,1199.8959732434832,1190.2452542837482,1204.3210302471691,-0.002680007603671153,0.007915601587055772,0.02186940529969577,-0.002680007603671153,0.009641799949041685,-0.014102397094989283,-0.016667374472915553,15362973.4,1.560393055162095,1,-3.7319049726686444,5.612265807320455,24.761964631299975,0.0208093320855883,-0.005127734182820044,0.02132450233200521,-0.04250489245749906,0.015320251346369624,0
2024-07-31,1195.307373046875,1204.9001351285349,1191.4702441938732,1199.3412284660044,22297629,37.077705765047135,8.569808707717584,15.294601057226007,-6.724792349508423,1240.2692947236785,1208.5748901367188,1176.880485549759,1208.5748901367188,1156.97958984375,1196.0049347824443,1166.2846148707297,1199.1900347516973,1190.6202260439798,1205.1522421490495,0.004506243363403328,0.008092191354387051,0.011235512502887412,0.004506243363403328,0.006378485443215398,-0.006623048655694075,-0.020162896615835035,15670158.6,1.4229357576508512,0,-4.135472151610884,5.079653016775865,24.677636295760017,0.020645431336088867,-0.0005832431917984853,0.024884798964240975,-0.03625174135010788,0.015657399135570012,0
2024-08-01,1190.584716796875,1202.932371231448,1187.4363711753606,1192.946036063854,8725046,37.06074086825736,7.248543952345244,13.685389636249855,-6.436845683904611,1239.4188100815554,1208.9930358886718,1178.5672616957881,1208.9930358886718,1158.7338354492188,1195.4887235457234,1167.237560044304,1197.8661396817247,1190.6175957293794,1206.7185213339956,-0.003950997338836637,0.008094999591156414,0.013015453530915147,-0.003950997338836637,-0.0021440060829368557,0.01018442372505679,-0.0321524292420603,14989866.05,0.5820629731377753,0,-2.5984582487787975,5.351163636828687,23.482933256352048,0.019723865866118337,-0.004102093689602918,0.020002060892972642,-0.03940080051025454,0.010196664621241447,0
2024-08-02,1177.2532958984375,1182.271024219477,1170.9072429350963,1177.6959907114142,10735395,34.538542160319935,5.067285352080262,11.961768779415937,-6.894483427335675,1240.6767639872337,1207.1999267578126,1173.7230895283915,1207.1999267578126,1160.4152758789062,1193.7520161507439,1167.6303339993683,1194.6949329458344,1189.627647593754,1205.5843280911288,-0.011197372778565584,0.008467880866649168,0.009652792074545342,-0.011197372778565584,-0.010665948846490081,-0.008821985353183681,-0.041725047319752906,14762846.25,0.7271900565922375,0,-3.3489050264247453,4.7304062622840775,23.286156156718448,0.019780073020689477,-0.013820894146429629,0.008241445617559986,-0.051120057963339766,0.0030076995174939205,0
2024-08-05,1153.689453125,1169.726631028772,1148.1797883580148,1162.937883324056,14306771,29.30354678647194,1.4208384741957616,9.853582718371902,-8.43274424417614,1245.165832280103,1204.2089477539062,1163.2520632277094,1204.2089477539062,1161.1649853515626,1189.936533957816,1167.0836327886088,1188.386397588783,1186.9655591145872,1203.060120827672,-0.02001594971577836,0.00973024820809201,0.018676466715018807,-0.02001594971577836,-0.03481775555001354,-0.033066761501115316,-0.05523119786403419,15001406.05,0.953695337111417,0,-6.787425418253179,2.997709187660348,24.350858409242115,0.0211069437648779,-0.030461356381970676,-0.011476623686003568,-0.07346521787189955,-0.00822058297165256,0
2024-08-06,1148.0322265625,1168.5459553164285,1142.768529846995,1156.050815815944,13575619,22.813614825335762,-1.9035449704338134,7.50215718061076,-9.405702151044572,1248.4914818060518,1200.853936767578,1153.2163917291043,1200.853936767578,1161.851728515625,1185.9456475392144,1166.3365188189575,1182.1780635847394,1184.0816085551733,1200.6880894494982,-0.00490359563154219,0.00915683555762662,0.02245357305571253,-0.00490359563154219,-0.035740833587094345,-0.03522260033846836,-0.04882827433676651,15349327.5,0.8844438950175505,0,-10.132714794342291,1.2365063227643986,25.067676783246984,0.02183534242614946,-0.03196893639719755,-0.01569383446468144,-0.0804645099366066,-0.004495396704196432,0
2024-08-07,1153.5418701171875,1160.7734328695765,1142.8668719088475,1159.9370447242293,15753644,19.953646950658907,-4.046910348952906,5.1923436746980265,-9.239254023650933,1247.3797194583567,1197.1250549316405,1146.8703904049244,1197.1250549316405,1162.6909692382812,1182.8595734990213,1165.8347678894763,1177.7724953589623,1181.8194057079152,1197.2845794050836,0.004799206352581908,0.008818655838875896,0.015523113139282776,0.004799206352581908,-0.02014131186878887,-0.034941224216852196,-0.04133285544446863,15468666.0,1.0184229202440598,0,-13.145361283422972,-0.44984698125335854,24.607369747814555,0.021332012634543304,-0.02478544709674114,-0.010544288188061843,-0.07522797419050226,0.005817117407580505,0
2024-08-08,1145.8184814453125,1155.4604849673224,1140.2104533386794,1148.130558994479,10806438,19.04234414557685,-6.296177358951127,2.894639467968196,-9.190816826919322,1246.8696665827292,1193.2584350585937,1139.6472035344582,1193.2584350585937,1163.431826171875,1179.331850446287,1165.0498154799013,1172.8564932184008,1179.152670577352,1193.876018170978,-0.006695369168602805,0.008784382839340486,0.01330929102261199,-0.006695369168602805,-0.006822435325526621,-0.03760020998085767,-0.02779872272639705,15097662.75,0.7157689358241891,0,-16.156873099436325,-2.187744564402692,24.97632212259064,0.02179780002421152,-0.02841725082578944,-0.016506877027114206,-0.08104390366185239,0.005415077483378145,1
2024-08-09,1152.70556640625,1161.9047548052447,1150.1475206629225,1157.5758097480823,8687307,24.288299891477948,-7.437275192020934,0.8282565359703697,-8.265531727991304,1245.1146486952357,1189.9698364257813,1134.825024156327,1189.9698364257813,1164.8013745117187,1176.7960138710455,1164.5657272809347,1169.7563506319161,1177.193625823937,1191.7423901288541,0.0060106247826010595,0.00924600355166036,0.010199685405334967,0.0060106247826010595,0.004070739248969613,-0.0208516974025148,-0.02948972938662453,14966672.3,0.580443456358699,0,-16.956002279698396,-3.0646067184336516,25.01849453789985,0.021704150016295262,-0.020471217764878785,-0.01018419192395103,-0.07421732800736207,0.015756210754355016,0
2024-08-12,1163.8199462890625,1169.228167312303,1147.148535041818,1162.0336803927066,10860455,33.407224010808505,-7.359925239335325,-0.8093798190907693,-6.550545420244556,1242.7151219117363,1187.5099792480469,1132.3048365843574,1187.5099792480469,1166.1629858398437,1175.5601979108567,1164.536480967528,1168.8430576560925,1176.2029828954278,1189.48517438677,0.009641993763822354,0.009649351994476972,0.018971690888172,0.009641993763822354,0.008910015698720075,0.008780953259667879,-0.024576165928637206,14899280.55,0.7289247936203201,0,-14.376336046959295,-2.547151821080888,24.055108550837776,0.020669098022885333,-0.009986942091658377,-0.0006152960342385617,-0.06348613148064465,0.02783270784197272,0
2024-08-13,1159.4039306640625,1180.143923785119,1154.6903013699869,1174.1402001247322,13117927,33.22160371527434,-7.567724383364066,-2.161048731945429,-5.406675651418637,1240.465625897466,1184.9744445800782,1129.4832632626903,1184.9744445800782,1167.2916455078125,1174.0215057921143,1164.3352044850392,1167.3908842727033,1174.9586086560673,1187.2518732788587,-0.0037944147967912123,0.009654324888679186,0.021954059100483782,-0.0037944147967912123,0.011856545725823509,0.00990538753046355,-0.025666106314187975,14774543.35,0.8878736005062383,0,-11.924141747100066,-2.0013143339183443,23.652484138689033,0.02040055541742194,-0.012450858060039826,-0.004235269879310815,-0.06534779645728278,0.026490580581903973,0
2024-08-14,1152.7552490234375,1161.090954297597,1144.1714580038308,1158.0642597488902,13431801,38.541552706290396,-8.17466726943826,-3.363772439443995,-4.810894829994265,1236.3297983253203,1181.6169982910155,1126.9041982567107,1181.6169982910155,1167.5208959960937,1171.9961480046213,1163.8810885845844,1165.1392480805084,1173.3139153499467,1184.4085931353368,-0.005734568828671183,0.008250004853361354,0.014677440252906699,-0.005734568828671183,4.3100873835744125e-05,-0.0006819181116244355,-0.03559931527484084,14830103.15,0.9057119066633059,0,-10.863425494399962,-1.9536793048919208,22.584054467617666,0.019591369882505295,-0.016417203259534902,-0.009559257960516591,-0.06759891205007705,0.022939883271992072,1
2024-08-16,1178.1591796875,1183.8651517095705,1156.7245959708457,1161.0412636212889,10961370,46.288365453247685,-6.530509337811054,-3.997119819117407,-2.5333895186936473,1228.7369204654754,1179.0181274414062,1129.2993344173371,1179.0181274414062,1170.0006665039064,1172.5831034029907,1164.441013725875,1167.142314481584,1173.672823819395,1182.4392045016705,0.02203757535312345,0.010152232727333874,0.02303640815829625,0.02203757535312345,0.01232083488872937,0.02822497521718592,-0.01043649975854255,14828190.05,0.739225081620801,0,-6.748747043296362,-0.6088017540262172,22.413267237387295,0.01902397199275932,0.004755378333805782,0.011780902424357864,-0.04116238385578524,0.04326562832463912,0
2024-08-19,1166.8961181640625,1186.5941018157116,1164.3160506791048,1181.8804727263328,6686394,40.26465850034095,-6.0664074976616575,-4.410977354826257,-1.6554301428354004,1220.0642848412251,1175.9372802734374,1131.8102757056497,1175.9372802734374,1171.5231713867188,1172.0414857611881,1164.537292331294,1167.1044381250422,1173.1708456227038,1181.0325546428815,-0.00955988097162297,0.010308019727082817,0.019091717582931024,-0.00955988097162297,0.006462102897744071,0.012310647377242967,-0.008797747919211174,14764568.9,0.45286754020972464,0,-4.754528109857347,-0.028434949640541163,21.291879716566232,0.018246594007070516,-0.004390089992236032,0.002025547698903005,-0.043578168247160626,0.030999756064714848,1
2024-08-20,1170.4189453125,1180.6897926432184,1161.041352076898,1165.209144373693,10427061,42.77481921125972,-5.352638847553408,-4.599309653371687,-0.7533291941817204,1212.0858220792636,1173.4015197753906,1134.7172174715176,1173.4015197753906,1173.0816967773437,1171.8869580994083,1164.7679453893807,1167.614362307728,1172.9670011552814,1179.3638219353631,0.0030189723777469535,0.010371796541672492,0.016787527786534896,0.0030189723777469535,0.015323023949816328,0.005670120231638043,0.014500862552036642,14787973.7,0.7051041076709516,0,-3.6732398114484113,0.23146442185270644,20.83652592459409,0.017802621880006197,-0.0012526914620580216,0.004851610095803435,-0.03437617700641566,0.03146310577761063,1
2024-08-21,1165.8541259765625,1169.625077755297,1156.178781920312,1167.9876876109618,17234142,39.03689762936616,-5.096564794095457,-4.6987606815164416,-0.39780411257901527,1206.7506826668061,1171.3459106445312,1135.9411386222562,1171.3459106445312,1174.326572265625,1171.3124026591372,1164.810540706525,1167.343556718318,1172.4401215124135,1176.4689635891807,-0.0039001584468701944,0.0102630851677041,0.01153342904175244,-0.0039001584468701944,-0.010444304914893898,0.005563371955109364,0.015523866840764455,14681189.2,1.1738927797483871,0,-2.709103132977134,0.47533622148580434,20.785470116975553,0.01782853416551138,-0.00465996660684478,0.0008959270487065784,-0.03388981442286494,0.026333219510464034,1
2024-08-22,1181.979736328125,1183.468250844818,1167.5907626667606,1172.9494391539793,8564142,47.04766818893047,-3.551482988622638,-4.4693051429376816,0.9178221543150435,1202.806152779157,1170.2810607910155,1137.7559688028741,1170.2810607910155,1175.85263671875,1172.3283391990408,1165.4838424956074,1169.5952766582882,1173.1467596469108,1174.834238758495,0.013831584923246876,0.011038414266155204,0.013432961403705172,0.013831584923246876,0.01292627332396501,0.025351857932935262,0.024652651930223035,14103270.25,0.6072451174932282,0,0.3321911944194653,1.602753911023001,20.93676474641612,0.017713302608263957,0.008232674078047326,0.014153687276518178,-0.01731485693094539,0.03886929072477845,1
2024-08-23,1194.2847900390625,1195.7733045260245,1179.449310773257,1183.8651886303296,7518309,55.8848787104742,-1.3188763437055968,-3.839219383091265,2.520343039385668,1205.1555456184738,1171.0662231445312,1136.9769006705887,1171.0662231445312,1177.7349951171875,1174.4194297552333,1166.6132914188802,1173.3936633322535,1174.712539675959,1174.8312133610884,0.010410545403395588,0.010931953895188218,0.013668426399563935,0.010410545403395588,0.020390856472500385,0.013687123632852183,0.042298417575369784,13771462.65,0.5459339498698782,0,1.8363263522426223,2.1722776930050713,20.697230452915328,0.017330230298117057,0.016915047367676336,0.02371951256146514,-0.009020209564593996,0.0504037411267314,1
2024-08-26,1204.009765625,1205.647034605679,1191.8535643266057,1196.3191076607095,10920226,69.22578960132829,1.2211283546796494,-2.827149835537082,4.048278190216731,1208.3397411230035,1171.8801391601562,1135.420537197309,1171.8801391601562,1179.7852880859375,1177.2375569809253,1168.07981981912,1178.103832915753,1176.8827045610733,1175.1486300647316,0.008142928443072073,0.0092057703106144,0.011456277741994158,0.008142928443072073,0.03272762758074643,0.03180544256101414,0.04450763552630299,13352010.7,0.8178712738748779,0,5.196071219737178,3.5425274878259643,19.605799219961796,0.0162837543180428,0.02274155159705669,0.030759837809237866,-0.003583408995535723,0.06040865580694697,0
2024-08-27,1216.9598388671875,1223.0627726699065,1199.6435016150756,1204.0098351320562,16295325,74.94493299628999,4.230298808863381,-1.4156601066569894,5.645958915520371,1213.7647173006444,1173.0709899902345,1132.3772626798245,1173.0709899902345,1182.3346508789064,1181.0206314462837,1169.9966833112012,1184.0816799852043,1179.851381176341,1174.7863860255445,0.010755787545847051,0.009110223801739772,0.019244078815806157,0.010755787545847051,0.029594502734649142,0.039764302979785615,0.045659891590246415,12743863.9,1.2786800869711108,0,9.133673346875412,5.228737921820539,19.43735961891876,0.015972063332025905,0.03043063471032888,0.04013956297985062,0.002632406034712307,0.07469469670133988,0
2024-08-28,1214.47900390625,1217.009527109644,1207.9792296829603,1213.2882407138438,12291305,72.54747328569067,6.341801090227364,0.13583213271988126,6.205968957507483,1218.4640930686307,1174.2976806640625,1130.1312682594942,1174.2976806640625,1184.8678466796875,1184.2071431091376,1171.7410880404188,1188.7581913576728,1182.4163902674454,1174.7028234194058,-0.0020385512173078935,0.009258393913201548,0.007435531942206268,-0.0020385512173078935,0.016909043835789728,0.04170751455629795,0.04750292092820718,12159815.3,1.010813461944607,0,12.894740450000427,6.9305473338938555,18.803340795058393,0.015482639662422595,0.025562977704756577,0.036473856129176654,-0.0032705839959095806,0.07463534371246898,0
2024-08-29,1212.5439453125,1225.5436144859966,1207.681440347739,1209.6164607584683,10806748,75.7941170641381,7.769477108430465,1.662561127861998,6.106915980568466,1221.6629478409684,1175.1595092773437,1128.656070713719,1175.1595092773437,1187.0238891601562,1186.9058861761246,1173.3412000903045,1192.4175381199539,1184.6480610115234,1174.4267831320992,-0.0015933240406182936,0.008910624579058153,0.014731156101442681,-0.0015933240406182936,0.007088131617495552,0.02585848813222813,0.05186590678265213,11585271.25,0.9328006023164973,0,14.577546977083784,7.857357594697078,18.989922402888006,0.015661224054022944,0.021600751529654988,0.0334112065775738,-0.007464417697683566,0.07432545376354871,0
2024-08-30,1219.7879638671875,1226.0894388087463,1209.566903676032,1220.5818867193016,21211148,75.86073184206637,9.377356071688155,3.2055201166272296,6.171835955060925,1226.8472107152018,1176.6196716308593,1126.392132546517,1176.6196716308593,1188.8997802734375,1190.0375126228923,1175.162641807045,1196.6283728502976,1187.2510167786095,1177.5665982101489,0.005974231765118132,0.008910025769048745,0.013545415778928944,0.005974231765118132,0.00232392632006051,0.021354348678668922,0.03533375192198496,12209576.35,1.7372550358800942,1,15.61808286765904,8.54935038816484,19.021083958086724,0.015593762622302585,0.02499959112946274,0.03797374122744595,-0.005753973914892794,0.08291591233820483,0
2024-09-02,1220.5322265625,1229.711399328795,1213.1393196536235,1229.5129791826912,12516759,73.76294697430808,10.589597228604816,4.682335539022747,5.90726168958207,1232.7184417953756,1178.7836181640625,1124.8487945327495,1178.7836181640625,1190.5475390625,1192.9417710933312,1176.9418412092198,1200.3058888060211,1189.7162915774163,1179.8162768373932,0.0006101574350290129,0.008803069451042074,0.01357774855469824,0.0006101574350290129,0.004984213507833735,0.013722862894657073,0.04596476718323994,12298644.55,1.0177348364783825,0,15.704214112405907,8.862021390099699,18.62768734413576,0.015261938143656128,0.023128082306885876,0.03703699182662617,-0.009885643647163392,0.08506337251265529,0
2024-09-03,1238.1463623046875,1241.371477184039,1211.055469999512,1217.8033299887798,19114907,79.70799437026557,12.823795889627263,6.3106276091436495,6.5131682804836135,1241.6851686246457,1183.0064636230468,1124.3277586214479,1183.0064636230468,1192.5111767578126,1197.2469702563176,1179.3420185070813,1206.1275001135082,1193.303704223881,1184.9462330904698,0.014431520412857779,0.008996449695840014,0.0244849947530408,0.014431520412857779,0.02111463018817772,0.017409385881806516,0.05786596095648844,12539051.35,1.5244300758047378,1,16.226338810033894,9.345335195880125,18.975000541949676,0.015325329153032911,0.03416119903783411,0.049861993276595094,-0.002850002890731131,0.10123258347974441,0
2024-09-04,1226.88330078125,1234.176997942738,1223.3605556490777,1230.3565014424944,13505843,77.02607557867847,13.529618469588513,7.754425781232623,5.77519268835589,1246.3251767955492,1186.9490173339843,1127.5728578724195,1186.9490173339843,1194.024248046875,1200.0694779253588,1181.2063825178332,1209.3207002162376,1195.791081746649,1188.9966816585916,-0.009096712526354689,0.009336087414156275,0.008816194895449755,-0.009096712526354689,0.005816860900617282,0.010213677498831064,0.05234717915808473,12535562.55,1.0774022263564071,0,15.862334816221164,9.465294477414318,18.82259413922423,0.015341796670668229,0.02234355872648813,0.038669718467024314,-0.015599360725654723,0.08807452415644001,0
2024-09-05,1226.486328125,1235.3182053814185,1221.8720299114532,1228.5206798050983,9142811,71.54869106299967,13.89676234775402,8.982893094536903,4.913869253217117,1250.2926233490778,1190.596240234375,1130.8998571196723,1190.596240234375,1194.9813623046875,1202.5853684205626,1182.9820666592907,1211.961566048355,1198.064803700601,1192.8157613921421,-0.000323561870959721,0.007908982951165194,0.010963167841031888,-0.000323561870959721,0.004878282959614344,0.011498455677749986,0.037654276489660354,12205020.9,0.7491024452076113,0,15.679482244438077,9.640866568986212,17.560899338069394,0.014318055517924727,0.019874647016392785,0.03677508112068356,-0.019040578804911588,0.08452248924036486,0
2024-09-06,1198.899169921875,1224.4520011114123,1195.7732653744783,1216.5628019074484,10170479,62.45653712933619,11.825358038400509,9.551386083309625,2.273971955090884,1249.164474399572,1193.2502746582031,1137.3360749168341,1193.2502746582031,1194.992197265625,1202.2343018968782,1183.6062667872354,1209.9519666442811,1198.1266086058806,1195.4085187372998,-0.022492837931017973,0.009964914926130518,0.02392089047722235,-0.022492837931017973,-0.031698346478002626,-0.01712493856644326,0.00386371820297704,12173222.95,0.8354795637748507,0,12.196789273985814,8.443624980190407,18.16340016763474,0.015150064845585254,-0.00277411147705651,0.012920600003369719,-0.04023914024761055,0.05412920275965268,1
2024-09-09,1225.5435791015625,1228.8183593866072,1191.2580807218426,1193.6893937018356,13863250,68.18329337618694,12.193180943829248,10.07974505541355,2.1134358884156974,1251.1510180268094,1196.8921752929687,1142.633332559128,1196.8921752929687,1195.49853515625,1204.4542330592292,1185.2508672701501,1212.3506762530938,1200.1574953092645,1197.9270523291664,0.02222406174609648,0.011345151565228036,0.030647852353238872,0.02222406174609648,-0.0010919715663538776,0.004105874822475153,0.017885082074383662,12432020.1,1.1151244840731878,0,11.512461965897955,8.309026060930364,19.442817174666466,0.015864647741796224,0.0175094623469153,0.033995091624960255,-0.020467104734992282,0.07256067557275137,1
2024-09-10,1227.8260498046875,1231.844966297702,1217.6048683884171,1227.4786328440832,15545130,70.75442541188013,12.524485088858,10.568693062102442,1.9557920267555584,1253.6843057822032,1200.09248046875,1146.5006551552967,1200.09248046875,1196.4499731445312,1206.6801203683203,1186.9204822715044,1214.731502953339,1202.207017864481,1201.2581027787883,0.0018624149659356437,0.011164879109367276,0.011597813803958744,0.0018624149659356437,0.001092325001074812,-0.008335292833062002,0.008928980719375978,12666253.85,1.2272871035187725,0,9.43315011200275,7.578463764423077,19.442812497316254,0.015835152300612172,0.01752405553007097,0.034463612469555545,-0.02062581134521111,0.07093357887211588,1
2024-09-11,1226.88330078125,1229.8107854485313,1217.009535927106,1222.0704612349368,11993242,66.74066509385877,12.56611963834871,10.968178377351697,1.597941260997013,1254.7179741694117,1203.4664489746094,1152.2149237798071,1203.4664489746094,1197.1415087890625,1208.6042327885993,1188.4876516248278,1216.6010103114793,1204.0348906731306,1204.2657196161758,-0.0007678196952959349,0.010828985907659107,0.010433958562541118,-0.0007678196952959349,0.023341521590342307,0.0,0.010213677498831064,12610019.6,0.9510882917263666,0,8.53475486324055,7.281269106994614,19.099035686828383,0.015567116835534866,0.015124113830443535,0.032306308865666405,-0.022184007849722163,0.06480420923250627,1
2024-09-12,1242.5623779296875,1247.3752175091806,1216.959878710332,1228.520699503871,15376442,67.55685813522364,13.706288250066109,11.51580035189458,2.1904878981715292,1256.1461562975244,1207.956805419922,1159.7674545423195,1207.956805419922,1198.5647729492186,1211.8383418496555,1190.608229126979,1220.5950668681269,1206.8887786180608,1208.890238417376,0.012779599443935252,0.010975896509377045,0.024477917035863817,0.012779599443935252,0.013886734929982048,0.01310740237052932,0.02475657293348732,12707251.65,1.2100525293366642,0,9.25297342909289,7.626162467688346,20.105560332977024,0.016180725161239938,0.025353246401774342,0.04363664514632506,-0.0108138517956182,0.07138924537250574,1
2024-09-13,1240.7760009765625,1246.333097348584,1232.5396270556282,1242.4133910945052,9877288,64.18990670690742,14.300882724523262,12.072816826420317,2.2280658981029458,1259.2620491388539,1211.087646484375,1162.9132438298961,1211.087646484375,1199.7358569335938,1214.5943093855515,1192.5755927289235,1223.6998259617324,1209.398943237209,1211.658137117227,-0.001437655754636169,0.010921763205185593,0.011116809385497107,-0.001437655754636169,0.010547056868466909,0.03492940199250971,0.01720629956278219,12653047.55,0.7806252178353664,0,12.360007488673318,8.969325941688112,20.105560333968633,0.016204020966028028,0.021555914916360865,0.04041706751464188,-0.014680064546480246,0.06695491478817112,1
2024-09-16,1253.1802978515625,1255.9092410243195,1235.169248684242,1241.4210578615323,8973335,64.03840621948358,15.593276633576352,12.776908787851525,2.8163678457248267,1262.3516029114146,1215.40185546875,1168.4521080260854,1215.40185546875,1200.5371533203124,1218.2691654299335,1194.9522478317722,1228.2352831755525,1212.6420065419761,1213.9609792738456,0.009997208896075582,0.010877878661886577,0.016549887015965704,0.009997208896075582,0.021433984025674757,0.02255058018439482,0.02674904486628127,12767394.6,0.7028321189352134,0,13.814932370704355,9.701380561622045,19.914183282914824,0.015890916348633523,0.02865633754204773,0.048728348873726526,-0.007265254021700401,0.07251319009438217,1
2024-09-17,1258.39013671875,1262.508384404533,1248.7644580527592,1250.302517024621,11513121,66.66660489045225,16.84373448752649,13.59027392778652,3.2534605597399704,1265.4717991957677,1219.8004150390625,1174.1290308823573,1219.8004150390625,1201.434775390625,1222.0902103145827,1197.4400081802812,1232.8744914129675,1216.030756925441,1217.6316832674393,0.004157293947342655,0.010820155606673673,0.010921832546789538,0.004157293947342655,0.012737999371455366,0.024892847744128144,0.016350065735670105,12821697.6,0.8979404568081532,0,15.41008994626236,10.519525908776814,20.250871063278396,0.01609268101550963,0.029703148014599685,0.050900360871600686,-0.005596065026117753,0.07176477509722298,1
2024-09-18,1278.485107421875,1285.4315085718288,1252.3368930345305,1252.3368930345305,12466597,71.99596068179783,19.23450415012985,14.719119972255186,4.515384177874665,1270.870903912324,1225.4319641113282,1179.9930243103324,1225.4319641113282,1202.7018286132814,1227.4611528962296,1200.618247366226,1239.8915092604918,1220.657005110362,1224.0095793009732,0.015968792282115674,0.011304472488121737,0.025885804492502173,0.015968792282115674,0.03039155046167341,0.042059262366490824,0.042059262366490824,12583320.35,0.9907239626145257,0,18.85692010763023,12.13059574139811,21.338902591781302,0.016690771341726612,0.04156869193395893,0.06485563602457668,0.005991327274950647,0.08346836047535788,1
2024-09-19,1282.107177734375,1290.0459218689532,1275.5080724453824,1278.4851014958492,13172268,71.30253142267239,21.17735773806544,16.010767525417236,5.166590212648202,1277.744773826113,1230.4383361816406,1183.1318985371681,1230.4383361816406,1203.78158203125,1232.6655362141482,1203.8138916943888,1246.386227487243,1225.2088697491777,1228.5669413421094,0.00283309542791943,0.011290211121404076,0.011339028184258994,0.00283309542791943,0.023082775824360136,0.03182520290898849,0.04534975101956973,12813726.65,1.0279810362584876,0,20.827194364492698,13.205662567409718,21.19713932684249,0.016533047856654368,0.040109535042308006,0.0650376994153034,0.00341414341707622,0.08365532137167508,1
2024-09-20,1328.201416015625,1351.9184375163336,1281.6606270608918,1285.0841618950908,73257767,78.09418728651276,26.135232318136786,18.03566048396115,8.099571834175638,1298.6652947280386,1237.1341674804687,1175.6030402328988,1237.1341674804687,1205.8825927734374,1241.7641914333365,1208.6918338246335,1258.9731795685327,1232.837947250396,1250.4071488789853,0.03595193840401367,0.014152580977910308,0.05289695494091786,0.03595193840401367,0.05547665804096957,0.07046027241843311,0.107850809590748,16100699.55,4.5499741655635075,1,27.169882047784995,16.11624109570994,25.031834382576076,0.018846414467518984,0.0696084048635001,0.09887514653990036,0.022743443909288227,0.129804339186206,0
2024-09-23,1311.7781982421875,1321.60241788708,1298.4807781970735,1320.80849505564,11380409,69.33295299389107,28.411655345460986,20.110859456261117,8.300795889199868,1310.3888380260394,1242.5225891113282,1174.656340196617,1242.5225891113282,1207.7486059570313,1248.4321920817983,1212.734436350812,1267.0970285952487,1238.6853732497877,1254.2220645477137,-0.012365005469354484,0.014745862382911618,0.017626180798697565,-0.012365005469354484,0.026041047038435572,0.04675935337563519,0.07036438410769774,16123708.7,0.7058183208184604,0,30.16302665186481,17.78218851903989,24.989307999292123,0.019049949170353922,0.05074044594665392,0.08166978599981363,0.0010602656065363443,0.11673359548088645,0
2024-09-24,1308.50341796875,1321.2054564579637,1305.377513381459,1310.8850653274296,13886037,72.36870805649787,29.61016207901116,22.010719980811125,7.599442098200036,1319.8772747219816,1247.0997680664063,1174.322261410831,1247.0997680664063,1209.6583325195313,1254.153261213889,1216.4900826887704,1273.4672423450183,1243.8570802660072,1258.8029684776636,-0.002496443589187436,0.014388005882741453,0.012096218366074349,-0.002496443589187436,0.02058816976675848,0.039823326477010035,0.06570749022379507,16003244.3,0.8677013697778768,0,32.06305089930629,19.05007450848916,25.063746315070325,0.01915451344710886,0.043336136368417814,0.07563837682639007,-0.008617359334130065,0.11426263553644436,0
2024-09-25,1313.7132568359375,1317.583418764573,1300.068540580609,1300.713587757985,8728019,73.29088648804398,30.62732501830328,23.73404098830956,6.893284029993723,1328.8928843666613,1252.0614807128907,1175.23007705912,1252.0614807128907,1211.7303051757813,1259.8256417493221,1220.3027561847377,1279.658936882083,1249.0316118637797,1262.000052896148,0.003981524844065776,0.01431806671707344,0.013332344857467985,0.003981524844065776,-0.0109081040006338,0.027554602873006262,0.07077279151113736,15825080.0,0.5515307979485727,0,32.36448885309255,19.68450881851186,25.354367937498814,0.019299773223393133,0.04277386751057876,0.0765469881779556,-0.011422762292807573,0.11783495204901145,0
2024-09-26,1318.87353515625,1323.140537447841,1306.816543272958,1309.892782398436,11100869,86.39367062733841,31.486864337963652,25.28460565824038,6.202258679723272,1337.3469972673852,1257.3779602050781,1177.408923142771,1257.3779602050781,1213.7096923828126,1265.44925064522,1224.1682769287188,1285.6919520011857,1254.205087663222,1265.4965251718097,0.003928009627261364,0.011960777390706652,0.012377224760180848,0.003928009627261364,0.005408945600384518,0.028676508532496703,0.0614143471442532,15839786.05,0.7008219028311938,0,32.78371443107176,20.35438523433004,24.32657732495321,0.018444965856465673,0.04221764285196766,0.07736294103710525,-0.01381351447969913,0.12014909113808807,0
2024-09-27,1296.5953369140625,1322.793216287465,1293.8663936696585,1322.793216287465,17117379,72.13969028716447,30.024289707688695,26.232542468130045,3.7917472395586493,1340.9633157049427,1261.218328857422,1181.4733420099012,1261.218328857422,1215.0388671875,1268.415544575586,1227.008553790889,1287.3693958339359,1257.3451061262472,1270.816233137153,-0.016891838109063362,0.012654621451627055,0.02230983082713625,-0.016891838109063362,-0.009100534924985526,-0.02379614922891382,0.04498744003234023,15635097.6,1.0948047423765364,0,26.65135314224949,18.316719966255505,23.709901893027627,0.01828627731259464,0.022216530268008936,0.05671254932020037,-0.03308664619774183,0.09743935035243183,0
2024-09-30,1263.252685546875,1286.870498271365,1261.168789397214,1282.206413318136,12622212,59.24868367631153,25.876428111000223,26.161319596704082,-0.28489148570385936,1340.765117698899,1263.3543518066406,1185.943585914382,1263.3543518066406,1215.7336596679688,1267.9238437157087,1228.429892291124,1283.6591327128494,1257.7827046018492,1272.788926924063,-0.025715541632707173,0.014966234623095636,0.02034565939832107,-0.025715541632707173,-0.03841064328649324,-0.036992162821685715,0.008037460940441221,15640370.25,0.807027698081508,0,19.49165163391035,15.695455940311831,25.223219722139316,0.019966883910656343,-0.0036840999496820384,0.028347399777779496,-0.05781208888030703,0.06518783907658333,0
2024-10-01,1264.6419677734375,1270.4471502080723,1257.8939867892805,1260.0772141126831,10972413,59.83456811633646,22.442616859747886,25.41757904931284,-2.9749621895649554,1341.1749401190787,1264.679132080078,1188.1833240410774,1264.679132080078,1216.6038159179689,1267.611284102159,1229.8499736825872,1280.733415029863,1258.290798170115,1275.1568181865769,0.0010997658999323257,0.014946658209280258,0.009926258766260397,0.0010997658999323257,-0.041119611499663256,-0.033520317633866537,0.0049681182903968946,15233245.55,0.7202938444066503,0,13.45802288827008,13.359890993816862,25.205499286236936,0.019930936920126423,-0.002342450217950457,0.028289624617115903,-0.05706412344600328,0.064349197792408,0
2024-10-03,1246.7301025390625,1256.0581509565811,1238.5929384016897,1244.001159291873,17648551,51.07303906840271,18.067685839531578,23.94760040735659,-5.879914567825011,1340.6017402376278,1265.6714721679687,1190.7412040983095,1265.6714721679687,1217.399091796875,1265.6226001437688,1230.5119395200961,1275.5021361851243,1257.4344503455927,1275.6111896558293,-0.01416358597201317,0.015221527256243421,0.014008815957296743,-0.01416358597201317,-0.03845859456326661,-0.0509876519463639,-0.024837993574166828,15440380.95,1.1430126664070424,0,5.796958394446619,10.209183335358375,24.893620041444024,0.019967128403129305,-0.014927433819971412,0.013180012723234135,-0.07002201689065848,0.04702020745402079,0
2024-10-04,1230.2572021484375,1254.7184806872842,1226.734336136113,1237.5508987809962,13488887,47.482196849721895,13.120056253049825,21.782091576495237,-8.662035323445412,1340.3930507625569,1265.8600158691406,1191.3269809757244,1265.8600158691406,1217.938701171875,1262.2544670013563,1230.5019498192469,1268.5413771025571,1255.4213208495073,1275.3514331680296,-0.01321288413352395,0.015647062869007092,0.022746580554295237,-0.01321288413352395,-0.026119464281331384,-0.06719092516881375,-0.04044121777522702,15657684.75,0.8614866894672918,0,-3.1947836438637296,6.333672890528078,25.90723963131656,0.02105839298162524,-0.02534929817197025,-0.0001989006769516509,-0.08216683050651634,0.032678031971397445,0
2024-10-07,1224.4520263671875,1253.2795172340534,1215.6201496244253,1232.0434743858432,20667247,42.899211539784474,8.631101030344325,19.151893467265058,-10.520792436920733,1337.6027189553486,1267.1376586914062,1196.6725984274638,1267.1376586914062,1218.8561108398437,1258.654234560007,1230.264697919166,1261.7584000663464,1253.1272990360021,1274.6943233254215,-0.00471866839804902,0.01538002440633821,0.03075609889050474,-0.00471866839804902,-0.0317796992590792,-0.05564057535374012,-0.07811269314835378,16182523.15,1.2771337824410898,0,-9.761310015579056,3.2561441282771284,27.115766436284453,0.02214522566207343,-0.02717363295947247,-0.004724732459453639,-0.08459215205283852,0.023213891565853878,0
2024-10-08,1227.13134765625,1238.245662101406,1220.3338222332038,1231.4976811477177,12219259,42.175866401372744,5.229488226151489,16.367412419042346,-11.137924192890857,1337.4881070090917,1267.2170471191407,1196.9459872291898,1267.2170471191407,1219.6441088867186,1255.6520548548872,1230.1418214382675,1256.4311612340239,1251.2016730078724,1275.505147100606,0.0021881798807681374,0.015332787058458676,0.014596513977426076,0.0021881798807681374,-0.0157201264675475,-0.0285939133982428,-0.06452832551979149,16100323.6,0.7589449320136646,0,-12.271788860821516,1.7119291471435645,27.413474544600767,0.022339478652353653,-0.022713861764781053,-0.0024472574865373325,-0.08251046029831464,0.025218648752009538,0
2024-10-09,1234.62353515625,1255.4130720043904,1223.2115909568488,1233.5319821121263,14765997,38.28208262293713,3.1024790408018816,13.714425743394253,-10.611946702592371,1337.0876489947168,1267.5569213867188,1198.0261937787209,1267.5569213867188,1220.4737231445313,1253.6493386931122,1230.3175749174043,1253.0761418374432,1249.9736627966413,1276.1769916793055,0.006105448707108385,0.01467148064962255,0.026082024301817885,0.006105448707108385,0.0035491220861680883,-0.023736704444530465,-0.05646136020583514,16061366.95,0.9193487108517872,0,-13.961945409046848,0.46760123481703886,27.34967922390386,0.022152241914327814,-0.01517633595746637,0.0034998770452700414,-0.07663230897054803,0.03054803105940166,0
2024-10-10,1233.978515625,1245.0927087268435,1228.520629146562,1237.2036303622588,9118195,36.93426670572656,1.3492084168440215,11.241382278084208,-9.892173861240186,1336.636348205284,1267.9116821289062,1199.1870160525284,1267.9116821289062,1221.3543896484375,1251.7759269723397,1230.461141219663,1250.1380454970674,1248.7888370802234,1276.9666152472278,-0.0005224422772471815,0.014606836103459796,0.013429795876055348,-0.0005224422772471815,0.007780206208712448,-0.01022802520617161,-0.060694174163224646,15917614.6,0.5728367741734368,0,-13.846673171429075,-0.050798300433143595,27.494981377954623,0.02228157219092963,-0.014217729358629009,0.002858582272537689,-0.07680311306670948,0.029012571939777916,0
2024-10-11,1213.635498046875,1231.299252032795,1212.6431550394775,1227.528300150437,8472512,13.842846575849094,-1.662617074447553,8.660582407577856,-10.323199482025409,1338.5706812769608,1266.4653381347657,1194.3599949925706,1266.4653381347657,1221.7209521484374,1248.1435051699143,1229.801312075632,1244.5222689662685,1246.184886040716,1277.4356529287365,-0.01648571455704917,0.009925089841001055,0.015372075901983024,-0.01648571455704917,-0.010997885136869279,-0.013510755370938266,-0.07979388038664925,15572418.1,0.5440717007206479,0,-14.110961831441955,-0.7006377436148341,24.000520672960388,0.019775724022233074,-0.02764746760296734,-0.013145061620948126,-0.09333476743334987,0.016138771505340238,1
2024-10-14,1222.3184814453125,1228.4214150784755,1208.0783837250117,1211.6507942721546,11833929,20.31614540128578,-3.3107025634822094,6.266325413365843,-9.577027976848052,1339.481379097759,1265.542462158203,1191.6035452186472,1265.542462158203,1222.3556274414063,1245.6839791009047,1229.5078677371882,1241.1063016553521,1244.4170042188343,1276.4355679713615,0.007154523258763534,0.010379723301165834,0.01664298761924105,0.007154523258763534,-0.00996664437421424,-0.0017424487655959275,-0.05728607326749391,15670250.15,0.755184434627548,0,-12.97025545910219,-0.7568301819778753,23.330691639739843,0.019087244440706492,-0.018757163171077052,-0.005847369081994758,-0.08746885136347651,0.025776136996159556,1
2024-10-15,1245.8865966796875,1248.6652054451272,1225.9405272443164,1229.4632721003522,11657338,31.68893569172006,-2.6841312605422445,4.476234078584225,-7.16036533912647,1339.4446449251818,1265.1777770996093,1190.9109092740368,1265.1777770996093,1223.7282934570312,1245.7032760131697,1230.1501708329727,1241.841731659096,1244.5258629196383,1275.902677457149,0.01928148481114933,0.012245154152242522,0.01823976456715443,0.01928148481114933,0.009650152659794298,0.015283815427956426,-0.01374712206502815,15804450.3,0.7375984471918013,0,-9.948778841717512,0.008349394705192026,24.082033134261987,0.019329233654524484,0.00014716238613784576,0.012792280340910914,-0.0698483872401612,0.04616272046677538,0
2024-10-16,1233.6312255859375,1245.340800313192,1232.0930454805564,1238.9402364127243,7869727,27.508379091492557,-3.140275868161325,2.952932089235115,-6.09320795739644,1339.497281327732,1263.9398315429687,1188.3823817582054,1263.9398315429687,1225.32712890625,1244.5535569248618,1230.2866827840694,1240.5785768786102,1243.7188527467715,1275.6363179916955,-0.009836666616697576,0.012158696178341002,0.010738829042158268,-0.009836666616697576,0.01647589212019751,-0.000803734532880851,-0.024521360968352446,15622280.6,0.5037502014910679,0,-9.09578176825039,-0.030892133334873506,23.81622406391677,0.019305788934294188,-0.00877610391143958,0.002718506872154049,-0.07903416992146362,0.0380759968527863,0
2024-10-17,1221.8223876953125,1247.3255557801638,1215.024861988864,1239.8829828601924,8459497,23.723788831330396,-4.403883060640283,1.4815690592600355,-5.885452119900318,1338.5924360049628,1261.1066955566407,1183.6209551083186,1261.1066955566407,1226.8029321289061,1242.3886836649046,1229.954749643334,1237.693009311949,1242.0968923725893,1274.4749423956955,-0.009572421357132987,0.011980284482060942,0.02643648873730961,-0.009572421357132987,-0.00040586292159583426,-0.009851166593067062,-0.01997843381901465,15421925.6,0.5485370127839289,0,-9.387243307435028,-0.5063915763289515,24.95741689366082,0.020426386965078664,-0.016553833949069726,-0.006611919625807187,-0.08723345894449487,0.032275055981496936,0
2024-10-18,1254.8177490234375,1259.1840825393742,1215.8682854811916,1218.547563181441,11018126,39.309293962710186,-2.7115933982518072,0.6429365677576669,-3.354529966009474,1336.6296809336657,1259.7422241210938,1182.854767308522,1259.7422241210938,1228.8284497070313,1243.572404175241,1230.9297692268674,1240.327584652178,1243.0391780504299,1273.0056703222651,0.027005039079667892,0.014262101498252919,0.0345195922610221,0.027005039079667892,0.007168511458066629,0.03393296508122723,0.019963749720065982,15314218.5,0.7194703405857765,0,-4.571100994673316,1.1284571512353523,25.985200782259117,0.020708346532779053,0.009042774518347904,0.019406452255658638,-0.06120762772010323,0.06083839174834682,0
2024-10-21,1249.4095458984375,1262.607635574402,1240.9746301061532,1254.8177669815936,7742775,45.8666742478749,-1.7862476909874658,0.15709971600864037,-1.9433474069961063,1325.6749655762894,1255.8026306152344,1185.9302956541794,1255.8026306152344,1230.9002709960937,1244.1283224345932,1231.6544663512427,1241.7248094592949,1243.5110571502823,1257.818590541758,-0.004309951089876529,0.012602977424683238,0.01731458314790819,-0.004309951089876529,0.012790143427997114,0.022163670814411285,0.020382602987963683,12038468.9,0.6431694150075845,0,-1.5556566663115063,2.146598614054483,24.999947778787696,0.02000940993356225,0.0042449186057509315,0.014415633631235821,-0.057529501316861846,0.053526965688351726,1
2024-10-22,1257.7947998046875,1275.0615928812024,1250.104141265448,1256.9016668439735,20090801,48.0375390798839,-0.3719964954414081,0.05128047371863069,-0.4232769691600388,1317.8542775837948,1253.1034606933595,1188.3526438029241,1253.1034606933595,1233.0020556640625,1245.4298917079357,1232.679577467064,1244.1971156662785,1244.5691121617199,1255.6650926371751,0.00671137333132843,0.01275341929155552,0.01984222833456595,0.00671137333132843,0.029441604992382464,0.009558015277422172,0.02498791364673636,12473988.5,1.6106156423023799,1,-0.2733843052340035,2.5294066340914014,25.935582319071482,0.020619883563756825,0.009928224927856086,0.020374493742510706,-0.04557368656056773,0.05843564733405819,1
2024-10-23,1242.0164794921875,1258.2412633793258,1233.5320194899548,1251.3445279562577,14055447,48.6323058330488,-0.5183950823161467,-0.06265463748832481,-0.45574044482782194,1309.1582073871543,1249.7791137695312,1190.4000201519082,1249.7791137695312,1234.565986328125,1245.1048048302455,1233.045730487657,1243.861633177957,1244.380028260273,1251.9253944797883,-0.012544431186191973,0.012624843459199694,0.01989445735814525,-0.012544431186191973,-0.010201696255263015,0.006797212758834936,0.005988015071332509,12482459.0,1.1260158755578529,0,0.5512479053836614,2.759047703587612,25.83988335604457,0.020804783014319986,-0.002480373801528329,0.0072752768066295884,-0.05128618337807293,0.043360600190255796,1
2024-10-24,1243.15771484375,1250.7987076222266,1231.547349996325,1240.6768573006573,12223031,54.10874702285839,-0.5361484760985604,-0.15735340521037194,-0.3787950708881885,1297.4584057817212,1246.2513366699218,1195.0442675581223,1246.2513366699218,1236.2410620117187,1244.9193676886746,1233.4422788937782,1243.7533380496172,1244.2894865257158,1249.420148995324,0.0009188568512625839,0.012056253278837642,0.015485852998403573,0.0009188568512625839,-0.0050038284685842704,0.017461889193798097,0.007438702621253235,12657209.6,0.965697131222351,0,2.530684023769936,3.4875292504441404,25.21611286138245,0.02028392098628597,-0.0014150738518875158,0.007876684719032977,-0.04185158514214948,0.04026080756317056,1
2024-10-25,1245.8370361328125,1259.184122863092,1224.7497462785968,1237.6998715609657,13546055,56.949387595779896,-0.33021284445158017,-0.1919252930586136,-0.13828755139296656,1280.7536315233842,1242.59951171875,1204.4453919141156,1242.59951171875,1238.1026977539063,1245.0067646833543,1233.928347805113,1244.0739069854935,1244.404119829945,1246.1897545523593,0.0021552545240803855,0.011953199284341853,0.027639551230056892,0.0021552545240803855,-0.00950692726168989,-0.0071569858631775896,0.026533121466667753,12779468.9,1.059985755746078,0,1.4343605081132864,2.9985785782455423,24.985756359587235,0.020055397002119328,0.000666881074874632,0.00965103715210247,-0.027262538657837267,0.03436572923652183,1
2024-10-28,1282.95068359375,1297.786284822074,1270.794481272672,1275.6569864282285,24096412,64.82216206123974,2.7955286911237636,0.4055655037778618,2.3899631873459017,1276.3085545093072,1241.9172790527343,1207.5260035961614,1241.9172790527343,1240.1985278320312,1248.620471246249,1235.8507923458437,1250.0549495406099,1247.259420849486,1245.8493002057571,0.02979013015710419,0.014179385935067623,0.02103884731858409,0.02979013015710419,0.032957859076313545,0.026845591027715,0.04960425868448293,13128420.55,1.8354387649472426,1,4.492148811655852,4.196325994601011,27.416999846805766,0.02137026792799733,0.027494513455506568,0.03811130885671327,0.005204171875974329,0.0624621579766933,0
2024-10-29,1321.6519775390625,1325.1251779791885,1289.3016205238707,1291.385516560823,20656117,69.82370635410103,8.299896320717835,1.9844316671658566,6.315464653551978,1293.7195036740536,1244.8372436523437,1195.9549836306337,1244.8372436523437,1243.2936450195311,1255.5758527979456,1239.2155447063622,1261.0698769249873,1252.7699806042694,1249.754247903754,0.030165846934119056,0.0159022716342739,0.027105136650286573,0.030165846934119056,0.0631410333202802,0.050769153874933304,0.060812421500713754,13530115.8,1.5266770296230576,1,10.145961090009905,6.535967239298088,28.12935794236983,0.021283483413498273,0.05262615125471856,0.06652307839814424,0.021590826903113876,0.10510177693046835,0
2024-10-30,1302.1029052734375,1320.7093367177222,1295.603010101319,1313.8621457191011,15055031,64.28723205439684,10.958379196552414,3.7792211730431684,7.179158023509245,1301.3227446678122,1246.7102905273437,1192.097836386875,1246.7102905273437,1245.92732421875,1260.0070006527544,1241.6817157089927,1267.3826505170566,1256.4242713205042,1252.2624286634998,-0.014791391832232326,0.016719280110827527,0.019281369018319672,-0.014791391832232326,0.04516310521260403,0.048378122813488744,0.055504171965960136,13734246.7,1.0961672182574091,0,14.90219582250893,8.635985221335659,28.80627850361712,0.022122889356097315,0.033409262487331455,0.04866077095284012,0.0005995135402205089,0.09227855762239814,0
2024-10-31,1282.355224609375,1308.8507339009743,1278.6836040126998,1297.2403694104123,23497314,64.44816644064352,11.34104077910115,5.291585094254765,6.049455684846384,1305.3830854828168,1248.4915466308594,1191.600007778902,1248.4915466308594,1248.2573461914062,1262.1354029343374,1243.2767552737137,1269.6861234543364,1258.3450826752353,1255.7432879143278,-0.015165990786200956,0.016598331845206753,0.023524784170052333,-0.015165990786200956,-0.00046413240352083385,0.03153060090251825,0.04954307395549029,14026684.85,1.6751865641295849,1,17.21603524566285,9.834476379935495,29.437119168099407,0.022955510768918497,0.01602032684292709,0.03143183460150674,-0.017640691939044526,0.07616248425479402,0
2024-11-01,1281.90869140625,1286.2749035463628,1276.4011394929669,1280.0727600114117,1007022,62.97819168875501,11.47598335003272,6.528464745410357,4.947518604622363,1309.1573546480593,1251.07412109375,1192.9908875394406,1251.07412109375,1250.2559252929686,1264.0185732649957,1244.7917331612641,1271.5665185238615,1260.0905351738288,1256.771445992079,-0.0003482133456905734,0.016612150175455927,0.007702392627172554,-0.0003482133456905734,-0.030070916404797532,0.028953750953982782,0.021589543504541675,13402591.6,0.07513636392531725,0,19.01180858164139,10.863385356151184,28.6893143609517,0.02238015433804385,0.014153366508724357,0.02981780586759194,-0.020813894636168097,0.07453351471125114,0
2024-11-04,1267.42041015625,1281.908714624808,1260.3252547322477,1280.221658871375,14309121,54.88298604402424,10.29516682184476,7.281805160697237,3.0133616611475222,1310.3300948277983,1253.2225402832032,1196.114985738608,1253.2225402832032,1251.7186376953125,1264.3425577308294,1245.6791322591068,1270.928655698075,1260.6334888762303,1259.5145095481332,-0.011302116404333318,0.01639129034776583,0.017029440049730196,-0.011302116404333318,-0.02663575588129441,-0.012105121136844699,0.014415500759489719,13084685.3,1.0935777721761486,0,15.722086484580359,9.828339913263108,28.34908121043353,0.022367543542192603,0.002434350094917744,0.01745335322244194,-0.03274723280868205,0.05961418865896943,0
2024-11-05,1286.7711181640625,1291.335992867302,1253.4284176295798,1263.2526375453915,16431920,61.6742864375944,10.796348051701443,7.984713738898079,2.8116343128033643,1313.8019654613943,1256.2045288085938,1198.6070921557932,1256.2045288085938,1253.3738647460937,1266.478611105423,1247.2905826867523,1273.3659576159193,1262.569609564218,1262.0280598272682,0.015267789482281469,0.016446655886187458,0.02945945452351138,0.015267789482281469,0.0034435805851165124,-0.026391864097195072,0.0230373971683413,13295318.35,1.2359177544627955,0,10.90275830747737,8.075037980390107,30.07151149890431,0.023369743907377793,0.016022779130022268,0.03165303741191276,-0.02057452188986398,0.07355540158676939,0
2024-11-06,1292.3779296875,1304.9310933295442,1282.8017951557133,1290.2940335374446,12037405,65.93454823749573,11.513243119108893,8.690419614940243,2.8228235041686496,1317.9121422471226,1259.0922485351562,1200.2723548231897,1259.0922485351562,1254.8822265625,1268.9452128751445,1249.0587139416837,1276.2908763961625,1264.7776332770536,1264.8238032660006,0.004357271813371977,0.016034528541885248,0.01712293104477712,0.004357271813371977,0.008166914189313479,-0.007468668986569282,0.04054813364143395,13158888.75,0.9147736734228413,0,8.93821222239012,7.376998232690994,29.34498324051367,0.022706193417903194,0.018466295135991094,0.03468148875813282,-0.01937474566103105,0.07673722925816964,0
2024-11-07,1268.908935546875,1292.824498565034,1265.4854006783698,1287.2177364325323,9909035,53.32550511321438,10.07153752116892,8.966643196185979,1.1048943249829417,1318.5834262606293,1260.83876953125,1203.0941128018706,1260.83876953125,1255.9708251953125,1268.9417578914997,1249.8371540046323,1275.1551931885797,1265.0836556674108,1266.2339205461192,-0.01815954420260013,0.015617569407903412,0.02154535847356259,-0.01815954420260013,0.0011744527535590965,-0.010485619588438078,0.020714363427621674,13198430.75,0.7507737236110437,0,6.806354957162284,6.560398730918678,28.203790442548065,0.02222680418779838,-2.5865918920705733e-05,0.015259413181256712,-0.03767261875467839,0.054704633697964945,0
2024-11-08,1249.2109375,1265.2373008714958,1243.108003939261,1260.2755859661174,11195808,49.95609023335598,7.255870470369473,8.624488651022679,-1.3686181806532058,1316.2878657614579,1262.6175415039063,1208.9472172463547,1262.6175415039063,1256.7041650390624,1267.0626321399284,1249.8125964946466,1271.1637692364905,1263.907898766121,1267.1526038695556,-0.015523571073589704,0.016183207233383474,0.017714619899599514,-0.015523571073589704,-0.02918948065733129,-0.025507084962799187,0.0027081402056086112,13334595.55,0.8396061176373661,0,3.044058874932716,5.020863333382522,28.501499452502735,0.022815601910708323,-0.01408903884236476,-0.00048139936846061237,-0.050959163269847965,0.03330477929826813,0
2024-11-11,1259.5810546875,1266.130494449298,1237.1044608620273,1252.3369021242906,8387780,50.391482153090315,5.794421354696169,8.058475191757378,-2.2640538370612084,1314.7393141367154,1264.4806701660157,1214.222026195316,1264.4806701660157,1257.5000268554688,1266.350100953983,1250.1956732865233,1269.3818131520304,1263.5873917973342,1268.8795922999827,0.008301333967066782,0.01623858602584426,0.023044196702745854,0.008301333967066782,-0.02537715496884907,-0.006185284224500931,-0.018215531746542224,13162288.1,0.6372585021900562,0,2.0075432231535615,4.5165410274164515,28.74249849568173,0.022819094006469236,-0.005345319798516721,0.007507129964947291,-0.04195376137012639,0.037356453361592816,0
2024-11-12,1260.8709716796875,1285.084164724792,1254.817703702316,1266.3785236970411,13486168,54.41243856535755,4.686277433192799,7.384035640044463,-2.6977582068516632,1314.7629452363624,1265.2298889160156,1215.6968325956689,1265.2298889160156,1258.3068017578125,1265.8282791183358,1250.6143124391963,1268.072452925516,1263.3861754923232,1270.0429494268906,0.0010240841487629826,0.01581741347988445,0.024004407827833422,0.0010240841487629826,-0.006334547454126982,-0.020128013536182543,-0.045988661835584144,13253729.6,1.0175375842887273,0,-0.6503319870871564,3.3237297524440237,29.13944257661779,0.023110566609206063,-0.003916255878009858,0.008201296865447386,-0.04098987863320594,0.03715904975055832,0
2024-11-13,1244.100341796875,1266.477724382224,1240.4287212362626,1260.8709623351128,12260404,50.205561500742704,2.4268406102155495,6.39259663407868,-3.965756023863131,1314.0871392514246,1265.7533447265625,1217.4195502017005,1265.7533447265625,1258.4258813476563,1263.7589517543872,1250.3588626100857,1264.384435828802,1261.9575952185864,1270.1106693826405,-0.01330082955313916,0.016285920336698827,0.020938024266063993,-0.01330082955313916,-0.00409105904352125,-0.037355627004786895,-0.04454529917847172,13473263.45,0.9099802765305536,0,-5.186261120757308,1.3001486684020165,29.624988685193493,0.023812378865201198,-0.015555664258774641,-0.005005379655682377,-0.05325887101704522,0.02191585603398108,0
2024-11-14,1247.325439453125,1257.993126310203,1233.5319691696748,1244.149990424334,9506892,50.32380980708445,0.886243019376252,5.291325911138196,-4.405082891761944,1311.6883296548697,1267.028497314453,1222.3686649740364,1267.028497314453,1258.8347241210938,1262.1938553447433,1250.2399048392244,1261.7599748479286,1260.8737318285523,1270.5883756078458,0.002592313134157642,0.01629042360071492,0.01961088611425496,0.002592313134157642,-0.009729913917620459,-0.017009491768176344,-0.027316756296540734,13525633.2,0.702879625628174,0,-6.74790254675645,0.4027508345920978,28.91261586776729,0.023179689079735024,-0.011779819580532862,-0.0023311249103620834,-0.04906873740248934,0.020416732851720066,1
2024-11-18,1243.852294921875,1252.9322576721884,1239.8333784208526,1250.3521900785158,6195554,40.03539166653185,-0.6079374832827398,4.111473232254009,-4.719410715536749,1312.031583457983,1266.480224609375,1220.928865760767,1266.480224609375,1259.1820434570313,1260.447040066375,1249.989410332662,1259.0049471669972,1259.61288465028,1271.1363210526729,-0.002784473419200628,0.013889534639452287,0.010530896075694043,-0.002784473419200628,-0.013497556165593116,-0.004289621886315764,-0.02968729109920243,13284504.6,0.4663744856545121,0,-6.615592073553444,0.17681383801527772,26.13758947934402,0.021013419025757953,-0.013165761525074518,-0.004909733922588702,-0.05196467020741613,0.01877540109335064,1
2024-11-19,1239.53564453125,1251.3445507199667,1231.3488145998942,1247.4248442373848,11537317,24.624381072804624,-2.116011840079409,2.865976217787326,-4.981988057866735,1312.5203373281531,1265.9865295410157,1219.4527217538782,1265.9865295410157,1259.9947729492187,1258.4554785868393,1249.5794587326066,1256.0096698384207,1258.1256816785,1270.41373734928,-0.003470388251280321,0.010327867317643267,0.01613163462324973,-0.003470388251280321,-0.0036690748424939024,-0.01591434714078266,-0.022001196604970463,13474231.7,0.8562504532262125,0,-7.894622367143711,-0.6162145539167341,24.5533924603893,0.019808540858600766,-0.0150341703600313,-0.008037755527402437,-0.05560652335907818,0.016468799830539973,1
2024-11-21,1240.974609375,1247.2759633109613,1223.112435054442,1238.9899233393824,9593870,28.72933198880999,-3.158648264961812,1.6610513212374984,-4.81969958619931,1312.8948066894795,1265.1455200195312,1217.3962333495829,1265.1455200195312,1260.3033935546875,1256.7906338999974,1249.2420136597593,1253.696583613279,1256.8552318782408,1269.911735352455,0.0011608902495854334,0.00998187299216465,0.019471412286742127,0.0011608902495854334,-0.005091558207062197,-0.01577985595003606,-0.03559025233205726,12949385.15,0.740874558048032,0,-9.037645218338412,-1.37229877943696,24.418718233159,0.019677049029598725,-0.012584454481426262,-0.006617936472164643,-0.05477986274911803,0.019367873318075605,1
2024-11-22,1268.2640380859375,1271.588362957257,1246.3828261628269,1248.3675121917486,11604338,45.34124140469432,-1.7625981791400136,0.9763214211619962,-2.73891960030201,1312.9570189724461,1266.4578979492187,1219.9587769259913,1266.4578979492187,1261.1121533203125,1257.8833390605632,1249.9879754019623,1255.9377304552265,1257.7003286343665,1270.9443956431157,0.02199031995076961,0.011440777405106363,0.019874045181057336,0.02199031995076961,0.0196259180159295,0.019422626517538344,-0.01865854487889107,12826829.7,0.904692606934666,0,-5.875612693823996,-0.3708872081233494,24.45061992558632,0.01927880882161349,0.008252513331742659,0.014620990796409926,-0.03403994208545113,0.039595814279613686,0
2024-11-25,1290.9886474609375,1301.160163762971,1280.1225394754547,1286.076597798596,22717581,52.616530826893104,1.1640491964085413,1.0138669762113053,0.15018222019723604,1315.2226865215873,1268.8494445800782,1222.476202638569,1268.8494445800782,1262.3942602539062,1261.0362255748846,1251.5958448944712,1261.330179225336,1260.1661300289275,1273.9624224345014,0.017917885150552593,0.012481644501218513,0.016295746929217585,0.017917885150552593,0.04150990183839798,0.03500546579644537,0.017400548845963204,13351557.2,1.7014929913942922,1,-1.1576297698586586,1.3559400552467196,26.09507432727472,0.02021324848874343,0.02375222953836881,0.03147405987896018,-0.018425806754248118,0.05604399061060865,0
2024-11-26,1294.9580078125,1304.1868465830694,1292.4771502005865,1300.56477024255,7646955,58.447508077235895,3.7603851546250553,1.5631706118940554,2.197214542731,1317.7500522751643,1271.3054931640625,1224.8609340529606,1271.3054931640625,1263.4421728515624,1264.2668715022767,1253.2963218716486,1266.503691315669,1262.7433061610438,1276.2359487281676,0.0030746671238117695,0.012011739509703322,0.009042529805474868,0.0030746671238117695,0.04350080817905533,0.0410866411544748,0.036620773113027694,13056602.2,0.5856772598923172,0,3.819831435901733,3.3069115389866965,25.496127129386974,0.019688767493284322,0.024275836852194272,0.0332416885087755,-0.017296181793590257,0.057228597803012746,0
2024-11-27,1290.740478515625,1300.812784090288,1287.9123252215186,1288.5573723920809,21938082,51.34227661540062,5.415257028068027,2.33358789512885,3.0816691329391768,1318.6782615427944,1271.6949829101563,1224.7117042775183,1271.6949829101563,1264.4414624023439,1266.7881674083098,1254.7647201714126,1270.2324278079698,1264.8171707799017,1276.961325493549,-0.0032568849888804374,0.011395208368050502,0.009994618657660123,-0.0032568849888804374,0.017722209062719152,0.04130969061703671,0.02473792671949604,12948685.7,1.6942323343287267,1,8.332688821470583,5.185261438806037,23.709904531604643,0.018369226754917815,0.018907905617968145,0.02867131802948507,-0.02118620124554375,0.05391372843705974,0
2024-11-28,1276.5003662109375,1300.4654733696732,1272.4814498292426,1291.0878806767676,22803745,44.92705464251978,5.514133360128653,2.9696969881288107,2.5444363719998426,1310.2469529122939,1269.43740234375,1228.627851775206,1269.43740234375,1264.9078637695313,1267.713138722846,1255.6170984474725,1271.196726023811,1265.6825926636823,1274.7278772178165,-0.011032513926474086,0.011709621642072742,0.021922456335438552,-0.011032513926474086,-0.011222624829811623,0.028627303546387317,0.012395712870151288,13056067.1,1.746601394228435,1,10.922504822848623,6.375084787713149,24.12809920064748,0.018901756583327444,0.006931558267940782,0.016631875903319947,-0.02575589786822066,0.0389642106570855,1
2024-11-29,1290.1451416015625,1293.2710463550775,1273.275310189296,1273.275310189296,11397228,57.239533352697904,6.617233556179144,3.699204301738878,2.9180292544402664,1307.948991303574,1268.8395141601563,1229.7300370167386,1268.8395141601563,1265.5429638671876,1269.8495199493902,1256.971139355476,1274.1118668819265,1267.4946333257474,1273.3708431244297,0.010689206013412278,0.0109361746796394,0.015498826853666301,0.010689206013412278,-0.0037166195211747466,0.017252798201743413,0.03701051937513666,12873176.95,0.8853469539234448,0,11.966180888827012,6.983163953513667,23.60357336344157,0.01829528523755128,0.015982698212132364,0.026392015860520705,-0.01361203672344078,0.04912875408930224,1
2024-12-02,1294.6602783203125,1300.5151260626694,1279.2789623057151,1289.946649219065,9626400,67.28302738112149,7.766257624025684,4.51261496619624,3.2536426578294444,1309.826291273788,1269.454766845703,1229.083242417618,1269.454766845703,1265.8664672851562,1272.2124493180495,1258.4491448050776,1277.2731609493705,1269.5069033253449,1272.4861552633265,0.0034997122208630937,0.009817484628526692,0.016402885075385183,0.0034997122208630937,0.0030368612977842435,0.0028440458144973757,0.03794906875942572,12179631.25,0.7903687560327411,0,11.176223743164883,6.853299910606438,23.27751851696587,0.017979634431332086,0.01764471729096491,0.028774411476789302,-0.01157864447714419,0.05335443006586259,0
2024-12-03,1298.381591796875,1302.747925178162,1286.175724570763,1293.9655928118616,11509276,65.54052071945569,8.874842710935809,5.385060515144154,3.489782195791655,1312.3558544268715,1270.2784118652344,1228.2009693035973,1270.2784118652344,1266.1919555664062,1274.704748601747,1260.0151231184814,1280.5206118489866,1271.6457691380508,1273.5048942393944,0.00287435517940704,0.009681264713721223,0.01276373657182263,0.00287435517940704,0.01714157407638517,0.0026437799246930016,0.04383904511622494,12704743.95,0.9059038139843818,0,10.43787709947037,6.718801246832754,22.3879590184036,0.01724297322131634,0.01857437435696355,0.030449212850269865,-0.010648226685512274,0.057140992595919274,0
2024-12-04,1305.9730224609375,1309.8927287632168,1291.7328038420255,1292.625936747851,11570281,67.19638382401675,10.247838684298358,6.357616148974995,3.890222535323363,1317.1657903856008,1272.2060424804688,1227.2462945753368,1272.2060424804688,1265.7473876953125,1277.6826794454796,1261.8173936809308,1284.4363673277483,1274.18852864345,1275.0471770120923,0.005846840953402932,0.009721435343124741,0.013905283347255729,0.005846840953402932,0.012268294743742247,0.011801399428357673,0.053598602204627976,12567801.95,0.9206288455237792,0,10.894512037169761,7.052673509518172,21.52320643974042,0.016480590387068422,0.02214191635417335,0.0349936757894876,-0.008497615111448174,0.06414908583027534,0
2024-12-05,1326.2664794921875,1332.6174992065928,1298.5800843127004,1306.171532833215,19210697,80.50851068265855,12.82561456695521,7.651215832571038,5.174398734384171,1324.930858858906,1274.180810546875,1223.4307622348438,1274.180810546875,1266.0371533203124,1282.3097080213565,1264.344808810784,1290.8717691992003,1278.0461546322451,1278.2435676115863,0.015538955768787277,0.009140863859953267,0.025664084420594712,0.015538955768787277,0.024412737226232606,0.03898636819742696,0.06872974634037332,12706740.8,1.5118508595060032,1,14.59656929851053,8.727710363311417,22.093807278878348,0.016658648635482227,0.03427937197688195,0.04897530345353008,0.001008068175294635,0.08405519987865394,0
2024-12-06,1318.5758056640625,1336.7852761002946,1316.5414539912906,1332.2205223736623,8942672,75.60630853934063,14.08557765036062,8.938088196128955,5.147489454231664,1329.4681054231362,1275.490704345703,1221.51330326827,1275.490704345703,1266.2386010742186,1285.7636220825666,1266.471514569736,1295.133928655333,1281.0483510049723,1279.1470407064653,-0.005798739504499606,0.00954979886827972,0.015352793538334925,-0.005798739504499606,0.01555337351882824,0.022036795044010793,0.039669789623661744,12552004.15,0.7124497325791594,0,15.914102133176357,9.500375214259975,21.7925690623409,0.016527353959271004,0.025519607973003327,0.04114130518918789,-0.008192975607795382,0.07946086394318669,0
2024-12-09,1312.1751708984375,1318.8734860133875,1310.1408193352056,1311.9766296210685,8000764,74.04819254331201,14.401616863743811,10.030793929651928,4.370822934091883,1333.9394563700453,1277.6540161132812,1221.368575856517,1277.6540161132812,1266.2078393554686,1288.2790076840781,1268.2638148179205,1297.7556582311952,1283.3540413674514,1280.3931803734035,-0.004854203101657517,0.009678359196414557,0.006655107391037347,-0.004854203101657517,0.0047490632125102294,0.013528562566891056,0.01641108423313309,12456590.6,0.6422916395759206,0,16.06655836602863,9.814670012842953,21.480696735687047,0.016370296597655754,0.018548903670577686,0.0346232034435368,-0.016315797068356737,0.0743482326604317,0
2024-12-10,1320.2626953125,1321.8008754160685,1305.1791301734115,1308.9004164217674,8218214,77.67943693192187,15.130263586875344,11.050687861096613,4.0795757257787315,1338.8850491905437,1281.2066040039062,1223.5281588172688,1281.2066040039062,1266.2356225585938,1291.3250731724993,1270.3029866020217,1301.2182793206266,1286.0880157337513,1282.841347701307,0.006163448747871891,0.009456244983927067,0.01258972574296866,0.006163448747871891,-0.004526830974410423,0.01685259838391806,0.01954093286989722,12307710.9,0.6677288788120624,0,16.620324570752246,10.287863483540377,21.239697387300225,0.016087478244072397,0.022409246704168294,0.03932897051916507,-0.013908851913241004,0.07906196175226585,0
2024-12-11,1317.3353271484375,1321.0566133833202,1305.9233826947975,1314.5567183054773,8138066,75.91778526687719,15.295193746191217,11.899589038115534,3.395604708075682,1342.9843255174817,1284.0943176269532,1225.2043097364246,1284.0943176269532,1266.6504223632812,1293.8022402178267,1272.147392113646,1303.6978251402898,1288.4026313940985,1284.8725642391719,-0.0022172618937548183,0.009591731287571488,0.011487758945386143,-0.0022172618937548183,-0.0009407714826075164,0.00870025987680001,0.020604334547094316,12295225.2,0.6618883239324482,0,16.119560772347086,10.329998432715229,20.594676132443315,0.015633586762622897,0.018189091191130366,0.03552099018944079,-0.019098509105205726,0.07519645228136096,0
2024-12-12,1319.0718994140625,1328.4991576758143,1311.4309069614158,1311.4309069614158,9076896,70.86385245753723,15.388638311047998,12.597398892702028,2.7912394183459703,1346.8073685511597,1287.0043640136719,1227.201359476184,1287.0043640136719,1267.766806640625,1296.208874426992,1273.9875688705251,1306.0630673362548,1290.6744290252068,1287.1826801081484,0.0013182461821501512,0.008143581091336713,0.0129395908759639,0.0013182461821501512,0.005255951086852839,-0.00542468665941076,0.0333501927065567,12074761.6,0.7517246551683472,0,13.89916640563547,9.64276005974125,19.62714021331057,0.014879507494647587,0.0176383802318723,0.03538835985935689,-0.020593493757710787,0.07486183031698422,0
2024-12-13,1334.6021728515625,1336.8349446817394,1303.4425773055236,1315.201818050664,13536684,69.0342089617123,16.5253629786871,13.382991709899043,3.1423712687880556,1351.359326882722,1291.5294555664063,1231.6995842500908,1291.5294555664063,1269.1660107421876,1299.865379038856,1276.3646121638992,1310.4536989539943,1293.9283359753072,1291.1499429744902,0.011773636785378017,0.007400139385891617,0.02502046531579399,0.011773636785378017,0.010861079079166558,0.012154300965221188,0.034458937848505844,12138575.6,1.1151789506505194,0,14.101756956289364,9.893097594163237,19.66258604896645,0.014732919254098477,0.026723377953485884,0.04562768360439701,-0.012400220798278985,0.08354520040219308,0
2024-12-16,1335.7928466796875,1340.1095143687996,1329.7892443970975,1334.6020835708346,9071006,68.26449638170574,17.322618531033413,14.170917074125917,3.151701456907496,1355.0995529866025,1295.9528259277345,1236.8060988688665,1295.9528259277345,1270.947265625,1303.287042623697,1278.6951311645184,1314.3520293733316,1297.0294108422981,1294.5600715091014,0.0008921563686510314,0.007407849601740635,0.007725950919227272,0.0008921563686510314,0.014011253741447849,0.017998874163332346,0.031770935625475616,12116781.3,0.7486316518727626,0,15.008034939618938,10.431316346597896,19.45701968107861,0.01456589599910041,0.02494140046888808,0.044653110912504755,-0.014247444967687813,0.08003416857448421,0
2024-12-17,1323.5374755859375,1337.7775734016686,1315.8964829440192,1331.7243053318298,9879257,63.68533703338091,16.772203750822882,14.69117440946531,2.0810293413575724,1354.8936303653456,1299.9370849609375,1244.9805395565293,1299.9370849609375,1272.81287109375,1305.2156552867677,1280.4536544751625,1315.7651749445017,1298.9929711936788,1297.046532293178,-0.009174604523607521,0.007898549949236718,0.016532278731255814,-0.009174604523607521,0.003385392542937682,0.002480400518066972,0.019374800095747213,12300966.45,0.8031285216618081,0,13.890582114268454,10.15066787314072,20.09849336599861,0.015185435801204567,0.014037389319502368,0.03364731004530922,-0.0231428903912944,0.06309892687751631,0
2024-12-18,1304.087646484375,1324.728309292061,1297.4388753521955,1315.1026301384318,8510595,61.03182018321037,14.598277555936875,14.672595038759624,-0.07431748282274953,1350.1956917409898,1303.1646850585937,1256.1336783761976,1303.1646850585937,1274.4055834960936,1305.108225877016,1281.3804776912102,1313.9686321044821,1299.3703545485453,1300.1297900542222,-0.014695336898527867,0.00840175645858351,0.020926073499303387,-0.014695336898527867,-0.022864136585353356,-0.0100564225304266,-0.0014436561430724026,12149630.35,0.7004818051933572,0,11.305985659189218,9.233085577564225,20.04887982310111,0.015373874506939689,-0.0007819883228113862,0.017720863700123272,-0.03414915744336397,0.03817584778888136,0
2024-12-19,1277.0462646484375,1293.0229631431896,1274.614951552865,1276.1531316977298,11517304,45.268828392849585,10.571549620826545,13.852385955173009,-3.280836334346464,1344.0528110206906,1304.9682678222657,1265.8837246238409,1304.9682678222657,1275.4038818359375,1302.4356581409609,1281.210508552278,1308.2882678804751,1297.7167182596486,1301.724786616903,-0.020735862277997175,0.00984871016246234,0.014414522088901911,-0.020735862277997175,-0.04397881166774731,-0.03186000307056269,-0.03711185919634785,12245802.05,0.9405103849445288,0,6.226783713968871,7.222939681752905,20.725805449224577,0.01622948676407605,-0.019493779469124076,-0.003250241764365474,-0.04985410232605924,0.008817982100143994,0
2024-12-20,1278.5347900390625,1287.8131731856893,1262.657301485049,1274.1187908536028,58491181,44.04546183956914,7.414975063273687,12.564903776793145,-5.149928713519458,1342.7641168904586,1305.4818054199218,1268.199493949385,1305.4818054199218,1276.2821069335937,1300.159384988399,1281.1055784145049,1303.710809751027,1296.2958346877533,1298.212129497474,0.0011656002071582794,0.009792041774752826,0.019675547272258224,0.0011656002071582794,-0.03400182191815315,-0.042010558616658256,-0.03036686662458099,14590144.2,4.008951535927932,1,0.2940059495431342,4.740966250605652,21.005784588059296,0.016429576067630913,-0.016632264627716813,-0.002006695169202188,-0.04783366344353678,0.008149582253413203,0
2024-12-23,1286.8704833984375,1296.992333800165,1277.1951389037538,1284.736921667357,6827512,45.88945973066304,5.52232979399264,11.156388980233045,-5.634059186240405,1342.9387863135278,1305.275897216797,1267.613008120066,1305.275897216797,1277.3399462890625,1298.8937753131647,1281.331653119757,1301.1199903121671,1295.5976605181745,1298.548977941849,0.006519723533780608,0.0099459590514336,0.015383983976483514,0.006519723533780608,-0.01320245854053781,-0.03662421415330519,-0.019284534611849202,13795640.75,0.49490358032119675,0,-4.393267310532337,2.6365219552385497,21.236141322988733,0.016502158994980736,-0.009256562887006211,0.004322714002416696,-0.041750453175160844,0.015191919895908323,0
2024-12-24,1287.3170166015625,1294.5115036860575,1280.3706152786017,1286.8705106850512,7138516,42.9798402951563,4.012176407836705,9.727546465753777,-5.715370057917072,1343.1478081272194,1304.89384765625,1266.6398871852807,1304.89384765625,1278.8135766601563,1297.7912268644407,1281.5663732562984,1298.996455895151,1294.9842794873143,1298.2972400024544,0.00034699156510753504,0.00977938883470417,0.010984775486606148,0.00034699156510753504,0.008042584076585868,-0.027366402276097213,-0.024953881396413635,13770218.8,0.5184025107865389,0,-7.4244284223270824,1.1127187811359818,20.94906728629334,0.016273433051943634,-0.008070797556695328,0.004487198997467757,-0.04156712402598712,0.016324394664556454,0
2024-12-26,1287.4161376953125,1302.6982437766817,1279.3285182011691,1296.9922716557785,7338444,32.76079109412443,2.7911920881808783,8.340275590239198,-5.54908350205832,1343.2683432271074,1304.7276306152344,1266.1869180033614,1304.7276306152344,1280.1155297851562,1296.8031231340476,1281.7957757833187,1297.2148684797912,1294.4236763916103,1298.4910823523298,7.699820049889006e-05,0.008568081576939975,0.018152425537672878,7.699820049889006e-05,0.006946504487358229,-0.012784040117246986,-0.022711900938608753,13040236.9,0.5627538867794648,0,-8.305102742968302,0.41529809210851454,20.187089477837635,0.015680314147666238,-0.0072385586302793,0.004384756150845564,-0.04157933581432724,0.01676626048658542,0
2024-12-27,1297.5382080078125,1305.8737927483876,1288.6071205266592,1288.6071205266592,4756066,40.86208395811638,2.6102305853087273,7.194266589253105,-4.5840360039443775,1342.164498821751,1305.779522705078,1269.394546588405,1305.779522705078,1281.1485620117187,1296.873131217263,1282.4131260666322,1297.2646130225637,1294.654382437255,1299.9096969893496,0.007862314302367057,0.00888490582998055,0.013307255320241367,0.007862314302367057,0.008289664536560881,0.016046359420671674,-0.016324880710305023,12137852.95,0.3918375036830546,0,-5.56252692369776,1.2026175143541877,20.059506116699854,0.01545966507413944,0.0005128310353111733,0.011794235128870938,-0.03324949427072073,0.022170932981432488,0
2024-12-30,1284.7369384765625,1316.343040012265,1279.576681997175,1294.957999087405,14207425,38.709680659977415,1.417521518339754,6.038917575070435,-4.621396056730681,1342.4593204644138,1305.5091125488282,1268.5589046332425,1305.5091125488282,1282.1706762695312,1295.7173033371964,1282.5042559650608,1295.337278477025,1293.9197569586852,1300.207699711563,-0.009865813162376558,0.009144474434817095,0.028617810318964914,-0.009865813162376558,-0.0020042290218544867,0.004850981362275242,-0.0373633696912512,12278362.8,1.1571107020880667,0,-4.44208165120267,1.3986775505559308,22.061912640764717,0.017172319079519636,-0.008474352262143407,0.0017408772728178237,-0.042997490581601176,0.012753080510673878,0
2024-12-31,1271.83642578125,1280.0727999714104,1270.2982456823183,1277.0462265132433,8449607,30.83269556344071,-0.5621919715706554,4.718695665742218,-5.2808876373128735,1344.0385801038951,1304.367919921875,1264.6972597398549,1304.367919921875,1283.17095703125,1293.4429340461538,1282.0859096833428,1291.7217626776749,1292.2839546492455,1299.6475707200827,-0.010041365130055269,0.009129596702833444,0.0076853863366020975,-0.010041365130055269,-0.01210153536054992,-0.011682650127683991,-0.047878996400834706,12219523.15,0.6914841844708154,0,-5.450841267010901,0.7542565635858409,21.905980323020945,0.01722389756966174,-0.016704647492498375,-0.007994381518961013,-0.053720298949352964,0.005644960472883161,0
2025-01-01,1273.8211669921875,1283.0995501851953,1257.3978412327829,1271.8364809130148,4705399,32.64744424778071,-1.9485158688153206,3.3852533588307105,-5.333769227646031,1345.0482531894302,1303.1398986816407,1261.2315441738513,1303.1398986816407,1283.551025390625,1291.5741943267285,1281.761802126827,1288.9678248799075,1290.9163407487229,1299.2768265187976,0.00156053181895488,0.009198203204216436,0.020176858116670058,0.00156053181895488,-0.018278491430351984,-0.010483703264486666,-0.03756320429970472,11879329.3,0.39609971919879344,0,-6.217032537712157,0.19542887052853075,22.660871627584502,0.01778968054133731,-0.013745263270605447,-0.006195094222236601,-0.05295504159672061,0.009982007567518351,0
2025-01-02,1280.7178955078125,1283.4965044573803,1268.6113589467466,1275.26000882058,7433222,35.30978879864149,-2.4622953839991624,2.2157436102647363,-4.678038994263899,1344.9323135680445,1301.8771423339845,1258.8219710999244,1301.8771423339845,1284.1771923828126,1290.5402611058794,1281.7208646123559,1287.6986049765082,1290.1609003605074,1298.4255163080675,0.005414204673572787,0.009387288359264761,0.011622501382110904,0.005414204673572787,-0.0031283003145498034,-0.005202857095989888,-0.017920383679397522,11672476.35,0.6368161971045673,0,-6.262862028168229,-0.0749111709628778,22.5049355416013,0.017572125462241593,-0.007611049336539085,-0.0007825175763575418,-0.0477454645207193,0.01739398017398441,0
2025-01-03,1255.363525390625,1278.137748147548,1252.5849166143184,1276.3514823434057,11194997,21.77443831339656,-4.859339681494021,0.800726951912985,-5.6600666334070056,1344.4955876127453,1298.3319946289062,1252.168401645067,1298.3319946289062,1284.1285668945313,1287.1900957996645,1280.6872434664056,1282.723977347911,1287.583317029405,1294.8515906298062,-0.019796998391386045,0.009597032562158086,0.020354925897085086,-0.019796998391386045,-0.012952058972918734,-0.03250361519753686,-0.016978820468796063,11271691.35,0.9931958436743391,0,-9.683035417598603,-1.7258826002266687,22.1292649356926,0.01762777433636743,-0.02472561784999387,-0.019773538156933192,-0.06629405335601073,0.002551672555672503,0
2025-01-06,1254.4207763671875,1267.9662826986646,1247.3751652140256,1258.3406039432266,7504047,20.963206122032943,-6.757193800415507,-0.7108571985527135,-6.0463366018627935,1344.1896282642492,1295.1242431640626,1246.058858063876,1295.1242431640626,1284.3766528320311,1284.0692082346668,1279.657185933103,1278.369638735492,1285.1268325359074,1292.4072956031937,-0.0007509769117627352,0.00953826282119977,0.016414840915080352,-0.0007509769117627352,-0.015230073991319482,-0.023597174800098597,-0.01886066289298105,11199760.1,0.670018547986577,0,-11.648095102529624,-2.8470700319578555,22.862896900902374,0.01822585956134552,-0.023089434492584594,-0.01972122678115038,-0.06678287795820903,0.006710692877144081,0
2025-01-07,1269.454833984375,1279.0805130186131,1256.8024602237333,1256.8024602237333,7539758,31.07643234294393,-6.9678134420692,-1.9622484472560109,-5.00556499481319,1342.6441797815744,1292.9882263183595,1243.3322728551445,1292.9882263183595,1284.9025952148438,1282.6773630679722,1279.2570936998195,1276.9981303122431,1283.9659437543123,1290.8359056776221,0.011984860184416135,0.010369934483823472,0.01754930715018574,0.011984860184416135,-0.008794334461120101,-0.0018725613990903112,-0.013533335047106188,11176709.8,0.674595487842048,0,-10.765570978181586,-2.8288159835233273,23.06137162902925,0.01816635851206117,-0.01030853858056006,-0.007662462661899163,-0.054511349246012496,0.02101012070509803,0
2025-01-08,1254.073486328125,1275.1607754157394,1242.7607517198803,1270.7448974492877,7566309,31.98714837402663,-8.280425641674583,-3.2258838861397257,-5.054541755534857,1340.4901817091518,1289.6787658691405,1238.8673500291293,1289.6787658691405,1285.06732421875,1279.953184330844,1278.2695012538707,1273.4712620069943,1281.7516876486688,1288.7799650610386,-0.012116498550778121,0.010165672669444296,0.025835825451285963,-0.012116498550778121,-0.0010276219090391558,-0.01550271040847262,-0.025823887857241545,11144114.55,0.6789511150529227,0,-11.621009995884606,-3.4923008729563207,23.426413754457354,0.01868025598966207,-0.02021925357859767,-0.018928727394349535,-0.06446648887114098,0.012274224757507878,0
2025-01-09,1252.73388671875,1255.0658686519982,1238.543332692866,1248.3675530849682,8684920,39.25441791054439,-9.321324335085592,-4.444971975928899,-4.876352359156693,1338.0645243686731,1286.4486938476562,1234.8328633266392,1286.4486938476562,1284.46298828125,1277.3608702725492,1277.2681046054347,1270.2808965780337,1279.6022209131193,1286.2784533776455,-0.0010681986534116783,0.008747709834002164,0.013189182582431182,-0.0010681986534116783,-0.0013447558269265025,-0.021850252024445016,-0.026939425381640403,11171457.25,0.7774205106500318,0,-13.179390833330217,-4.452760006921153,22.501402399287517,0.017961837416424327,-0.01927958193094214,-0.019208353984744377,-0.06377169119716697,0.014496717672289229,0
2025-01-10,1240.2799072265625,1255.264262696962,1233.5815917988612,1249.359870144571,7854524,34.58617623218515,-11.024097181606976,-5.760797017064515,-5.263300164542461,1335.6460488224316,1282.5090942382812,1229.372139654131,1282.5090942382812,1282.835546875,1273.8293499824551,1275.8175870611653,1265.6653597547304,1276.6894569363374,1283.386238806271,-0.009941440575865546,0.009003281180362926,0.017482078659636094,-0.009941440575865546,-0.02298224873920296,-0.01201533887116002,-0.04412841211756069,11110338.65,0.7069563086630127,0,-13.360745817209363,-4.869656405240221,22.25331662767756,0.017942172970808707,-0.0263374703655201,-0.0278548283038358,-0.07140075896600626,0.008872632802220762,0
2025-01-13,1220.3338623046875,1234.4250851207985,1215.5210227528514,1225.4444532249363,9669336,25.48449194012666,-13.82368522114939,-7.37337465788149,-6.4503105632679,1330.912519194422,1276.7956787109374,1222.6788382274528,1276.7956787109374,1281.200166015625,1268.7345416321914,1273.6417547177741,1258.6912832239545,1272.514968445104,1278.1533825020701,-0.01608188990699455,0.009352627662768613,0.015490893887223118,-0.01608188990699455,-0.026904024677394056,-0.02717342912735865,-0.05012938777042086,10916971.25,0.8857159901378324,0,-15.334666602475409,-6.015431215328817,22.607723026056128,0.018525850772803953,-0.038148783484083106,-0.041854699106421096,-0.08308484238818777,-0.0019179001463417093,0
2025-01-14,1230.8031005859375,1235.3181886617992,1218.0513958245872,1223.9062438907645,10342698,30.60950622640908,-15.024406868199321,-8.903581099945058,-6.120825768254264,1321.7971680159922,1271.54619140625,1221.295214796508,1271.54619140625,1280.1691235351564,1265.12202343731,1271.9618074969178,1254.4007935873367,1269.425200455536,1273.4365304866403,0.008578995146031776,0.009873867832524788,0.014028883116228748,0.008578995146031776,-0.017506340624548145,-0.030447505782559614,-0.032263052357622946,10980555.85,0.9419102403636516,0,-17.555339630662274,-7.295286202901707,22.831001913895857,0.018549678582241876,-0.027126966581554456,-0.03235844556683361,-0.06884117293626532,0.0077850839618771196,0
2025-01-15,1228.7686767578125,1234.8716102214069,1220.5818472942535,1224.551219155373,5355382,30.141199034423465,-15.956215109377354,-10.314107901831518,-5.642107207545836,1314.2081266707412,1266.8077514648437,1219.4073762589462,1266.8077514648437,1279.1063232421875,1261.6597999440246,1270.2679592326392,1250.457390998179,1266.4136061075565,1269.904824171921,-0.0016529238731658458,0.00984106523023003,0.011629335282909244,-0.0016529238731658458,-0.009281155327663715,-0.020178091512327523,-0.03536798681148878,10754362.1,0.49797300390322546,0,-18.293384386819298,-8.001542021231444,22.18243315329877,0.01805257049018257,-0.026069724332717394,-0.03266970734261153,-0.06501211503642947,0.007676926252148875,0
2025-01-16,1239.53564453125,1245.8866640990627,1230.1580514277643,1235.56627244332,11895924,30.444974702100453,-15.645523679834014,-11.380391057432018,-4.265132622401996,1309.0436315683494,1263.5801513671875,1218.1166711660255,1263.5801513671875,1278.5486279296874,1259.5527375237605,1269.06277042082,1248.7771223109592,1264.4226459907932,1266.6830008994807,0.008762404166947624,0.009922062391591071,0.012689116880738352,0.008762404166947624,0.01573485979508793,-0.010535551346878447,-0.03215559891917763,10923628.55,1.0890084687107013,0,-17.808132748788694,-8.205334184614685,22.086742602454137,0.017818561894447648,-0.01589222300597228,-0.023266875821894017,-0.053098296619664774,0.01758367968539619,0
2025-01-17,1216.066650390625,1239.4363759086416,1208.6737436803246,1233.8296138721637,9790533,28.402004740795803,-17.095978375257573,-12.52350852099713,-4.572469854260444,1310.1787264904672,1260.5311706542968,1210.8836148181265,1260.5311706542968,1277.1345385742188,1255.411205415843,1266.9844912039496,1243.7447420155231,1260.8407203907807,1263.8465930325328,-0.018933698473431293,0.010658255775413465,0.02529683074396902,-0.018933698473431293,-0.011973036294998796,-0.019522413202743616,-0.03130318366368989,10837290.0,0.90341155399551,0,-18.418144566612227,-8.833095857215767,21.664995662156667,0.017815631779061973,-0.031339974388858036,-0.040188211589661994,-0.071831479321861,0.004280374685949481,0
2025-01-20,1223.50927734375,1232.2419443689244,1205.944854354206,1214.5286456993424,7676418,34.25988508287995,-17.44383470874186,-13.507573758546076,-3.936260950195784,1309.2903006589008,1257.7798950195313,1206.2694893801618,1257.7798950195313,1275.7571655273437,1252.372926551834,1265.2795808564908,1240.6315936044812,1258.075428313223,1257.4420547436775,0.00612024591804583,0.01081173768551739,0.021493167646272047,0.00612024591804583,-0.004280219306973088,0.0026020871313572336,-0.024642049626248608,8296551.85,0.9252540258637689,0,-16.361615080357296,-8.362173861283281,22.512024035047684,0.018399553196622665,-0.02304716797699752,-0.03301270655491473,-0.06551719146776043,0.014291821284849755,0
2025-01-21,1186.9910888671875,1229.4632960558952,1183.567432878532,1227.4786100806575,20520898,26.91295034079843,-20.430713427308547,-14.89220169229857,-5.538511735009976,1311.3103728072133,1252.7859252929688,1194.2614777787244,1252.7859252929688,1274.11880859375,1246.1460848675822,1262.209443915734,1232.3792082602822,1252.8099216875908,1249.7562823551093,-0.029847087515220028,0.012912204847269477,0.03866571839318883,-0.029847087515220028,-0.04239051607421351,-0.03559627993940928,-0.0649599677826761,8981221.15,2.2848672421344394,1,-18.97593856972776,-9.752363581183772,23.95446362254417,0.020180828522820056,-0.04747035417334768,-0.059592609935794585,-0.09480538438347504,-0.006087769761325215,1
2025-01-22,1191.258056640625,1198.2541229556057,1182.6743869540314,1191.8038937223043,10377123,25.876374380578255,-22.197647034831107,-16.35329076080508,-5.844356274026026,1310.2239237251586,1247.982977294922,1185.7420308646854,1247.982977294922,1272.9597509765624,1240.9186536078719,1259.4270365716122,1226.0528772418734,1248.2505242767045,1244.937084661306,0.0035947765854835723,0.012808584624074741,0.013078388779597813,0.0035947765854835723,-0.02040068588512889,-0.030526998959773066,-0.050089113893493575,9143151.5,1.1349612876916673,0,-20.741146336152724,-10.84092266102698,24.004077229039922,0.020150190880330304,-0.040019220295272905,-0.05412697834132218,-0.09079811849740628,0.004651961077838442,1
2025-01-23,1192.5482177734375,1198.6511515402387,1176.9188152937772,1188.0826742078204,8770650,30.535101900935302,-23.226113251955212,-17.72785525903511,-5.498257992920102,1307.2613465485865,1243.2395812988282,1179.2178160490698,1243.2395812988282,1271.6190942382811,1236.3119454331638,1256.8043377952133,1220.8983142467293,1244.1244274986846,1240.5058010777468,0.0010830240564758675,0.01216272506957197,0.018223444488506418,0.0010830240564758675,-0.025305128570442315,-0.037907281622047706,-0.04804345885697647,9214761.8,0.9518043103403931,0,-23.240792090596642,-12.258432625606702,23.546888468537595,0.019745020048330723,-0.03539861264091639,-0.05112658994676852,-0.08775072335613154,0.011304443965263979,1
2025-01-24,1199.941162109375,1208.6738293636251,1192.7963406363526,1193.8878937592276,9216792,33.767039630804064,-23.17745603057392,-18.817775413342872,-4.359680617231049,1299.7804328602158,1238.3597290039063,1176.9390251475968,1238.3597290039063,1270.400498046875,1232.8480613070885,1254.574409336945,1217.6741369948286,1240.8515930254025,1237.1188703563328,0.00619928337131781,0.012426529879557682,0.013231889386444168,0.00619928337131781,0.010910000389763974,-0.013260365520319284,-0.03252390438815578,9437798.1,0.9765828747703345,0,-22.563144108754386,-12.410081867004465,23.22792376179107,0.019357552266111726,-0.026691771865889963,-0.04354723547760257,-0.07681241248657723,0.019544034542395745,1
2025-01-27,1218.547607421875,1225.1963785798748,1183.9644761399952,1185.8499521739243,16164687,35.147671390555644,-21.390928883131664,-19.33240610730063,-2.058522775831033,1292.9830943775705,1235.0502624511719,1177.1174305247732,1235.0502624511719,1269.889443359375,1231.4861133180207,1253.16159357557,1217.8085170605282,1239.1994459436598,1230.5514811609778,0.01550613138380208,0.012785661015133202,0.03383692371865177,0.01550613138380208,0.022908177308120115,-0.0040552777275598695,-0.001463742782191635,9535661.2,1.6951826056907309,1,-20.886813233813427,-12.117987280920943,24.411649889537784,0.020033398564694892,-0.010506416399032843,-0.027621326994975093,-0.057568801386013516,0.03519629887617219,1
2025-01-28,1237.3525390625,1254.3215805212242,1226.535975889425,1237.7990449684048,18066499,45.217161764110244,-18.247348350320635,-19.115394555904633,0.8680462055839975,1288.6426375643607,1233.3260681152344,1178.0094986661081,1233.3260681152344,1269.6899853515624,1232.0448205317805,1252.5416306534887,1220.8152896762163,1239.062638026537,1229.5142696303706,0.015432250267522374,0.013355805287836068,0.022455689671798385,0.015432250267522374,0.03757023877216059,0.04242782500024944,0.005321272324910975,10016505.8,1.8036727937600754,1,-14.101264335801716,-9.667813262245318,24.65264627550136,0.019923704439302185,0.004308056364725897,-0.012126616169287806,-0.0398016463267141,0.050375689214380355,0
2025-01-29,1242.066162109375,1246.1844098592185,1233.5320363858043,1242.4134579383835,7666777,47.00640032227699,-15.200466625999297,-18.332408969923566,3.131942343924269,1283.8934523660985,1231.7383178710938,1179.5831833760892,1231.7383178710938,1269.6542626953126,1232.9992340153608,1252.1308279654843,1224.084654665933,1239.2851212919322,1228.9617248593606,0.003809442255192863,0.013413867503886947,0.010186553550357504,0.003809442255192863,0.03510588796366365,0.04265079693314311,0.010821797139758393,10164574.7,0.7542644160015864,0,-7.919419592511076,-7.296208606127948,24.37620609795007,0.01962552949397838,0.007353555333921031,-0.008038030556649409,-0.03257847462313917,0.052970387857220066,0
2025-01-30,1245.98583984375,1250.203297570973,1230.0091418571585,1240.428743300886,11921041,51.681764638580525,-12.327403044076618,-17.131407784754177,4.804004740677559,1277.384651900673,1230.0017150878907,1182.6187782751085,1230.0017150878907,1269.7832666015624,1234.2360536180645,1251.8898480391417,1227.4540677702123,1239.781470814289,1227.9732471962495,0.0031557720948764967,0.013161068343359138,0.01620737175981627,0.0031557720948764967,0.022517160802545177,0.04480961127935257,0.005203719103163973,10388965.65,1.1474714039505944,0,-2.0758918150993395,-4.914489756071589,24.269883584786758,0.019478458589730255,0.009519885755437099,-0.004716076422090396,-0.02458054589132829,0.05358198494113596,0
2025-01-31,1243.2073974609375,1246.3828467053002,1229.6122252573796,1244.8943321590757,10195417,57.50081661147867,-10.157586205084272,-15.736643468820198,5.579057263735926,1275.7068212538154,1229.3939086914063,1183.0809961289972,1229.3939086914063,1269.8279223632812,1235.0904673173857,1251.549359781173,1229.8776569534007,1240.035243158485,1226.709372588194,-0.0022299148946676173,0.01231973348350939,0.013489801848164696,-0.0022299148946676173,0.00473176254430574,0.03605696405605818,0.022318470012802516,10338986.65,0.9861137599979394,0,2.2424060102971453,-3.025049555772057,23.699293368658864,0.01906302473510138,0.006571931658724388,-0.006665308287716356,-0.025475621241043595,0.05082188077458091,0
2025-02-01,1245.936279296875,1251.691795910146,1224.3528194419691,1241.5699459496786,3011914,55.22795416879278,-8.124142709501712,-14.214143316956502,6.09000060745479,1274.465581785136,1228.9696838378907,1183.4737858906453,1228.9696838378907,1269.3813671875,1236.1234017916229,1251.3292389778671,1232.3482142370121,1240.4723569465139,1225.8087380733466,0.002195033460636431,0.012150496802642945,0.02194251577906158,0.002195033460636431,0.003115870398503917,0.022476488984248366,0.018330062851516837,10114380.0,0.2977853313796792,0,4.6372884736022115,-1.8323545977027607,24.41873505658493,0.01959870296927646,0.00793842871272354,-0.004309784757684802,-0.02238530635586109,0.05277894124137473,0
2025-02-03,1243.40576171875,1250.3521626222068,1228.3221967826344,1237.3028281264465,6176831,55.03929919586053,-6.640270800853159,-12.699368813735834,6.059098012882675,1269.6379962949618,1227.6672302246093,1185.6964641542568,1227.6672302246093,1268.4297094726562,1236.816959879921,1251.0185143794704,1234.0493753880487,1240.6896461889019,1224.6663483907682,-0.0020310168506796344,0.012157127682696093,0.01771743908369913,-0.0020310168506796344,-0.002070712236443728,0.004892075997060985,0.047527461141601446,10046233.65,0.6148404680992064,0,4.772139348140399,-1.5231162740183208,24.971606693186295,0.02008323224967869,0.005327224684458403,-0.006085243801924437,-0.02066119212938042,0.04867122346161046,0
2025-02-04,1258.4893798828125,1270.695247583668,1250.3522155059911,1253.1308244391428,14839077,56.3370911800934,-4.198768901492713,-10.99924883128721,6.800479929794497,1270.4854779121486,1227.8880249023437,1185.2905718925388,1227.8880249023437,1267.7003369140625,1238.8809998801964,1251.3114894972484,1237.8093760795507,1242.0081449810434,1225.9865947350704,0.012130889713115378,0.012356080873098167,0.01616464342318985,0.012130889713115378,0.012292383759207048,0.013222498345455413,0.05643724537047956,10409872.05,1.4254812094448364,0,5.881765864835643,-0.8193384682358555,25.698142302019715,0.020419832469633286,0.015827492716824498,0.005736293837154808,-0.00944213707113743,0.0617560028958959,0
2025-02-05,1257.9931640625,1267.966259598702,1255.462762111137,1260.4740215455731,6840709,66.56215521830708,-2.277646237784893,-9.254928312586745,6.9772820748018525,1271.4533499994873,1228.1509887695313,1184.8486275395753,1228.1509887695313,1267.045390625,1240.7012059927968,1251.5735159507876,1240.9145742307737,1243.1922204685586,1226.1705069814257,-0.0003942948015649428,0.010950937101090071,0.009939241201587186,-0.0003942948015649428,0.009676967406735404,0.009636806322177671,0.054878239146801455,10317661.5,0.6630096364374815,0,6.46515237473227,-0.31633208835410187,24.386827776065406,0.01938550102872722,0.013937246120323054,0.005129261709277651,-0.010586456779552864,0.06173323310912268,0
2025-02-06,1262.6572265625,1269.2066659752802,1253.5275985042942,1265.2372940723085,8396554,65.81164470687074,-0.3744751053895925,-7.478837671147315,7.1043625657577225,1274.9811487020083,1229.2698547363282,1183.558560770648,1229.2698547363282,1266.7685278320312,1242.7922555708637,1252.0081712688939,1244.259597666424,1244.6340727718136,1226.9758624247404,0.0037075420067769205,0.010908149883697543,0.012417516916820862,0.0037075420067769205,0.015482849956508948,0.015644878836214904,0.052265949726131966,10344763.0,0.8116719542052341,0,7.701788253478071,0.4588114877208227,23.62839759437023,0.01871323198196629,0.015984144496065826,0.008505579706251794,-0.00966596420037636,0.06683122273252677,0
2025-02-07,1247.2760009765625,1265.23738591418,1239.9823038025354,1262.2603567708522,7382039,79.36209528973616,-0.10611144321319443,-6.004292425560491,5.898180982347297,1276.8049226918056,1230.616961669922,1184.4290006480383,1230.616961669922,1265.9111450195312,1243.219278942835,1251.8225959633123,1244.7236597141375,1244.8297711573507,1228.004290821236,-0.012181631928573244,0.00734087687393437,0.02024819053030049,-0.012181631928573244,-0.008910189537947644,0.0010752730311727188,0.02357593037786132,10230398.15,0.7215788566352132,0,7.0958771512121075,0.4933569854451889,22.15405608967605,0.017761951703015526,0.0032630784467701647,-0.0036319802833172958,-0.02312719914408629,0.05306101108140605,0
2025-02-10,1252.9322509765625,1255.3138984101563,1239.7837061908433,1247.5735745348811,5740361,79.63766186075487,0.5565650606938561,-4.692120928309622,5.248685989003478,1278.9780693204143,1231.7234191894531,1184.468769058492,1231.7234191894531,1265.0765844726564,1244.1443238984282,1251.8661118461848,1245.9865199083567,1245.4299548476629,1228.613986503258,0.004534882412209784,0.007345421246264236,0.01239507739321773,0.004534882412209784,-0.004023005236049149,0.007661609388591062,0.012591166561040756,10000281.3,0.5740199528187272,0,7.327364018507296,0.8475974667144328,22.150517248085958,0.01767894252129065,0.007063430591877026,0.0008516399000571982,-0.020364554302085308,0.05780100219315252,0
2025-02-11,1243.15771484375,1252.188012073483,1238.8410469458931,1246.2339539700604,6586627,72.48683906506108,0.28967835588741764,-3.6957610714702143,3.985439427357632,1279.9456016494346,1232.44287109375,1184.9401405380654,1232.44287109375,1263.9721069335938,1244.050361131316,1251.5246060813834,1245.5513191291864,1245.261640773299,1229.1558090841434,-0.007801328543657449,0.007942541680006207,0.010736340987327852,-0.007801328543657449,-0.015443234560052477,-0.012182593897208882,0.0008788201205973678,10061843.55,0.6546143325792418,0,5.169361251119653,0.21311658413492296,21.60472208981509,0.017378906820789464,-0.0007175322763897908,-0.006685358958966626,-0.028741758054621182,0.04913123651904372,0
2025-02-12,1242.2149658203125,1260.0274734986122,1235.119689428972,1247.5735208959843,8809352,69.92521435138784,0.0020728575923385506,-2.9561942856577037,2.9582671432500423,1280.1787989949285,1232.576837158203,1184.9748753214776,1232.576837158203,1262.6969458007814,1243.875561577887,1251.1595221495768,1245.038034004744,1245.0359611471517,1229.332628863314,-0.0007583502979394696,0.007944792437502794,0.02005110609273014,-0.0007583502979394696,-0.004057670597596208,-0.01254235610568355,-0.003026418040120271,9907514.95,0.889158587643615,0,3.174355585090325,-0.41399380121083595,22.232020124061705,0.01789707960037376,-0.0013350175924897794,-0.007149013511799786,-0.029655102243859574,0.048304898011703366,0
2025-02-13,1239.337158203125,1256.3061987457909,1236.3601292961446,1242.9592342670746,7263785,61.50468542276888,-0.4528514066319076,-2.4555257098525445,2.002674303220637,1280.7773849386695,1233.7403625488282,1186.703340158987,1233.7403625488282,1260.958359375,1243.4433326850526,1250.6959000340296,1244.1609761891104,1244.6138275957424,1230.2746910368699,-0.002316674405292707,0.007082480462951027,0.01609414300025141,-0.002316674405292707,-0.010850620823944168,-0.01846904121624704,-0.0031131082920813347,9781177.55,0.742628887254991,0,0.6510771141888654,-1.3122712348642835,20.711603481902184,0.01671183934477626,-0.003302261047200973,-0.009081937368304746,-0.032355526591007724,0.044352970336366024,0
2025-02-14,1250.451416015625,1253.8254065127485,1234.9212235163006,1242.5126718509223,10368438,57.923168026746765,0.08249460964975697,-1.9479216459520843,2.0304162556018412,1282.4329572780366,1235.087469482422,1187.7419816868073,1235.087469482422,1259.5958715820314,1244.1107691927261,1250.6863124254648,1245.1287361624204,1245.0462415527707,1231.493558549112,0.00896790493122479,0.0062469463891381355,0.015117886832167518,0.00896790493122479,0.005867076304788776,0.0025458800109809943,0.0036238905582699488,9915778.55,1.045650419451935,0,0.8914902498911488,-1.1362835378474756,19.506618474552088,0.015599661230107593,0.005096529167586224,-0.00018781400860165488,-0.02493817792260456,0.052797186001423475,0
2025-02-17,1241.5699462890625,1248.5163471638043,1223.8069826822411,1241.5699462890625,8386151,49.714259203805945,-0.20750817184580228,-1.599838951130828,1.3923307792850257,1279.4347164307549,1237.8164123535157,1196.1981082762766,1237.8164123535157,1258.1837670898437,1243.868786059044,1250.3288078710962,1244.5812300280577,1244.7887381999035,1235.255452570381,-0.007102610795437392,0.006513677103794456,0.01990170956974045,-0.007102610795437392,-0.0005192495252414053,-0.009068570689791056,-0.0014764411475380879,9309041.2,0.9008608749094376,0,-0.27553783938424203,-1.537303975088662,20.50605132169278,0.016516227203294882,-0.0018481368740386737,-0.007005246561460226,-0.029594921612979122,0.037930036587473646,0
2025-02-18,1233.531982421875,1247.9705000138076,1227.5779245772142,1243.3065364897366,8135042,43.15330865476763,-1.073558657615422,-1.494582892427747,0.421024234812325,1275.4376081495075,1239.930108642578,1204.4226091356486,1239.930108642578,1256.4491528320314,1242.88432856979,1249.6701088338718,1242.8813457809526,1243.954904438568,1237.8163302307057,-0.006474032245394001,0.006660584151834245,0.016531857890344576,-0.006474032245394001,-0.004684097255396424,-0.007742969622390072,-0.019831234065130876,9196937.15,0.8845381747552771,0,-1.1660325615262082,-1.8544972475115173,20.520224159034132,0.016635340186920342,-0.007524711618720629,-0.012913909277270071,-0.032855880569832054,0.02416873700761619,0
2025-02-19,1251.9896240234375,1254.7681118615644,1220.8300282561831,1225.3947820253827,10683412,54.11819253797983,-0.26744949554267805,-1.249156213050733,0.9817067175080549,1270.8586912964809,1242.9021789550782,1214.9456666136755,1242.9021789550782,1255.1422387695313,1243.7514995653753,1249.761070213855,1244.2826193567196,1244.5500688522623,1240.3733823896637,0.014963245270157799,0.007837248255923123,0.02710732018394583,0.014963245270157799,0.001230122168771386,0.007868733248331372,-0.004772315311853514,9292575.25,1.1496718307446583,0,-0.12406201251178572,-1.3984519357218232,21.74647145599561,0.017369530097310546,0.006623609668765012,0.0017831838922628572,-0.01484749437704507,0.03049021732223778,0
2025-02-20,1240.379150390625,1254.3216187366877,1237.203701075922,1245.7378271028597,8398849,47.59449953923284,-0.5590262595499098,-1.1111302223505684,0.5521039628006585,1264.3440703785143,1244.9240783691407,1225.5040863597671,1244.9240783691407,1253.5683837890624,1243.4303234534943,1249.3931517894146,1243.6820856696281,1244.241111929178,1242.5241762542976,-0.009273618095572256,0.008239060905236994,0.013800552561186495,-0.009273618095572256,-0.0009591049638376647,0.0008407657114153366,-0.01764380364140916,9251678.1,0.9078189825908448,0,-0.013009231558271495,-1.3027482446150316,21.016395826894804,0.016943525550454665,-0.0024538351730035283,-0.007214703703057331,-0.01895442905878838,0.012137914672355515,0
2025-02-21,1223.50927734375,1235.169307821974,1215.173692889092,1231.596897179175,7786428,42.33855653200667,-2.1268437819894643,-1.3142729342783477,-0.8125708477111167,1263.254086545708,1245.1721618652343,1227.0902371847606,1245.1721618652343,1251.3465258789063,1241.533080966852,1248.3780978895845,1240.5785766964161,1242.7054204784056,1244.78089219562,-0.013600577727836072,0.008974742287595304,0.016342838835102666,-0.013600577727836072,-0.008125208929278593,-0.021545929995202884,-0.01905490333671478,8832765.15,0.8815391180190044,0,-2.577688225874226,-2.3082145358803245,21.243216659891978,0.017362530103581394,-0.014517376862053292,-0.01992090424197277,-0.03146224471011836,-0.0029182530611816574,0
2025-02-24,1209.0211181640625,1222.467414805944,1200.9831637697991,1217.3071583182457,11522480,30.86373930667392,-4.48670389758513,-1.9487591269397042,-2.537944770645426,1267.8547674392016,1243.7555908203126,1219.6564142014236,1243.7555908203126,1248.8110913085939,1238.4367035570624,1246.8346869199563,1235.7235830760542,1240.2102869736393,1243.0519317046553,-0.011841478808514938,0.008529101408507466,0.017769955142528278,-0.011841478808514938,-0.03432017728812309,-0.02621586340929516,-0.03504669368856517,8505564.2,1.354699080397277,0,-5.43208250198154,-3.4941209511398483,20.902975781965747,0.017289173421310942,-0.02375219121696884,-0.030327652216112392,-0.04640409200335354,-0.008719911536991812,0
2025-02-25,1214.7767333984375,1222.2193060560244,1211.6508286551266,1217.2079253456668,11059417,33.935855772136534,-5.825329224183633,-2.7240731463884904,-3.101256077795143,1269.7612658269045,1242.3911193847657,1215.020972942627,1242.3911193847657,1246.6358764648437,1236.183373065765,1245.5775122720536,1232.5009908179593,1238.326320042143,1241.4499444641074,0.004760558064622611,0.008750570220948183,0.008699933996374469,0.004760558064622611,-0.020640799213792582,-0.015204509725490922,-0.022829751290953215,8675196.2,1.2748319167697904,0,-6.7009555040249325,-4.0925965618182545,20.95259652513695,0.017248104897860814,-0.017316718646877175,-0.024728110912529633,-0.04330304751630576,-0.00020101673109224053,0
2025-02-27,1213.0897216796875,1225.3947998146707,1209.1203494513463,1215.769120615194,12008162,31.158059831003172,-6.942300665901257,-3.567718650291044,-3.3745820156102133,1271.007928958658,1240.7463134765626,1210.484697994467,1240.7463134765626,1244.81591796875,1233.9839776956624,1244.3034812684316,1229.5146417197636,1236.456942385665,1239.638020466032,-0.0013887422045287812,0.008578656190842247,0.013415702130251495,-0.0013887422045287812,-0.008516123136134701,-0.031070467036891203,-0.02344621900557431,8679552.25,1.3835001684562702,0,-9.767521869712937,-5.4575889454233675,20.995123874589694,0.017307148432120167,-0.016932356005944848,-0.025085326898647807,-0.04556872223954042,0.002152050075095074,0
2025-02-28,1194.8802490234375,1215.620243112648,1190.9108768010287,1206.6891556122284,20215075,30.502205860976247,-9.190913709159759,-4.692357662064787,-4.498556047094971,1274.8373418547076,1238.3299560546875,1201.8225702546674,1238.3299560546875,1243.17259765625,1230.2598130602123,1242.3653152980396,1224.1862736126366,1233.3771873217963,1235.3204323261455,-0.015010820989428963,0.008845270605058396,0.02067936626437168,-0.015010820989428963,-0.011696130802163585,-0.0366814464374533,-0.03587152122844772,9180535.15,2.20194952360702,1,-13.17051039328203,-7.027836491374956,20.95614417458788,0.017538279833242795,-0.028757798687067442,-0.03822150030259866,-0.06271944679228163,-0.005776494303779667,0
2025-03-03,1196.964111328125,1207.6814644794808,1194.929880803104,1201.2312348006667,8158881,28.60396158810721,-10.681673787587897,-5.890220887169409,-4.791452900418488,1276.570443777859,1235.88134765625,1195.192251534641,1235.88134765625,1241.5411840820314,1227.0887938476326,1240.5848759266705,1219.9982486457884,1230.6799224333763,1233.7024158465265,0.0017439925937270395,0.008691919302805762,0.010653271518916294,0.0017439925937270395,-0.014663288800799035,-0.021695925406675087,-0.04277439651188464,9437883.5,0.864482063165963,0,-14.444287119219325,-7.793221962914004,20.76121726292576,0.017344895361891488,-0.02454971691579816,-0.03516145121950035,-0.062359529658346576,0.0014824893578493047,0
2025-03-04,1201.1319580078125,1207.334101585249,1197.0137104452713,1197.9068433475454,9574490,33.2144330278915,-11.395441933986831,-6.991265096532894,-4.404176837453937,1277.116090648519,1233.7676574707032,1190.4192242928873,1233.7676574707032,1239.8264135742188,1224.6167142438403,1239.0377026749507,1217.095742393792,1228.491184327779,1231.8894203769885,0.0034820147406615654,0.008757687870116763,0.008592220922249972,0.0034820147406615654,-0.009857278862537733,-0.006525245951228609,-0.03257004440395439,9607766.45,0.9965365051104048,0,-13.819989313222095,-7.79698424500566,20.4954162791011,0.01706341767235519,-0.019177229873535456,-0.03059289042238479,-0.0594966528079071,0.008999126943105782,1
2025-03-05,1206.391357421875,1216.5628733470458,1202.0251450551775,1207.6814517983407,9052846,36.16858223101584,-11.40524617595247,-7.87406131241681,-3.5311848635356604,1274.517473636649,1231.1627563476563,1187.8080390586638,1231.1627563476563,1238.207900390625,1222.8809659750818,1237.7574538414967,1215.4489139365742,1226.8541601125266,1228.5189260968305,0.004378702422326519,0.008938318429601208,0.012050590550429806,0.004378702422326519,0.009633692085751155,-0.006902812464232633,-0.02200236831047786,9318454.9,0.9714964655782151,0,-13.302407090683118,-7.8200584305568555,19.81849708407203,0.016427916995712943,-0.013484230282428681,-0.025341068496314925,-0.05345247721114879,0.01564505185361304,1
2025-03-06,1208.7235107421875,1218.5476101118768,1199.7427576093885,1218.5476101118768,11949475,38.13012293627136,-11.09691252600419,-8.518631555134286,-2.578280970869903,1271.226104114162,1228.6992736816405,1186.1724432491192,1228.6992736816405,1236.6340478515624,1221.5326369052823,1236.6188678376022,1214.414236522053,1225.5111490480572,1226.1594814324933,0.0019331648108755761,0.00900054591087673,0.015557612915911295,0.0019331648108755761,0.00982435421644734,-0.003599248150791712,-0.03455788486665612,9573893.2,1.2481312200140273,0,-12.451340790380073,-7.6846134308293585,19.736981587846458,0.016328781075605488,-0.010486110461646232,-0.022557764417903147,-0.04916717267659364,0.01901162653154991,1
2025-03-07,1205.250244140625,1208.5249033729367,1197.0634143564148,1201.8265880949464,6620284,31.370207062545404,-11.00594973684133,-9.016095191475696,-1.9898545453656347,1266.4101233380486,1225.828924560547,1185.2477257830453,1225.828924560547,1234.7882885742188,1219.9819328324577,1235.3887257318386,1213.0043915402948,1224.0103412771361,1223.7952482644575,-0.0028734996636491372,0.00845606135399242,0.009509634262463271,-0.0028734996636491372,0.00342867085115528,0.008678689873451884,-0.028321103461741548,9485079.7,0.6979681994659466,0,-10.277880227754622,-6.976589566201028,19.21954682994109,0.01594651975668765,-0.012075333490906556,-0.02439595000622956,-0.04829389632184575,0.016876234328452155,1
2025-03-10,1205.5478515625,1216.4140799337886,1198.7503263397664,1198.7503263397664,7363437,34.02289366282362,-10.78551790271149,-9.369979733722854,-1.4155381689886362,1263.9701403827278,1223.7425170898437,1183.5148937969595,1223.7425170898437,1233.2045068359375,1218.607258425795,1234.2184953722567,1211.857231543711,1222.6427494464224,1222.0873323315739,0.0002469258341342151,0.008382384324282253,0.014652055139187006,0.0002469258341342151,-0.0006991975317012233,0.007171259483169212,-0.014680253034324742,9484149.6,0.7763940163913062,0,-8.481535421837634,-6.366380554413809,18.578069705700972,0.015410478880304999,-0.010716665909380174,-0.02322979595368101,-0.04622125709594502,0.018616544566544654,1
2025-03-11,1235.864013671875,1238.4440812807522,1207.8798680000234,1207.8798680000234,10927950,50.8636606117596,-8.071519711659903,-9.110287729310263,1.0387680176503604,1261.187289430017,1222.8891052246095,1184.590921019202,1222.8891052246095,1232.48505859375,1220.2507589254217,1234.2830255016536,1215.5505826403516,1223.6221023520116,1221.5821442810277,0.02514720761194389,0.01096595897419123,0.02473104883919997,0.02514720761194389,0.022453855400746292,0.028916103207901278,0.02220217257128998,9743529.05,1.1215597494421181,0,-4.365955318418628,-4.754677173297068,19.471187868676598,0.015755121642247485,0.012795119881918926,0.0012808959837869041,-0.020078917675729717,0.043283374659463525,1
2025-03-12,1234.425048828125,1242.3637929723905,1225.8413786306355,1237.4020778822246,11548372,42.55674429142962,-5.967973940261572,-8.481824971500526,2.5138510312389535,1259.9688271640982,1222.4524719238282,1184.936116683558,1222.4524719238282,1231.6971362304687,1221.6006912971077,1234.288595043868,1218.4543466692398,1224.4223206095014,1221.5489805555287,-0.0011643391407398784,0.010108269991444622,0.013384704366976464,-0.0011643391407398784,0.02420642918707916,0.023237642771380296,0.016174425216985977,9991616.3,1.155806193238225,0,-1.2802746779741483,-3.468858797628627,18.227211492703287,0.014765749860639088,0.01049799465764896,0.00011055257644347833,-0.020273341518667914,0.04176506348973335,1
2025-03-13,1240.4783935546875,1245.9858244254206,1235.7647643884725,1241.4707365370484,8132940,50.04413445973015,-3.76899777148833,-7.539259531498088,3.770261760009758,1259.696996653319,1222.3656433105468,1185.0342899677746,1222.3656433105468,1230.8923461914062,1223.3985677025917,1234.5313322403708,1221.8426615746935,1225.6116593461818,1221.2606597232416,0.004903776646714375,0.009919889589973835,0.008239611499930145,0.004903776646714375,0.028974828288163224,0.026271419832813336,0.022577614322769612,9957795.7,0.81674099821108,0,1.8659307973093746,-2.0875355972314082,17.830272773883994,0.014373706842881768,0.013960966035925542,0.004817262356172213,-0.015256528474458762,0.046786919210937444,1
2025-03-17,1259.2833251953125,1264.1953748180651,1245.1424367918191,1247.4248742515454,11164812,65.63991286165773,-0.5030931463145407,-6.132026254461379,5.628933108146838,1263.5591354683513,1223.3629516601563,1183.1667678519614,1223.3629516601563,1230.9707421875,1226.8161636542793,1235.5019986307607,1227.6027636701733,1228.1058568164879,1222.3686627660386,0.015159418929287405,0.009852997895913158,0.01512998516302194,0.015159418929287405,0.01894974792077364,0.044831420957906154,0.05389918883043787,10152847.05,1.099673022258323,0,6.83423082182162,0.11327289892210501,17.72395304258719,0.014074634903815818,0.026464569430129013,0.019248310881655687,-0.0033839415607991637,0.06433290674782956,1
2025-03-18,1259.2833251953125,1259.2833251953125,1259.2833251953125,1259.2833251953125,0,75.16138809651264,2.0613972938795087,-4.493341544793202,6.55473883867271,1265.4226627807384,1223.8045471191406,1182.1864314575428,1223.8045471191406,1231.0679931640625,1229.9082742772348,1236.4345996725078,1232.4766962125025,1230.415298918623,1221.0755878127677,0.0,0.00903820835423502,0.0,0.0,0.02013753398052498,0.04457348877787504,0.05206439631514059,9634425.15,0.0,0,11.301015851439843,2.216104300251118,16.114944930162128,0.012796917586169682,0.023883936332845784,0.01847952615436075,-0.004851610269042308,0.06521551227983165,1
2025-03-19,1303.0455322265625,1308.2057883620175,1292.1794251380722,1295.6029599370163,11278014,82.00783665201794,7.538124013972947,-2.087048433039972,9.625172447012918,1281.1716482853133,1226.8783264160156,1172.585004546718,1226.8783264160156,1231.7398071289062,1236.873727415266,1239.046793106,1243.3334402146656,1235.7953162006927,1224.968491951869,0.03475167673205126,0.012421141833311472,0.012299158262382771,0.03475167673205126,0.050437910887414894,0.05435996016672129,0.0848479415931811,9779018.3,1.1532869306523335,0,16.622968489844425,4.7637676043464126,18.666678878358066,0.014325423338401396,0.053499240338444005,0.05165159175315136,0.017073343740102796,0.11125890845779336,0
2025-03-20,1311.5797119140625,1314.1102350516276,1301.0113557334153,1309.8927772461004,10886735,84.02462434297975,12.423891487533638,0.8151395510747499,11.608751936458887,1296.9978421123076,1230.780712890625,1164.5635836689423,1230.780712890625,1232.889931640625,1243.9885830818182,1241.8912212945515,1253.8328666299574,1241.4089751424237,1229.1083839979979,0.006549410190538341,0.012282885488478789,0.00998710120263783,0.006549410190538341,0.04152868990831671,0.06250250929303691,0.08719256304768375,9916602.95,1.0978290705891376,0,22.38789178471052,7.602626250683443,18.43985237513578,0.014059269297651347,0.05433420350594871,0.05611481056035443,0.01124278647835427,0.12624139231792547,0
2025-03-21,1332.81591796875,1338.6707661545945,1301.5571120874529,1305.923445707521,60494318,96.67553663882305,17.804245501238256,4.212960741107452,13.591284760130804,1314.903676232079,1234.8220275878907,1154.7403789437024,1234.8220275878907,1234.491572265625,1252.448329261526,1245.456895673932,1265.9841052974639,1248.1798597962256,1251.7488437668458,0.01619131941565044,0.011008218792311416,0.027846046529594205,0.01619131941565044,0.05839241360718628,0.07443702759663728,0.10266401383254853,12407148.25,4.87576329234238,1,29.04976155893428,10.925563433561138,19.325872929101656,0.014500031601179289,0.06416838669473154,0.07014214831380977,0.013622474452272677,0.15421261979938908,0
2025-03-24,1347.750732421875,1362.4870024308004,1334.751062743797,1345.5675050388625,9352280,96.94153645971882,23.008106402809062,7.971989873447774,15.036116529361287,1334.9008713092865,1240.190606689453,1145.4803420696196,1240.190606689453,1236.6409887695313,1261.5247486101307,1249.4684186836553,1278.5635863935272,1255.5554799907181,1255.6372945773228,0.011205459247430216,0.010891739643772607,0.020579428391155487,0.011205459247430216,0.03430824103200991,0.0702521866656507,0.11823311297717809,12454819.8,0.7508964521509978,0,34.70858495585139,13.966420052894591,20.53086357238788,0.01523342787244821,0.06835060818802224,0.07865930204283393,0.009626078901263468,0.17658128465722886,0
2025-03-25,1333.4112548828125,1353.3574463042776,1319.8658696966822,1348.5941513991709,16419207,88.7273668169589,25.67911481086321,11.513414860930862,14.16569994993235,1348.7090170144825,1245.6857055664063,1142.6623941183302,1245.6857055664063,1238.9025366210938,1268.3710825408623,1252.7602946130341,1287.0016892380327,1261.3225744271695,1261.6651444734462,-0.010639562045197226,0.011996559295136999,0.0251172145764877,-0.010639562045197226,0.016645227713144584,0.058865172121613574,0.10606248698845921,12886458.75,1.2741442252317767,0,38.462808263627494,16.32569494052632,22.182405454564396,0.016635831873575948,0.05127850456166077,0.06437860508237984,-0.011342522322222824,0.16693369953043977,0
2025-03-26,1325.6710205078125,1347.6017762925185,1321.304687138062,1333.7586400786652,10859639,84.42145310435932,26.86169113699225,14.58307011614314,12.278621020849108,1358.9166829665637,1251.5182006835937,1144.1197184006237,1251.5182006835937,1240.7998950195313,1273.8282194900958,1255.6195387657706,1292.950817125691,1266.0891259886987,1266.8952304881745,-0.00580483653985675,0.012502135697086384,0.019836813770269385,-0.00580483653985675,-0.005360753397833484,0.017363543883680777,0.0726673856042721,12853316.7,0.8448900197098544,0,36.95449207482966,16.57274565977059,22.95856072708034,0.01731844505304628,0.04069842402963018,0.05579037246497457,-0.024464827664176396,0.15868208473933232,0
2025-03-27,1326.415283203125,1341.1515523929718,1322.9420827344788,1322.9420827344788,15109614,84.27736145686012,27.54146629541492,17.174749351997498,10.366716943417423,1368.0055319108128,1257.1001281738281,1146.1947244368434,1257.1001281738281,1242.7528271484375,1278.836511272289,1258.3958424691962,1298.0991965222192,1270.5577302268043,1272.7031309128472,0.0005614233726158879,0.012548745245323265,0.01372833221170324,0.0005614233726158879,-0.015830411889601215,0.01131122352252012,0.07452071266888893,13055826.55,1.1573081139010688,0,34.84792819047084,16.504621174644626,22.91603338108067,0.017276665665176407,0.037204733764991414,0.0540524995699784,-0.030402105647624883,0.15723380584815447,0
2025-03-28,1338.025634765625,1347.5521031600986,1317.0375564815454,1325.7702231722565,8266544,86.92046168906727,28.68637269750775,19.477074021099547,9.209298676408203,1377.8312260057646,1263.346923828125,1148.8626216504854,1263.346923828125,1244.722626953125,1284.4735706526067,1261.5185794219972,1304.2417254827433,1275.5553527852355,1277.3301968432202,0.008753179874754213,0.012245280309975645,0.02280565176458541,0.008753179874754213,0.003460582671636514,0.003908804454267667,0.07863679183593697,12868745.65,0.6423737188402663,0,32.025241391080726,16.061683748065207,24.26277983056499,0.018133269797043147,0.04169183807013636,0.06064679235931812,-0.02889003419927796,0.16465242192611612,0
2025-04-01,1308.3546142578125,1341.995067068455,1305.328040709696,1329.739654923708,14288024,74.5730319965594,26.889549892854575,20.959569195450555,5.9299806974040195,1380.4239382944716,1269.0206420898437,1157.6173458852159,1269.0206420898437,1246.5683862304688,1286.7479557578645,1263.3552866704606,1304.8744776019846,1277.98492770913,1285.852070801844,-0.02217522574820463,0.014528933212454588,0.02802529678053601,-0.02217522574820463,-0.013062370665209766,-0.029231012246061727,0.03896763189085273,12572393.1,1.1364601700212509,0,25.223207147733774,13.886867986805328,25.620156456617615,0.019581966675870293,0.016791678901267194,0.035618901556937664,-0.05220810943462881,0.13021338087961157,0
2025-04-02,1321.056640625,1327.705290380845,1312.026343402594,1312.026343402594,8042214,72.23514328789224,26.188616181829502,22.00537859272635,4.183237589103154,1383.5099344776609,1275.2252685546875,1166.9406026317142,1275.2252685546875,1248.5193334960939,1290.0154495547345,1265.6180848647564,1307.364041143987,1281.1754249621574,1289.7447413490459,0.009708397271479097,0.013510800102626645,0.011868489583333329,0.009708397271479097,-0.004039943331461404,-0.009265419211493264,0.04905434241345685,12566559.75,0.6399694236125364,0,21.64436701387217,12.857790251722236,24.652616914101923,0.018661286848714237,0.02406265063025393,0.043803542650994724,-0.04514119652941984,0.13206845116685403,0
2025-04-03,1319.3697509765625,1322.7932860458366,1311.1332552048473,1311.8278468858043,4591008,72.1417802975584,25.206439129363616,22.645590700053802,2.5608484293098144,1385.2184624830813,1281.137158203125,1177.0558539231686,1281.137158203125,1251.1669067382813,1292.8110973091943,1267.7259933397293,1309.2110734259215,1284.004634296558,1293.683948488988,-0.0012769245440069632,0.01351469281927118,0.008837576299107091,-0.0012769245440069632,-0.013942844818761957,-0.0047532679177344495,0.01252774238986576,12317385.65,0.37272584706317125,0,18.982877819098576,12.106454573958672,24.30530380690438,0.018421904692686973,0.020543336704524188,0.04073731855949536,-0.04753669784943622,0.12090666435161654,0
2025-04-04,1325.07568359375,1328.3007984100484,1311.9766830431024,1319.3697112264526,8648542,72.09123371179496,24.604848438012596,23.03744224764556,1.5674061903670342,1386.644908136566,1287.0713745117187,1187.4978408868712,1287.0713745117187,1253.8432592773438,1295.8839150505808,1269.9750008006713,1311.6517826825107,1287.046934244498,1297.8139881973764,0.004324741122012421,0.013515398651721494,0.012319383389991133,0.004324741122012421,0.012780227282205736,-0.0010099398177469965,0.010289860049750299,12297170.45,0.7032952852987413,0,17.04740377829171,11.579158331475128,24.64554236187941,0.018599346940725684,0.022526530504879242,0.04338721845574897,-0.04440157979994711,0.11585523608542318,0
2025-04-07,1277.6912841796875,1314.854481252151,1255.3139009690346,1285.3322768617725,19185012,54.18263838115325,20.073167476567278,22.444587293429905,-2.371419816862627,1383.2076849446244,1290.5197631835938,1197.8318414225632,1290.5197631835938,1255.5461206054688,1294.151283539067,1270.277600148868,1306.4270906051534,1286.353923128586,1300.8542341751568,-0.03575976829153704,0.0169343232082574,0.046600130266477406,-0.03575976829153704,-0.032826265817638256,-0.04509207373781443,-0.041359525382225315,12658947.3,1.5155298102868315,1,9.677712886460313,8.759020726870858,27.9344567448321,0.021863228692811175,-0.012718759830278063,0.0058362707725859555,-0.076283845089511,0.0666699948986846,1
2025-04-08,1289.9466552734375,1300.0189606799747,1277.4927025037578,1289.8969896705237,13085762,56.59973243120823,17.271587580046344,21.409987350753195,-4.138399770706851,1378.3302726804723,1294.7545837402345,1211.1788947999967,1294.7545837402345,1257.34623046875,1293.7508427518642,1271.0489356439493,1303.8916390156585,1286.6200514356121,1302.7439070118833,0.009591809262139872,0.017076751054097564,0.01746293777663383,0.009591809262139872,-0.022300871822585555,-0.014069548716971747,-0.04288929381219109,12982221.2,1.0079755843322098,0,7.002886993999709,7.6936489734887346,29.543475185990456,0.022902865839617183,-0.002940432850528632,0.014867814369329569,-0.06412368585299444,0.06503396055827726,1
2025-04-09,1290.83984375,1295.106846037701,1274.6646041339118,1294.9579703581671,13005622,46.77845373253971,14.9510418691641,20.118198254435377,-5.1671563852712765,1371.380852310772,1299.0191833496094,1226.6575143884468,1299.0191833496094,1258.7920751953125,1293.4736047516865,1271.8250496873238,1301.8836705132494,1286.9326286440853,1304.6258944275144,0.0006924228012925582,0.01421633759995743,0.01583638900113489,0.0006924228012925582,-0.025836893897938418,-0.022873203120726382,-0.03192669251659641,13264330.45,0.9804959284620356,0,3.4581551969520206,6.206964822567443,27.509173667210753,0.021311066435084815,-0.002036192305750293,0.014950793796167901,-0.05872986225894925,0.052322941496470994,1
2025-04-11,1301.606689453125,1314.8544439632922,1295.1067945023049,1295.1067945023049,13064247,47.39840106383453,13.821461931039494,18.858850989756203,-5.037389058716709,1368.2792264916884,1302.3063171386718,1236.3334077856553,1302.3063171386718,1260.077158203125,1294.2481842470618,1272.99295712912,1301.841058042461,1288.0195961114216,1307.7441993153495,0.008340961704316863,0.014293275473646191,0.015171748594258036,0.008340961704316863,0.018717671138213765,-0.013463292992953457,-0.01815256627203743,13371145.3,0.9770477178196545,0,1.4370869378674342,5.266963789390729,28.288868016859315,0.02173380656851494,0.005685544160406987,0.022477526025387676,-0.048727288807500144,0.052795856891368786,1
2025-04-15,1339.8614501953125,1343.9301533432258,1325.9686484021752,1340.655373037739,15202603,51.688041249776994,15.830615691930689,18.253203930191102,-2.4225882382604134,1367.262742195819,1307.5781372070312,1247.8935322182433,1307.5781372070312,1262.0330639648437,1298.592304813562,1275.615250974853,1307.6903491428998,1291.859733450969,1312.494438717783,0.02939041497878314,0.01582820752116397,0.013405494231088128,0.02939041497878314,0.03869523961926502,0.011158431767053445,0.010137222604761131,13553856.85,1.1216440580896352,0,2.7083897629811418,5.640250174181801,28.660997289927828,0.0213910156798301,0.03177990908214691,0.050364872300923846,-0.020040984921815556,0.07369852924358693,1
2025-04-16,1346.0140380859375,1349.2886972283168,1332.6174078978706,1346.6094196449503,14039073,49.56562518891503,17.715137864052622,18.145590716963405,-0.4304528529107827,1365.8469776469217,1312.8549194335938,1259.8628612202658,1312.8549194335938,1264.0336279296876,1303.108660363312,1278.3759877243074,1313.5863012879825,1295.8711634239298,1316.1291947066893,0.004591958287722964,0.015580679385088697,0.012385672703795196,0.004591958287722964,0.04274286589702081,0.053473600980314284,0.005970291684069151,13849163.5,1.0137127054641242,0,8.957376824245102,8.098387575439347,27.732440494813236,0.02060338132449896,0.03292540294426653,0.05290935609799395,-0.014520616061363135,0.06838139254476333,1
2025-04-17,1395.9288330078125,1398.112060263163,1349.685673986104,1351.5711498907554,17490424,63.27434821059224,22.97154043866749,19.110780661304222,3.860759777363267,1378.5116639130897,1319.6871948242188,1260.8627257353478,1319.6871948242188,1267.088056640625,1311.9486768056454,1282.9859032256213,1326.254383091033,1303.2828426523656,1322.5104750824707,0.037083413329667136,0.018087632764531292,0.03469115697876554,0.037083413329667136,0.0724659333107125,0.08216012445251808,0.06693461986196914,14165444.1,1.2347247199966007,0,18.197834053781207,11.93696758167198,29.061472321215383,0.020818734905415293,0.06401176942884945,0.08803131000756556,0.012634763673512801,0.10712197649723747,0
2025-04-21,1399.0052490234375,1425.004587897116,1393.944202673243,1425.004587897116,16882426,65.88566732315529,27.07343273126571,20.703311075296522,6.370121655969189,1388.4080832753734,1326.673291015625,1264.9384987558765,1326.673291015625,1270.1494360351562,1320.2397789216254,1287.5356814922022,1337.4468240037108,1310.3733912724451,1327.2049717170737,0.002203848751369586,0.01789875285293194,0.022201764607784308,0.002203848751369586,0.04414172735509592,0.0837945976002783,0.05900474362822128,15009565.4,1.1247778033599827,0,26.76617416993895,15.710631804878403,29.40170775474514,0.021016152566453002,0.059659973407366854,0.08657590553299968,0.007632601592944094,0.10598677358576852,0
2025-04-22,1405.6539306640625,1407.9363681338637,1388.1887172069748,1401.9823098324273,16135274,66.736556697299,30.509016023223012,22.66445206488182,7.84456395834119,1401.775694827775,1331.8037109375,1261.831727047225,1331.8037109375,1273.3943994140625,1328.3744600399527,1292.1677696950203,1347.9402250283804,1317.4312090051574,1332.050287856575,0.004752435092910456,0.017871806293655767,0.014048728848614663,0.004752435092910456,0.04430852196975166,0.079937543386976,0.06539802782626691,15252428.4,1.0578822976149818,0,34.126275792890965,19.17481256590031,29.511577845344846,0.020994910056846575,0.058175968410131486,0.08782618142211317,0.0027666593525607153,0.11397890902092905,0
2025-04-23,1413.493408203125,1418.9512947601793,1400.4937389943566,1418.0581618237188,13990764,66.19811082476659,33.47840266792127,24.827242185489713,8.65116048243156,1415.0372623638164,1336.899395751953,1258.7615291400898,1336.899395751953,1276.4944799804687,1336.4810265316835,1296.9256378718087,1358.0253301321873,1324.546927464266,1336.4516982097948,0.005577103558739305,0.0178310629167154,0.013058112375130554,0.005577103558739305,0.012582715379168663,0.054954904476936184,0.06672654679586043,15407629.85,0.9080412844938639,0,37.88872171812159,21.310386896955606,28.65036420872124,0.020269188411102982,0.0576232510171111,0.08988007247863361,-0.001091034279982386,0.12292390216972925,0
2025-04-24,1391.95947265625,1410.3178180904442,1388.0894318786184,1405.4554343163695,15678099,68.59412049930307,33.70551811324253,26.602897371040278,7.102620742202255,1421.7310457220888,1339.8565734863282,1257.9821012505677,1339.8565734863282,1279.1738061523438,1341.7646880673565,1300.652454922179,1363.2459674435813,1329.5404493303388,1342.824466878819,-0.01523454967805582,0.017127701956712732,0.015969133188488492,-0.01523454967805582,-0.005036275862514317,0.03413443936710192,0.08943333173781953,13166818.9,1.1907279289760717,0,38.65602770404439,22.276467197871625,27.845860634846076,0.020004792655139842,0.03740952868657828,0.07020093445295815,-0.02094036924594128,0.10650181053648905,0
2025-04-25,1394.04345703125,1403.966886762009,1377.769008045682,1399.203592036998,11705093,67.03728948016304,33.66559286398456,28.015436469629137,5.65015639435542,1427.528709931604,1342.171209716797,1256.81370950199,1342.171209716797,1281.8015307617188,1346.7436184448702,1304.3148471617503,1367.9840427647612,1334.3184499007766,1344.7939024634195,0.0014971588009118353,0.017078747046661666,0.018792727431982466,0.0014971588009118353,-0.008259837915672086,-0.0013506247109317249,0.08069853224724755,13284459.55,0.8811117197462504,0,34.79494163922482,21.328943936129008,28.334946534367095,0.020325726856972662,0.03512163557975385,0.0687936736017023,-0.023456798218761114,0.10918861442372163,0
2025-04-28,1417.8597412109375,1424.0122194189871,1393.0511659597355,1394.837310696449,10948561,70.83768081207114,35.15053343956674,29.44245586361666,5.708077575950082,1438.0491425566254,1346.3936340332032,1254.738125509781,1346.3936340332032,1285.2132055664063,1353.516582517829,1308.7675881048558,1375.657227141096,1340.5066937015292,1348.1900554151475,0.01708431976030833,0.017346578745670884,0.021836471238550727,0.01708431976030833,0.003089036696225733,0.013477070368864696,0.09840097365753286,13010927.25,0.8414896793770021,0,33.276803596203536,21.231906612653574,29.713591007100117,0.020956650466514355,0.0475377690411569,0.08335487071776525,-0.014039437699461579,0.13000451041119254,0
2025-04-29,1418.85205078125,1427.2869661678633,1411.7071085959242,1417.8597077945897,10786910,70.24419012804012,35.99253113898453,30.752470918690236,5.240060220294296,1447.6147881478582,1351.052685546875,1254.4905829458917,1351.052685546875,1288.5316015625,1359.7390080667262,1313.0846258568713,1382.3025846241967,1346.3100534852122,1351.833513411572,0.0006998644093421102,0.017389182949578162,0.010980607571705945,0.0006998644093421102,0.019319943326856714,0.009389309722167782,0.09007741146243342,13007290.8,0.8292972122988131,0,31.36454802677349,20.916856161851,29.660429736028195,0.02090452610594356,0.04347381546299136,0.08054882590324955,-0.019869054669860442,0.13101849473384808,0
2025-04-30,1416.073486328125,1422.7221360927958,1389.2802248488963,1422.0275444346205,14192027,86.99916381792511,36.02039278598295,31.806055292148777,4.214337493834172,1455.5449759469066,1355.535595703125,1255.5262154593433,1355.535595703125,1291.9899169921875,1365.1041964725737,1317.1234046988814,1387.4981079632626,1351.4777151772796,1356.2455737163946,-0.001958318664440739,0.013108916858453038,0.023615943358006323,-0.001958318664440739,0.01580297169773326,0.0018253202385145606,0.05688053501479806,12961411.45,1.0949445633098855,0,28.623169940890193,20.197766827072655,27.066153208827068,0.019113523041102573,0.03733728896831162,0.07512590033419492,-0.027118014400828346,0.12787249592398536,0
2025-05-02,1419.149658203125,1435.5233172200462,1413.6917718641512,1415.9742091510598,8842434,86.3280812923412,35.87712553322126,32.62026934036328,3.256856192857981,1463.1292363341297,1359.591796875,1256.0543574158703,1359.591796875,1295.5286108398439,1370.2513833040548,1321.1244342480675,1392.3675772309339,1356.4904516977126,1359.2116459224858,0.002172325027408384,0.013165561662357626,0.015383539875235821,0.002172325027408384,0.0009097634658037368,0.019533747986921313,0.05433496089029499,12990205.95,0.6807000623419678,0,28.486695236698324,20.47197932588847,27.01653086451836,0.019037126005953236,0.03568562345192672,0.07419832788941616,-0.030058573801173938,0.1298473269284277,0
2025-05-05,1418.455078125,1435.7218701832576,1415.081087769954,1428.9738894731652,4565705,85.92176697774785,35.30061488128422,33.156338448547466,2.1442764327367527,1468.8714117219267,1365.0968200683594,1261.322228414792,1365.0968200683594,1299.1109692382813,1374.8422113822398,1324.9413222432413,1396.381038906944,1361.0804240256598,1362.7004006198388,-0.0004894339889455201,0.01321227768093782,0.014551594006479153,-0.0004894339889455201,-0.0002797843905087971,0.017511377404070938,0.016137101394094744,12504090.0,0.365136927197421,0,28.09859293736963,20.62647508149098,27.03071232948368,0.019056445809489092,0.03172208881986001,0.07057954515557847,-0.0343231770967785,0.12457788039436182,0
2025-05-06,1420.63818359375,1422.7220796211836,1409.5239906903596,1418.0581160771362,6301690,85.20690745814264,34.62079740070635,33.44923023897924,1.1715671617271113,1474.507208681834,1370.0758972167969,1265.6445857517597,1370.0758972167969,1302.5147045898439,1379.2037325452409,1328.694140335418,1400.1129073202987,1365.4921099195924,1365.468485936399,0.001539072687191334,0.013277600529257375,0.009290253551708144,0.001539072687191334,0.0032234889712265957,0.0019596031272031134,0.015463083205308426,12417063.8,0.5075024258150305,0,25.687150027411917,19.926552230562265,26.258104380735954,0.01848331593784952,0.030042299096772477,0.06919880239339461,-0.036533578656588184,0.1224621821851576,0
2025-05-07,1424.4091796875,1430.9586193213472,1410.119416127347,1414.0887881642996,10480453,81.41592679512777,33.99445806698327,33.55827580458005,0.43618226240322144,1479.5870069429966,1375.3278686523438,1271.068730361691,1375.3278686523438,1306.1714892578125,1383.509013225456,1332.4476712904018,1403.8507953767912,1369.856337309808,1368.6533472116594,0.002654438080926802,0.011514559084547153,0.014630068024815816,0.002654438080926802,0.0037061077060993597,0.003916637328881478,0.013342721571999672,12711536.05,0.8244835996826677,0,23.770005158729873,19.363045433530488,24.723514331014485,0.017357031029832704,0.02956263101365052,0.06901697558451851,-0.03729272222354843,0.12063899115996266,0
2025-05-08,1424.5084228515625,1437.8058437113664,1415.1803741209164,1427.5846620245352,15306490,80.54053129826681,33.12425196884101,33.47147103743224,-0.34721906859122953,1483.9501830524123,1380.2995056152345,1276.6488281780566,1380.2995056152345,1309.9910180664062,1387.413718904133,1336.05789684182,1407.0288919113716,1373.9046399425306,1373.5617462839293,6.96732129206179e-05,0.011573280253204109,0.01588300162182163,6.96732129206179e-05,0.004267561814198739,0.005956566947178166,0.007792759827893514,13044433.45,1.1734116363635556,0,22.309522431559344,18.934492142938552,25.148812921014756,0.017654379937376705,0.026736584367011464,0.06620261458640556,-0.04005643914446037,0.1158185331862331,0
2025-05-09,1378.2652587890625,1409.0278927234135,1376.379782804671,1404.3638078003796,13491197,42.92534009215147,28.376068838885203,32.45239059772283,-4.076321758837629,1477.0960851711627,1385.3282043457032,1293.5603235202436,1385.3282043457032,1312.5165307617187,1386.5424369884122,1337.7130875064177,1402.6037175848626,1374.2276487459774,1381.156096585728,-0.032462541688543345,0.01125633985514639,0.02368782765911614,-0.032462541688543345,-0.02982668303163427,-0.02880908238094415,-0.009838083748986648,12759742.7,1.0573251606397989,0,16.291053684357394,16.588653258350178,24.8652856259909,0.018041001517978786,-0.005969653707338253,0.03031455075186315,-0.06690886759113433,0.06548201404191667,1
2025-05-12,1437.4088134765625,1441.8743569081432,1393.249550653154,1398.6082269981746,9925445,60.614346078115155,29.05061269973021,31.77203501812431,-2.721422318394101,1475.4550742083172,1392.7013122558594,1309.9475503034016,1392.7013122558594,1316.4571240234375,1391.3868537968074,1341.6227238189724,1407.9583477220472,1378.907735022317,1387.627197420335,0.04291159071909223,0.01625404364244197,0.03382809803244747,0.04291159071909223,0.009126333903516803,0.013362238708762408,0.031107607317825803,12601726.85,0.7876257847947244,0,16.544642414567534,16.681401575731115,27.190193689934308,0.01891611727645613,0.03307632205534407,0.07139569713379025,-0.02578611941279822,0.09730256997208715,0
2025-05-13,1419.6458740234375,1436.8134564073198,1416.470424872204,1429.0731325397103,12475424,53.6433877893013,27.831053743166194,30.983838763132688,-3.152785019966494,1467.273962185236,1399.1416137695312,1331.0092653538263,1399.1416137695312,1320.3798559570312,1394.0781890564865,1344.6824551995396,1409.756428691492,1381.9253749483257,1394.6570439794948,-0.012357611339645969,0.01667370759264941,0.014329652138854466,-0.012357611339645969,-0.0034134925073950884,-0.0006984956351111515,0.0012597387178612252,12575216.95,0.9920643158367141,0,14.874456511245626,15.988314864121548,27.275246381182146,0.019212711338977097,0.01834020872549138,0.05574804559547402,-0.0324602558140303,0.06659353242447086,0
2025-05-14,1415.279541015625,1429.6685145448027,1406.4477852062123,1418.9512828044426,8026837,50.47366178890843,26.210084363546002,30.029087883215354,-3.8190035196693515,1455.4027126390463,1404.8252563476562,1354.2478000562662,1404.8252563476562,1324.5050244140625,1396.0973654335473,1347.450968368798,1410.60613827982,1384.396053916274,1400.2020068203872,-0.00307564941913141,0.016644788445777128,0.016407168100463682,-0.00307564941913141,0.0268557028413261,-0.006409421395246806,-0.0025178874454584443,12323346.45,0.6513520521854679,0,12.588352208091237,15.003297078396145,27.61547306495127,0.019512380603717346,0.013739855154100075,0.0503384347476029,-0.027568432623481177,0.04506689319105635,0
2025-05-15,1439.6912841796875,1445.3475908699352,1404.6615275498752,1414.9819190581854,18209264,62.46762878498499,26.588779211819883,29.341026148936262,-2.7522469371163787,1452.4854094239445,1409.816748046875,1367.1480866698057,1409.816748046875,1329.0033154296875,1400.2491672188942,1351.0682356554994,1415.0807761105689,1388.491996898749,1406.246328089451,0.01724870773341669,0.0165890127755823,0.028260269244626414,0.01724870773341669,0.0015879064339423543,0.010658316289722025,0.016678370211424154,12473679.5,1.4598149647824445,0,12.835448314761152,15.010338813679482,28.707050707490794,0.019939726678172953,0.028167927454748155,0.06559479838647139,-0.008808436326621087,0.053061696986013825,0
2025-05-16,1442.86669921875,1447.5306627908633,1435.920298328426,1442.172107583965,6439208,62.68041276335096,26.835780885671056,28.839977096283224,-2.004196210612168,1447.747497043915,1414.6593811035157,1381.5712651631163,1414.6593811035157,1333.5988549804688,1404.307979790309,1354.6681754030778,1419.3555335118274,1392.5197526261563,1410.892886413691,0.002205622187170464,0.016586673508437354,0.00804673395589749,0.002205622187170464,0.016356772924998486,0.046871558299630856,0.016712149334309645,12093686.25,0.5324437782566089,0,17.7655428018968,16.95508789666019,27.665085403641537,0.01917369457526533,0.027457452341899096,0.06510710550163248,-0.003371304619853173,0.04436646563316934,0
2025-05-19,1437.905029296875,1448.5230511072757,1432.7448940711074,1435.4241717584057,6005334,55.77142471536692,26.32767712200689,28.33751710142796,-2.00983997942107,1450.16741719967,1416.7581909179687,1383.3489646362675,1416.7581909179687,1338.4593505859375,1407.5076987909345,1357.9323657518541,1422.2093020941425,1395.8816249721356,1413.8954029463457,-0.0034387583583165293,0.016106981607191168,0.010973017490510968,-0.0034387583583165293,0.01598658613054882,0.00034521551256694316,0.013712067073414325,11519431.75,0.5213220695543423,0,16.120844994127083,16.309641932881732,26.58059280199273,0.018485638662096095,0.021596564290236,0.058892965188838346,-0.008455842930517671,0.03943767339642478,0
2025-05-20,1427.1876220703125,1447.8284044606678,1424.5083444847762,1439.0957378026826,11352383,52.27269852871186,24.77460975494273,27.624935632130914,-2.850325877188183,1450.791910182499,1418.1673095703125,1385.542708958126,1418.1673095703125,1343.0638208007813,1409.3819771984943,1360.6482581564997,1422.9751974750916,1398.2005877201489,1415.4626954548576,-0.007453487544864634,0.016270025163551232,0.016339869835798423,-0.007453487544864634,-0.00868496062091495,0.005312415007765914,0.004610208673959892,11242929.6,1.0097353095584625,0,15.303788142007761,15.965802956960033,27.13346440227505,0.01901184117818693,0.012633654438530203,0.04890269290019522,-0.016269933645561306,0.030056751656180873,0
2025-05-21,1433.637939453125,1440.1875004165763,1427.485461067875,1431.8517946649677,5510460,54.694955780856816,23.790042580459613,26.857957021796654,-3.0679144413370416,1452.3314854823686,1419.5665100097656,1386.8015345371625,1419.5665100097656,1347.7139404296875,1411.6920688417924,1363.5105985995046,1424.615619317866,1400.8255767374064,1417.0535269839713,0.004519600144412328,0.016285603290599845,0.0088600050257785,0.004519600144412328,-0.006396127771624349,0.012971570566423729,0.006479008909258566,10711688.9,0.5144342830942373,0,15.594703408245095,16.059630230706716,25.67331919530107,0.0179078123484193,0.015545791533232753,0.05143146003093036,-0.012871404507928072,0.03377296876989242,0
2025-05-22,1431.057861328125,1434.2334317099203,1416.867428660744,1430.0655182967434,7245933,53.191511636428345,22.54172824768284,25.994711266973894,-3.452983019291054,1453.464902811455,1420.4447326660156,1387.4245625205763,1420.4447326660156,1352.2072705078126,1413.536430030967,1366.1595108633721,1425.6067334732907,1403.0650052256078,1417.8239328363532,-0.0017996720468936855,0.016298260844389286,0.01213508099040757,-0.0017996720468936855,-0.00476190557042433,-0.005996718148142177,0.004597683222856475,10374447.35,0.6984403848750556,0,13.287262812072868,15.09127520787274,25.354351887678295,0.01771720946639266,0.012395457891930037,0.04750422622592514,-0.015416293465351493,0.0314491324330303,0
2025-05-23,1438.698974609375,1440.6836606711147,1423.4168677068544,1431.1570706662649,5203706,55.23078961147103,21.916365904009126,25.179042194380944,-3.262676290371818,1453.8729268050383,1422.7817077636719,1391.6904887223054,1422.7817077636719,1356.8067797851563,1415.9328628479584,1369.0041957161566,1427.6209244173035,1405.7045585132944,1419.932160331174,0.00533948590601252,0.01633940508656452,0.012001671836145174,0.00533948590601252,0.008065759792930338,-0.0028885028753048436,0.04384766679340757,9850727.7,0.5282559987928608,0,11.624883057649413,14.336020313078734,25.113352641318052,0.017455599179902553,0.016078524878379914,0.05090910540033775,-0.010436917777270181,0.03377797453385452,0
2025-05-26,1449.4161376953125,1460.331910515487,1443.8590412139838,1446.8360701649403,5608725,57.12180559608633,22.031580884863843,24.549549932477525,-2.5179690476136827,1455.7142890691055,1425.550341796875,1395.3863945246446,1425.550341796875,1361.69009765625,1419.121746166754,1372.1576052055352,1430.9740341523818,1408.942453267518,1422.5678202207996,0.007449204646057028,0.01642674215407711,0.011365175861568854,0.007449204646057028,0.011005706397674064,0.008005471963657085,0.008353451089331054,9545909.3,0.5875527227144302,0,11.61404737581961,14.22523945368107,25.715841710981472,0.017742207391089018,0.021347281591863287,0.05630441590432663,-0.004326502405784915,0.038720273741148066,0
2025-05-27,1435.324951171875,1451.7978208795423,1424.7068083036186,1441.3782192942826,14842959,52.57009399516228,20.746693629989977,23.78897867198002,-3.0422850419900413,1456.6612526476695,1426.423602294922,1396.1859519421744,1426.423602294922,1366.2856396484376,1420.664908548194,1374.6347560277447,1431.6434060015345,1410.8967123715445,1424.3025809701749,-0.009721974357097762,0.016694043644939177,0.01887448034245152,-0.009721974357097762,0.002981773105798613,0.005701653360584924,0.011044357917232794,9740629.2,1.5238193237044688,1,11.282931349699766,13.986497871245092,26.16239952397601,0.018227509737509716,0.010319141787391902,0.04415005140675006,-0.01464740099114533,0.028032798335534067,0
2025-05-28,1442.6683349609375,1446.836127202333,1431.454810349359,1436.5157355383742,8618343,54.134667550116504,20.089383021680987,23.049059541920215,-2.9596765202392277,1458.4661870647876,1427.6144165039063,1396.762645943025,1427.6144165039063,1370.4217260742187,1422.7604729684554,1377.302739515321,1433.3395489183656,1413.2501658966846,1425.3002637838617,0.005116182076446929,0.01673442834905777,0.010661713770400733,0.005116182076446929,0.00275899296629456,0.006298937311366881,0.019352214987618632,9632200.85,0.8947428665796561,0,11.068404126662927,13.79214091581639,25.64496004272774,0.017776060804316547,0.013992419926416894,0.0474591341251662,-0.010831826095086804,0.03286577655212077,0
2025-05-29,1445.3475341796875,1451.698553407669,1433.9355900375203,1445.4467442494526,15545514,69.05297157264384,19.559182533798776,22.351084140295928,-2.7919016064971522,1460.398610578855,1429.0781188964843,1397.7576272141137,1429.0781188964843,1374.64017578125,1424.9116216552393,1379.9711628354921,1435.1869312662614,1415.6277487324626,1427.9377437423252,0.001857113761925433,0.013686149746419591,0.012289752429840338,0.001857113761925433,-0.002807063761615325,0.009985391393120047,0.003928793667194341,9699875.2,1.6026509289521582,1,11.375191624272247,13.81165197211999,23.475983137246107,0.016242448672090473,0.014341880727107108,0.04737517210857033,-0.010306142644987627,0.03404732411328409,0
2025-05-30,1434.7296142578125,1449.7139699197687,1433.2410996992944,1448.7216268807567,11803975,48.94946439340998,18.073873069082993,21.49564192605334,-3.421768856970349,1460.9117409429505,1429.8571166992188,1398.802492455487,1429.8571166992188,1378.5252001953124,1425.8466685697701,1382.1185530873477,1435.1165748034232,1417.0427017343402,1428.8455804957807,-0.007346274629998373,0.007930252462992117,0.011481515441497137,-0.007346274629998373,-0.00041477500518360966,-0.00275899296629456,-0.005639526482483337,9847952.25,1.198622282109461,0,9.913805721811741,13.11435737119109,20.109109715917075,0.014015957791684354,0.006229944554243415,0.03806551981589665,-0.017921771693229484,0.025684199160424897,0
2025-06-02,1439.3935546875,1448.8208134048605,1421.8291316367724,1430.9586389930196,9458990,58.629706722372596,17.07625123705452,20.611763788253576,-3.535512551199055,1461.7512606142764,1430.9040405273438,1400.0568204404112,1430.9040405273438,1382.1274047851562,1427.1368482000303,1384.3646315814715,1435.774571708666,1418.6983204716114,1429.343039311047,0.003250745215920059,0.007132056358165476,0.018752120766546067,0.003250745215920059,-0.002269946732785355,-0.0069149105954824375,0.0010352042452712595,10092616.5,0.937218807432146,0,8.015102033276207,12.207026375936266,20.541487799040606,0.014270932179837551,0.008588318984916157,0.03975030988993451,-0.01529515077509214,0.028096526992893577,0
2025-06-03,1426.8900146484375,1443.8590556109682,1421.035166759386,1443.7598455387374,11167345,54.73687775346302,15.102604143465214,19.509931859295907,-4.407327715830693,1461.7509527331401,1431.2166320800782,1400.6823114270162,1431.2166320800782,1385.4795385742189,1427.1133402427358,1386.032293662529,1434.407716776323,1419.3051126328578,1429.7677834353365,-0.008686672243559568,0.007526127569307346,0.015995548793020134,-0.008686672243559568,-0.012770298557796766,-0.005876673791917808,-0.00020852718820763005,10335899.25,1.0804425168908258,0,6.448431694541796,11.397537634784157,20.513142049968597,0.014376119980784014,-0.00015648763696676354,0.029478188331343913,-0.02384875345524534,0.01871066908435566,0
2025-06-04,1420.0428466796875,1429.0731438395549,1415.4780930628378,1426.3938661679929,8025388,40.64266563109686,12.837977162166453,18.175540919870016,-5.337563757703563,1461.7988497148142,1430.9983154296874,1400.1977811445606,1430.9983154296874,1387.8194848632813,1426.439959903398,1387.3660408396725,1432.197736761456,1419.3597595992896,1429.8515030398444,-0.0047986655582820115,0.005909833936864169,0.009573690546383625,-0.0047986655582820115,-0.010236610042877348,-0.015683083722678792,-0.009482933172529906,10213146.0,0.7857900004562747,0,3.679486934942588,10.063301324351414,18.578069725444102,0.01308275293867571,-0.004484670510873571,0.023553125042788375,-0.02856480769790794,0.014173044552966632,0
2025-06-05,1443.66064453125,1447.8284366760695,1416.3712120373557,1419.9436226094324,11385668,50.31648464582331,12.80143588392707,17.100719912681427,-4.299284028754357,1463.0959222072158,1431.9559265136718,1400.8159308201277,1431.9559265136718,1390.461103515625,1428.0800251060505,1389.5736723569894,1433.9612610337322,1421.159825149805,1430.5054142581455,0.016631750166401726,0.007538426078579141,0.021789902466259867,0.016631750166401726,0.0029645053153488643,-0.0011671169795124392,0.008806620293765555,10017104.9,1.1366226183774915,0,3.1684034508111836,9.602509521497268,19.99570259517814,0.013850694531934583,0.010910186510060947,0.03892342899856364,-0.013283666081609958,0.03058554144657551,0
2025-06-06,1448.5230712890625,1450.2101271201,1431.0578582020253,1437.5080878919146,11580994,54.235944386276756,13.014807263320563,16.283537382809257,-3.268730119488694,1454.6688516805868,1435.468817138672,1416.268782596757,1435.468817138672,1392.7752465820313,1430.0269818853849,1391.8854134915805,1436.2015395345522,1423.1867322712317,1434.1473349096007,0.0033681230947397722,0.007514492123075252,0.01322192880299159,0.0033681230947397722,0.015160983971112207,0.009613976664436086,0.006828458804146287,9921594.75,1.1672512627065321,0,4.18031331561474,9.76686040423283,20.236710586742884,0.013970582165967112,0.012934084208181785,0.04069132217960743,-0.004224865600458886,0.02277412952163397,0
2025-06-09,1423.8138427734375,1455.5688200651953,1422.4245382897982,1453.7825541382838,11022031,48.78923656805211,11.062555131817362,15.23934093261088,-4.1767858007935175,1454.6511190658173,1434.7890686035157,1414.9270181412141,1434.7890686035157,1394.2965087890625,1429.4352543509137,1393.137508757536,1434.295740032842,1423.2331849010247,1434.6315867882445,-0.017058222271624457,0.008653669531998599,0.023278521938539066,-0.017058222271624457,0.002655550924091754,-0.010823802748960443,-0.0176638677161306,9976424.05,1.1048077893200619,0,2.2984061508834657,8.772877176064412,20.938440715278993,0.014705883652945208,-0.003932610141218911,0.022019602388898545,-0.021199087456917922,0.006280765381028591,0
2025-06-10,1412.0048828125,1430.660858582463,1405.6538633679,1427.9815809293386,12905272,42.523986622163875,8.464918563165384,13.884456458721782,-5.419537895556399,1455.7353472446748,1434.4070190429688,1413.0786908412629,1434.4070190429688,1395.8683813476562,1427.7752189663029,1393.8774057792994,1430.8663773835588,1422.4014588203934,1434.0799536324237,-0.008293893208633829,0.00879996623713906,0.017710275310629964,-0.008293893208633829,-0.021927425838382142,-0.010431870489755246,-0.016247239581765327,9997916.45,1.290796143830548,0,0.6618787235670425,7.845112116770451,21.79609192015752,0.015436272342587798,-0.011045391420380907,0.01300507272593733,-0.030040119940032445,-0.0007599067452666686,0
2025-06-11,1420.0428466796875,1423.5160472131458,1407.737769134025,1410.9133394459884,7136877,46.33177636580201,6.974472003761775,12.502459567729781,-5.527987563968006,1455.1652546111727,1434.6451843261718,1414.125114041171,1434.6451843261718,1397.7558178710938,1427.0388025580537,1394.9035015008833,1429.2012188137326,1422.2267468099708,1434.1545365927896,0.005692589285652527,0.008976873998277807,0.011111128171951451,0.005692589285652527,-0.019661560919447485,0.0,-0.015683083722678792,9953418.45,0.7170277262883488,0,0.5988426546557548,7.537460661210844,21.68268299372499,0.01526903434246576,-0.004902428627606711,0.01802228265378563,-0.02413637064257014,0.004184730601103139,0
2025-06-12,1414.2872314453125,1425.5007560873703,1409.127096167119,1419.5466979345515,7953247,41.76700213831269,5.268124657854287,11.055592585754683,-5.787467927900396,1455.6498810790672,1433.374981689453,1411.100082299839,1433.374981689453,1399.5132568359375,1425.8243672139831,1395.663647773214,1426.906759218591,1421.6386345607368,1433.8129698761832,-0.004053127867115203,0.008855897792043472,0.011577322877700405,-0.004053127867115203,-0.006690910737016109,-0.02034648045384302,-0.021489850710544434,9440617.6,0.8424498626022094,0,-2.2556578920673473,6.089975416224661,21.618887776295782,0.015286065868107032,-0.00809155463601301,0.013343891059864199,-0.028415246118862553,0.002258627283388051,0
2025-06-13,1405.2569580078125,1410.6156346634868,1392.8526699787633,1392.8526699787633,7573103,34.93566199435324,3.150843532481076,9.474642775099962,-6.323799242618886,1456.5696190219048,1431.4944946289063,1406.4193702359078,1431.4944946289063,1400.8578833007812,1423.8655663372049,1396.0398560177082,1423.576020570779,1420.425177038298,1432.2996830695351,-0.006385034975018189,0.008586054418965278,0.012640367716026498,-0.006385034975018189,-0.0047789670466624745,-0.029869122652459223,-0.020542307036191088,9497312.35,0.7973943280911467,0,-6.161415548180003,4.154442526127696,21.604718173469873,0.015374211848129317,-0.013069076722784815,0.006602320091631679,-0.03522843010315503,-0.0008265047059898531,0
2025-06-16,1415.9742431640625,1418.0581392255135,1403.3714144517853,1405.7530618658518,5451137,43.24321789930702,2.311038121561978,8.041921844392366,-5.730883722830388,1456.200256862095,1430.3979553222657,1404.5956537824363,1430.3979553222657,1403.0102758789062,1423.1140117492866,1396.8215966901141,1422.406516354361,1420.095478232799,1431.493455753903,0.007626566155874759,0.008664357036937879,0.010372169440674294,0.007626566155874759,-0.00286512729185473,-0.005506056602248122,-0.016270262880621278,9469602.5,0.5756458098425989,0,-6.321242601627091,3.6840879325782225,20.718697616170193,0.014632114755048982,-0.005017003926795696,0.0137115910287557,-0.027623957287793613,0.008100971515172186,0
2025-06-17,1412.302490234375,1418.8520508551696,1406.943935014625,1415.9742319665809,6970098,39.117984414329996,1.3338309348944222,6.700303662492778,-5.366472727598356,1456.6757770028087,1429.6536987304687,1402.6316204581287,1429.6536987304687,1404.8351928710938,1422.0843430335808,1397.428690554595,1420.85205079744,1419.5182198625455,1430.682239529248,-0.002593093022287496,0.008493543467002146,0.008431703493327796,-0.002593093022287496,-0.001403350865940567,0.00021076939994868482,-0.01022329980889003,9250488.25,0.7534843363538135,0,-5.690875932722065,3.5512847752956986,20.470611829568092,0.014494495316064298,-0.006878532097708934,0.010643691359934088,-0.030462020079536283,0.006894803764004376,0
2025-06-18,1401.78369140625,1421.0351697486842,1399.402043989603,1406.150024814166,6751745,35.218833742684495,-0.2860940430559822,5.303024121383026,-5.589118164439008,1457.720612866668,1428.060986328125,1398.4013597895819,1428.060986328125,1406.4834716796875,1420.1509476405017,1397.5994749017188,1417.9184570449493,1418.2045510880052,1429.7471289297685,-0.0074479786737325915,0.00857558674646388,0.015432570582540531,-0.0074479786737325915,-0.00247162384200994,-0.012858172072857221,-0.012858172072857221,9312552.5,0.7250155099796752,0,-6.8878549175519765,2.6959734008355554,20.747052000206136,0.014800466097157244,-0.012933312662831972,0.0029938595281923603,-0.038372868550178324,0.00241871304900409,0
2025-06-19,1400.4937744140625,1403.8676438261634,1393.9442134714564,1397.2189939427594,8849883,37.59882558941615,-1.6549050645526222,3.9114382841958966,-5.566343348748519,1458.5945828739325,1426.532781982422,1394.4709810909114,1426.532781982422,1407.9918334960937,1418.2788359046504,1397.7129768433795,1415.2377366401975,1416.89264170475,1428.4101930372872,-0.0009201968892172951,0.008447048787733396,0.007085665453142651,-0.0009201968892172951,-0.010932733292809194,-0.009752938953676349,-0.029900981425730833,9392750.0,0.9422036144898991,0,-7.545531309332773,2.049329070165413,20.27923486693705,0.01448006070246293,-0.012539890633877811,0.0019895340579603395,-0.039833418512628394,0.004319052461342264,0
2025-06-20,1416.1727294921875,1422.3253290273638,1399.4021078732494,1400.4937821267788,12408178,42.21037415592765,-1.457733179840261,2.837603991388665,-4.295337171228926,1457.2506577331444,1425.4064697265626,1393.5622817199808,1425.4064697265626,1410.7614624023438,1418.0782543415587,1398.4368887119604,1415.3815816943497,1416.83931487419,1427.250362664432,0.011195305087796426,0.009049879464304071,0.016186740979212452,0.011195305087796426,0.0027403755814168207,0.007767811731635099,-0.02233332864217752,9752973.6,1.2722456256828174,0,-5.787311995646178,2.397032694252175,19.9886305373675,0.014114542753930193,-0.001343737444345747,0.012682617945356727,-0.028188649648548798,0.01622492806299275,1
2025-06-23,1409.226318359375,1412.3025575376569,1401.0891539348067,1406.1500791810931,5514384,43.84508260803358,-1.8407711020722672,1.9019289726964788,-3.742700074768746,1453.9060646710532,1423.3969787597657,1392.8878928484783,1423.3969787597657,1413.1470556640625,1417.2352128194461,1398.8600036000944,1414.4346181043536,1416.2753892064259,1426.003809947226,-0.004905059240410181,0.008861228421722569,0.007957134675078163,-0.004905059240410181,0.005309397590193665,-0.004765570304166689,-0.0102453874065781,9748256.55,0.565678998261489,0,-5.878798929840514,2.0384069099802673,19.4357510163531,0.013791788276407053,-0.0056510693409446465,0.007410544824072425,-0.030730834265958566,0.011729892688983315,0
2025-06-24,1413.1956787109375,1424.9053748687677,1405.6538959425357,1416.768089376431,11188438,47.56527385677428,-1.8032504592283658,1.16089308631151,-2.9641435455398755,1452.582516154065,1422.2905151367188,1391.9985141193727,1422.2905151367188,1415.5941723632814,1416.8504952853025,1399.4221869377745,1414.244012043828,1416.0472625030563,1424.4614004111008,0.0028166947351533356,0.008834080066675756,0.013622656236673816,0.0028166947351533356,0.009069589975285064,0.0006324342573482689,0.0008433369550859826,9565530.5,1.1696620485398066,0,-5.233847748278322,1.9934963831794903,19.839781598461318,0.014038948673094161,-0.002579535798961653,0.00984227054689065,-0.027115043038938764,0.015227864381001092,0
2025-06-25,1414.8826904296875,1417.9589294864209,1404.463088984364,1411.1117385952273,7527388,37.87622433939927,-1.6187276479918182,0.6049689394508443,-2.2236965874426624,1449.7735234716395,1420.9012329101563,1392.0289423486731,1420.9012329101563,1417.8596923828125,1416.6630852990534,1400.0284811923593,1414.3422702570372,1415.960997905029,1423.2669871766275,0.0011937566355204599,0.007404671716975834,0.009538487249397503,0.0011937566355204599,-0.0009109334162666904,0.00934452234231431,-0.003633803206759101,9510982.75,0.7914416625348206,0,-3.4878623414483627,2.429006290640473,18.556825588700104,0.01311545170085059,-0.0012567524966530966,0.010609933609834369,-0.02406640242567135,0.016417581119006652,0
2025-06-26,1428.080810546875,1436.4165161110168,1410.814017835929,1413.890378094993,13617435,41.953111110043295,-0.4028699643361051,0.4034011586934544,-0.8062711230295595,1446.7868710238427,1420.0378967285155,1393.2889224331884,1420.0378967285155,1419.6240795898439,1417.7504877036076,1401.1285725395953,1416.455891840089,1416.858761804425,1421.7161151809019,0.009328066705784233,0.007858056121788633,0.01792790582017796,0.009328066705784233,0.013379321647533748,0.019698078375503192,0.009753025265925919,9414578.8,1.4464199927882062,0,-0.5283482010427178,3.41559569621586,19.01755625705818,0.013316862824993442,0.007286418120017608,0.019236091915838804,-0.0129293822411659,0.024971050550611794,0
2025-06-27,1451.00390625,1454.774858156496,1426.0961208320166,1427.882386711014,22532899,60.855745077799,2.382939216718796,0.7993087702985228,1.5836304464202735,1450.3329730603286,1420.851611328125,1391.3702495959215,1420.851611328125,1421.723876953125,1420.9174799461214,1403.0844679792192,1421.7709709800752,1419.3880317633564,1423.1957027197016,0.016051679662544283,0.007627870707211214,0.019764755422745417,0.016051679662544283,0.026753710125656305,0.024595288436533025,0.0325541517382284,9951025.0,2.2643796995786865,1,2.839225604562671,4.647579267258834,18.698588796278354,0.012886656414732415,0.02117394340522818,0.03415292476282371,0.0004626063132631067,0.04285966059098735,0
2025-06-30,1434.7296142578125,1450.706312958781,1431.2564136212704,1450.6071028820047,6325073,58.76057536379063,3.240163125955405,1.2874796414298992,1.9526834845255059,1449.550907277935,1420.6184143066407,1391.6859213353464,1420.6184143066407,1422.499892578125,1422.2329213091396,1404.3254541077913,1423.7646084074195,1420.524445281464,1423.0515162783702,-0.011215884341929216,0.0079462320702963,0.013556491163369445,-0.011215884341929216,0.014027257498003376,0.018097374116691656,0.013245559503850979,9794329.15,0.6457893034971159,0,4.997708489693423,5.465450507696914,18.32291004014738,0.012770984761212897,0.008786671129205732,0.021650366060862895,-0.010224748193186929,0.03092917177833124,0
2025-07-01,1421.03515625,1436.5156826077227,1418.653508855977,1434.6302067068036,7761449,50.36655721205486,2.7824169673153847,1.5864671066069964,1.1959498607083883,1449.1090737493137,1420.3256713867188,1391.542269024124,1420.3256713867188,1422.9404907226562,1422.1188484463644,1404.9807365447407,1423.3446926908932,1420.5622757235778,1422.7086301360098,-0.009544974796450889,0.008314193252219647,0.01256983240223462,-0.009544974796450889,-0.00493365238496335,0.005547340440648307,0.006183283026128361,9624034.35,0.8064652221445989,0,5.268353161061896,5.558549606966153,18.471759731049165,0.01299880558887416,-0.0007620264632230233,0.011426789910829545,-0.01937322594128637,0.021194388328971976,0
2025-07-02,1416.867431640625,1439.8897415628453,1411.707175185214,1421.2336440793872,13372280,50.964434949804854,2.0596074215670797,1.6810951695990133,0.37851225196806637,1448.991873229764,1420.1669006347656,1391.3419280397673,1420.1669006347656,1423.1647607421876,1421.6187135124844,1405.4468814504617,1422.3481909908521,1420.288583569285,1422.7640151926519,-0.0029328793105818374,0.008276641378658897,0.019890757418990126,-0.0029328793105818374,-0.023526108001733714,0.001402760260170277,0.010760390727076574,9891378.95,1.3519126167944462,0,4.955628213431055,5.418400258102338,19.31525304943344,0.013632364339878885,-0.0033421632866101787,0.008125920901668658,-0.022170201353534494,0.018345960174448346,0
2025-07-03,1414.98193359375,1435.027214103107,1412.798706272776,1421.1344118511029,10177738,53.84013967124043,1.3194222361551056,1.6087605829102318,-0.28933834675512626,1445.4102959814752,1418.7329650878905,1392.0556341943059,1418.7329650878905,1423.19453125,1420.9866392345098,1405.820805063924,1421.2149206220672,1419.895498385912,1421.905627608329,-0.0013307512084540507,0.008076923387517141,0.015709393387006398,-0.0013307512084540507,-0.013764043390348535,-0.009172363956146734,0.010345036475259528,9830982.45,1.035271708780235,0,3.2361515309021343,4.692232524328574,19.371963503989296,0.013690608370375919,-0.004225729837962813,0.006516569179248657,-0.021051712771330073,0.016469384438584898,0
2025-07-04,1431.7525634765625,1433.3402880878325,1410.218647174462,1416.0734952431667,5066503,55.94618367035244,2.0622969420978734,1.6994678547477602,0.3628290873501132,1441.5074465511539,1417.8944396972656,1394.2814328433774,1417.8944396972656,1423.9903930664063,1422.0119653528006,1406.8377367663804,1422.836096445836,1420.773799503738,1420.6897541076542,0.011852186578961366,0.008433868705365643,0.016149187718041812,0.011852186578961366,0.0075419719064833135,-0.01326760230659274,0.011001365624348391,9505257.9,0.5330210977231875,0,1.0944854066792686,3.7532687871612325,19.974457513963753,0.013951054130094967,0.006849870719157569,0.0177098083588864,-0.006767140258574583,0.026874868839621365,0
2025-07-07,1424.706787109375,1429.8670433562063,1418.6535190770169,1425.9968814549875,5177477,54.5587256240792,2.058763090486991,1.7713269018956066,0.28743618859138453,1441.6025422707896,1417.9390869140625,1394.2756315573354,1417.9390869140625,1424.6036596679687,1422.2686150439029,1407.5384838386547,1423.1238950094573,1421.0651319189703,1420.0019202368715,-0.004921085211874177,0.008528855193777891,0.007870759359503599,-0.004921085211874177,0.005532878583900169,-0.006985864826957178,0.010985083480432367,9213030.2,0.561973301683088,0,0.03569373476329929,3.2130297308633544,20.059523839606673,0.014079755933714591,0.0017142838136781095,0.012197395288190456,-0.011720120259222559,0.021825781691421776,0
2025-07-08,1430.9586181640625,1433.935647189369,1419.050502062836,1421.035188079707,5315847,61.06929908009414,2.5312542813026084,1.9233123777770071,0.6079419035256013,1443.0621723501256,1418.8867736816405,1394.7113750131555,1418.8867736816405,1424.8656372070313,1423.09623438868,1408.4569204788668,1424.3292370332426,1421.79798275194,1420.526565550071,0.004388152784315702,0.008245402559675933,0.01040221914008318,0.004388152784315702,0.011291087321330773,0.006983262778839094,0.012569341755508168,8833558.95,0.6017786296654533,0,0.97738594231555,3.476183934126084,19.577525222996105,0.0136814055797884,0.00552484335590981,0.01597613484517885,-0.008387410063110189,0.025989063974304453,0
2025-07-09,1420.93603515625,1427.683895203639,1415.6765685457565,1425.2030375827696,8827347,57.274010624573776,2.0730711933547354,1.9532641408925528,0.1198070524621826,1443.1191207399384,1418.9314331054688,1394.7437454709993,1418.9314331054688,1424.9073168945313,1422.8905011284485,1408.9462975250387,1423.8072059752437,1421.734134781889,1420.708538343254,-0.007004104018515589,0.008538118221785736,0.00845029358169673,-0.007004104018515589,-0.007554746955750424,0.002871548477131558,0.004278336831390783,8918082.45,0.9898256771555191,0,1.2717876159640582,3.499416074577084,19.9602837418246,0.014047278165923714,-0.0013735884600033898,0.008509719392621622,-0.015371624743156544,0.018779284560552476,0
2025-07-10,1413.1956787109375,1427.981614021397,1411.2109926594833,1425.7985078190466,7795964,48.87723834147276,1.0730067647853048,1.7772126656711034,-0.7042059008857986,1443.1135427631598,1418.87685546875,1394.64016817434,1418.87685546875,1424.8497607421875,1421.9671847077332,1409.1129399244858,1422.1746633191965,1421.1016565544112,1420.7630726363043,-0.005447364451181214,0.00817050006474357,0.01186716150817222,-0.005447364451181214,-0.008079633298998079,-0.0012623870597949782,-0.010423171942375853,8910218.3,0.874946464555195,0,0.9805454732234011,3.292134860561873,19.520812328095985,0.013813240885297721,-0.006168571322268971,0.0028973822259204586,-0.02073146926120444,0.013304873156555961,0
2025-07-11,1411.0125732421875,1417.0658414751456,1403.7684206963636,1411.111783317687,7158015,50.69877207509472,0.1031016421620734,1.4423904609692975,-1.339288818807224,1442.8508292997144,1419.1646362304687,1395.478443161223,1419.1646362304687,1424.6870190429688,1420.9238883776811,1409.1874353487094,1420.4574186919642,1420.3543170498021,1421.115059216219,-0.0015448005549673072,0.008067811726162166,0.009424027135511298,-0.0015448005549673072,-0.013938939022196228,-0.014485736406865235,-0.027561147723693447,8889463.9,0.805224598527252,0,-1.0880769751195203,2.3496985823289833,19.39322984391036,0.013744193504490966,-0.006975261107623239,0.001295170427790855,-0.02206621461553275,0.011131759259408274,0
2025-07-14,1412.1041259765625,1413.9896019530586,1405.2569348701418,1413.9896019530586,5846154,49.563155364659266,-0.5708950493692555,1.039733358901587,-1.6106284082708424,1442.8296743854985,1418.9711303710938,1395.112586356689,1418.9711303710938,1424.56,1420.083911006146,1409.3018153733312,1419.1722967357484,1419.7431917851177,1421.0296891031905,0.000773595327975718,0.008033698349434147,0.006184152373945932,0.000773595327975718,-0.006215557182851161,-0.008845792865479596,-0.015769862179191296,8909214.75,0.6561918377823366,0,-2.1847040377567737,1.7633315346765812,18.641886140816414,0.013201495412333229,-0.005619234868966165,0.0019884389366864727,-0.021295339952043895,0.012179332181531376,1
2025-07-15,1419.844482421875,1422.8215115677394,1408.134785993891,1410.218682168871,6041457,51.89396728064004,-0.47498487701818703,0.7367897117176322,-1.2117745887358193,1443.000495842942,1419.3482299804687,1395.6959641179953,1419.3482299804687,1424.5441259765626,1420.0611082838345,1409.7152532968037,1419.2757099182295,1419.7506947952477,1421.2176430706945,0.005481434621515291,0.008164411593691509,0.010343897346276127,0.005481434621515291,0.004704800482409066,-0.007766916248386768,-0.0008378918866913665,8862782.7,0.6816659286930278,0,-3.0351261048454035,1.2583328179368891,18.7269493602301,0.013189437006711421,-0.00015254685921320944,0.007185301500698673,-0.01604712783382668,0.01730213379182494,1
2025-07-16,1415.4781494140625,1418.25663727007,1408.2339967016344,1415.081187967311,5649093,44.841638228666504,-0.7427401115314751,0.44088374706781075,-1.1836238585992858,1442.296345450145,1420.0329528808593,1397.7695603115735,1420.0329528808593,1424.3655053710938,1419.6246360105229,1409.9412492229706,1418.6914698406654,1419.4342099521969,1421.5151925554308,-0.0030752191960944364,0.007770624363913161,0.007080745522341383,-0.0030752191960944364,0.0031648025372403854,-0.003841049566729704,-0.0009805308496320109,8807650.1,0.6413848115969094,0,-3.265865117925614,0.9949516979318105,17.72751989202673,0.012524050547417523,-0.0029208330788855286,0.003927043197114329,-0.01859409553430749,0.01266917638308106,1
2025-07-17,1407.8370361328125,1412.3025798563915,1398.7075285299677,1410.1194736013367,12927394,29.80508837554609,-1.5536030771156675,0.041986382231115116,-1.5955894593467825,1441.519542278939,1420.4001159667969,1399.2806896546547,1420.4001159667969,1424.0320776367187,1418.502007450741,1409.8587310625724,1417.021556962534,1418.5751600396497,1421.5067850281755,-0.0053982559069619684,0.006187082410278544,0.009656693905260545,-0.0053982559069619684,-0.003021795464834498,-0.0037918617066625693,-0.005049461969306557,9011525.65,1.4345399993396235,0,-3.4651772569920922,0.745791138086588,16.87694014628497,0.011987850662491617,-0.007518474603426973,-0.001433969861814569,-0.023365972613091975,0.006114817807047379,1
2025-07-18,1414.8826904296875,1418.0581395587762,1397.715108165526,1404.9592604817603,11297246,39.83740955390761,-1.609143199379787,-0.2882395340910653,-1.3209036652887216,1441.5171912868054,1420.3356140136718,1399.1540367405382,1420.3356140136718,1424.7644262695312,1418.1573105915932,1410.055749076969,1416.6925005728654,1418.3016437722451,1421.4095192635236,0.005004595074603824,0.005866642805216623,0.014377892620251194,0.005004595074603824,-0.003494602439644612,0.0027427942605835476,-0.011782673540958633,8955979.05,1.261419431301595,0,-2.7665777860879643,0.8683137282596363,16.91947862946501,0.011958220101149667,-0.002309066940211048,0.003423227312734404,-0.018476713991417607,0.011241545445411184,1
2025-07-21,1454.576416015625,1456.4617708047458,1425.9968891975022,1436.9126621837045,13867136,63.56339655053262,1.5321313179454137,0.07583463631623052,1.4562966816291831,1448.0561335204407,1422.6031188964844,1397.150104272528,1422.6031188964844,1425.1077783203125,1421.6257968224534,1411.8016575843674,1422.520795256367,1420.9886639384215,1423.612643140922,0.028054428720081903,0.009265223663075289,0.02094416028735909,0.028054428720081903,0.027621949952210345,0.03007730751419624,0.02096545701649477,9373616.65,1.4793794666224163,0,1.5418858163072855,2.499842211036139,18.61354338827305,0.012796538692177659,0.023178124135634852,0.030297994198736418,0.004502782968318062,0.04110246391385254,0
2025-07-22,1462.316650390625,1470.6523559877205,1458.4464883845856,1462.8128219007424,8930165,67.8626258904446,4.593238239576976,0.9793153569683798,3.6139228826085965,1455.6510031261826,1425.0591674804687,1394.4673318347548,1425.0591674804687,1425.9611938476562,1425.5011162098983,1413.7826376944167,1428.6432345077912,1424.0499962682143,1426.0958847754182,0.00532129786360902,0.009209705005573162,0.008346938811012256,0.00532129786360902,0.03869738674261791,0.02991325352499441,0.021914003541762206,9260703.0,0.9643074613234006,0,5.4400079260637995,4.067384397613068,17.74878435930621,0.012137442567288707,0.025826380465145675,0.03432918993499388,0.004579152042712969,0.048656083227563506,0
2025-07-23,1477.2017822265625,1478.5910866693491,1461.3242940475627,1471.5454755170424,11974174,72.18676572624489,8.126614712216906,2.408775228018085,5.717839484198821,1466.1957399287521,1428.1751220703125,1390.1545042118728,1428.1751220703125,1427.199638671875,1430.4249891638663,1416.2696629701873,1436.1137803106792,1427.9871655984623,1429.5597225779763,0.01017914405334941,0.009373259761617457,0.011688851739510122,0.01017914405334941,0.04404541254084404,0.04360620673519433,0.03959766356697769,9483042.3,1.2626933025491196,0,10.800353153343394,6.3284137472167,17.394376130124442,0.011775220108322763,0.03270132542220122,0.04302296437571711,0.007506529993290804,0.06261698088302771,0
2025-07-24,1472.0416259765625,1477.3009711792895,1466.782159638216,1476.3086281822896,6700578,65.66352429296592,10.390682222550595,4.005156626924587,6.3855255956260075,1473.1555465054507,1430.3731628417968,1387.5907791781428,1430.3731628417968,1427.8466455078126,1434.388478384123,1418.456798774359,1441.6411411823535,1431.250458959803,1431.449423720334,-0.0034931966046115592,0.00916843309056815,0.00714572968281063,-0.0034931966046115592,0.012007076265390104,0.04560512914201609,0.0416403390925324,9137199.45,0.7333295104989747,0,15.886470933381815,8.598067711786598,16.494174032103224,0.011204964412036158,0.02625031374684276,0.03777684822583557,-0.0007561459015856259,0.06086149321952047,0
2025-07-25,1465.789794921875,1488.5144734435703,1462.31659448384,1488.5144734435703,8696077,66.07140810580563,11.547390390414648,5.5136033796226,6.033787010792048,1475.8617184886136,1431.1124572753906,1386.3631960621676,1431.1124572753906,1428.305107421875,1437.379079959147,1420.3129947017126,1445.3563186807414,1433.8089282903268,1431.879064986909,-0.004247047735854603,0.00913085724292924,0.017872875804219035,-0.004247047735854603,0.002375097438931828,0.03597973516569586,0.038821214437389395,8445358.35,1.029687153535646,0,19.22176936755386,10.257245624743518,17.42980507211642,0.011891067281612102,0.019765638277924196,0.032018858089595426,-0.006824435813033346,0.05729133540569387,0
2025-07-28,1477.00341796875,1482.3620946590604,1465.7898930637602,1465.7898930637602,7507479,67.33930986421795,13.216583068230875,7.054199317344255,6.16238375088662,1482.46327621039,1433.2261474609375,1383.989018711485,1433.2261474609375,1429.0870751953125,1441.152826436252,1422.536148555322,1450.225103186589,1437.008520118358,1433.523649264239,0.007650225895775575,0.009235559667537096,0.011220151147714397,0.007650225895775575,-0.00013428379264035506,0.015418235650043854,0.045959282179212746,8504478.65,0.8827676932318479,0,19.52702961379873,10.734490970954539,17.550316115734436,0.011882380163933892,0.02487632877989135,0.03828884732999098,-0.003682963571007941,0.067207469134302,0
2025-07-29,1474.8201904296875,1478.3927223132807,1464.1029581857863,1468.5685019046516,9776027,71.5646339592703,14.199578176586328,8.48327508919267,5.7163030873936584,1488.133974558729,1435.9153991699218,1383.6968237811145,1435.9153991699218,1430.0397265625,1444.3592420546745,1424.5865031386304,1454.0089627624502,1439.8093845858639,1436.1004254717027,-0.0014781465719727604,0.008919839536737355,0.009689156834319665,-0.0014781465719727604,0.0018875583435229437,0.00855050103937649,0.03871952786972743,8605207.55,1.1360594085845146,0,18.85812584477617,10.80386544421367,17.479438580676465,0.011851911639197079,0.021089592871424947,0.03526194245163975,-0.008946630045852853,0.06585500890257712,0
2025-07-30,1471.04931640625,1477.1025845983731,1465.9883912336757,1476.308661728485,7238625,73.91299960341527,14.507102021131004,9.688040475580337,4.819061545550667,1492.2842135083179,1438.624493408203,1384.9647733080883,1438.624493408203,1430.7879541015625,1446.9011538976815,1426.4085742471646,1456.6305556307273,1442.1234536095963,1438.7090005560808,-0.0025568364522721154,0.008748590851840885,0.007555282641270846,-0.0025568364522721154,0.0035881826320500743,-0.004164946112533818,0.03925964312143648,8298524.8,0.8722785283475926,0,16.476164733815267,10.138911276977296,17.075408009446733,0.011607638043816017,0.016689573053085095,0.031295901444399345,-0.014229794103460506,0.06215648567908522,0
2025-07-31,1470.0570068359375,1483.0566764606926,1452.7902136757805,1458.6450618514623,12406146,74.64783134224618,14.503557808015785,10.651143942067428,3.852413865948357,1495.5793453248302,1441.3782470703125,1387.1771488157947,1441.3782470703125,1431.5679370117186,1449.1064732251343,1428.12027748594,1458.696163508452,1444.1926057004362,1441.9917282212384,-0.0006745590098479193,0.008717578247580491,0.020588632035471795,-0.0006745590098479193,-0.004703043370316351,-0.0013482085734555227,0.04419543534245762,8409945.2,1.4751756051870588,0,14.717994841011432,9.663478711581092,18.28748243845603,0.012439981819356048,0.014457552980338033,0.029364984176138708,-0.01706518518637969,0.05974713329937398,0
2025-08-01,1460.3319091796875,1473.7285394467383,1458.5457644921182,1469.0645758820865,4416771,68.77887544061784,13.559707026779733,11.23285655900989,2.3268504677698427,1497.4449766384766,1442.8072143554687,1388.1694520724607,1442.8072143554687,1432.000595703125,1450.1755623636632,1429.3834787288322,1458.947816688642,1445.3881096618622,1443.0878874448897,-0.006615456142875509,0.00907687868929329,0.010396797371324096,-0.006615456142875509,-0.009823761122892405,-0.003723511898565457,0.03212225229513366,8377458.6,0.5272208686295389,0,12.796482404516155,9.070484027119619,18.748204429291977,0.01283831731090736,0.007003529144754267,0.021651593789497357,-0.02478426121679744,0.05198389649008069,0
2025-08-04,1451.9962158203125,1467.4768633867377,1450.1108610461113,1465.492177404952,6140054,62.46142869714395,12.000740625043136,11.38643337221654,0.6143072528265954,1498.2664967205017,1444.1716857910155,1390.0768748615294,1444.1716857910155,1432.052197265625,1450.3489579309633,1430.2702527324197,1457.878339631976,1445.8775990069328,1444.1515034984707,-0.005708081366281648,0.009278809542045659,0.011960087878614358,-0.005708081366281648,-0.012952047476208262,-0.01693103878041713,-0.0017738498760898613,8425587.45,0.7287389794998805,0,9.196131494711153,7.734104177097834,18.939581341204693,0.01304382279708951,0.0011357665893725266,0.015190110432896855,-0.030882543927577916,0.044543824934107405,0
2025-08-05,1433.3402099609375,1450.3092505192255,1429.96621963613,1441.8743352750153,14799343,56.232632233552266,9.154339237464228,10.940014545266077,-1.7856753078018492,1498.2734776597454,1444.2907653808593,1390.3080531019732,1444.2907653808593,1432.0125024414062,1448.729077171913,1430.3906432119695,1454.1032427595085,1444.9489035220442,1444.1123040612772,-0.012848522369485083,0.01000045128365438,0.014192744152241346,-0.012848522369485083,-0.024976444249619312,-0.028125449283864845,-0.019815434927823006,8899762.25,1.6628919497259604,1,4.369835117238608,5.804140073339113,19.68383208862911,0.013732840223023918,-0.010622322319240292,0.0020620707797309643,-0.04333872865468561,0.03095152672312693,0
2025-08-06,1432.54638671875,1442.866778550362,1430.561700640964,1431.2564134495642,7805252,59.05453413337365,6.756604794970826,10.103332595207027,-3.3467278002362004,1498.0400902207878,1444.8712829589845,1391.7024756971812,1444.8712829589845,1431.8100634765624,1447.187868557326,1430.47518217302,1450.7868033686227,1444.030198573652,1444.8560212553405,-0.0005538275118990299,0.009846821318109171,0.008589654075762688,-0.0005538275118990299,-0.019026854296805396,-0.026173785785484127,-0.030229719490660334,8848657.5,0.8820831860652308,0,0.2867146596445309,4.066607925855351,19.36486473329361,0.013517792451837367,-0.010117194979786467,0.0014479136524296438,-0.04371959330700222,0.029348162940579552,0
2025-08-07,1429.271728515625,1436.813511390122,1418.1574137897542,1430.0655302659995,7432535,55.422606807527934,4.5398132834232,8.990628732850261,-4.450815449427061,1497.2909949453574,1445.6750854492188,1394.0591759530803,1445.6750854492188,1431.4885473632812,1445.4815695057355,1430.4279879119458,1447.4767918527768,1442.9369785693536,1445.3592499196236,-0.0022859002915959215,0.00982791876315883,0.01305286967352463,-0.0022859002915959215,-0.015650514138460858,-0.02774401137551552,-0.029054815234972442,8830486.05,0.8416903619931543,0,-3.6249037193988443,2.3077104260057695,19.244369462373438,0.013464458212127195,-0.01121414574358996,-0.0008083310771964544,-0.045428221140283234,0.02525900849113586,0
2025-08-08,1424.9053955078125,1436.5157606227417,1421.0352334242946,1434.82882590882,5415511,34.760490192267426,2.4029635881868217,7.673095703917574,-5.270132115730752,1496.3701471492022,1446.3697265625,1396.369305975798,1446.3697265625,1431.2920629882813,1443.5219338868858,1430.2114156608034,1444.004269338167,1441.6013057499802,1446.2279078459912,-0.0030549355456342964,0.005926107575739401,0.010864249126469293,-0.0030549355456342964,-0.005884726036782917,-0.024259220420496885,-0.027892402823176732,8743360.85,0.6193855078050451,0,-6.653628476777385,0.8279369319711805,17.380187092615497,0.012197432297897565,-0.012896609287359868,-0.0037099551121533435,-0.047758739224743454,0.020435918642649646,0
2025-08-11,1425.5999755859375,1427.3862414978396,1409.5240669213151,1416.9666396615337,8492484,29.67036829263347,0.7568174960067608,6.289840062335411,-5.5330225663286505,1495.4362191877863,1447.0445190429687,1398.652818898151,1447.0445190429687,1431.01619140625,1441.815080715367,1430.0305748735536,1441.1728395301318,1440.416022034125,1446.1914484425276,0.0004874569780666249,0.0056345947881565155,0.012529583952316577,0.0004874569780666249,-0.004848995604758932,-0.018179276190098292,-0.034802520940340864,8875677.35,0.956826579551137,0,-8.533877215596249,-0.23967785886611637,17.507775278646136,0.012280987358638418,-0.011246314001227024,-0.0030982549362679854,-0.04669958016650072,0.019266508688707485,0
2025-08-12,1422.0,1433.800048828125,1420.0999755859375,1431.0,5913947,15.070205169955358,-0.8287003437080784,4.866131981126714,-5.694832324834793,1495.2979023247403,1447.152294921875,1399.0066875190096,1447.152294921875,1430.9183911132814,1439.9279301710462,1429.7156503687083,1438.2231719101114,1439.0518722538195,1446.491411189162,-0.0025252354430336243,0.004456892228269868,0.009634369368626933,-0.0025252354430336243,-0.005087715911919033,-0.007911736433631855,-0.03581466457568527,8869301.85,0.666788333514661,0,-8.801147000866877,-0.6749928432611796,17.253009608674784,0.012132918149560325,-0.012450574640160361,-0.005396632796681323,-0.049018929412516433,0.01643545573164245,0
2025-08-13,1420.800048828125,1427.699951171875,1415.199951171875,1424.5999755859375,9009465,15.865338483431586,-2.157193897438219,3.461466805413728,-5.6186607028519475,1494.8808868499227,1447.418389892578,1399.9558929352334,1447.418389892578,1430.93353515625,1438.106227186006,1429.3660189357443,1435.5426914359596,1437.6998853333978,1446.2482189181242,-0.0008438475188994321,0.004477161824705002,0.008797860058007452,-0.0008438475188994321,-0.0028811363144739532,-0.008199621317345307,-0.03415879197094707,9037320.45,0.9969177312950102,0,-9.081641371320075,-1.1091632372756521,17.394523070026676,0.01224276637967015,-0.012034005576726138,-0.005992845775078081,-0.04955634838432114,0.01488915186405517,0
2025-08-14,1427.300048828125,1431.0999755859375,1412.0,1412.0,7577793,24.44448767077101,-2.654934500532363,2.2381865442245097,-4.893121044756873,1493.1585268861709,1448.3915405273438,1403.6245541685166,1448.3915405273438,1430.6063232421875,1437.0770673423983,1429.2850005001512,1434.2745925732156,1436.929527073748,1448.2096018256707,0.00457488723016386,0.004822611311154396,0.013381892336947235,0.00457488723016386,0.0011925317559637882,-0.0013794995368359153,-0.029085238061508978,8769840.4,0.8640742196403026,0,-8.404502163337156,-1.1429874117945928,16.887529971898612,0.011831800878703818,-0.006803405841242784,-0.001388772478079341,-0.044106822465386164,0.016867398471547355,0
2025-08-18,1434.5999755859375,1452.4000244140625,1431.0,1450.0,6908844,20.30257486145949,-2.4323162060309187,1.304085994173424,-3.736402200204343,1491.8467627377797,1449.3774047851562,1406.9080468325326,1449.3774047851562,1430.327861328125,1436.8411538417831,1429.4934308956724,1434.3246514982498,1436.7569677042807,1450.3607733817762,0.005114500461067095,0.004471673554699518,0.014917067320680827,0.005114500461067095,0.008860742324850568,0.006803665779278045,-0.01762060626902584,8550420.3,0.8080122096454135,0,-6.680780045102665,-0.7179847651309501,17.496649675380905,0.012196187071754759,-0.0015597954233515859,0.0035722757306170293,-0.0383731014348854,0.019682827755338826,0
2025-08-19,1436.300048828125,1438.5,1426.300048828125,1431.0999755859375,6709554,22.838442456304037,-2.0945630818332575,0.6243561789720877,-2.718919260805345,1491.247268692658,1448.4635864257812,1405.6799041589043,1448.4635864257812,1430.5775854492188,1436.7896200309585,1429.760357089102,1434.628558779769,1436.7231218616023,1450.0748153526813,0.0011850503771917431,0.00455462833022766,0.008494012920092095,0.0011850503771917431,0.010909346471929204,0.007505663177210353,-0.010810060536776134,8192541.2,0.8189832478352382,0,-5.025460684408472,-0.2702177844516882,17.34737732140809,0.012077822691408936,-0.00034073965736402124,0.004573977524693325,-0.03684648483058347,0.021783156021955408,0
2025-08-20,1430.5999755859375,1435.9000244140625,1423.0,1432.5999755859375,5817858,22.233543882700147,-2.2607787208635273,0.04732919900496474,-2.308107919868492,1489.8502293420677,1446.877752685547,1403.9052760290263,1446.877752685547,1430.9494873046874,1436.2001300838135,1429.793283304664,1434.0087767499488,1436.2695554708123,1448.5793657259396,-0.003968581110080804,0.004586308872505976,0.009017212801767998,-0.003968581110080804,0.0023120063370851707,0.006047802803050173,-0.0019117822523618822,8036925.85,0.7238909638565348,0,-3.7278000872327084,0.07763293595576215,17.503509854510053,0.012235083288982344,-0.003899285608301126,0.0005642020358417834,-0.039769268473580505,0.019014601634960538,0
2025-08-21,1446.0,1447.800048828125,1436.4000244140625,1440.0999755859375,6238645,36.21315170535076,-1.1367488127611978,-0.18948640334826777,-0.94726240941293,1485.8510972956722,1445.3176635742188,1404.7842298527655,1445.3176635742188,1431.4686303710937,1437.1334510282122,1430.4288408221282,1435.8535803268799,1436.990329139641,1446.532864169098,0.010764731355286772,0.005716489009515594,0.007883834311246542,0.010764731355286772,0.00794648306710477,0.01773645151030223,0.009391398007059015,7750149.4,0.8049709338506429,0,-0.9727761577937599,1.062821886383972,16.570196315744006,0.011459333551690183,0.006169607259119961,0.010885658016320736,-0.0268203842014878,0.029339573488488178,0
2025-08-22,1436.4000244140625,1446.0,1429.4000244140625,1444.300048828125,6657207,36.26516051652244,-1.0089542156874813,-0.35337996581611053,-0.6555742498713708,1482.213455226462,1443.5355834960938,1404.8577117657255,1443.5355834960938,1431.9108862304688,1437.0636008744837,1430.6630048845573,1435.9376486479848,1436.9466028636723,1445.0317629877602,-0.006638987265516927,0.0057182187852520576,0.011556652258279497,-0.006638987265516927,6.960633749120149e-05,0.006375657026992387,0.004987362274240681,7747980.85,0.8592183084706515,0,-0.013466467914668101,1.3780043844060401,16.67142493226668,0.011606394213942807,-0.00046175858884558356,0.004010042553639781,-0.03090879431087057,0.022452318397919703,0
2025-08-25,1433.199951171875,1435.9000244140625,1424.0,1435.9000244140625,6738427,38.53683230969663,-1.1526086878334354,-0.5132257102195755,-0.6393829776138599,1479.363055642085,1441.9060913085937,1404.4491269751022,1441.9060913085937,1432.46974609375,1436.69563423614,1430.762492974256,1435.516464420891,1436.6690731087244,1442.8707122924288,-0.0022278426537154505,0.005579460330517139,0.008303115280134,-0.0022278426537154505,0.0018174022300487813,-0.0009758988135286639,0.0058211272763877275,7650098.35,0.8808288065995911,0,-0.1455196056431305,1.2690620785836018,16.3167122232264,0.011384812154008814,-0.0024331410084109943,0.0017036078381898413,-0.031204716309597185,0.02047124644428824,0
2025-08-26,1416.5999755859375,1427.9000244140625,1413.0999755859375,1427.9000244140625,8720155,39.52811775522235,-2.5762379228622194,-0.9258281527481044,-1.650409770114115,1474.1010869826116,1438.885919189453,1403.6707513962945,1438.885919189453,1432.4822607421875,1434.78176198374,1430.2071001354984,1432.6062353693596,1435.1824732922219,1439.9655977273999,-0.011582456148121034,0.005377789635246988,0.010447585121553717,-0.011582456148121034,-0.02033196709132956,-0.013715848062708647,-0.006313131421246676,7710732.15,1.1309114141644772,0,-2.007858047218633,0.44674304639647744,16.178853609066046,0.0114209049046285,-0.01267216163429909,-0.009514093831775676,-0.039007576823903656,0.009211009189143363,0
2025-08-28,1399.0999755859375,1411.800048828125,1396.300048828125,1408.0,12990789,32.69457416827619,-5.058269512438983,-1.7523164246862801,-3.3059530877527026,1470.3299348598018,1435.0999084472655,1399.8698820347292,1435.0999084472655,1432.2182104492188,1431.3834966125205,1428.9872128982606,1427.45142617191,1432.509695684349,1434.8492497700445,-0.012353522731610722,0.006194586795939211,0.011078550690066778,-0.012353522731610722,-0.025967730572366454,-0.022018733774337163,-0.01610409593112694,7871470.25,1.6503637296984004,1,-4.8166334712930166,-0.806070406403478,16.749914241095667,0.0119719209015645,-0.022554068216508325,-0.020914978834349444,-0.048444881373279125,-0.0005499842940207235,0
2025-08-29,1397.800048828125,1405.0,1392.0999755859375,1392.0999755859375,8519507,33.37661935723477,-7.048934920708234,-2.8116401238906708,-4.237294796817563,1466.157777197055,1431.4374450683595,1396.7171129396638,1431.4374450683595,1432.1385375976563,1428.1850730140065,1427.7641868562946,1422.8896758113278,1429.938610732036,1431.221163413257,-0.0009291164180516009,0.0061947927906190366,0.009228805239259726,-0.0009291164180516009,-0.02469990479332962,-0.03333329956561204,-0.01618806250673377,7935514.35,1.0735922870582422,0,-8.948378014205673,-2.6646539658336224,16.33876615635958,0.011688915142088831,-0.021275270803494496,-0.02098675558892241,-0.04662371910587538,0.000775343753168406,0
2025-09-01,1411.0,1412.4000244140625,1398.0999755859375,1398.0999755859375,4927348,43.2820610808573,-7.475255760533855,-3.7443632512193075,-3.7308925093145477,1459.1884914682316,1428.4845947265626,1397.7806979848935,1428.4845947265626,1432.348662109375,1426.548399393625,1427.106767763891,1421.0604949172773,1428.5357506778112,1427.3682499891872,0.009443375812542953,0.006832302358135565,0.01013469087748051,0.009443375812542953,-0.003953110039848218,-0.01768311332661232,-0.011420197765359852,7561574.45,0.6516298996434532,0,-10.51520148085865,-3.55623712066631,16.27586961260889,0.01153498909469092,-0.010899314317154662,-0.011286308864702796,-0.033024171825632,0.009457350522985486,0
2025-09-02,1394.199951171875,1413.9000244140625,1390.0,1413.9000244140625,7163073,36.87289681280064,-9.06425454998498,-4.808341510972442,-4.255913039012539,1455.6841743166524,1425.177996826172,1394.6718193356915,1425.177996826172,1431.9092065429688,1423.4675948010774,1425.8163043681257,1416.928103571831,1425.9923581218159,1425.009052639861,-0.011906483932051737,0.007445079031452762,0.017142465393126482,-0.011906483932051737,-0.0035022689583068534,-0.027211834586033268,-0.02816117740247548,7698889.55,0.9304033982407243,0,-13.228039435062556,-4.946188606130363,16.707144601004465,0.011983320317119156,-0.020560807802085898,-0.0221742121333519,-0.04223733707460286,-0.00033833634355730533,0
2025-09-03,1397.0,1400.0,1384.199951171875,1389.0,9813382,39.478118802725,-9.982534554861559,-5.843180119750265,-4.139354435111294,1452.6694302887422,1422.4281860351562,1392.18694178157,1422.4281860351562,1431.6646801757813,1420.9468714866891,1424.6862532164344,1413.862241483857,1423.8447760387185,1421.8346466457356,0.0020083552762797385,0.007498449417286171,0.011309984844756621,0.0020083552762797385,-0.0005723628560434513,-0.013835928225136795,-0.027362004798502815,7882555.95,1.2449492350257279,0,-13.834890497050765,-5.52084691906407,16.857142857142858,0.012066673483996319,-0.016852756402943005,-0.019433228301268892,-0.038322159968408626,0.0034571924746475903,0
2025-09-04,1405.5,1415.0999755859375,1401.9000244140625,1409.9000244140625,10564859,43.93337153876237,-9.910160945521284,-6.656576284904469,-3.2535846606168146,1451.7222546997136,1421.0361755371093,1390.350096374505,1421.0361755371093,1431.5107666015624,1419.4757408689093,1423.9338511295152,1412.5757427940327,1422.485903739554,1419.3004740268009,0.006084466714388004,0.007750979094990387,0.009391640819548203,0.006084466714388004,-0.0038979447200566675,0.004574386767022931,-0.017545069211718056,7670831.75,1.377276851366216,0,-11.907755743611233,-5.05336176874539,17.25714111328125,0.012278293214714514,-0.00984570603535235,-0.012945721540992121,-0.031839599172690664,0.01089646677121112,0
2025-09-05,1402.800048828125,1411.5,1387.699951171875,1411.0,6621077,39.98365076925227,-9.955902388432833,-7.316441505610142,-2.63946088282269,1450.7649055728616,1419.5488586425781,1388.3328117122946,1419.5488586425781,1431.2691137695313,1417.887579722168,1423.1050745686766,1411.0717898762007,1421.0276922646335,1417.668424016787,-0.0019209898056741226,0.0076009919188139196,0.016966102081338783,-0.0019209898056741226,0.006168482253224417,0.003577049524495113,-0.02987548490447789,7611623.0,0.8698640224299076,0,-10.297493291838464,-4.6591122876179725,17.592860630580358,0.012541246092254653,-0.01064085129866181,-0.01426811421265278,-0.03306177076691608,0.010420582870174515,0
2025-09-08,1402.699951171875,1410.5999755859375,1397.5999755859375,1402.199951171875,5880943,36.14250064428822,-9.886267122398294,-7.830406628967773,-2.0558604934305214,1449.9515296409281,1418.2202697753905,1386.489009909853,1418.2202697753905,1430.7614965820312,1416.4411389078546,1422.304873651155,1409.7838146909198,1419.6700818133181,1416.6070368657115,-7.135561217985753e-05,0.007392623898555119,0.009267840915756251,-7.135561217985753e-05,0.004080136844577753,-0.005882387546509604,-0.023461481947505858,7534043.4,0.780582575353893,0,-10.10726048577044,-4.8018941127359085,16.72857666015625,0.011925983633335474,-0.009701206325152836,-0.013783910076151856,-0.03258838485501284,0.011692080605151041,0
2025-09-09,1403.699951171875,1407.5,1395.199951171875,1399.0,6470679,35.75172381413752,-9.639273485221338,-8.192180000218485,-1.4470934850028527,1449.3643165004703,1417.1599975585937,1384.955678616717,1417.1599975585937,1429.8154174804688,1415.2276924568089,1421.575268848046,1408.8478356879898,1418.4871091732111,1415.6015595806202,0.0007129108396735084,0.007380108439201787,0.008762591191840065,0.0007129108396735084,-0.001280717771700468,0.006813943718772197,-0.020583310776614905,7586801.8,0.8528862583440627,0,-8.239902344268557,-4.241035520079549,16.735726492745535,0.011922581089194853,-0.008145502908384967,-0.012574302654164858,-0.03150647825996789,0.013534203905990414,0
2025-09-10,1403.9000244140625,1413.699951171875,1402.0999755859375,1410.0,7452347,37.74108574054769,-9.319950422697957,-8.417734084714379,-0.9022163379835781,1448.543156116325,1416.075,1383.606843883675,1416.075,1429.1988256835937,1414.1488669289283,1420.8821220074976,1408.0866339535394,1417.4065843762373,1414.859726881288,0.00014253276992737263,0.007360946640414546,0.008262679239413016,0.00014253276992737263,0.0007841285626246641,0.004939172808920977,-0.008965093456691609,7534794.95,0.9890577048815375,0,-6.798004557760805,-3.804131208936724,16.614292689732142,0.011834384500895178,-0.007247357583450873,-0.011951799048215146,-0.030819331487475163,0.014666869147182059,0
2025-09-11,1401.5999755859375,1408.0,1396.0,1398.0,10192026,26.826750934957545,-9.147037953474864,-8.563594858466477,-0.5834430950083878,1448.0174117420538,1415.054998779297,1382.0925858165401,1415.054998779297,1428.8101220703124,1412.9537344200721,1420.1259594027306,1407.0886865123698,1416.2357244658447,1413.606813566465,-0.00163832807758868,0.006489448470782653,0.008561643984749224,-0.00163832807758868,-0.0007841845185910801,-0.002774830604099998,0.001786863014526796,7748698.9,1.3153209502049434,0,-6.522006448837146,-3.8078917267846464,16.24285888671875,0.011588797923550505,-0.00803547813176956,-0.013045310307956522,-0.03205585497778876,0.014114387103720996,0
2025-09-12,1417.699951171875,1419.699951171875,1400.0999755859375,1405.0999755859375,7770038,40.86019452462463,-7.622996935650235,-8.375475273903229,0.7524783382529936,1447.777702925956,1414.8999938964844,1382.0222848670128,1414.8999938964844,1428.8267724609375,1413.405755063101,1420.03082182505,1408.7211887676783,1416.3441857033285,1413.103927159967,0.011486854927496015,0.0072950276693448555,0.013825193102204808,0.011486854927496015,0.009973641438337344,0.010621543930082744,0.014236587243242393,7686727.55,1.0108382207458362,0,-4.481824659067115,-3.07425274362663,16.457144601004465,0.011608341093191785,0.0030381906210522813,-0.0016414225785460906,-0.020775117404622193,0.025815550657560745,0
2025-09-15,1419.4000244140625,1426.800048828125,1416.300048828125,1422.0,5845637,43.15480984069125,-6.206457566916015,-7.941671732505786,1.7352141655897713,1446.942304558828,1414.5049926757813,1382.0676807927346,1414.5049926757813,1428.9151342773437,1413.9766378584306,1420.006084671678,1410.3640865594298,1416.5705441263458,1412.8845673532462,0.001199177047852995,0.007304926050887771,0.0073974917707462125,0.001199177047852995,0.011040672220565817,0.011905663237697706,0.005953241966025757,7600119.75,0.7691506439750505,0,-2.464501049423916,-2.298788979476967,16.321428571428573,0.011498822242282379,0.003835555984748065,-0.0004268011694863334,-0.019034815733833393,0.02701195038430725,0
2025-09-16,1421.5999755859375,1424.9000244140625,1413.699951171875,1414.0,8213151,52.89351361279476,-4.850409733633796,-7.323419332731389,2.473009599097592,1445.0957610967394,1413.8549926757812,1382.614224254823,1413.8549926757812,1428.7120825195314,1414.702670022955,1420.0685901977276,1412.0926848712002,1416.943094604834,1412.077408474645,0.0015499162561893876,0.006604946410797916,0.00787849847674005,0.0015499162561893876,0.01426940664124876,0.012752030374524548,0.01965286571056879,7665335.1,1.07146666034209,0,-0.5250224338537919,-1.506678650318463,15.685721261160714,0.011033850260651255,0.004875445356210781,0.001078388324888327,-0.01625898168365672,0.02819712877764316,0
2025-09-17,1419.199951171875,1426.0999755859375,1416.4000244140625,1420.0999755859375,7484283,64.0953207633742,-3.924158709436142,-6.64356720807234,2.7194084986361977,1442.544241926395,1412.9999877929688,1383.4557336595426,1412.9999877929688,1428.6019458007813,1415.1309825133285,1420.034525922204,1413.1861104559193,1417.1102691653555,1411.548193017692,-0.0016882558070341336,0.00557082623829404,0.006834802357388377,-0.0016882558070341336,0.001058051810441274,0.010898159763333748,0.015891160466624976,7704071.55,0.9714711177623994,0,0.9821155844001623,-0.8475960852936169,14.928580147879464,0.01051901117636912,0.0028753300640198412,-0.0005877144077092201,-0.01618272083173385,0.02583690727695431,0
2025-09-18,1421.699951171875,1432.800048828125,1415.300048828125,1431.0999755859375,8130537,66.48263576698623,-2.954313505755181,-5.905716467608909,2.951402961853728,1441.2386268542705,1412.5549865722655,1383.8713462902606,1412.5549865722655,1428.4167724609374,1415.756598576047,1420.0998367163088,1414.4959321045278,1417.450245610283,1411.4772009966562,0.0017615558666950193,0.005544247771622884,0.012309207709809054,0.0017615558666950193,0.001620351358498695,0.014340736255745723,0.011526112537797895,7819705.5,1.0397497706275511,0,2.8028641559749303,-0.026122686421786057,15.257149832589286,0.010731624362801142,0.004198004517023411,0.001126761946023554,-0.013556863740907156,0.02733534803146364,0
2025-09-19,1402.199951171875,1418.0,1400.199951171875,1416.0999755859375,13457344,44.41623343226981,-3.7163514401274824,-5.467843462112624,1.7514920219851415,1434.6475484421437,1410.3649841308593,1386.0824198195749,1410.3649841308593,1428.04205078125,1414.465489299459,1419.3978804204487,1412.6042427302734,1416.320594170401,1409.875258550129,-0.013715974305215761,0.006306457141054406,0.012694372734251474,-0.013715974305215761,-0.01364661279349444,-0.010933202041227164,-0.00042778559692191465,8180640.45,1.6450232817651826,1,1.0597342363580537,-0.6329414046012971,15.750008719308036,0.011232355775041298,-0.008671500450434294,-0.012116355453116075,-0.022617121052137815,0.011628119022242669,0
2025-09-22,1401.5,1409.9000244140625,1397.199951171875,1403.9000244140625,8847948,55.82139241492096,-4.32687468515428,-5.2396497067209555,0.9127750215666754,1429.8489003834266,1408.6199829101563,1387.391065436886,1408.6199829101563,1427.8081372070312,1413.2306807947489,1418.6960027569019,1410.8958976948466,1415.2227723800008,1408.4014534913765,-0.0004991807133426507,0.005377938094821195,0.0090617718460132,-0.0004991807133426507,-0.012471781130812265,-0.01261097936182698,-0.0008554581975086517,8290177.5,1.0672808875322632,0,-0.7459570636817716,-1.3100819147762195,14.95001220703125,0.010667151057460756,-0.008300612882358296,-0.012120991899240907,-0.019826500811256732,0.0101693999007202,0
2025-09-23,1394.300048828125,1403.300048828125,1391.0,1391.0,12827524,47.98811680893023,-5.330250828898443,-5.257769931156453,-0.07248089774198974,1425.4023587181937,1406.6749877929688,1387.9476168677438,1406.6749877929688,1427.47388671875,1411.4277634645944,1417.7392986812636,1408.3426901768894,1413.6729410057878,1406.6037196110947,-0.005137317996343205,0.005548558352577315,0.008821665636792375,-0.005137317996343205,-0.019272633667297256,-0.01920366293377318,-0.006696518252282124,8594632.35,1.4925040976301913,0,-3.274906558360726,-2.3292915164640817,14.70001220703125,0.010542933150856769,-0.012135027438050684,-0.016532834968277323,-0.021820021343333346,0.004576852817195693,0
2025-09-24,1382.699951171875,1390.9000244140625,1376.5,1386.4000244140625,9735678,33.760694164290186,-6.98099205564813,-5.602414356054789,-1.3785776995933414,1425.92970039491,1404.9799865722657,1384.0302727496214,1404.9799865722657,1426.8858032226562,1408.6917813414784,1416.3652066220718,1404.397653406887,1411.3786454625351,1404.6600868098512,-0.00831965663775136,0.00564346084718175,0.010414424620365464,-0.00831965663775136,-0.013906718498815418,-0.025718715653746282,-0.015100842562514871,8645408.5,1.1261096569352391,0,-6.439201171850073,-3.6693193001322015,14.6785888671875,0.01061588875789502,-0.01845104125251,-0.02376876761219375,-0.030316886737868334,-0.0009611939882669603,0
2025-09-25,1375.800048828125,1391.5,1371.800048828125,1377.0,21613389,31.85487443517981,-8.74517192675512,-6.230965870194855,-2.5142060565602646,1428.4148611246976,1403.814990234375,1379.2151193440525,1403.814990234375,1426.0049145507812,1405.5592353878258,1414.7744161203484,1399.9980219332313,1408.7431938599864,1401.8500322476207,-0.004990166042822319,0.005734479711910329,0.01431890570774072,-0.004990166042822319,-0.018337460700588615,-0.032285224674809765,-0.018407482311083023,9076538.5,2.3812369660526422,1,-10.197363188221289,-5.325420595960395,14.385724748883929,0.010456261257685926,-0.021172488366518062,-0.027548114277540083,-0.03683440555578163,-0.0024760970700144816,0
2025-09-26,1359.5999755859375,1372.699951171875,1357.0,1368.0,18342280,26.187890911101917,-11.320017589514464,-7.248776214058777,-4.071241375455687,1433.4287638893566,1401.9049865722657,1370.3812092551748,1401.9049865722657,1424.8873510742187,1401.1821630257414,1412.6107125699793,1393.7829378798015,1405.102955469316,1398.2936834945037,-0.011775020109925372,0.006350310157110914,0.011547478268458264,-0.011775020109925372,-0.024887091749980272,-0.030380813770771398,-0.04098185623686579,9567677.15,1.9171090027844429,1,-13.283326273717648,-6.787167850469359,14.800013950892858,0.010885565031372259,-0.02967650355326423,-0.03752678392732756,-0.05150502777905589,-0.007867324505344803,0
2025-09-29,1348.0999755859375,1366.5,1346.199951171875,1359.5999755859375,20563163,22.47529287774975,-14.125722680399804,-8.624165507326982,-5.501557173072822,1438.0557460229456,1398.7599853515626,1359.4642246801795,1398.7599853515626,1423.6926098632812,1396.126716602903,1410.0808797470756,1386.7547898345917,1400.8805125149916,1393.6424092165016,-0.00845837026074081,0.006497173712107865,0.015058266594287117,-0.00845837026074081,-0.025023487963974467,-0.038102050955449496,-0.05023252613903406,10349467.9,1.9868811806257207,1,-17.10396419184599,-8.61512300982622,15.371442522321429,0.011402301610190589,-0.03439998708270943,-0.04395556669930563,-0.06255374361236536,-0.008359358700237613,1
2025-09-30,1348.0,1356.5999755859375,1342.5999755859375,1353.699951171875,20166871,22.299300848200957,-16.17092303845743,-10.133517013553071,-6.03740602490436,1441.8344397069623,1396.4499877929688,1351.0655358789754,1396.4499877929688,1422.3549560546876,1391.5432197835787,1407.6463354432688,1380.7925144754238,1396.9634375138812,1389.3697454175347,-7.416036477114751e-05,0.006489716713383761,0.010385756676557863,-7.416036477114751e-05,-0.02020646012609495,-0.03320666083820267,-0.05177263425008294,10999657.8,1.8334089447764454,1,-19.884543681015657,-10.092963237994809,15.542872837611608,0.011530321096151045,-0.03129131683768386,-0.042373097518480084,-0.06507989899730313,-0.002268976446787276,0
2025-10-01,1372.0,1379.4000244140625,1347.0999755859375,1348.0,20952632,37.92822941257882,-15.674474053591211,-11.241708421560698,-4.432765632030513,1441.879307339791,1395.1999877929688,1348.5206682461467,1395.1999877929688,1420.703427734375,1389.6819607565712,1406.2484399356895,1379.4398199407433,1395.1142939943345,1387.0810703897703,0.017804154302670572,0.008533854454234853,0.023542309641490525,0.017804154302670572,0.009120347629249181,-0.00773844763848186,-0.033258140357812604,11556620.3,1.8130414823787193,1,-19.009820584907175,-10.116766686382334,16.992876325334823,0.012385478371235294,-0.01272374633613638,-0.024354473194833002,-0.048464047569082264,0.0174111767855883,0
2025-10-03,1365.199951171875,1371.9000244140625,1361.300048828125,1371.9000244140625,12163695,26.831430990977793,-15.649345848847588,-12.123235907018078,-3.5261099418295103,1441.444725350116,1393.1849853515625,1344.9252453530091,1393.1849853515625,1418.76109375,1387.350340796124,1404.638695278285,1377.249070899379,1392.8984167482265,1385.0593182015991,-0.00495630381058676,0.00770144296882442,0.007764412514693235,-0.00495630381058676,0.012684501072337095,-0.007704678935924525,-0.03974115632024067,11636562.1,1.045299710985945,0,-18.208894591701664,-10.135720842063392,16.357160295758927,0.011981512511568794,-0.01596596690316752,-0.02807750081140721,-0.05289469158085246,0.015074968582022763,0
2025-10-06,1363.4000244140625,1372.5999755859375,1359.0999755859375,1371.0,14314283,25.308620711926736,-15.59490228622326,-12.817569182859115,-2.7773331033641444,1441.0142406327218,1391.2149841308594,1341.415727628997,1391.2149841308594,1416.48505859375,1385.0693582835468,1403.0214924992958,1375.1184483631764,1390.7133506493997,1383.4372070126362,-0.001318434531342838,0.007633384583929717,0.009901716120184013,-0.001318434531342838,0.011424350455536025,0.002794975651928322,-0.027670751753618217,12021222.4,1.1907510337717402,0,-16.112804742194612,-9.589220070683496,16.571446010044642,0.01215450030314208,-0.01564494495520288,-0.028240100595075687,-0.05386082526469716,0.01638887656694135,0
2025-10-07,1375.9000244140625,1383.0999755859375,1363.5999755859375,1363.5999755859375,16126464,31.52790250160359,-14.377376392016458,-13.129530624690585,-1.2478457673258738,1439.8150992384521,1389.8749877929688,1339.9348763474854,1389.8749877929688,1414.5622265625,1384.196088391215,1401.9579055155612,1375.2386908325434,1389.6160672245599,1382.3691265603536,0.0091682556668371,0.00821974517925873,0.01417254135765004,0.0091682556668371,0.002842583392173914,0.02062165220056622,-0.018266125997814853,12533498.45,1.286669006609244,0,-11.930628211687917,-8.12297423151449,17.178580147879465,0.012485340390334752,-0.005993416717998814,-0.018586778532352605,-0.04439116860088191,0.026840967200297137,0
2025-10-08,1370.300048828125,1381.5999755859375,1364.300048828125,1372.300048828125,8100832,30.73288417067154,-13.706351292105637,-13.244894758173597,-0.46145653393204,1438.4315130815978,1388.2049926757813,1337.9784722699649,1388.2049926757813,1412.652431640625,1382.872656051873,1400.7164209395833,1374.4788997549406,1388.1852510470462,1381.5314498901269,-0.0040700454150528476,0.008230752580547104,0.012624918734117632,-0.0040700454150528476,0.003735788044727073,0.016543062928876084,-0.01721293778923083,12615006.1,0.6421583894438228,0,-8.67056373170567,-6.929914503685495,17.721435546875,0.012932522013722688,-0.00909165942990229,-0.021714867946686405,-0.0473651081986605,0.024157022872964867,1
2025-10-09,1376.199951171875,1378.699951171875,1365.0999755859375,1369.800048828125,7909575,32.540265463511886,-12.553774160285457,-13.10667063859597,0.5528964783105135,1436.751021911638,1386.8199890136718,1336.8889561157057,1386.8199890136718,1410.6363623046875,1382.237160349016,1399.7549907526143,1374.7436768960074,1387.2974510562929,1380.5367609485377,0.0043055550853958735,0.008358453973700247,0.009882267162091321,0.0043055550853958735,0.009388240082593091,0.0030611889007834403,-0.004700947587718551,12637867.5,0.6258631054645889,0,-7.444800407555249,-6.4934491830751995,17.442862374441965,0.012674657021742263,-0.004367708632299102,-0.01682797327843375,-0.04214444243735289,0.029404831924400306,1
2025-10-10,1380.300048828125,1385.0,1370.300048828125,1370.300048828125,7673816,40.47000828676455,-11.180621618215127,-12.721460834519803,1.5408392163046756,1435.2655242352425,1385.7549926757813,1336.24446111632,1385.7549926757813,1408.7459594726563,1382.0526735375024,1398.9920518536148,1375.5985033471025,1386.7791249653176,1379.6065765025571,0.002979289203402846,0.007773110634510621,0.010649822974617194,0.002979289203402846,0.0031979245119471145,0.011060722382306043,0.003270824131626604,12511957.0,0.6133186039561996,0,-5.297667258621686,-5.646643424670174,16.957144601004465,0.012285114830939175,-0.001268131629810748,-0.013361050193761714,-0.038296381038208926,0.03296970651238487,1
2025-10-13,1379.4000244140625,1386.4000244140625,1373.0999755859375,1373.0999755859375,8923018,40.399661045350555,-10.049172182464645,-12.187003104108772,2.1378309216441274,1431.057748399867,1383.8399963378906,1336.6222442759142,1383.8399963378906,1406.9129736328125,1381.800040287651,1398.2237370520638,1376.1833527420195,1386.232524924484,1378.5908564789413,-0.0006520498313584699,0.0077723153772085215,0.009641908505674092,-0.0006520498313584699,0.006640863505565697,0.011735367253551399,0.014563142971219856,12569606.0,0.709888440417305,0,-3.26931799589579,-4.797755447232021,17.0,0.012324198708943194,-0.0017368763957257218,-0.013462589812477494,-0.036097581696871044,0.032004390411235595,0
2025-10-14,1384.0999755859375,1389.0,1375.0999755859375,1389.0,10610855,45.47065921235361,-8.673263588807458,-11.48425520104851,2.810991612241052,1426.236059962833,1382.0749938964843,1337.9139278301357,1382.0749938964843,1405.1938330078126,1382.0190817446307,1397.6698640533923,1377.4012947180067,1386.0745583068142,1377.798455306381,0.0034072430685010424,0.0077669463924272325,0.01004264479390525,0.0034072430685010424,0.005740462646678157,0.005959699852005507,0.026704250910139615,12807866.9,0.8284638716849876,0,-2.177006646584232,-4.288041462168849,17.114283970424108,0.012364918916481477,0.001505691107158872,-0.00970893686446145,-0.029543555628507627,0.03452094099260002,0
2025-10-15,1398.4000244140625,1400.4000244140625,1385.5,1386.5,8988550,56.80836219226987,-6.355687278840151,-10.458541616606839,4.102854337766688,1421.8020536097733,1380.9149963378907,1340.027939066008,1380.9149963378907,1403.9551953125,1383.579171522672,1397.6984977930265,1380.6318685173999,1386.98755579624,1377.0409212199252,0.010331658897740681,0.007919920208178563,0.010655051597489562,0.010331658897740681,0.013113073205571757,0.020506439892466144,0.037388742146930554,12846636.85,0.6996811776461168,0,0.7065154707988768,-3.017923146556768,17.00714111328125,0.012161856991104772,0.010711965889945985,0.0005019155577141451,-0.016459414400405516,0.04356034948699616,0
2025-10-16,1417.300048828125,1418.9000244140625,1399.4000244140625,1401.0,12185032,66.30007230241972,-2.959798623711322,-8.958793018027736,5.998994394316414,1421.3397123313102,1380.820001220703,1340.3002901100958,1380.820001220703,1403.2612719726562,1386.7906836470008,1398.4671860689127,1386.2731270267423,1389.2329256504536,1377.4177626783833,0.013515463446864384,0.00840236400993766,0.013758554524938672,0.013515463446864384,0.027475731291335626,0.029864917246401612,0.033017528300382626,13081674.3,0.9314581391160304,0,4.553523297984839,-1.2878046837015518,17.064287458147323,0.012039996380622928,0.021999978468913727,0.013466789172330457,-0.0028421519979620496,0.05744963221018493,0
2025-10-17,1436.5999755859375,1439.5999755859375,1410.9000244140625,1412.0,17037215,79.5245619881749,1.2741230967274078,-6.912209795076707,8.186332891804115,1425.641271008068,1381.5650024414062,1337.4887338747444,1381.5650024414062,1403.3264672851562,1391.5344257364234,1399.9625895793843,1394.0157191127723,1392.741596016045,1379.2903463489088,0.013617389467932561,0.00788838920313251,0.01997769153529974,0.013617389467932561,0.037930786016938445,0.04078817993639228,0.05230004905345442,13527008.2,1.2594961685615007,0,9.481752198920958,0.9705377257694181,17.77142333984375,0.012370474482707287,0.03238550841145355,0.026170260747868174,0.007686859801779261,0.07410248714698695,0
2025-10-20,1390.300048828125,1445.0,1389.199951171875,1442.0,23330227,62.77243247517027,0.8833368617272299,-5.35310046371592,6.23643732544315,1424.1862991683395,1380.9700073242188,1337.7537154800982,1380.9700073242188,1402.4815405273437,1391.416866030871,1399.5836664126684,1393.4440775305188,1392.5607406687916,1380.3726236421585,-0.03222882329434007,0.012167246141147703,0.04013525632481888,-0.03222882329434007,-0.005792316536415543,0.007902003930072787,0.019730104101782775,14020652.35,1.6639901209732229,1,9.616825743220033,1.3599293606046103,20.307137625558035,0.014606298577544316,-0.0008026474523999534,-0.006633127984651797,-0.023793411269299892,0.039279527120706786,0
2025-10-21,1382.0,1387.5999755859375,1375.9000244140625,1384.5,3415560,59.80392709005049,-0.09501336408334282,-4.301483043789405,4.206469679706062,1422.1273682315873,1379.9950073242187,1337.86264641685,1379.9950073242187,1401.5361059570312,1390.5200216469786,1398.8941108670738,1391.6834502181312,1391.7784635822145,1379.66698525254,-0.005969969457399582,0.012355331973282195,0.008465955985437772,-0.005969969457399582,-0.02490654597614128,-0.001517213801733197,0.004433443911402879,13749032.95,0.24842183536988324,0,8.500939902347909,1.224246813681475,20.335710797991073,0.014714696670036956,-0.0061272196835305175,-0.012076761733311132,-0.028216437660914723,0.03299094544672534,0
2025-10-23,1363.699951171875,1389.800048828125,1360.0999755859375,1385.0,21124942,47.525327595468916,-2.320277255334304,-3.905241886098385,1.5849646307640812,1420.632516909519,1378.4650024414063,1336.2974879732938,1378.4650024414063,1400.3119970703126,1387.9657292207783,1397.5139477417717,1387.378296518707,1389.6985737740413,1378.286917972155,-0.013241714057977583,0.012054465109618245,0.021779038135672873,-0.013241714057977583,-0.050744832001218154,-0.024814125169031698,-0.004816534642828274,14163903.85,1.4914632451419811,0,4.386557698106344,-0.184550051254746,20.149998256138392,0.01477597637135852,-0.017482980694722466,-0.02419582045999357,-0.040075505142946125,0.02050625960551749,0
2025-10-24,1377.699951171875,1381.5999755859375,1368.0999755859375,1368.0999755859375,10570263,53.57347254986809,-2.920466603119621,-3.708286829502632,0.787820226383011,1420.3360612467197,1378.2150024414063,1336.093943636093,1378.2150024414063,1399.3539965820312,1386.9880360732636,1396.7369282684426,1385.889320311502,1388.8097869146216,1378.0203249982358,0.01026618794550016,0.012292672730486492,0.009798940610048558,0.01026618794550016,-0.009062862125963744,-0.027940518092123723,0.001089957893634974,14205633.1,0.7440895400853342,0,0.19735242626279614,-1.730257800470099,20.664289202008927,0.014999121676989123,-0.006696586170767816,-0.013629608204150566,-0.030018325407735053,0.031140031532927995,0
2025-10-27,1377.5999755859375,1386.800048828125,1374.0,1382.0999755859375,11499836,54.09929421913742,-3.3653940123354005,-3.639708266069186,0.2743142537337855,1420.4120211863544,1378.304998779297,1336.1979763722395,1378.304998779297,1398.46599609375,1386.0939350744707,1395.9864595357953,1384.614036507569,1387.9794305199043,1377.948531380853,-7.256702437452578e-05,0.012281268330148306,0.009291557095651609,-7.256702437452578e-05,-0.0031838092721147015,-0.0410691918437045,-0.001956149494075521,13699955.45,0.8394068171951611,0,-5.440490661952708,-3.9761300435889098,20.614292689732142,0.014963917722896462,-0.006127982580110496,-0.013170961526354538,-0.030140582423865653,0.030984928839739672,0
2025-10-28,1363.0999755859375,1375.800048828125,1356.199951171875,1373.0,26477914,46.34701701041917,-4.832326951039022,-3.878232003063153,-0.9540949479758689,1420.2877258001581,1378.479998779297,1336.6722717584357,1378.479998779297,1397.3119946289062,1383.904034170801,1394.6967934985462,1381.304180981164,1386.1365079322031,1377.701800510536,-0.010525551870623873,0.012377895438131815,0.014379060969335554,-0.010525551870623873,-0.0004399615805675827,-0.01956417484492956,-0.011816767101369918,14106737.15,1.8769694025240982,1,-7.512831860070037,-4.88687291412225,20.735726492745535,0.015212183159076168,-0.015032876609344315,-0.022654972794014402,-0.04026490490298529,0.019771266589330285,0
2025-10-29,1370.4000244140625,1371.699951171875,1358.4000244140625,1364.5999755859375,16129382,50.028257651820184,-5.344224054035749,-4.1714304132576725,-1.1727936407780764,1419.1183034778417,1379.5950012207031,1340.0716989635646,1379.5950012207031,1396.173994140625,1382.6179380034923,1393.743979024645,1379.6266184323792,1384.970842486415,1378.8552286202535,0.005355475723625602,0.012430598099669472,0.009705141944593227,0.005355475723625602,-0.0052986332412969794,-0.008393614751040168,-0.009898093644626571,13885048.1,1.1616367393066502,0,-7.902083643486321,-5.150131842428891,20.45001220703125,0.014922658962863778,-0.008836796669275504,-0.016749098085373403,-0.03432996314992555,0.022631867738087733,0
2025-10-30,1362.4000244140625,1370.199951171875,1361.300048828125,1362.4000244140625,9324401,46.14527448411689,-6.32255683781932,-4.601655698170003,-1.7209011396493175,1417.8915610393483,1380.3150024414062,1342.7384438434642,1380.3150024414062,1394.7299951171874,1380.6924224235468,1392.514804334034,1376.9763731987919,1383.2989300366112,1380.609461105676,-0.005837711513045685,0.012460784748823667,0.00653251775122189,-0.005837711513045685,-0.01103364651658767,-0.0009532351722205679,-0.0257437066443732,13342924.6,0.6988273770204773,0,-7.273306797231498,-4.999143407737847,20.128583635602677,0.014774356484806675,-0.013248713263288128,-0.02162618295061768,-0.03913665766133002,0.014642896880436997,0
2025-10-31,1345.300048828125,1362.0,1343.300048828125,1357.0,15926798,40.88541666666666,-8.381105568860448,-5.357545672308092,-3.0235598965523565,1419.5762263367915,1378.9800048828124,1338.3837834288333,1378.9800048828124,1392.9099951171875,1377.3217201763637,1390.6632452945867,1372.1030925263815,1380.484198095242,1379.9154672000868,-0.012551361772979885,0.012799835901963902,0.013900208498590562,-0.012551361772979885,-0.013058416166547904,-0.023517386580576227,-0.050800816707465835,13091632.9,1.216563137819118,0,-9.66631589689996,-6.073682973855966,20.44287109375,0.015195770721600393,-0.02324923137358086,-0.03261982843075161,-0.052322782060344686,0.005167624925619418,0
2025-11-03,1346.4000244140625,1351.5999755859375,1337.9000244140625,1340.5,11071450,41.4151903268462,-9.81067013397319,-6.248170564641112,-3.5624995693320782,1420.7930227627717,1378.0400085449219,1335.286994327072,1378.0400085449219,1391.22599609375,1374.3767967704302,1388.9274327110365,1368.1487743552555,1377.9594444892286,1379.088584447482,0.0008176433107958125,0.012815605049279057,0.01017524578390962,0.0008176433107958125,-0.017513134539136943,-0.022648048580724334,-0.06278710337238147,13037020.65,0.8492316072230812,0,-11.717138304040418,-7.059026824758803,20.471435546875,0.015204571580265626,-0.02035596964537583,-0.030618884252264448,-0.05236019403026763,0.008322577943321403,0
2025-11-04,1336.9000244140625,1349.800048828125,1333.199951171875,1342.5999755859375,15211183,38.02031696145305,-11.576731600839821,-7.313882771880854,-4.262848828958967,1422.8844965926885,1376.7150085449218,1330.5455204971552,1376.7150085449218,1389.0439965820312,1370.807580355538,1386.8871421895867,1363.3412743643025,1374.9180059651424,1377.583066890389,-0.007055852516145267,0.012803002807214236,0.012416857919892329,-0.007055852516145267,-0.018716969717441856,-0.01922085807434104,-0.038408992691234545,13081865.65,1.1627686300233484,0,-13.096453815262976,-7.809651308959474,20.664297921316965,0.01545687601462475,-0.024735459905088283,-0.036042671573554036,-0.06042969220940194,0.004775863598062386,0
2025-11-06,1320.4000244140625,1342.199951171875,1317.4000244140625,1330.0,24221853,30.421681947928903,-14.144708743247065,-8.680047966154095,-5.46466077709297,1426.539595224991,1373.940008544922,1321.340421864853,1373.940008544922,1386.7239965820313,1366.0068607420642,1384.2798042376053,1356.7349282181117,1370.8796369613588,1373.213064606227,-0.012341984964232222,0.012499267722563658,0.01878213139901876,-0.012341984964232222,-0.01850890025296037,-0.03648569695653525,-0.04457306482339907,13486635.1,1.7959893494856993,1,-16.611077261428136,-9.46417478703961,21.271432059151785,0.01610983918952224,-0.033386974574363716,-0.04614658079095843,-0.07440352245826613,-0.0007116996008214349,1
2025-11-07,1343.0,1344.300048828125,1318.5999755859375,1320.4000244140625,7719245,31.69046708010559,-14.192616329522707,-9.782561638827818,-4.4100546906948885,1426.9589697877934,1372.5750061035155,1318.1910424192376,1372.5750061035155,1384.9199975585936,1363.815731147582,1382.6609883851502,1354.621862338402,1368.8144786679247,1372.1610043901865,0.01711600664046209,0.012917819021198375,0.01913631663602941,0.01711600664046209,-0.002525270612307229,-0.014239594881397588,-0.015179256370939087,13467555.75,0.5731734208711183,0,-16.87669127596473,-9.853815948883721,21.642865862165177,0.016115313374657617,-0.015262861889755914,-0.028684535629714552,-0.058837690196711936,0.01882045680968306,1
2025-11-10,1348.0,1349.5999755859375,1341.0,1342.9000244140625,8542340,26.511138108401823,-13.669551146923368,-10.559959540446929,-3.109591606476439,1426.6052608597872,1371.1650085449219,1315.7247562300565,1371.1650085449219,1383.547998046875,1362.3094710382884,1381.3017339386736,1353.6031142863403,1367.2726654332637,1371.3052492331776,0.0037230081906181045,0.012141224955522629,0.0063798038471346435,0.0037230081906181045,0.008302771623332372,0.0020069509208944236,-0.021557633900336715,13499194.0,0.6328037066509304,0,-15.012249138075276,-9.36151135591308,20.2071533203125,0.014990469822190282,-0.01050383289736831,-0.02410894963819114,-0.05509951702576322,0.024530391798982077,1
2025-11-11,1358.300048828125,1360.4000244140625,1346.199951171875,1349.0,8305184,39.51507879369651,-12.282307565755445,-10.904429145508633,-1.3778784202468124,1425.6150063506634,1370.065008544922,1314.5150107391805,1370.065008544922,1382.7319995117186,1361.927621303987,1380.3997070715934,1354.325719600461,1366.6080271662165,1370.5988511068529,0.0076409857775407986,0.009522101652449126,0.01045429782207446,0.0076409857775407986,0.028703441164264598,0.008838401810963514,-0.014009819323351547,13530762.4,0.6138001506847832,0,-12.449175466443194,-8.527725639443133,17.235726492745535,0.012689189334577201,-0.002663557460115838,-0.016009608036176026,-0.04721818809613506,0.03330889166820787,0
2025-11-12,1358.9000244140625,1370.0,1355.4000244140625,1370.0,9736761,42.02899527472555,-11.007605196836721,-10.925064355774252,-0.08254084106246928,1424.621267344705,1369.0400085449219,1313.4587497451387,1369.0400085449219,1381.9539990234375,1361.6392787430418,1379.5565822614942,1355.0294588025536,1366.0370639993903,1369.9730623248824,0.0004417106415148808,0.009450702438618262,0.010743965945716126,0.0004417106415148808,0.011839184224916144,0.01645597995230963,-0.003081176177168965,13571449.55,0.7174444383503602,0,-9.16830161249618,-7.330559928092498,17.250008719308035,0.01269409699712529,-0.002011732748711522,-0.014973331368235445,-0.046132431430802506,0.034596651533777646,0
2025-11-13,1385.9000244140625,1390.4000244140625,1358.5,1358.9000244140625,18296626,57.22658749049305,-7.729617811537537,-10.28597504692691,2.556357235389372,1424.8196738000283,1369.1300109863282,1313.440348172628,1369.1300109863282,1381.4519995117187,1363.9498259498057,1379.80534469885,1359.7787765889395,1367.508394400477,1370.0316334365803,0.019869011343672582,0.010299998887750295,0.023017550943149268,0.019869011343672582,0.028115745114289714,0.04960617902825781,0.011310566056526028,13955738.1,1.3110468159330104,0,-2.0570347922584915,-4.4744595387553545,17.407148088727677,0.012560175901639915,0.01609311284524082,0.004417057622387146,-0.027315491287515845,0.055167847053158206,0
2025-11-14,1373.0,1381.199951171875,1363.199951171875,1374.0,9694498,48.45903240266394,-6.1023690405697835,-9.449253845655484,3.3468848050857005,1421.8723731696823,1367.860009765625,1313.8476463615675,1367.860009765625,1381.0280004882814,1364.8117472879196,1379.53846843615,1361.812810959872,1367.9151800004418,1369.3214425431488,-0.009308048334522812,0.010303662318328499,0.013109978150036417,-0.009308048334522812,0.01082231513173948,0.022338049143708183,0.007780369492063288,13991035.5,0.692907826586531,0,0.9960161403375878,-3.122519949000207,17.750008719308035,0.0129279014707269,0.005999547357612974,-0.004739605734635296,-0.034371842432478296,0.04502223206948145,0
2025-11-17,1379.0,1382.5,1373.5999755859375,1375.0999755859375,7660717,50.4419268302645,-4.279283889064118,-8.415259854337211,4.135975965273094,1415.071654365569,1365.9450073242188,1316.8183602828685,1365.9450073242188,1380.6680004882812,1366.1630094509749,1379.517352026889,1364.4569938891225,1368.7362777781866,1367.690028248125,0.004369992716678706,0.010375877678836996,0.00645396984341008,0.004369992716678706,0.014791357145353068,0.022997032640949655,0.02505013747768059,13764819.75,0.5565432122712686,0,3.8535384126864756,-1.7843819117845214,17.514290945870535,0.012700718597440562,0.009396382759758648,-0.00037502393581996274,-0.02549104439643467,0.047221121448955274,0
2025-11-18,1373.4000244140625,1382.800048828125,1369.0999755859375,1380.199951171875,9529560,53.4448323839883,-3.2488957528416904,-7.381987034038107,4.133091281196417,1399.2830888314002,1362.785009765625,1326.28693069985,1362.785009765625,1380.0260009765625,1366.852248971269,1379.2774568263862,1365.8328447391134,1369.081740491955,1364.0509468835137,-0.004060896001405023,0.010002696190087928,0.009975297071974643,-0.004060896001405023,-0.00901940961093839,0.0111168188493882,0.020053475572202384,13389437.0,0.7117222329811179,0,4.924627667282039,-1.1222502452071694,16.96429443359375,0.012352041744597518,0.004790404703742812,-0.004261240103095191,-0.018497375280189868,0.035522549927678185,0
2025-11-19,1383.0999755859375,1384.0,1371.5999755859375,1373.5,10393918,54.180368445245925,-1.6308018688391712,-6.23175000099832,4.600948132159149,1397.9082856128991,1362.4250061035157,1326.9417265941322,1362.4250061035157,1379.6319995117187,1368.3996515059996,1379.4273595228394,1368.4893264078555,1370.1201282766947,1360.645208105828,0.0070627282652142576,0.010075481919739742,0.008965385462326643,0.0070627282652142576,0.007356136624863341,0.017808485346307634,0.03455752137645707,12742621.55,0.8156812912645907,0,6.760372762957786,-0.12922273865478928,16.900015694754465,0.012218940057167544,0.01074271252828761,0.0026624207775380634,-0.010593191398439332,0.04232156383833595,0
2025-11-20,1383.0,1388.300048828125,1375.4000244140625,1380.0999755859375,10131863,57.152775364155545,-0.3524551190673719,-5.055891024612131,4.703435905544759,1398.077045756242,1362.4750061035156,1326.8729664507894,1362.4750061035156,1379.2380004882812,1369.7901608863806,1379.5674630709634,1370.7217377297238,1371.0741928487912,1361.2047507520442,-7.228370161393993e-05,0.009903805098284712,0.009327566459915039,-7.228370161393993e-05,0.0029006526468455807,-0.0020925206457721446,0.04740985642871132,13078436.7,0.7746998538441525,0,5.840334936574891,-0.2378816278865088,17.17144775390625,0.012416086589953905,0.009643695429284895,0.0024881254602769805,-0.010784130818832288,0.04230023142256268,0
2025-11-21,1369.5,1376.0,1364.5999755859375,1373.0,11483595,58.61822222376791,-0.4238078921057422,-4.129474398110854,3.7056665060051115,1398.5032906902409,1362.7650085449218,1327.0267263996027,1362.7650085449218,1378.5540014648439,1369.762526516249,1379.1726605975923,1370.533778078997,1370.9575859711028,1360.7690493513483,-0.009761388286334105,0.009631933252680224,0.008324223741557137,-0.009761388286334105,-0.0028396857031703915,-0.0025491624180626893,0.0197319434102754,12596369.35,0.9116591202527735,0,4.950779228329338,-0.3658078385576573,17.121451241629465,0.012501972429083217,-0.00019165841608811146,-0.0070133790162293175,-0.02073880761190494,0.03200634377246708,0
2025-11-24,1368.4000244140625,1377.0,1361.5,1373.300048828125,15896003,57.83476328428491,-0.5626286824858653,-3.4161052549858564,2.853476572499991,1397.457385653946,1362.3000122070312,1327.1426387601164,1362.3000122070312,1377.8440014648438,1369.6327644112787,1378.7502042766696,1370.2055082843917,1370.7681369668776,1360.6579864502041,-0.000803195024415837,0.00964812705901499,0.011327097137868709,-0.000803195024415837,-0.010628263633398971,-0.007686711809961944,0.01513354926859245,12862656.35,1.2358258331297174,0,3.469754960303817,-0.7671477502194648,17.250026157924108,0.012605982059456938,-0.0009000514804025334,-0.007506928978507084,-0.020793021338740815,0.031087378589908666,0
2025-11-25,1357.800048828125,1376.9000244140625,1354.300048828125,1365.0,12235000,57.385174008576854,-1.5105617851377247,-3.0349965610162304,1.5244347758785057,1395.7613644717035,1361.3100158691407,1326.8586672665779,1361.3100158691407,1376.9680029296876,1368.5058391176449,1377.9286295531974,1368.2969760603507,1369.8075378454885,1359.9306596513825,-0.007746255040061323,0.00969522844054314,0.016644553522768567,-0.007746255040061323,-0.018221222828542993,-0.011358653930848006,-0.0003681071795818003,12899414.55,0.9484926585292198,0,1.653590146375791,-1.3488272731888173,17.6785888671875,0.013020023737990981,-0.007822977428011945,-0.014607854349901455,-0.027197568731920627,0.023319274557921495,0
2025-11-26,1375.0,1377.0,1359.9000244140625,1360.0,9659004,69.1983267247603,-0.8639541591442139,-2.600788080641827,1.7368339214976132,1396.893389378529,1361.9050170898438,1326.9166448011586,1361.9050170898438,1376.11400390625,1369.1243306302501,1377.8137813354251,1369.3282105126045,1370.1921646717487,1359.799089495994,0.012667514032511429,0.009314193384347115,0.012436345880681819,0.012667514032511429,0.004016064257028162,-0.005856391966535868,0.011847799909253443,12058469.05,0.8010141221036678,0,0.7246791242505424,-1.613578187414305,17.278590611049108,0.012566247717126625,0.004291552811018343,-0.002042207280506299,-0.015672913584528665,0.036236907108846195,0
2025-11-27,1392.199951171875,1394.0,1375.699951171875,1379.0,15158741,67.98246396779052,1.0245687656345126,-1.8757167113865592,2.9002854770210718,1400.3742659602317,1362.9950134277344,1325.6157608952371,1362.9950134277344,1375.5700024414064,1371.3220087770715,1378.3779448584232,1372.8469398448,1371.8223710791656,1361.062296289719,0.012509055397727176,0.008844304311116989,0.013144698656770572,0.012509055397727176,0.0173925214361228,0.006652170044739725,0.004545729595809789,12009937.0,1.2621832237754453,0,1.5318478906908695,-1.1895182125401789,16.800013950892858,0.012067242163563904,0.015224682650154678,0.010027733224410711,-0.005837235792641189,0.05022887645185442,0
2025-11-28,1388.800048828125,1398.5,1385.5999755859375,1392.0,7683986,65.08880815055852,2.2212874654253483,-1.0563158760241778,3.277603341449526,1403.430062890379,1364.3150146484375,1325.1999664064958,1364.3150146484375,1374.91400390625,1372.9865840200289,1378.7866548180193,1375.301264303773,1373.0799768383476,1361.8859396003645,-0.002442107788387826,0.00893758419842248,0.009288611722722499,-0.002442107788387826,0.022831049407278536,0.014092770228641749,0.011507683050345996,11927916.25,0.6442018739023255,0,3.2240575037799317,-0.3860057795729972,17.107160295758927,0.012317943328266742,0.011517566880948802,0.007262468036744462,-0.010424469625599588,0.047992819222665364,0
2025-12-01,1390.0999755859375,1400.0,1385.4000244140625,1394.0,8867593,62.59906154511344,3.237271630096302,-0.1975983748000818,3.434870004896384,1406.2124437100672,1366.5550109863282,1326.8975782625891,1366.5550109863282,1374.3320043945312,1374.6164308358295,1379.230314455977,1377.5779891164136,1374.3407174863173,1363.8370501706318,0.0009360071371753431,0.008800404639555112,0.010502824143841526,0.0009360071371753431,0.01098180042613639,0.015857900310376483,0.008049293390817613,11574956.0,0.7661016594793103,0,4.983666424550847,0.48011017930730304,17.135724748883927,0.012326972915499184,0.011263901989512277,0.007880961588527751,-0.011458061117436505,0.04763170749478961,0
2025-12-02,1373.0,1381.800048828125,1370.5999755859375,1381.800048828125,12126396,54.94044029273008,2.6322780185803367,0.3683769038760019,2.2639011147043346,1406.4659385782948,1367.885009765625,1329.3040809529552,1367.885009765625,1373.3580053710937,1374.4624850419411,1378.9859883988797,1376.8736830985038,1374.2414050799234,1365.3086014599385,-0.012301255942925748,0.009565218079131852,0.008157373082438092,-0.012301255942925748,-0.01379108737628787,0.011194543103009602,-0.0002912657688594056,11627703.3,1.042888323440451,0,5.956645924296254,1.0573588456823018,17.485726492745535,0.012735416236522603,-0.001064041440095405,-0.004340862379486516,-0.02379434699437037,0.0328712742803888,0
2025-12-03,1391.5,1394.199951171875,1367.0,1367.0,7955933,52.08643550856269,3.6040661802862815,1.0155147591580578,2.5885514211282237,1407.6608092248002,1370.615008544922,1333.5692078650436,1370.615008544922,1373.1440063476562,1376.085105514137,1379.4767339518648,1379.123885698734,1375.5198195184478,1367.6878614257882,0.013474144209759675,0.008696785680733888,0.019547216077524254,0.013474144209759675,0.0019440891971116425,0.01200000000000001,0.006073331329865761,11264940.8,0.7062560861393963,0,6.96077488388687,1.6629526164397248,17.150006975446427,0.012324834333773932,0.011201992103608758,0.008715816477521463,-0.011480613169659815,0.043440409236577805,0
2025-12-04,1386.699951171875,1391.5999755859375,1379.9000244140625,1387.0,7373909,55.43219413596023,3.9414568143618,1.6007031701988064,2.3407536441629935,1403.0802712414695,1373.9300048828125,1344.7797385241554,1373.9300048828125,1372.8480053710937,1377.0960431958263,1379.7599973722574,1380.2894342330635,1376.3479774187017,1373.104643115705,-0.0034495500022457826,0.008330965599097333,0.00843726226570325,-0.0034495500022457826,-0.002445884809565091,-0.0039505819515152085,0.002675308150307254,10422543.6,0.7074961048855675,0,5.774034418754809,1.3820525138341964,16.364283970424108,0.011800883065291052,0.006974029170660418,0.005029826790771337,-0.011674542366062156,0.031172549263513927,0
2025-12-05,1392.5,1395.300048828125,1381.0,1381.0,4942638,55.361412490182964,4.623559276757533,2.2052743915105517,2.418284885246981,1402.7705432088744,1376.4050048828126,1350.0394665567508,1376.4050048828126,1372.8120043945312,1378.5630867009859,1380.2596053184434,1382.1679828125923,1377.5444235358348,1374.9199110479121,0.004182627123642257,0.008324836662358821,0.010269334885547576,0.004182627123642257,0.014202476329206126,0.0026641352547454034,0.016794450529390215,10283713.25,0.4806277537931155,0,5.576502680956992,1.4729505004240764,16.707144601004465,0.011997949444168376,0.010109739215755656,0.008868182937754376,-0.007321613116697103,0.031451327531589864,0
2025-12-08,1389.5999755859375,1394.9000244140625,1383.300048828125,1387.0,7826227,56.57467114258877,4.873938924785762,2.739007298165594,2.1349316266201677,1401.8027525122673,1378.4850036621094,1355.1672548119516,1378.4850036621094,1372.9500048828124,1379.6142189757431,1380.6258943485414,1383.3113663161837,1378.437427391398,1376.6647375138757,-0.002082602810816847,0.008253779085610279,0.008347708541838642,-0.002082602810816847,-0.0013654505311264664,-0.0003596863598168687,0.015492510080122646,10247907.6,0.7636902385809958,0,4.9977881399136095,1.3955798925644558,16.557137625558035,0.011915038799980236,0.00723807893021573,0.0065000093610663705,-0.008705059898377518,0.02540846574599675,0
2025-12-09,1375.199951171875,1384.300048828125,1373.4000244140625,1379.9000244140625,10492030,46.91163487647398,3.865841955882388,2.9643742297089526,0.9014677261734354,1400.7124142678167,1379.3299987792968,1357.947583290777,1379.3299987792968,1372.9380029296874,1379.1938125182319,1380.4131122631818,1382.0634562939822,1378.1976143380998,1377.5837508951372,-0.010362712051711576,0.00855633774165485,0.007926137871641181,-0.010362712051711576,-0.008293070170141359,0.001602295099690565,0.01281477516425733,10357249.9,1.0130131165416796,0,4.731327476290744,1.4271238643020752,16.828560965401785,0.012237173911372922,-0.0028957941299523372,-0.0037765224373737254,-0.01821391945703404,0.012704737718439467,0
2025-12-10,1363.5999755859375,1379.4000244140625,1357.9000244140625,1377.9000244140625,8725381,43.04158716175568,2.106613036571389,2.79282199108144,-0.6862089545100512,1400.0880608348034,1379.5649963378905,1359.0419318409777,1379.5649963378905,1373.0180029296876,1377.7086851913468,1379.7537735699566,1379.222920800437,1377.1163077638655,1377.8972105045173,-0.008435119253787482,0.008821380902647525,0.01576708740461914,-0.008435119253787482,-0.02075405702984745,-0.02005032297093967,-0.00829092684659094,10306680.9,0.8465752539209785,0,1.6235796772098183,0.2770396180917487,17.442844935825892,0.012791760962250473,-0.010240706004876353,-0.011707739665913701,-0.02606127876492987,0.00335386542399427,0
2025-12-11,1360.0,1366.5999755859375,1352.800048828125,1363.699951171875,6734750,46.3320394170024,0.41711525491041357,2.317680643847235,-1.9005653889368213,1400.3215985933384,1378.2699951171876,1356.2183916410368,1378.2699951171876,1373.2560034179687,1376.022143744552,1378.9791157828995,1376.2655483696005,1375.8484331146901,1377.2360649993461,-0.002640052545021976,0.008474085000408292,0.01014700496897978,-0.002640052545021976,-0.021301076645065753,-0.01925431031371372,-0.023128826534414726,9728587.1,0.6922639362503112,0,-1.073899451274201,-0.7808815893579322,17.114266531808035,0.01258401950868238,-0.011643812432372058,-0.01376316404336865,-0.02879452736702953,0.002788347645387303,0
2025-12-12,1366.0,1370.699951171875,1363.300048828125,1368.0,3890885,49.1071323148075,-0.43268631482305864,1.7676072521131763,-2.200293566936235,1400.5387004969587,1377.9199951171875,1355.3012897374163,1377.9199951171875,1373.6160034179688,1375.0676538641185,1378.4701308502367,1374.686233235816,1375.118919550639,1377.2631507408264,0.004411764705882337,0.008572070595601685,0.005417205229685212,0.004411764705882337,-0.0066899007406415745,-0.019030520646319604,-0.016417085272544263,9438406.45,0.41223961063893366,0,-3.495432836867394,-1.789474468206663,16.771405901227677,0.012277749561660086,-0.006594332896012207,-0.00904635550031482,-0.024661011141429472,0.007893971874443191,0
2025-12-15,1365.199951171875,1370.0,1356.0999755859375,1356.0999755859375,5342530,52.969466710818416,-1.157375926233044,1.1826106164439323,-2.3399865426769764,1400.5413350565157,1377.2299926757812,1353.9186502950467,1377.2299926757812,1373.4800024414062,1374.1278726553335,1377.9497316471638,1373.226805225979,1374.384181152212,1376.8310821571667,-0.0005856872826683901,0.008289145587085161,0.01018167661237524,-0.0005856872826683901,0.0011733467399410724,-0.01755902766461548,-0.01791239828168978,9322497.1,0.5730792879517227,0,-5.486346320409666,-2.676162701377507,16.149980817522323,0.011829754904151094,-0.006497154785315841,-0.00925271813801807,-0.025234088419971226,0.008332332872709765,0
2025-12-16,1366.0,1368.699951171875,1355.5,1364.0,12359741,45.84103324330361,-1.6481416591259404,0.6164601613299578,-2.264601820455898,1400.6571377130342,1376.8599914550782,1353.0628451971222,1376.8599914550782,1373.4960034179687,1373.3537895453017,1377.481114719824,1372.1149890373667,1373.7631306964927,1376.0412020607669,0.0005860305132872057,0.007508112206604037,0.009663214620699122,0.0005860305132872057,0.004411764705882337,-0.0066899007406415745,-0.0050983248361252675,9464006.15,1.305973475091201,0,-5.840022972930228,-2.9319975433577383,15.721409388950892,0.011509084472145601,-0.005354621366528132,-0.008334861797476832,-0.024743484168882127,0.009561385007946932,0
2025-12-17,1352.4000244140625,1365.0,1343.0999755859375,1365.0,9440391,30.975173973576318,-3.098760822417489,-0.12658403541953162,-2.9721767869979576,1401.2892326356816,1375.3249938964843,1349.360755157287,1375.3249938964843,1373.2760034179687,1371.358192866136,1376.4975425509706,1369.0819175568583,1372.1806783792758,1374.7166892876617,-0.009956058262033274,0.006903370212941016,0.016193451655364212,-0.009956058262033274,-0.009956058262033274,-0.008213516700205536,-0.02809915600857882,9416329.8,1.0025552630919956,0,-6.35049232521078,-3.256231018986,15.999982561383929,0.01183080617609131,-0.013824373931402279,-0.01750640113185366,-0.034888734661625516,0.0022523770942346694,0
2025-12-18,1356.800048828125,1369.5,1345.5,1346.300048828125,7314573,34.84849886021574,-3.8489731956985906,-0.8710618674753434,-2.9779113282232474,1400.9735182489187,1374.0149963378906,1347.0564744268625,1374.0149963378906,1372.89400390625,1369.971702957754,1375.7250918167413,1367.1923992908994,1371.041372486598,1373.618107201914,0.003253493296828891,0.00704470393956663,0.017688678608707983,0.003253493296828891,-0.0061528733110044476,-0.0023529052734374556,-0.021561912018877694,9275465.3,0.7885936460783266,0,-6.050440786798163,-3.254023966158229,16.792837960379465,0.012376796400385984,-0.00961454466628139,-0.01375641332791599,-0.031530552751636784,0.007233233785100351,0
2025-12-19,1354.0999755859375,1360.4000244140625,1350.800048828125,1354.0,14318512,33.17760847690822,-4.608273938293223,-1.6185042816389195,-2.9897696566543037,1401.5905465708274,1373.2449951171875,1344.8994436635476,1373.2449951171875,1372.5700024414064,1368.4601098747237,1374.8770480429844,1365.1781802593669,1369.78645419766,1372.4288733680091,-0.0019900303250427465,0.00700567630048568,0.007089561892786727,-0.0019900303250427465,-0.00871158449052889,-0.00871158449052889,-0.027576319148339357,9417211.15,1.520462031904212,1,-6.607543989394799,-3.593082807252358,16.435695103236608,0.012137726460060424,-0.010493644780117698,-0.015111949455132145,-0.03388334139459042,0.006841055638574282,0
2025-12-22,1368.5,1371.300048828125,1354.800048828125,1358.0,9375294,47.842767325040846,-4.001931843896273,-2.0951897940903903,-1.9067420498058825,1401.5919828399662,1373.2499938964843,1344.9080049530023,1373.2499938964843,1372.4160034179688,1368.4639089342738,1374.6269677275734,1365.6892294502336,1369.6911612941299,1372.3416322470432,0.010634387913515342,0.007055133361794719,0.01205699671172817,0.010634387913515342,0.011904743637455084,0.002417264097682059,-0.015184208374097397,9091175.7,1.031252096469767,0,-5.663963721059645,-3.322763919590443,16.271414620535715,0.011889963186361503,2.63734143739861e-05,-0.004457185746691721,-0.02361028262512878,0.017541716578467464,0
2025-12-23,1363.0,1365.0,1357.0,1361.0999755859375,9105467,34.392163993518125,-3.9200178742817116,-2.460155410128655,-1.4598624641530566,1401.3461065791291,1373.509991455078,1345.673876331027,1373.509991455078,1372.0700024414064,1367.9435366548191,1374.171008208845,1365.2755018425053,1369.195519716787,1372.4372920212854,-0.004018998903909443,0.0058992842041804446,0.00586940572267058,-0.004018998903909443,0.00456953931954085,-0.002196193265007307,-0.008871401690698777,8934699.05,1.0191128933436207,0,-5.410252890482525,-3.3101065109790397,15.149989536830358,0.011115179410733938,-0.003613845544318367,-0.008129270769149618,-0.027363765738599038,0.01287542544573471,0
2025-12-24,1359.800048828125,1368.199951171875,1357.5999755859375,1363.800048828125,8955140,35.00566121955734,-4.066434454541877,-2.781411219011299,-1.285023235530578,1401.237201275777,1372.7499938964843,1344.2627865171917,1372.7499938964843,1371.6780029296874,1367.1679663856103,1373.607441174307,1364.4331244556777,1368.4995589102195,1372.0033514264956,-0.0023477264650586527,0.005878024302208222,0.007795245775342157,-0.0023477264650586527,0.004209492168198992,0.0054717718725778575,-0.002786687317282821,8899505.85,1.0062513751816906,0,-4.19022648052578,-2.8901013766635515,15.071419852120536,0.011083555898611033,-0.005389182411115055,-0.010051920171878219,-0.029571832955851324,0.01155820310341874,0
2025-12-26,1350.4000244140625,1362.0,1348.5,1356.5,2812144,27.438425256602315,-4.884666663508142,-3.202062307910668,-1.6826043555974741,1399.2720424248616,1370.6599975585937,1342.0479526923257,1370.6599975585937,1371.00400390625,1365.5710195311772,1372.6973463993954,1362.2741859877367,1367.1588526512448,1370.291624015001,-0.006912798997296243,0.005817692847096036,0.009997037733954158,-0.006912798997296243,-0.013226142189212586,-0.004716998956176499,-0.0070588055778951775,8282176.0,0.33954168566328463,0,-4.400683426576734,-3.027745417345841,15.014273507254464,0.011118389540735638,-0.011109634651094984,-0.016243436358217723,-0.03492674514250039,0.006223378013417076,0
2025-12-29,1343.300048828125,1355.699951171875,1341.5,1352.0999755859375,6057201,26.256477543472627,-6.036445886351203,-3.768939023598775,-2.2675068627524277,1398.1368700826347,1368.3849975585938,1338.633125034553,1368.3849975585938,1369.9020043945313,1363.449974702315,1371.544511200522,1359.355087963181,1365.3915338495322,1368.4566991666766,-0.005257683247612666,0.005875426221421192,0.010570945176591653,-0.005257683247612666,-0.014453375768066712,-0.00797572332363361,-0.016617826626555643,8200836.75,0.7386076792712646,0,-5.010135172408582,-3.332536842462332,15.199986049107142,0.011315406459165534,-0.014778632328325415,-0.020593179544479,-0.03922135409480235,0.003486335207379268,1
2025-12-30,1342.5,1347.0999755859375,1338.0999755859375,1343.300048828125,18621277,30.51257802156232,-6.933867168185543,-4.401924652516129,-2.5319425156694138,1396.0568173873849,1366.0049987792968,1335.9531801712087,1366.0049987792968,1368.4060034179688,1361.4547390163805,1370.405510761286,1356.7619975073071,1363.6958646754927,1364.489394194579,-0.0005955846043651514,0.005419586107708298,0.0067039106145251395,-0.0005955846043651514,-0.012722494636644655,-0.018998903909389853,-0.016627565180023285,8688520.95,2.1432044771670835,1,-7.0091699178933595,-4.2214569662874055,14.685703822544642,0.010939071748636606,-0.013922415834458685,-0.020362958658699467,-0.038362920993152985,0.004900485979570242,1
2025-12-31,1342.9000244140625,1350.0,1339.5,1342.800048828125,6150634,35.76348310833501,-7.526045801342434,-5.026748882281391,-2.4992969190610435,1396.0540986734002,1364.5,1332.9459013265998,1364.5,1366.5320043945312,1359.6876233399694,1369.3268642378655,1354.6293862621924,1362.1554320635348,1362.973998208719,0.00029796976838913913,0.00507698233633643,0.007818899254679355,0.00029796976838913913,-0.005553909852196726,-0.01474686396620506,-0.016910670267889838,8389732.85,0.733114404232788,0,-8.25591331484975,-4.84414397097953,13.899989536830358,0.010350725507578448,-0.01234665862786146,-0.01929914654709673,-0.038074508939049935,0.007467762253183677,1
2026-01-01,1338.0,1348.4000244140625,1336.0,1343.9000244140625,4179311,35.13518417710034,-8.295121654637114,-5.680423436752536,-2.6146982178845786,1392.8072629382514,1361.825,1330.8427370617487,1361.825,1365.4860034179687,1357.6221354028294,1368.0983597579493,1352.071019144932,1360.3661407995692,1361.377773031401,-0.0036488378322879766,0.005107890424680956,0.009267581774336696,-0.0036488378322879766,-0.003945543538652174,-0.016031804710488373,-0.010647755215991928,8200901.75,0.5096160309444019,0,-9.545830982780899,-5.509081416357731,13.799996512276786,0.010313898738622412,-0.014453311338362316,-0.02200014314999578,-0.03935021334009312,0.005377993010694242,1
2026-01-02,1355.4000244140625,1356.9000244140625,1336.300048828125,1338.0,8226205,43.79394481695943,-7.4151065248472605,-6.027360054371481,-1.3877464704757791,1389.035215122874,1360.2600036621093,1331.4847922013446,1360.2600036621093,1364.95400390625,1357.4105057848515,1367.600385822895,1352.5831738017214,1359.9982803265686,1359.68257381302,0.013004502551616115,0.006222517347090396,0.015198447111466477,0.013004502551616115,0.009608956733007545,0.0037026065681311504,-0.0010318575793623053,8243516.55,0.9978999799545499,0,-8.160513746325705,-5.096960576500351,14.50714111328125,0.01070321739115555,-0.0014811152280175632,-0.0089209988058694,-0.024214786164248624,0.01796132584674801,1
2026-01-05,1371.5,1375.5,1352.5999755859375,1354.199951171875,6920565,53.1281214542704,-5.3568048063348215,-5.89324900476415,0.5364441984293284,1384.3325702767745,1359.2100036621093,1334.0874370474442,1359.2100036621093,1365.1100048828125,1358.7523623767704,1367.753311869056,1355.4934547553028,1360.8502595616376,1359.0804697278786,0.011878394050418795,0.007051640457243243,0.016697064829794023,0.011878394050418795,0.02129717407549858,0.020993039638818045,0.012849881639303007,8342412.9,0.8295639502571253,0,-4.697612325544696,-3.791199331466032,15.149998256138392,0.011046298400392557,0.009381869703564704,0.0027393010848016787,-0.009269860835686936,0.02804356139906094,1
2026-01-06,1411.199951171875,1413.5999755859375,1366.0,1372.0,17260416,66.18908293430243,-0.5161813743441144,-4.817835478680143,4.301654104336029,1391.9261151491987,1360.2900024414062,1328.6538897336136,1360.2900024414062,1365.7800048828126,1363.747370833447,1369.4571016456373,1364.063684973237,1364.5798663475812,1361.446624733288,0.028946373439208806,0.010401811295659865,0.03373014259702177,0.028946373439208806,0.05470848368600523,0.05117314798649897,0.031202010355772636,8814122.35,1.9582682557157833,1,2.2926318170664217,-0.9484091156487011,17.607142857142858,0.01247671730892685,0.03479572635907464,0.03048131224853741,0.013846881535526288,0.062127587986673755,0
2026-01-07,1427.699951171875,1429.9000244140625,1404.199951171875,1408.0,15813795,76.42100429944122,4.598451586609826,-2.9345780656221496,7.533029652231976,1406.2933607277434,1362.9150024414062,1319.5366441550689,1362.9150024414062,1366.7820043945312,1369.83809277044,1371.7411349603917,1373.8538797730275,1369.2554281864177,1365.6624269875308,0.011692177275302695,0.01002970288368129,0.018001032514634842,0.011692177275302695,0.05334213181017744,0.06314686515462142,0.04746878295808887,9080210.6,1.7415669852415099,1,10.150469430470594,2.4142707225262257,17.807146344866073,0.012472611160524123,0.042239925073489414,0.040794006088546046,0.015221994956339583,0.08197067318737912,0
2026-01-08,1435.0,1442.199951171875,1423.300048828125,1429.0,14861699,76.89129036753705,9.135578723656408,-0.5205467077664381,9.656125431422847,1420.539301620019,1366.4850036621094,1312.4307057042,1366.4850036621094,1368.2200048828124,1376.0439886970648,1374.2218747658665,1383.2609751925618,1374.1253964689054,1370.971890702578,0.00511315337801399,0.010032454251045255,0.013170663654181184,0.00511315337801399,0.046299671892088945,0.07249626307922274,0.05530221243680811,9387026.5,1.5832169004742875,1,18.42185329423546,6.123515007917149,17.442853655133927,0.012155298714379044,0.042844568769025225,0.04422730153708886,0.01017972425225386,0.09339105962934181,0
2026-01-09,1404.300048828125,1429.5,1401.5,1427.0999755859375,12555636,64.47522092681906,10.13719984895738,1.6110026035783258,8.526197245379054,1425.2102129296568,1368.7000061035155,1312.1897992773743,1368.7000061035155,1368.8980053710939,1378.7350420428802,1375.401411003602,1386.4977557518791,1376.3605559029218,1374.0068157940761,-0.02139369419642856,0.012066235647611289,0.019938758831038805,-0.02139369419642856,-0.004889386750630331,0.036077927942492094,0.0399141168835877,9678070.8,1.2973283890421632,0,21.32453625802873,7.801025180707029,19.149998256138392,0.013636685601569895,0.018542363837626828,0.021011057276316265,-0.01467163504150657,0.07019582807416734,0
2026-01-12,1413.0999755859375,1424.300048828125,1391.699951171875,1399.9000244140625,10923811,63.289629038488535,11.508410559159074,3.5904841946944757,7.9179263644645985,1430.917678220437,1371.0550048828125,1311.192331545188,1371.0550048828125,1369.9120043945313,1382.007892856505,1376.8797860852624,1390.590404957119,1379.08199439796,1376.0929423583696,0.006266414905529594,0.011899805237509602,0.02306991594330222,0.006266414905529594,-0.01022622125465067,0.030331735753508893,0.05196153072331455,10029717.1,1.08914447846191,0,23.25553047973449,9.126474216206361,20.25,0.014330196270510444,0.022497760606249247,0.026305992626746443,-0.012451941090460562,0.07772135451757521,0
2026-01-13,1437.0,1441.800048828125,1411.0999755859375,1420.0,14295581,69.87111154816927,14.358125620875853,5.744012479930752,8.6141131409451,1441.2601814408772,1374.6450073242188,1308.0298332075604,1374.6450073242188,1371.7460034179687,1387.2452363939806,1379.237441532899,1397.7303426560238,1383.372217035148,1380.0825407117245,0.01691318719622248,0.012343560585613799,0.021364003648008004,0.01691318719622248,0.0013937282229965486,0.018282348158175976,0.07039106145251406,10477369.65,1.3644246101405804,0,23.497865560533683,9.780339887261789,21.621433803013392,0.01504623089980055,0.03586587454093731,0.04188006845500293,-0.0029558725729993836,0.09859879608110926,0
2026-01-14,1418.4000244140625,1443.9000244140625,1414.9000244140625,1425.5999755859375,13832255,64.53372586371114,14.943424262136205,7.583894836371843,7.359529425764362,1446.518150595293,1377.2650085449218,1308.0118664945505,1377.2650085449218,1373.1860034179688,1390.2123590625597,1380.7732290968663,1400.9102936957222,1385.966869433586,1384.052051634608,-0.012943615578244638,0.013057282375306694,0.020445572124112046,-0.012943615578244638,0.010040571883269456,-0.00651392244580451,0.05622160892650396,10550995.35,1.3109905313340888,0,20.374266292119728,9.032094136474598,22.935721261160715,0.016170135974606602,0.02027579827481188,0.02725052494087465,-0.01943848832429717,0.0843938505048508,0
2026-01-15,1418.4000244140625,1418.4000244140625,1418.4000244140625,1418.4000244140625,0,67.68991084165026,15.231696140478107,9.113455097193096,6.1182410432850105,1451.107285667836,1380.565008544922,1310.0227314220078,1380.565008544922,1374.8160034179687,1392.8968986198456,1382.2487896975408,1403.6010214985438,1388.3693253580657,1385.4828682126322,0.0,0.012777336175212721,0.0,0.0,0.003750653824707184,-0.01156792723758715,0.06008970434533811,10078975.8,0.0,0,16.852909922780782,8.026914931674355,21.971435546875,0.015490295522203861,0.018309413869387392,0.026153927560632687,-0.022539519701136976,0.08272932247092607,0
2026-01-16,1410.800048828125,1429.0,1400.199951171875,1417.9000244140625,12530886,67.51427532532031,14.67770373471103,10.226304824696683,4.451398910014348,1454.110422828185,1383.2650085449218,1312.4195942616586,1383.2650085449218,1376.62400390625,1394.6019605444435,1383.3684469183481,1404.7085641646331,1390.030860429922,1388.168514016508,-0.005358132723578435,0.012782714287656554,0.02041398343588635,-0.005358132723578435,-0.018232394691631848,0.004628640442919663,0.040873560141783116,10339791.45,1.2119089694018925,0,15.866918501563305,7.96703591474602,23.014299665178573,0.01631294220913538,0.011614846918297657,0.019829570329498773,-0.029784790288362725,0.07496112904487172,0
2026-01-19,1380.5999755859375,1400.0,1360.0,1399.9000244140625,23302883,58.577212916260635,11.667274169736856,10.514498693704718,1.1527754760321383,1454.117717821255,1384.5900085449218,1315.0622992685887,1384.5900085449218,1377.3760034179688,1393.268438167443,1383.2598794151163,1400.9995505371417,1389.3322763674048,1389.5022885809442,-0.021406345475585287,0.014412264597950879,0.028972910841189668,-0.021406345475585287,-0.026649780158978897,-0.022999080434152552,0.006635053289054005,10789010.0,2.159872221825728,1,11.260545310938141,6.380093329853935,26.000017438616073,0.01883240467796,-0.009092621518196654,-0.0019229241509581619,-0.05055831541993114,0.04983617609127682,0
2026-01-20,1375.800048828125,1387.800048828125,1371.5,1374.699951171875,15012785,57.262702460324434,8.792814978096658,10.170161950583108,-1.3773469724864498,1454.2031486059295,1384.955010986328,1315.7068733667265,1384.955010986328,1377.9320043945313,1391.604782039889,1382.9673370391558,1397.1227041203697,1388.329889142273,1389.790385182001,-0.0034766962499584997,0.014483644866153052,0.011847687345271581,-0.0034766962499584997,-0.030033823218196476,-0.04258869253435982,-0.025084965680698623,11070884.55,1.3560601171656153,0,4.3595456459083834,3.729895506256753,26.414306640625,0.019199233684519857,-0.011357199555319532,-0.005182543375446263,-0.053914819159183905,0.04567368057265496,0
2026-01-21,1349.0,1371.5,1339.5,1367.5,21766068,52.21417156291341,4.302647158151331,8.996658992096751,-4.694011833945421,1454.7101284435662,1384.2550109863282,1313.7998935290902,1384.2550109863282,1377.7460034179687,1387.5471837503756,1381.635284606248,1389.7192111787745,1385.4165640206231,1387.4943709973152,-0.019479610319066865,0.01552465425173918,0.023721275018532245,-0.019479610319066865,-0.04380496646527543,-0.04892838636458108,-0.0551235930962084,11703914.6,1.8597254631369236,1,-2.6651753121841466,0.862055509381662,28.121451241629465,0.0208461462132168,-0.027780809331605635,-0.023620766616096304,-0.07266748637865629,0.0267925934872443,1
2026-01-22,1345.5,1358.0,1338.0,1355.0999755859375,17179765,47.889119495185646,0.45647411223217205,7.288622016123836,-6.832147903891664,1455.3179088502602,1383.5400085449219,1311.7621082395835,1383.5400085449219,1377.4780029296876,1383.5426900598636,1380.2182146216892,1382.9162556128092,1382.459781500577,1385.5822160134223,-0.0025945144551520194,0.015128089338535117,0.014864362690449646,-0.0025945144551520194,-0.025423711579482533,-0.05139595541404285,-0.06236933797909405,12115145.85,1.4180402954042852,0,-9.354208559981998,-2.0305750758516297,28.078595842633927,0.020868521622173116,-0.02749657840931354,-0.025154148998972073,-0.07545973850965614,0.02571951998651152,0
2026-01-23,1343.4000244140625,1355.199951171875,1335.699951171875,1340.5,14056524,43.628119922384265,-2.7296307324486406,5.28497146640934,-8.01460219885798,1455.7127133686154,1383.190008544922,1310.6673037212286,1383.190008544922,1376.6280029296875,1379.7195790459778,1378.7743640253118,1376.8368354283866,1379.5664661608353,1383.6737742275393,-0.001560739937523259,0.014708420916476627,0.014515408400788977,-0.001560739937523259,-0.02354995149306771,-0.04777432809847715,-0.043366817842727445,12677364.85,1.108789102965669,0,-14.882381498465747,-4.5940828930363296,27.835736955915177,0.02072036359241248,-0.02632386695347819,-0.025656365924859835,-0.07715305906386836,0.024974088084672323,0
2026-01-27,1361.4000244140625,1369.0999755859375,1328.5999755859375,1340.0,25263634,37.47486290111134,-3.758862383039286,3.4762046965196154,-7.235067079558902,1454.954455993868,1384.0950073242188,1313.2355586545698,1384.0950073242188,1376.3960034179688,1377.974859557224,1378.0930173738902,1374.461941426183,1378.2208038092224,1381.6538600195063,0.013398838523805301,0.012691404458482452,0.029748787478853563,0.013398838523805301,0.009192012167577923,-0.01390696183644824,-0.036586194936729655,13637686.5,1.8524867835904573,1,-15.293578610219129,-5.166862041226068,27.328595842633927,0.02007389110661723,-0.01202840169993181,-0.012113110471772139,-0.06430059112461985,0.03667618154418386,1
2026-01-28,1367.699951171875,1380.4000244140625,1362.5999755859375,1362.5999755859375,13242696,34.09330683943793,-4.019846158428436,1.9769945255300054,-5.996840683958442,1453.9605797941927,1385.3550048828124,1316.7494299714322,1385.3550048828124,1376.1700024414063,1376.9962968538573,1377.685446150282,1373.4216352332128,1377.4414813916412,1383.8104365794802,0.0046275353642100114,0.012215764194006143,0.013014586139945045,0.0046275353642100114,0.01649940629645119,-0.005887554418354202,-0.048225503707811423,13368757.45,0.9905704437774807,0,-14.608485186031658,-5.2818908888739315,26.850019182477677,0.019631512861773517,-0.006751176966287032,-0.007248022403306755,-0.059328038064503645,0.03869416613421146,1
2026-01-29,1383.5999755859375,1387.699951171875,1354.4000244140625,1359.0,23118234,36.967528154502034,-2.9101323977577067,0.9995691408724631,-3.90970153863017,1453.0442383288605,1387.3900024414063,1321.735766553952,1387.3900024414063,1376.3740014648438,1377.625218637865,1377.917388481092,1374.9875337490166,1377.8976661467743,1383.9713389910742,0.01162537470330327,0.012663923121907748,0.024067597098439086,0.01162537470330327,0.029924036356489214,0.02564861051589129,-0.024534720973725888,14217137.45,1.6260821899840323,1,-9.921965112510634,-3.717896125155903,27.878592354910715,0.020149315442929576,0.004336997368544224,0.004124040492086004,-0.04779225636157543,0.04680527727056871,0
2026-01-30,1355.0,1381.9000244140625,1353.199951171875,1368.199951171875,24013717,37.36543161366939,-4.2890141716345624,-0.05814752162894199,-4.230866650005621,1451.6020593164596,1388.2400024414062,1324.8779455663528,1388.2400024414062,1375.812001953125,1375.4704359104492,1377.0186673641867,1371.9125285568603,1376.2015427284948,1382.93783419818,-0.020670696798636312,0.012582279951004537,0.02118086586139299,-0.020670696798636312,-0.004701060892677078,0.007060572277963528,-0.04469826799407517,15208857.75,1.5789296865505893,1,-8.072254149414448,-3.199547257502445,27.65716552734375,0.0204111922711024,-0.014882497926536249,-0.015990100850508917,-0.06654858244135331,0.02273572032386032,1
2026-02-02,1352.800048828125,1354.4000244140625,1329.0999755859375,1329.9000244140625,12800245,34.00531410945926,-5.495951675742845,-1.1457083524517226,-4.350243323291122,1451.7657419918582,1388.1100036621094,1324.4542653323606,1388.1100036621094,1375.2080029296876,1373.3113514264182,1376.0689176176745,1368.9721470601319,1374.4680987358747,1382.2729798092646,-0.0016235802006457911,0.012334862590947085,0.01870198692707129,-0.0016235802006457911,-0.010894130931995316,0.006997189402436099,-0.0411114247183203,15437559.75,0.8291624587882162,0,-6.408227619559511,-2.7054464076372824,27.1785888671875,0.02009061789340649,-0.014935653577019335,-0.016909668179871287,-0.06816918894087547,0.02140185904316694,1
2026-02-03,1389.699951171875,1417.0,1373.4000244140625,1412.0,24896698,38.26300095838942,-3.4353441011044197,-1.6036355021822621,-1.8317085989221575,1452.1944891698017,1389.020001220703,1325.8455132716044,1389.020001220703,1375.612001953125,1374.872170449795,1376.6034679531335,1372.1610400004,1375.5963841015043,1383.4517097121973,0.02727668614124812,0.013843128718391235,0.031373661306652194,0.02727668614124812,0.00440877109972071,0.020787370537908245,0.0065913195327091945,16336366.4,1.5240046281038357,1,-3.102689107428887,-1.4895494207567026,29.571437290736608,0.02127900865636519,0.010784843159076388,0.009513620678447498,-0.043034551132096595,0.04816129576266081,0
2026-02-04,1408.4000244140625,1414.0,1386.9000244140625,1387.0,11080683,47.5198394677343,-0.29001501218363046,-1.340911404182536,1.0508963919989056,1451.8596487050618,1388.8800048828125,1325.9003610605632,1388.8800048828125,1376.412001953125,1378.0652993987728,1377.850391735915,1377.7362683717324,1378.026283383916,1383.4049729580545,0.013456194789687181,0.014077677497423682,0.019241675032781912,0.013456194789687181,0.03940961211369931,0.029758042476578872,0.023695285963760027,16027379.75,0.6913596091712995,0,1.06900254491552,0.16494558563317696,29.435721261160715,0.0209001141372508,0.02201254543491097,0.02217195194875896,-0.0299337641415695,0.062221616175976685,0
2026-02-05,1396.5,1414.0,1393.199951171875,1414.0,8982761,44.871185729371966,1.2282894775835302,-0.827071227829323,2.0553607054128533,1447.7447722784668,1387.3200073242188,1326.8952423699707,1387.3200073242188,1377.1860009765626,1379.8209851703182,1378.581748922742,1380.6229963145427,1379.3947068369591,1382.0405362475788,-0.008449321363093065,0.014238790817006759,0.014894413768796992,-0.008449321363093065,0.032303333526436884,0.009323521712697014,0.035211267605633756,15685828.05,0.5726673128996846,0,2.1957665324532627,0.6643604416499329,30.921439034598215,0.022142097411097898,0.01208781067177569,0.01299759777848485,-0.03539627513060716,0.05245685974855717,1
2026-02-06,1406.0999755859375,1410.5,1394.699951171875,1396.699951171875,10851190,48.90949514975571,3.169656694625928,-0.027725643338272654,3.197382337964201,1442.778466325246,1385.8750061035157,1328.9715458817855,1385.8750061035157,1377.8080004882813,1382.3237461622819,1379.6608950663967,1384.542531587065,1381.372874892439,1380.332397341823,0.006874311196518157,0.014326938619803057,0.011236789063694382,0.006874311196518157,0.01180112613534523,0.03771215910401282,0.04503900080708845,15485302.6,0.7007412305911284,0,6.853310251832681,2.6422277022099934,29.992867606026785,0.021330537036335858,0.017200188805021346,0.01916346300318121,-0.02542212238080356,0.058036178384072615,0
2026-02-09,1396.300048828125,1414.0,1388.800048828125,1413.5,7889742,54.02360196138668,3.8727889131141637,0.7523772679522147,3.120411645161949,1441.94393989367,1385.4750061035156,1329.0060723133613,1385.4750061035156,1377.8900024414063,1383.654822606648,1380.31341090019,1386.351380393382,1382.4785914802678,1379.5394794370084,-0.00696958034845907,0.013149967997510266,0.01804766188544117,-0.00696958034845907,-0.008591291803599188,0.03215552811199429,0.0393777158349653,15252007.9,0.5172920215967105,0,10.343471180229699,4.2444932825155774,28.164289202008927,0.020170656891150593,0.009139003467392897,0.011581889882174661,-0.031654414435079055,0.05063481493175353,0
2026-02-10,1406.5,1409.5,1395.5,1401.0,16497628,57.65585749476101,5.193212950847283,1.6405444045312283,3.5526685463160543,1441.0080932278074,1385.1450073242188,1329.2819214206302,1385.1450073242188,1378.2440014648437,1385.8305537869671,1381.3403359629278,1389.4511680251694,1384.2579550743221,1379.7690995848925,0.007304985185981661,0.013190328928457042,0.009953785993601137,0.007304985185981661,0.00716075904045832,0.012088975619491293,0.033127644173025717,15530698.75,1.0622592238485085,0,10.958383337172108,4.736868009794307,28.0,0.019907571987202274,0.014914843778375968,0.018213950162784064,-0.023947189047710694,0.05809006903279428,0
2026-02-11,1406.0999755859375,1413.0,1400.4000244140625,1407.4000244140625,8551341,66.39863976581535,6.136640514891269,2.5397636266032366,3.5968768882880324,1434.951592141023,1383.6000061035156,1332.2484200660083,1383.6000061035156,1378.5640014648438,1387.7609749106787,1382.3113022226537,1392.0125230345184,1385.875882519627,1378.1650753026147,-0.00028441124355671477,0.011742256326129996,0.008960938627914384,-0.00028441124355671477,0.0,-0.0016330934310242462,0.028076351381866038,15243486.75,0.560983267164909,0,9.695675511905847,4.460910486738612,26.307137625558035,0.018709293849888276,0.013214812209602014,0.017209345915810272,-0.020106334396993372,0.055433772266189,0
2026-02-12,1430.0,1433.0,1405.300048828125,1406.0999755859375,19646265,71.7223923049791,8.712414593655922,3.774293820013774,4.938120773642147,1437.4140873235222,1384.1800048828125,1330.9459224421028,1384.1800048828125,1379.7040014648437,1391.7837392048998,1384.18144723353,1397.8567502599772,1389.1443356663212,1378.8676495246266,0.016997386266295322,0.012179768653987505,0.01937059522508741,0.016997386266295322,0.024135178681801595,0.023988542785535305,0.03353572219774925,15534187.25,1.2647114833767694,0,11.962754034581621,5.599698310787971,26.857134137834823,0.018781212683800577,0.027458476283774114,0.033101550998277336,-0.0051579342298830886,0.07442381834428452,0
2026-02-13,1414.5999755859375,1434.4000244140625,1410.699951171875,1425.300048828125,12228083,67.13186190885722,9.402692456025989,4.899973547216217,4.502718908809771,1436.7346976508481,1383.9900024414062,1331.2453072319643,1383.9900024414062,1380.1660009765626,1393.956714098332,1385.3743306983304,1400.4326310793558,1391.0299386233298,1380.4214693130834,-0.010769247842001728,0.012762796956237034,0.016753904744251646,-0.010769247842001728,0.005758958823986804,0.006045089358925448,0.043985221834640154,16145591.4,0.7573635859507754,0,11.632967936050136,5.713435631933635,27.157139369419642,0.01919775190026492,0.01480911227645861,0.021095846977961012,-0.015406269578581428,0.06261405610307177,0
2026-02-16,1411.5999755859375,1414.0,1400.5,1404.0,5000042,63.018672724602006,9.597039015363862,5.839386640845746,3.7576523745181154,1436.8614361530567,1384.0299987792969,1331.198561405537,1384.0299987792969,1380.6640014648438,1395.637024716199,1386.4027873605894,1402.1506840803684,1392.5536450650045,1379.5621244908134,-0.002120740882069816,0.012534172095459647,0.009563615920577159,-0.002120740882069816,0.003911528408716558,0.01095747777897249,0.043465349375725104,15769049.2,0.3170794850459342,0,11.982202109551054,6.089376460399308,25.27142333984375,0.017902680488042583,0.01143775250085856,0.018174507765754053,-0.01758099976205941,0.06039776222076832,0
2026-02-17,1407.5,1413.5999755859375,1393.5999755859375,1406.199951171875,11756187,60.44073436941605,9.31287329271504,6.534083971219605,2.7787893214954345,1439.1990975452486,1385.375,1331.5509024547514,1385.375,1380.9640014648437,1396.766831886085,1387.2301290327232,1402.9736557603119,1393.6607824675968,1380.493594287944,-0.002904488280566664,0.012604787709497212,0.014209591474245116,-0.002904488280566664,-0.01573426573426573,0.0007109847138286884,0.012808555410191325,15191714.4,0.7738551877989491,0,10.936278099117771,5.88979306979536,25.342851911272323,0.018005578622573588,0.007684294807761054,0.014611758022737306,-0.022025512383460885,0.057038072975831654,0
2026-02-18,1408.199951171875,1412.300048828125,1398.9000244140625,1410.0999755859375,4758071,57.012544584602004,9.0399432810716,7.035255833190004,2.0046874478815964,1441.5510407296388,1386.9949951171875,1332.4389495047362,1386.9949951171875,1381.3360009765624,1397.8557003894934,1388.0524749989645,1403.7777012082447,1394.737757927173,1381.0233054577639,0.0004973010102131692,0.012306922429915388,0.009515711460514734,0.0004973010102131692,-0.004524264473715678,0.0014934753021829117,-0.00014205711354675632,14678978.7,0.32414182874997977,0,10.09472547881478,5.741172776310805,23.921430315290177,0.016987239841460906,0.007400084843878567,0.014514923993003602,-0.023135559279873413,0.05685889150515971,0
2026-02-19,1388.800048828125,1412.300048828125,1384.800048828125,1408.5,14323091,60.16850433489925,7.175519372378631,7.06330854102773,0.11221083135090026,1440.5257967410307,1388.9849975585937,1337.4441983761567,1388.9849975585937,1381.6080029296875,1396.9932573836488,1388.081791619716,1401.4734469959185,1394.2979276235399,1383.8442969671296,-0.013776383337895881,0.011468239038935584,0.019801266584923156,-0.013776383337895881,-0.0161518327799266,-0.028811154665646876,-0.005513749496509179,14306829.85,1.0011366005027313,0,5.209518178749022,3.900344386185907,23.714285714285715,0.0170753779381675,-0.005864887688054007,0.0005174458830491524,-0.03590754711226089,0.03839849955184781,0
2026-02-20,1394.5,1403.699951171875,1384.0,1388.5,10337877,62.28639456760995,6.087713048824298,6.8681894425870444,-0.7804763937627461,1438.7582457586911,1391.4349975585938,1344.1117493584964,1391.4349975585938,1382.2260034179687,1396.755804299492,1388.3334860660016,1400.4006089965465,1394.3128959477222,1386.478756117093,0.004104227370012481,0.011437989345118072,0.01412689219926497,0.004104227370012481,-0.009236234458259274,-0.014208946651233956,-0.00824975164451136,13964735.45,0.740284485661345,0,2.79909020115997,2.959155367671201,23.27142333984375,0.01668800526342327,-0.0016150312692799573,0.004441666210524057,-0.030761419362258968,0.03748814089717795,0
2026-02-23,1399.4000244140625,1408.300048828125,1395.300048828125,1400.0,10728445,53.52218056677219,5.556952628371391,6.605942079743914,-1.048989451372523,1435.8772323279904,1394.2349975585937,1352.592762789197,1394.2349975585937,1383.01400390625,1397.0076347865938,1388.767467962004,1400.2466729069336,1394.6897202785622,1389.1679150653974,0.0035138217383021697,0.008921857823036217,0.009289695421752748,0.0035138217383021697,-0.006249060547466545,-0.008642640537600554,0.002220135699729564,13798331.5,0.7775175571046398,0,1.3706100703948323,2.3646806014146478,19.671430315290177,0.014057045856867643,0.0017125100592840599,0.007656109966099345,-0.025404127241983897,0.03460558337480953,0
2026-02-24,1384.800048828125,1400.9000244140625,1382.300048828125,1400.9000244140625,18274784,41.167656053411356,3.913117179527262,6.067377099700584,-2.154259920173322,1434.3931599859634,1395.4049987792969,1356.4168375726304,1395.4049987792969,1383.3900048828125,1395.845007552454,1388.6118828979304,1397.8702692025015,1393.9571520229742,1392.5730839977045,-0.010433025104491178,0.008536420057183566,0.013431524357381102,-0.010433025104491178,-0.002880184230534266,-0.016127851631882795,-0.015428333574031283,13448889.0,1.3588322425740893,0,-0.921824333630866,1.3817538652072017,19.064287458147323,0.01376681599215736,-0.007912740071117086,-0.0027450680184663147,-0.034574280288901894,0.020925139285566295,0
2026-02-25,1400.5,1407.4000244140625,1388.199951171875,1391.800048828125,16297015,51.45560769666784,3.8330357426677892,5.620508828294026,-1.787473085626237,1433.8230312963622,1397.0450012207032,1360.2669711450442,1397.0450012207032,1384.096005859375,1396.288340166506,1389.0780835685998,1398.2748431713476,1394.4418074286798,1394.0276515032492,0.011337341578779414,0.008870414986598876,0.013709441800919315,0.011337341578779414,0.004302617425600674,-0.005467938814702644,-0.003982629744093358,13601604.95,1.1981685293690287,0,-1.5673602229874177,1.0256085696353239,19.192853655133927,0.01370428679409777,0.0030163252906571804,0.008222659738505696,-0.023240686311360066,0.029577303359125524,0
2026-02-26,1404.9000244140625,1410.0,1392.0999755859375,1405.0999755859375,27288792,49.5461596705387,4.077611655735154,5.311929393782252,-1.234317738047098,1434.4800598194354,1398.1100036621094,1361.7399475047835,1398.1100036621094,1384.8740063476562,1397.1085005710352,1389.6985518370495,1399.2941018240729,1395.2164901683377,1396.4213426163483,0.0031417525269992197,0.008710349623400107,0.012741137520819682,0.0031417525269992197,0.003930255755356882,0.011592723948651074,-0.017552430479676584,13810132.85,1.9759977906367499,1,0.11524318738634065,1.616760217333649,19.342851911272323,0.013768134084373433,0.005576892445964456,0.010938683469820172,-0.020620736553909474,0.0316948011904655,0
2026-02-27,1378.9000244140625,1402.199951171875,1376.699951171875,1400.0,15096898,44.13744940120475,2.1486883778736683,4.679281190600535,-2.5305928127268666,1430.978337537228,1399.3050048828125,1367.6316722283968,1399.3050048828125,1385.4040063476561,1395.3743599846568,1389.2750801734032,1396.156551453302,1394.0078630754283,1398.7986816441687,-0.018506654956350843,0.009884452380278672,0.018493001340569085,-0.018506654956350843,-0.004260560518506207,-0.011186787799166376,-0.0252367819793633,13364291.9,1.1296444370539378,0,-1.3814443148351074,0.94159410740167,19.557146344866073,0.014183150336208393,-0.011806391204418789,-0.007467963621751403,-0.036393502093675624,0.008239317949770198,0
2026-03-02,1374.0,1379.199951171875,1355.0,1355.0,16928683,38.644293057766355,0.22205208580180624,3.7878353696407894,-3.565783283838983,1426.402871401071,1400.3650024414062,1374.3271334817414,1400.3650024414062,1385.7480053710938,1393.3387066527848,1388.6760574215052,1392.747851229717,1392.5257991439153,1399.4818000474459,-0.003553574825806982,0.0096177623612308,0.017612773778657206,-0.003553574825806982,-0.018921813637986395,-0.018150653116286497,-0.026636424083480326,13570713.8,1.2474423416106528,0,-3.668928133809004,-0.09141054049882769,20.285714285714285,0.014763984196298607,-0.013879401010284257,-0.010568380827963388,-0.036737777560415866,-0.00023803174205883537,0
2026-03-04,1365.4000244140625,1376.0,1326.0,1326.0,20009132,36.54989963273974,-1.9759892391814446,2.635070447876343,-4.611059687057788,1429.2363467449445,1399.1500061035156,1369.0636654620866,1399.1500061035156,1385.9740063476563,1390.6778797729064,1387.7632718133702,1388.540493258078,1390.5164824972594,1396.773674063782,-0.00625907975686868,0.009685991577755002,0.03661930504319174,-0.00625907975686868,-0.02811587964522544,-0.014009260348076702,-0.029911172707593248,13326335.5,1.5014729292985307,1,-5.167127779547627,-0.8486110845601615,22.957144601004465,0.016813493621296895,-0.018176643007345242,-0.016114598111597236,-0.04466463680151144,-0.0026760194872220157,0
2026-03-05,1357.5999755859375,1370.800048828125,1347.5999755859375,1368.9000244140625,17590491,23.224809197179013,-4.297809109840273,1.2484945363330198,-5.546303646173293,1431.5880492332262,1396.6100036621094,1361.6319580909926,1396.6100036621094,1385.756005859375,1387.5276031836713,1386.5803974515102,1383.7804136162101,1388.0782227260504,1394.0618713764234,-0.005712647347777988,0.008006300212085725,0.017089034810990177,-0.005712647347777988,-0.015447130648341245,-0.030631934604828603,-0.03593237987533604,13651825.9,1.2885083012961658,0,-8.760736982834715,-2.4976861170896427,22.635724748883927,0.01667333909542418,-0.021569032233351687,-0.020900642991086384,-0.051682516969122176,-0.002961139741981342,0
2026-03-06,1313.4000244140625,1357.5999755859375,1310.4000244140625,1339.0,22778852,19.146310419312144,-9.593842901305607,-0.9199729511947056,-8.673869950110902,1443.5278335646235,1392.4550048828125,1341.3821762010016,1392.4550048828125,1384.7640063476563,1380.467833777042,1383.710578901022,1372.9526614312642,1382.5465043325698,1388.5221439883812,-0.03255741895015751,0.011035936475424038,0.035937224223010024,-0.03255741895015751,-0.04410478572484533,-0.06512918955792713,-0.05429149032482061,14341630.45,1.5883028139244797,1,-16.640666793993205,-5.987972936027518,24.314287458147323,0.018512476782535828,-0.04858339160245259,-0.050813049751200094,-0.09014568761672269,-0.020860685555095713,0
2026-03-09,1278.4000244140625,1282.699951171875,1251.0999755859375,1272.699951171875,16116652,16.020378293878423,-16.425848374376073,-4.021148035830979,-12.404700338545094,1457.737441252991,1386.0700073242188,1314.4025733954466,1386.0700073242188,1383.136005859375,1370.747090028187,1379.5807532348667,1358.4061018901562,1374.8319502645322,1381.4567687423519,-0.02664839298721222,0.012370465196801904,0.024718378428083124,-0.02664839298721222,-0.0637175907751536,-0.07288418175400757,-0.08325562967797595,14604903.55,1.10350964967516,0,-24.627269956469945,-9.694326938536506,27.757149832589285,0.021712413409340634,-0.06736987901409694,-0.0733416500509693,-0.12302449794030115,-0.02739080834905856,0
2026-03-10,1311.9000244140625,1315.0,1285.5999755859375,1287.5999755859375,19136143,28.793241175753806,-18.91900538747268,-7.000719506159319,-11.918285881313361,1460.5732582933133,1381.8500061035156,1303.126753913718,1381.8500061035156,1382.366005859375,1365.1426075887466,1376.9266070065999,1351.251320739988,1370.1703261274606,1376.1065176571708,0.026204630288046316,0.015225509091217232,0.022410262875933333,0.026204630288046316,-0.033662309954116676,-0.045196488781613864,-0.0625267961079512,15167223.6,1.261677384382993,0,-28.196099064038208,-11.749450414905368,28.942862374441965,0.022061789645418137,-0.03900148078208955,-0.04722588862880886,-0.10179101461365668,0.006732476694224516,0
2026-03-11,1294.5999755859375,1306.5,1290.9000244140625,1300.0,13224259,26.52891882471451,-22.03679320581773,-10.007934246091002,-12.028858959726728,1463.0897292260472,1376.2550048828125,1289.4202805395778,1376.2550048828125,1381.3920043945313,1358.424261683717,1373.69811165677,1342.5357291778264,1364.5725223836441,1371.1105561419995,-0.013187017688982672,0.015291233447047824,0.012050035439616729,-0.013187017688982672,-0.014314031124304405,-0.0518529717021996,-0.06513581026987869,15003555.15,0.8814083640702983,0,-32.25361808918933,-14.065160156600314,29.4857177734375,0.02277592949906571,-0.046984059323757744,-0.05758043590482547,-0.1151602326736572,0.004017072729918742,0
2026-03-12,1266.5,1280.5,1258.300048828125,1275.699951171875,19676187,25.608282279983683,-26.469966407036964,-13.300340678280197,-13.169625728756767,1467.6805157719687,1369.2750061035156,1270.8694964350625,1369.2750061035156,1379.8720043945314,1349.6695700947917,1369.4942641408184,1330.83792468893,1357.3078910959669,1363.6460530658246,-0.021705527665578206,0.015746240676890774,0.017528583633537306,-0.021705527665578206,-0.009308529557887524,-0.06710369565719754,-0.09568011424491252,15559797.45,1.2645529007191543,0,-37.858033088879665,-17.08613331069182,30.114283970424108,0.023777563340248012,-0.06162217178012718,-0.07520605732907835,-0.13707377975659232,-0.0034381944387834075,0
2026-03-13,1254.800048828125,1262.300048828125,1248.699951171875,1251.9000244140625,17344394,22.789252484442812,-30.574927653531404,-16.755258073330438,-13.819669580200966,1467.0188265117777,1360.5150085449218,1254.011190578066,1360.5150085449218,1378.1100048828125,1340.6343775932041,1364.9964517756146,1319.1397899411138,1349.7147175946452,1353.8003671980127,-0.009238019085570426,0.015459655775794544,0.010838458022815124,-0.009238019085570426,-0.04352463947200569,-0.04461700509871713,-0.10684032527406306,15444703.9,1.1229994509638996,0,-39.833456183837825,-18.714127125407458,29.97857666015625,0.0238911184998388,-0.06402515868582649,-0.08073017538188021,-0.14465988700926116,0.0006290679508971927,0
2026-03-16,1272.9000244140625,1276.800048828125,1240.0999755859375,1255.0,22740688,26.56538611138751,-31.998760461980737,-19.8039585510605,-12.194801910920237,1463.5751863576722,1353.4300109863282,1243.284835614984,1353.4300109863282,1376.8080053710937,1334.1834868142382,1361.3848271732008,1312.0259798600289,1344.0247403220096,1344.824130892125,0.014424589481679906,0.016304120235696398,0.028831858385014304,0.014424589481679906,-0.016761896787502728,-0.004302252733858314,-0.07687286831765971,15970334.15,1.4239331366776693,0,-36.56360321394868,-18.195926061665887,31.614292689732142,0.02483643026425798,-0.04593330902821193,-0.06499617227471932,-0.13028040084372683,0.02382011583405938,0
2026-03-17,1288.699951171875,1294.4000244140625,1273.0,1278.9000244140625,22303102,32.27588535920931,-31.489247730518628,-22.141016386952128,-9.3482313435665,1457.478928248633,1347.285009765625,1237.091091282617,1347.285009765625,1375.47400390625,1329.8517215149657,1358.5344398790314,1308.4373600618515,1339.92660779237,1339.9372272826256,0.012412543369292095,0.017020750900933804,0.016605901470394608,0.012412543369292095,0.017528583633537265,-0.01768433021605398,-0.06208154936544763,16835487.15,1.3247672491615428,0,-35.29088607378094,-18.392167127568428,31.821437290736608,0.024692665862057254,-0.030944630651160585,-0.051404282922245775,-0.115802001528468,0.04171791410748082,0
2026-03-18,1289.300048828125,1297.0999755859375,1270.800048828125,1286.0,12961135,28.281259536743164,-30.683333979951158,-23.849479905551938,-6.83385407439922,1450.645967233309,1341.3750122070312,1232.1040571807534,1341.3750122070312,1373.8300048828125,1325.9896574495524,1355.8193657201725,1305.4931583335858,1336.176492313537,1335.598090742012,0.00046566127026248516,0.01645725632751447,0.020398608362511984,0.00046566127026248516,0.027494420351848126,-0.0040938721286579716,-0.055734564395217734,16895734.55,0.7671246823654672,0,-32.43460423416468,-17.878745936597397,32.085719517299104,0.024886153961184262,-0.02766960391832714,-0.049062079045252734,-0.11122349770351275,0.046421397051678345,0
2026-03-19,1250.0999755859375,1285.9000244140625,1243.699951171875,1267.5999755859375,14422899,23.383764986982797,-32.8293238188553,-25.64544868821261,-7.18387513064269,1445.2324046043534,1333.4700134277343,1221.7076222511153,1333.4700134277343,1370.6080053710937,1318.7620687006367,1351.6735072835359,1296.971130218563,1329.8004540374184,1331.486847620543,-0.030404150901737204,0.017471448813293825,0.03375735866438026,-0.030404150901737204,-0.017911892835904553,-0.012949091523144496,-0.07918385528373573,17378975.95,0.8299049979409172,0,-30.907501394154906,-17.820756857282504,34.064296177455354,0.02724925753357366,-0.052065565687941975,-0.07514649887732958,-0.13501802782496794,0.023239892113062675,0
2026-03-20,1245.4000244140625,1274.0,1241.699951171875,1258.4000244140625,16421006,25.231910946196663,-34.51145642066672,-27.418650234703435,-7.092806185963283,1441.4641369065332,1326.3000122070312,1211.135887507529,1326.3000122070312,1366.9620068359375,1311.7752073400106,1347.5059197200271,1289.0371139409474,1323.548570361614,1325.2200986114262,-0.003759660238111806,0.017242832347131015,0.02593548112649313,-0.003759660238111806,-0.03359969612665681,-0.007491252827764305,-0.051774020660869335,17483871.7,0.9392087909224363,0,-28.859170253193497,-17.490532055587437,34.357151576450896,0.027587241772068612,-0.05059951015581572,-0.07577398645282336,-0.13601733645155809,0.028290910425458258,0
2026-03-23,1222.699951171875,1234.9000244140625,1218.0999755859375,1226.5999755859375,17049534,23.668635030647167,-37.246905681625776,-29.384301324087904,-7.862604357537872,1437.0098581417778,1317.710009765625,1198.4101613894723,1317.710009765625,1362.716005859375,1303.291849609712,1342.6115680122564,1278.8313965918594,1316.0783022734852,1318.4397136982827,-0.01822713409120691,0.017454793130828195,0.013740123905315685,-0.01822713409120691,-0.05165601111764817,-0.03943756169326451,-0.04357014406951132,17819454.55,0.9567932594210634,0,-30.891637204526205,-18.773259160944463,34.578587123325896,0.028280517301227225,-0.061837184404990586,-0.08931221784265658,-0.1491360033166583,0.020268344315639352,0
2026-03-24,1251.199951171875,1253.9000244140625,1223.699951171875,1237.0999755859375,20617782,31.412752927282753,-36.692093499395696,-30.845859759149462,-5.846233740246234,1426.6084182287154,1310.3000061035157,1193.991593978316,1310.3000061035157,1359.65400390625,1298.3307164251562,1339.0267987243983,1274.580404988785,1311.2724984881806,1311.7712387515376,0.02330907102162283,0.019384259638331233,0.024136888123998154,0.02330907102162283,0.0008799100931282666,-0.02909909321087467,-0.04626882545359978,18313921.4,1.125798323017811,0,-31.521005089809478,-19.50764115463312,33.23573521205357,0.026563088642167026,-0.036301047689183366,-0.06559005961358659,-0.12295488013075692,0.047913534301312725,0
2026-03-25,1259.699951171875,1272.9000244140625,1254.4000244140625,1258.9000244140625,17290030,34.101978458694916,-35.16120539651615,-31.7089288866228,-3.452276509893352,1416.8876298250348,1304.0450012207032,1191.2023726163716,1304.0450012207032,1356.5860034179686,1294.6515959248438,1335.9159419576326,1272.291104401568,1307.4523097980841,1305.550999261459,0.00679347852598533,0.019686536865546975,0.014686036927118874,0.00679347852598533,0.011482195662024575,-0.02295826924318678,-0.026958153153267883,18264683.7,0.9466372527436652,0,-31.338061524708564,-19.903423762539887,33.128592354910715,0.026298796252307396,-0.02699695027062541,-0.05705148684285614,-0.11093870490814446,0.057502889626600134,0
2026-03-27,1233.800048828125,1260.9000244140625,1230.0999755859375,1256.0,23630905,36.25690913390347,-35.62718321915713,-32.49257975312967,-3.134603466027464,1403.0464371736853,1295.7100036621093,1188.3735701505334,1295.7100036621093,1352.5220043945312,1288.8562104870612,1331.9113971290246,1266.3694035441151,1301.9965867632723,1297.4215144195095,-0.02056037417454515,0.018634828104402475,0.024963565901443413,-0.02056037417454515,0.009078349635665894,-0.013038898549032063,-0.025819148181504104,18631378.2,1.2683390754206256,0,-29.905858213575584,-19.76211015451122,31.957170758928573,0.025901417972289592,-0.04271707053972323,-0.07366206829702157,-0.12062778811975201,0.03822575646127619,0
2026-03-30,1205.9000244140625,1222.5999755859375,1200.4000244140625,1216.5,23952775,37.16814159292036,-37.811900746061156,-33.55644395171596,-4.255456794345193,1387.2111524412676,1285.7600036621093,1184.308854882951,1285.7600036621093,1348.2720043945312,1280.9556213372518,1326.9697746696143,1257.0664221394918,1294.878322885553,1283.9749917484417,-0.022613084219409996,0.01829049345113367,0.018409445826706724,-0.022613084219409996,-0.036205185842106635,-0.03171671689872013,-0.03897037178132956,18464577.35,1.2972284469863589,0,-30.819586002758797,-20.53614505041287,29.89288330078125,0.024788857032576952,-0.05859344045411593,-0.0912377603217793,-0.13070189618078457,0.01823102938231889,1
2026-04-01,1212.699951171875,1234.0,1210.0,1228.0999755859375,25472333,30.609831578234065,-38.55022487055021,-34.55520013548281,-3.995024735067396,1373.8812448085691,1277.45,1181.018755191431,1277.45,1344.1580029296874,1274.4550813215017,1322.4886051206834,1250.240811221397,1288.7910360919473,1275.5548057946444,0.005638881018446451,0.016406321174763663,0.01979055080921538,0.005638881018446451,-0.03731047219322092,-0.00817862141109571,-0.04729363821789434,18983349.1,1.341825031284917,0,-28.83676828821035,-20.122962891573025,29.285740443638392,0.024149205593138306,-0.04845610571507302,-0.08301671071017631,-0.11731821381632768,0.02682531148737672,1
2026-04-02,1215.800048828125,1222.0999755859375,1187.5999755859375,1196.0,20851722,33.69206648992743,-38.442063902964264,-35.33257288897911,-3.1094910139851564,1358.2709753577972,1269.5400024414062,1180.8090295250151,1269.5400024414062,1340.2580029296876,1268.8688877507038,1318.304740168034,1244.9422323916629,1283.3842962946271,1267.7681500582642,0.00255636000748094,0.0163765808727102,0.028376376554067065,0.00255636000748094,-0.014589073826911103,-0.028292761928734422,-0.05656856142305178,19179501.05,1.0871879276546665,0,-29.461828674452363,-20.722058556364345,30.250026157924108,0.02488075747906183,-0.04182373721579131,-0.07775492889970455,-0.10489138700187739,0.029633089202565736,1
2026-04-06,1231.4000244140625,1234.4000244140625,1200.5,1213.0,10058414,42.33959421074422,-36.674793708934885,-35.60101705297026,-1.0737766559646218,1340.6594229590755,1262.8400024414063,1185.0205819237372,1262.8400024414063,1337.27400390625,1265.3004245757857,1314.8967120992506,1242.8588157797244,1279.5336094886593,1261.8244764487667,0.012831037143791857,0.016161000270538246,0.027529660339411767,0.012831037143791857,0.02114603158117534,-0.02246560915675644,-0.044908106896210276,18681965.15,0.5384023532449422,0,-29.351171349058177,-21.019229858382005,30.078604561941965,0.024426347219096638,-0.026792372390998655,-0.06350056770001693,-0.08149675948561041,0.03913809025581138,1
2026-04-07,1245.5,1250.4000244140625,1216.5999755859375,1229.0,25600557,47.99135014511339,-33.74744956477548,-35.23030355533131,1.4828539905558316,1321.2387016541213,1257.2350036621094,1193.2313056700975,1257.2350036621094,1334.6680029296874,1263.4146698542825,1312.1752724090838,1243.2651518136129,1277.0126013783884,1255.7292958714602,0.011450361626106575,0.016381155321535945,0.02713773490816941,0.011450361626106575,0.02704712636990636,0.009482858412096506,-0.0036796861657255597,19082468.45,1.3415747059704952,0,-25.441540632778697,-19.73612471994079,31.221461704799108,0.02506741204720924,-0.014179564541821156,-0.05081277921559336,-0.057324010838692846,0.04380432702488417,1
2026-04-08,1309.199951171875,1333.5,1292.4000244140625,1310.0,25148651,56.54996931722117,-25.987882411739747,-33.381819326613,7.393936914873251,1320.2758999344567,1257.025,1193.7741000655435,1257.025,1333.872001953125,1267.7751728369103,1312.0585931448798,1253.4089670994995,1279.3968495112392,1255.1592339957247,0.05114407962414691,0.02117617791394514,0.03139319975466589,0.05114407962414691,0.07682176229041571,0.0856620985707377,0.05122846114269919,19200958.4,1.309760194053647,0,-13.180448500341527,-14.911181524734502,34.8857421875,0.026646611280632497,0.03267517713118497,-0.002178745665734987,-0.008389116822575891,0.09668986041831039,1
2026-04-09,1281.300048828125,1308.0,1275.9000244140625,1299.9000244140625,22923062,48.72062524323316,-21.837924488358794,-31.073040358962157,9.235115870603362,1320.6401408170263,1257.1700012207032,1193.69986162438,1257.1700012207032,1332.5880029296875,1269.0632562646451,1310.8523757206935,1257.6999027500572,1279.537827238416,1256.4666679292482,-0.02131065030882151,0.021834977187041096,0.02505266086214239,-0.02131065030882151,0.0405230009945845,0.056568071590964664,0.047926801338370684,19541278.9,1.1730584327313398,0,-5.391825056856533,-11.636229399989816,35.72859409877232,0.027884642735672753,0.0096423818931592,-0.022544359258090348,-0.029788653830076096,0.07338543801499581,1
2026-04-10,1321.9000244140625,1324.0,1288.5,1289.0,18174755,54.95139618919425,-15.098923225425779,-27.878216932254883,12.779293706829105,1323.0833089133748,1257.6700012207032,1192.2566935280315,1257.6700012207032,1332.1580029296874,1274.0953294217325,1311.2856168459239,1267.5768445445196,1282.6757677699454,1256.6893548424023,0.03168654806738691,0.023442462063324364,0.026855283564833517,0.03168654806738691,0.06134084657893424,0.0872676191189532,0.056505815218398814,19493209.5,0.9323633955711603,0,5.226441671028624,-7.01912332211009,36.9000244140625,0.02791438363912474,0.03752050092988484,0.008094657206467189,-0.0008943386189975691,0.10873776728600341,1
2026-04-13,1351.0999755859375,1357.0,1296.699951171875,1304.9000244140625,30572141,65.82081652570439,-7.3176705957368995,-23.76610766495129,16.44843706921439,1336.6257799939197,1260.4950012207032,1184.3642224474868,1260.4950012207032,1331.952001953125,1281.429105246895,1312.8469642474931,1280.42655701243,1287.744227608167,1261.2437352883753,0.022089379402816745,0.022008485808400154,0.04463033818202418,0.022089379402816745,0.03200429726304033,0.09720639012398258,0.07255698019916146,20360603.6,1.5015341195484007,1,16.12868067110935,-2.049747851757502,37.950020926339285,0.028088240405660086,0.05436966434878884,0.029137448903170902,0.010828906496239878,0.14078080879029894,1
2026-04-15,1348.0999755859375,1364.800048828125,1338.0,1358.0,23827473,66.17323309334483,-1.3771715770833453,-19.2883204473777,17.911148870294355,1350.213342662422,1264.575,1178.936657337578,1264.575,1331.5600024414061,1287.7787119458515,1314.2294352803733,1290.837852177585,1292.2150237546684,1266.0582665353895,-0.0022204130369397612,0.021960915040653412,0.01987986745306233,-0.0022204130369397612,0.05213449169763762,0.08237653599834394,0.09264055943779193,20568167.9,1.1584635596056176,0,24.36404209156899,2.0541628712894635,37.557163783482146,0.02785933125409213,0.04684132691473039,0.02577216686547457,-0.001565209741089742,0.14348804678818386,0
2026-04-16,1345.5,1366.9000244140625,1340.199951171875,1352.0,24017236,70.64562709487919,3.0853543489331514,-14.81358548811553,17.89893983704868,1361.878105887399,1269.1099975585937,1176.3418892297884,1269.1099975585937,1330.7980029296875,1293.2759774748179,1315.455731936045,1299.2474133810335,1296.1620590321004,1271.3784676160567,-0.0019286222335308523,0.02099438235150633,0.01984397862667224,-0.0019286222335308523,0.0178530714502394,0.027726894425585957,0.11576413695966892,20901810.0,1.1490505367716959,0,25.50080463790755,3.397138791165162,37.514308384486604,0.027881314295419252,0.040381189656945454,0.022839436808517237,-0.012026117327678915,0.1438001250478023,0
2026-04-17,1346.800048828125,1352.9000244140625,1334.0,1347.0,18151993,67.6906368083503,6.650182210603589,-10.520831948371706,17.171014158975296,1371.8812035980075,1272.804998779297,1173.7287939605865,1272.804998779297,1330.63400390625,1298.3735080798947,1316.6849208337737,1306.563203449817,1299.9130212392133,1275.0378915237977,0.0009662198648272557,0.02050789870278974,0.014033281651948077,0.0009662198648272557,-0.0031825378103109703,0.05111995434629546,0.11057978317444839,20672375.25,0.878079697203639,0,29.310251815249558,5.832545113080187,36.635733468191965,0.027202058315983414,0.03729785030799505,0.02287193201489788,-0.018282308048322683,0.14745421238541262,0
2026-04-20,1356.199951171875,1376.4000244140625,1353.0,1364.699951171875,21551520,67.79788621283402,10.117202719839725,-6.3932250147294205,16.510427734569145,1381.9112412755665,1276.179998779297,1170.4487562830275,1276.179998779297,1330.702001953125,1303.8807883743689,1318.2345298666405,1314.1996261762872,1304.0824234564475,1279.0140111634314,0.006979434216630054,0.020508884856593856,0.017254110939793826,0.006979434216630054,0.006008438344802247,0.025947443924903446,0.11547943469740551,20634796.15,1.0444261161261823,0,29.785458952636418,6.948913020716645,37.20001220703125,0.02742959264589797,0.04012572565221684,0.02880020242610036,-0.01860560167377955,0.15870083495046308,0
2026-04-21,1388.4000244140625,1393.0999755859375,1360.0,1368.0,23312455,77.86591529264115,15.286900383491684,-2.0571999350852,17.344100318576885,1398.1422960005018,1281.1349975585938,1164.1276991166858,1281.1349975585938,1330.6760034179688,1311.9302394257681,1320.986117888108,1325.6150720590217,1310.32817167553,1284.4006369538197,0.023742865655144607,0.01957881133722678,0.023840373814388593,0.023742865655144607,0.031884076115988425,0.027607171565485977,0.12749715517888305,21152362.15,1.10212064424209,0,30.501134178873144,8.13915364061495,37.63572474888393,0.02710726309931253,0.05828799633566277,0.05103301663285503,-0.0069680114923265325,0.19265268360812096,0
2026-04-22,1367.5999755859375,1380.0999755859375,1365.0,1380.0,13613487,79.91122234787039,17.503760465494224,1.8549921450306848,15.648768320463539,1409.143289547845,1287.0099975585938,1164.8767055693427,1287.0099975585938,1329.8600024414063,1317.2321190600699,1322.8141123076307,1332.0742879862396,1314.5705275207454,1288.0263854475213,-0.014981308313433028,0.01872941252382214,0.011041222474041091,-0.014981308313433028,0.015443960501717369,0.014464802576325653,0.09803289890480738,21111891.55,0.6448255461979199,0,29.453407114218408,8.584677027257385,36.921439034598215,0.02699725043412604,0.03823764680275816,0.033856505507170995,-0.02948125593050052,0.17402980851738487,0
2026-04-23,1348.0,1354.0,1343.5,1348.4000244140625,20111792,73.8961707588198,17.47761278538701,4.97951627310195,12.49809651228506,1415.526955122314,1292.1399963378906,1168.7530375534673,1292.1399963378906,1328.8900024414063,1320.1623934353013,1323.8017941779196,1334.5243975268181,1317.046784741431,1292.2052703623945,-0.014331658332722652,0.01975310512806593,0.007789317507418398,-0.014331658332722652,-0.006046270068649884,0.00185804533630618,0.029636457588769982,21296430.85,0.9443738315427629,0,26.88641596048342,8.346062241874733,36.63572474888393,0.027177837350804104,0.021086501708521048,0.018279326957029416,-0.04770446431836332,0.15336598638643767,0
2026-04-24,1326.199951171875,1348.800048828125,1324.0,1336.300048828125,14056743,68.29025410703365,15.518916402599416,7.087396299001444,8.431520103597972,1417.0675225096516,1297.3149963378905,1177.5624701661295,1297.3149963378905,1327.292001953125,1320.7373989340226,1323.8958395502318,1333.2437134722115,1317.7247970696121,1296.2609249552313,-0.01617214304757042,0.020742213807678708,0.018700082748616332,-0.01617214304757042,-0.04479982148404049,-0.015295587250813147,0.035042457373521074,21146791.3,0.6647222645073345,0,22.36389085412793,7.210918716458082,35.94287109375,0.027102150819708345,0.004135986640691213,0.001740402494524014,-0.06412367081622793,0.12622470974705557,0
2026-04-27,1314.0999755859375,1335.9000244140625,1310.9000244140625,1327.9000244140625,15385625,63.861884901083286,12.842231253644286,8.238363289930014,4.603867963714272,1418.4033275952027,1300.4599975585938,1182.516667521985,1300.4599975585938,1325.6480004882812,1320.105263377062,1323.5116880222204,1330.2985230281695,1317.4562917745252,1299.7786184548384,-0.009123794323205647,0.02104828778175741,0.019024427718182458,-0.009123794323205647,-0.03911962631988086,-0.03104260219856181,-0.00590063445348854,20885183.45,0.7366765552638705,0,16.224475002693225,5.277158155579855,35.307155064174104,0.026867936778121597,-0.004549097680106218,-0.00711116684609502,-0.07353574965599081,0.11127395636603668,0
2026-04-28,1292.0,1317.699951171875,1286.699951171875,1314.300048828125,16774778,57.590602293632095,8.835802030329432,8.357851038009898,0.47795099231953486,1418.543666439221,1302.075,1185.6063335607791,1302.075,1323.3580004882813,1317.4285716268657,1322.2759355507608,1324.4064425622971,1315.5706405319677,1301.2911567325461,-0.016817575524330608,0.021712460569704214,0.023993808049535603,-0.016817575524330608,-0.041543026706231445,-0.06943245658234953,-0.04374211875794565,20859420.85,0.804182346222714,0,5.498332201097583,1.2898176626526947,35.107151576450896,0.027172717938429486,-0.01930167006736806,-0.022896836232711215,-0.08920674733747637,0.08973776828577196,0
2026-04-29,1281.0,1296.800048828125,1276.199951171875,1294.699951171875,11716030,44.4400695069531,4.718675977529074,7.630016025913733,-2.911340048384659,1416.9234144060902,1304.4349975585938,1191.9465807110973,1304.4349975585938,1320.8560009765624,1313.9591838528786,1320.6572714115152,1317.7285283219437,1313.0098523444146,1304.2910630158997,-0.008513931888544879,0.016801303238238547,0.01608126280737705,-0.008513931888544879,-0.0340823049585659,-0.06332259222864811,-0.04977373844753108,20263677.1,0.5781788735668315,0,-3.272935207191267,-2.1568408961154546,30.292872837611608,0.02364783203560625,-0.025083871902499652,-0.030028435287475945,-0.09592855409412729,0.07471259260274461,0
2026-04-30,1263.4000244140625,1272.199951171875,1259.0,1261.0,17740110,46.3214077676479,0.03524667600072462,6.111062155931132,-6.075815479930407,1411.8533395967877,1307.3099975585938,1202.7666555203998,1307.3099975585938,1317.5240014648436,1309.1440258110865,1318.411889176321,1309.3702969515004,1309.3350502754997,1308.2200922047991,-0.013739247139685773,0.01622386804076419,0.010447958617063388,-0.013739247139685773,-0.03858150225538859,-0.06275962580559158,-0.061018190699321795,19953043.85,0.8890929190234802,0,-11.018367624214761,-5.389905001598663,29.485735212053573,0.02333840006511668,-0.034941916622720795,-0.04172585609541734,-0.1051478301741469,0.050411581178585727,0
2026-05-01,1263.4000244140625,1263.4000244140625,1263.4000244140625,1263.4000244140625,0,35.56980412136454,-3.634508436889064,4.161948037367092,-7.796456474256156,1406.9209066537994,1309.8450012207031,1212.7690957876068,1309.8450012207031,1314.5000024414062,1304.787454249465,1316.2545611464284,1302.2979473303562,1305.9324557672453,1314.310192084361,0.0,0.013272463485288186,0.0,0.0,-0.022136204013883498,-0.047353286887335755,-0.06192457780695093,18679427.2,0.0,0,-15.949944684557522,-7.641278403803426,26.435738699776785,0.020924282245472575,-0.03171967181368196,-0.04015525438052862,-0.1020106258717023,0.041748201535078286,0
2026-05-04,1270.800048828125,1282.199951171875,1264.300048828125,1264.300048828125,14597051,27.80544059684209,-5.877938461685062,2.1539707375566612,-8.031909199241724,1401.2000141015596,1312.5950012207031,1223.9899883398466,1312.5950012207031,1311.68400390625,1301.5505584950517,1314.472031251593,1297.4521167915514,1303.3300552532364,1318.6524170247312,0.0058572299121921745,0.011487302550509563,0.014085537972914378,0.0058572299121921745,-0.007962491156811136,-0.03295025307226396,-0.06296999367236156,18366693.65,0.7947566000808208,0,-18.554704882010356,-9.039656770627289,23.471444266183035,0.01846981693762709,-0.023626058523982918,-0.03322397235176255,-0.09306306306101934,0.038243826284697816,0
2026-05-05,1251.300048828125,1266.699951171875,1245.5,1264.0,24447935,25.48127791646904,-9.12418205989593,-0.10165982193385692,-9.022522237962072,1398.7352972618337,1313.5900024414063,1228.444707620979,1313.5900024414063,1308.5600048828126,1296.76479566963,1311.9946986075356,1290.3517986433321,1299.475980703228,1317.0878545392334,-0.015344664188502333,0.01183429400154703,0.016942340241838324,-0.015344664188502333,-0.009577311502387498,-0.03150151019494973,-0.09874673953840996,19086169.7,1.2809241133384663,0,-20.663775957235657,-10.281236943225167,23.364301409040177,0.01867202149550098,-0.03506013349015058,-0.046261352918443875,-0.10540611130807105,0.018605103726164397,0
2026-05-06,1279.5,1282.800048828125,1252.0999755859375,1262.0,22909586,35.201793721973104,-9.31398726917223,-1.9441253113815316,-7.3698619577906985,1395.950767933953,1315.2900024414062,1234.6292369488592,1315.2900024414062,1305.986005859375,1295.1205294153797,1310.720396701358,1288.6822911597426,1297.9962784289148,1319.7059183403064,0.022536522074209975,0.01397425793092769,0.023993804800459165,0.022536522074209975,0.012743371279737348,-0.0011709601873536313,-0.06441940418154202,18951621.15,1.2088457139720736,0,-18.838654437498917,-9.936874710157326,23.7071533203125,0.018528451207747168,-0.012061062318601977,-0.023819265176561792,-0.08342039748744402,0.03634351245563402,0
2026-05-07,1279.0,1294.0,1273.199951171875,1284.699951171875,25028552,34.74346000740553,-9.396438789041895,-3.4345880069136046,-5.96185078212829,1396.0357413673948,1313.7800048828126,1231.5242683982303,1313.7800048828126,1303.7900048828126,1293.5852408996293,1309.4764595758145,1287.1927079043976,1296.5891466934395,1317.7510647309912,-0.0003907776475186031,0.013945604069792714,0.016262743415265832,-0.0003907776475186031,0.006452589594591718,0.012347613807568436,-0.05118694362017806,18945616.2,1.3210735262334725,0,-15.558784911457224,-8.935429600506495,23.842869349888392,0.018641805590217664,-0.011275052032509223,-0.0232737743034242,-0.08383434456539071,0.038550382497551994,0
2026-05-08,1264.800048828125,1279.5999755859375,1261.199951171875,1279.5999755859375,11137424,29.867862919878846,-10.486715272291349,-4.845013459989154,-5.641701812302195,1396.8960937823053,1312.9550048828125,1229.0139159833197,1312.9550048828125,1301.196005859375,1290.8437940356764,1307.724443468062,1283.7476834311249,1294.2343987034162,1318.0906120539526,-0.011102385591770902,0.013726747468591156,0.01454777332678843,-0.011102385591770902,0.010788779248145142,0.001108140246167677,-0.04629762072415622,18356334.3,0.6067346463612836,0,-13.94366021378869,-8.530117678366423,23.042872837611608,0.01821858945922837,-0.02017575273467334,-0.03282373045356729,-0.09456397332783036,0.029117760490265224,0
2026-05-11,1266.4000244140625,1275.699951171875,1252.0,1259.4000244140625,18980488,18.940921419994183,-11.093780387385777,-6.094766845468479,-4.999013541917298,1396.5114905812663,1310.1800048828125,1223.8485191843586,1310.1800048828125,1298.536005859375,1288.515815976475,1306.103878014964,1281.0788128131153,1292.172593200501,1315.6635587607077,0.0012650027863454483,0.011203414039333887,0.018714427285991632,0.0012650027863454483,-0.010238355284046485,-0.003462404977179534,-0.03629857092920674,18396620.95,1.0317377333362951,0,-13.03474251857665,-8.368153236629041,22.100010463169642,0.017451050250409515,-0.017163771905781847,-0.03039869513383885,-0.09316891915658201,0.03476860458029777,0
2026-05-12,1240.300048828125,1259.9000244140625,1236.300048828125,1256.0,21110708,18.443223942021092,-13.525025690826624,-7.580818614540108,-5.944207076286515,1394.079525098283,1304.6400085449218,1215.2004919915605,1304.6400085449218,1295.646005859375,1283.9238381528228,1303.5233356939116,1274.8051568154244,1288.330182506251,1309.888142780114,-0.02060958234584165,0.011624618942779007,0.01902763416661598,-0.02060958234584165,-0.030257975896696654,-0.008790857165155375,-0.04001544208349461,17923549.3,1.17781961857298,0,-12.840957516807293,-8.471362913624034,22.578578404017858,0.01820412603010926,-0.03397692918254341,-0.0485018450645002,-0.11030896982675113,0.020654663162149874,0
2026-05-13,1235.5999755859375,1249.199951171875,1227.199951171875,1238.300048828125,19490295,19.91432856400688,-15.650650780468368,-9.19478504772576,-6.455865732742607,1391.058732413346,1299.0150085449218,1206.9712846764976,1299.0150085449218,1292.3480053710937,1279.3215655274053,1300.8596745132068,1268.7735904724263,1284.4242412528947,1303.175911386652,-0.003789464691731914,0.011445691987137302,0.017805115275732596,-0.003789464691731914,-0.023086711033291185,-0.034310296533069606,-0.03544108072916663,17706690.4,1.1007305464605628,0,-15.798963887974423,-9.860722188151158,22.428580147879465,0.018151975227454615,-0.03417560613343008,-0.050166593834719345,-0.1117557103844949,0.023719446579139793,0
2026-05-14,1246.0,1256.699951171875,1236.0,1239.0999755859375,16535600,27.13797154382145,-16.308039991111627,-10.617436036402935,-5.690603954708692,1386.260508540578,1294.0400085449219,1201.8195085492657,1294.0400085449219,1289.1700048828125,1276.148083096224,1298.708314728375,1265.2699611689761,1281.5780011600878,1297.15552536144,0.008416983343764395,0.011672028540620622,0.016613122930878813,0.008416983343764395,-0.01610867342133948,-0.025801407349491767,-0.013772379355566522,17332608.6,0.9540168119875504,0,-17.4371578034054,-10.768144847439544,22.164289202008927,0.017788354094710215,-0.023624282711045438,-0.04058518308585627,-0.1011790407909989,0.036761336570468234,0
2026-05-15,1244.5,1258.0,1242.0,1246.5999755859375,11745614,28.88349316798528,-16.7569000280414,-11.84532883473063,-4.91157119331077,1380.167048050735,1288.9250061035157,1197.6829641562963,1288.9250061035157,1286.4820043945313,1273.1339799442026,1296.5824984645171,1262.0745825275953,1278.8314825556367,1292.9350135951486,-0.0012038523274477964,0.011616353082610489,0.012856568903173965,-0.0012038523274477964,0.003386238012199838,-0.016050006360241342,-0.014959651772072702,17012289.65,0.6904193522239965,0,-17.709814091473845,-11.141945003544834,21.521432059151785,0.01729323588521638,-0.02249093999160835,-0.04016905868018119,-0.09829755625765955,0.03908967334830867,0
2026-05-18,1251.0999755859375,1253.699951171875,1232.0,1235.5,13918850,36.30273125304052,-16.391115394529606,-12.754486146690425,-3.6366292478391813,1370.602271330668,1283.6700073242187,1196.7377433177694,1283.6700073242187,1284.02400390625,1271.0355033386536,1294.7988701163376,1260.386181459648,1276.7772968541776,1286.4877904703662,0.0053033150549919306,0.01120927227098389,0.017344697942074605,0.0053033150549919306,0.012544513035175342,-0.01208152916390226,-0.015502102994372713,16630656.15,0.8369393170335014,0,-17.4803126378215,-11.3050078986264,20.857142857142858,0.0166710440925192,-0.015684477499134417,-0.0337495618346298,-0.08718962330969289,0.045425351186348696,1
2026-05-19,1240.800048828125,1256.300048828125,1229.800048828125,1251.0999755859375,38929053,36.47375814282076,-16.739385233347093,-13.55146596402176,-3.1879192693253326,1349.8133055577637,1276.2900085449219,1202.76671153208,1276.2900085449219,1281.5320043945312,1268.1559362424127,1292.6812692815058,1257.3729302855675,1274.1123155189146,1275.2542796453345,-0.00823269679386629,0.011197403315515346,0.021357188069929523,-0.00823269679386629,-0.0041733155472512,0.00040312825954691434,-0.008391272748557443,17411486.05,2.235825987983375,1,-15.767901910410046,-10.842066412405757,21.278564453125,0.01714906803333991,-0.021571390893255698,-0.040134580492697386,-0.08076172925602679,0.03162154134412166,1
2026-05-20,1237.300048828125,1239.699951171875,1223.300048828125,1230.0,14953103,40.297398039431016,-17.100686272496205,-14.26131002571665,-2.8393762467795547,1331.3521107341114,1269.7750122070313,1208.1979136799512,1269.7750122070313,1279.126005859375,1265.217280298195,1290.5094567147066,1254.2847946767301,1271.3854809492263,1269.7405688605018,-0.0028207606884812497,0.010702423184496736,0.013254587971028305,-0.0028207606884812497,-0.005785416771293739,0.0013759090933789242,-0.03298159528868694,17478466.85,0.8555157113222432,0,-14.10428522921029,-10.350217798500125,20.957135881696427,0.01693779605160883,-0.022065167702649654,-0.041231319623211915,-0.07064401757257578,0.024087225129808425,1
2026-05-21,1242.800048828125,1248.300048828125,1234.4000244140625,1245.300048828125,14394386,42.6428594472477,-16.7501308328267,-14.759074187138662,-1.9910566456880368,1314.915325836012,1264.5150146484375,1214.114703460863,1264.5150146484375,1277.7140063476563,1263.0823058724739,1288.6384995426838,1252.5179107000217,1269.2680415328484,1263.9656987703356,0.004445162679181269,0.010813687417862263,0.011184441477266811,0.004445162679181269,-0.006634103524720603,-0.0025681791106541008,-0.028303323824765414,17192596.55,0.8372432842321307,0,-13.065777223750047,-10.06981518569114,21.949994768415177,0.017661726670442694,-0.016057747741418077,-0.03557122554605198,-0.054844046297838026,0.023626552981768325,1
2026-05-22,1264.300048828125,1270.800048828125,1242.0,1242.0,11601085,47.89097787839852,-14.569494738124604,-14.721158297335851,0.1516635592112472,1302.6366332432906,1261.42001953125,1220.2034058192096,1261.42001953125,1277.4320068359375,1263.1982813920597,1287.6840504950542,1254.3305473351147,1268.9000420732393,1260.955654651851,0.017299645281051435,0.011771539986277696,0.022779441363479862,0.017299645281051435,0.01893939319408844,0.01591004325281231,-0.00039531940282833133,17069813.65,0.679625755609816,0,-9.935698552142867,-8.89844796946295,22.664289202008927,0.017926353180968687,0.000872204666753616,-0.018159735424181984,-0.029429991017307394,0.036138764077051716,0
2026-05-25,1291.800048828125,1293.5,1270.9000244140625,1271.0,13853923,62.492299999548166,-10.501252843550446,-13.877177206578772,3.375924363028325,1296.410855909071,1260.3050231933594,1224.1991904776478,1260.3050231933594,1277.0300073242188,1265.9222592431136,1287.8454621943904,1260.095086026347,1270.5963388698974,1259.2655710092802,0.021751165813439277,0.01228871935853432,0.017494948700798853,0.021751165813439277,0.04404752109370569,0.03253143156934857,0.020056872966197625,16993228.55,0.8152613824522474,0,-5.11324409554004,-6.953407921947246,22.942853655133927,0.017760375280947593,0.02044184735363102,0.0030706996684185177,-0.003556594007162,0.05522047300497011,0
