Date,Close,High,Low,Open,Volume,RSI_14,MACD,MACD_Signal,MACD_Diff,BB_High,BB_Mid,BB_Low,SMA_20,SMA_50,EMA_20,EMA_50,EMA_12,EMA_26,VWAP,Returns,Volatility,Price_Range,Return_1D,Return_3D,Return_5D,Return_10D,Volume_MA20,Volume_Ratio,Volume_Spike,EMA20_Slope,EMA50_Slope,ATR_14,ATR_Percent,Distance_EMA20,Distance_EMA50,Distance_BB_High,Distance_BB_Low,Signal
2021-08-12,960.3029174804688,967.4466034758628,957.800331624984,966.8550623942888,8137612,50.786401592449536,-2.4707929502426396,-5.741180750411883,3.2703878001692432,974.6150640416801,949.8819610595704,925.1488580774607,949.8819610595704,969.3902966308593,953.5277820862323,965.0800119378854,953.0086083978498,955.4794013480924,950.7115259651458,-0.003211546667114318,0.012028629391066675,0.010045030245443416,-0.003211546667114318,0.016055752090089914,-0.01112795097826258,0.027882691152851802,11151572.5,0.7297277581255917,0,0.7331537950238953,-2.410130298101535,17.70483585965476,0.018436719848885445,0.007105336122889995,-0.0049499465311940395,-0.014684922375260187,0.03799827357087298,0
2021-08-13,976.2965087890624,978.2303606065248,959.5975996548036,963.3969420853272,12780901,61.043328253386946,-0.4300470024926426,-4.678954000828035,4.248906998335392,978.6841629778074,951.3220703125,923.9599776471927,951.3220703125,968.8777392578126,955.6962322484065,965.5198745595002,956.5913623041902,957.0214093066828,951.9567867901445,0.016654735727092973,0.012060218720847714,0.019085145531076476,0.016654735727092973,0.027585599038123076,0.02709357027988535,0.05421797795596417,11318199.75,1.1292344438434212,0,3.1160535358995958,-1.305670244285011,17.413956786858982,0.017836750034534256,0.021555255577591702,0.011161483583627771,-0.0024396575310672397,0.056643720948976045,0
2021-08-16,988.9686279296876,1002.3914951366928,968.3338340297282,977.980105672493,21935444,68.66145710987892,2.1846101473042836,-3.306241171201571,5.490851318505855,984.626280668789,952.7121307373047,920.7979808058204,952.7121307373047,968.7922888183593,958.8650318371,966.4394335151939,961.5724800927283,959.387869945424,954.9128230719248,0.012979785369040098,0.011755387666716322,0.034437554584781,0.012979785369040098,0.02654328242091286,0.04638572345589087,0.04873337218475027,11973562.7,1.831989738526195,1,6.994567875486609,0.464766004571743,18.49136361722574,0.018697624065118892,0.03139502963718659,0.0233115430033201,0.0044101476328146745,0.074034314306607,0
2021-08-17,984.7598266601562,994.2923038234344,977.297622981309,986.8529072733436,12658169,70.52740299699256,3.8724900335097345,-1.8704949302593104,5.742984963769045,989.1876602114974,954.1977478027344,919.2078353939714,954.1977478027344,968.2880297851563,961.3312027726291,967.1578803051924,965.1397641800249,961.2672741465152,956.3984841043945,-0.004255748009258986,0.011449327481238041,0.017257691045098143,-0.004255748009258986,0.025467910941950223,0.036493531706247806,0.036642372788028954,12188748.7,1.038512591534519,0,9.630519325961018,1.8062284399010196,18.348357073573784,0.01863231681150399,0.02437102199528666,0.018199661827094295,-0.004476232093710508,0.07131356886017981,0
2021-08-18,988.5818481445312,995.0202580244994,979.4588769168306,989.196136150576,10075860,69.79448024525914,5.4556627119568475,-0.4052634018160788,5.860926113772926,994.1907544254967,955.9916320800781,917.7925097346596,955.9916320800781,967.9762878417969,963.9265023318579,967.9980359067351,968.7462386361028,963.290575924146,957.7568487716081,0.0038811712063209214,0.011407168712591755,0.01574111555545548,0.0038811712063209214,0.012583614962125456,0.02614180741046712,0.03275098923809461,12355468.5,0.8154980120745725,0,11.111892392387404,2.7230405216082545,18.255726810868435,0.018466581037404842,0.025578034998549135,0.021264311986454613,-0.005641680186622369,0.07713000232518501,1
2021-08-20,977.4796142578124,988.2861007519195,972.3607078932538,975.09076320503,9426282,68.33311488316245,5.748219084882749,0.8254330955236866,4.9227859893590615,995.8338818756721,956.6184112548829,917.4029406340936,956.6184112548829,967.8016223144531,965.2172748962346,968.3698625087382,970.0898348855966,964.3416158007138,958.4403034819212,-0.011230465041975668,0.011639768159403518,0.016292301779365193,-0.011230465041975668,-0.011617166963047598,0.017886748508907813,0.006559754670077522,12428162.75,0.7584614226266067,0,11.68949281000232,3.2898505708527637,18.216721801660412,0.018636421195844716,0.012704226996865613,0.009407306135564533,-0.018431053564163826,0.06548559085955705,1
2021-08-23,983.8952026367188,989.1960842036104,970.2220598111206,989.1960842036104,9854395,65.7659498246692,6.423707976120568,1.945088071643063,4.478619904477505,998.9806033244907,957.9072326660156,916.8338620075405,957.9072326660156,967.6827160644531,966.9961251572331,968.9786993765022,972.2137376165385,965.790029640418,959.1997468582068,0.006563398648244512,0.01092822845830959,0.01928459895082499,0.006563398648244512,-0.0008780049713947857,0.007783182444318415,0.035087626924759974,12424031.0,0.7931721194192126,0,11.299892908826564,3.4588248170019824,18.138722597722815,0.018435624596108667,0.01747584818578033,0.015394046607850865,-0.015100794387368026,0.07314448495863556,1
2021-08-24,993.6097412109376,997.3863365967812,980.823849400721,985.1237449789752,11864472,66.4834655837754,7.654681461203381,3.087006749555127,4.567674711648254,1003.8740279184226,960.3381317138671,916.8022355093117,960.3381317138671,967.4147143554687,969.530755257586,969.9446225856957,975.5054304772153,967.850749016012,961.121460339647,0.009873550097800221,0.011024026684980391,0.016669006461103263,0.009873550097800221,0.005085965391579128,0.004692882211001725,0.051296288403343215,12397771.2,0.9569842682691225,0,10.66572342048596,3.5051890705018423,18.45073659449817,0.018569399865194344,0.024835711319909942,0.024398422419369695,-0.010224676027099176,0.08377761607328216,1
2021-08-25,1002.2095336914062,1010.1267969703356,991.9717803975888,994.383378575713,13380559,66.81413930208858,9.217909871477218,4.313187373939545,4.904722497537673,1009.3290165899957,963.6961242675782,918.0632319451606,963.6961242675782,967.0297729492188,972.6430198703307,971.2099132172922,979.6137540486294,970.3958441771522,964.2984417384267,0.008655100814518812,0.011057543585020724,0.018114990890055735,0.008655100814518812,0.0252996779399548,0.01771975923350899,0.05485994753517187,12525573.0,1.0682592325317173,0,11.311817097701578,4.052032912099776,18.869999276555923,0.018828397298369992,0.030398114433615377,0.03191855854459181,-0.0070536790100838905,0.09165632476965596,1
2021-08-26,1014.8815307617188,1021.4564824929126,1003.3014677332652,1004.666525440298,18589616,66.51223446556492,11.34848563018977,5.7202470251895905,5.62823860500018,1015.7281152280511,968.0892639160156,920.4504126039801,968.0892639160156,966.8518615722656,976.6657351933201,972.9225256700148,985.0395658506432,973.6910802204534,969.7277808612066,0.012644059594641988,0.010923969497996486,0.01788880200235903,0.012644059594641988,0.03149352496278102,0.02660344478967458,0.05344071433028841,12810161.4,1.4511617316546848,0,12.739232861462142,4.9244897632796665,18.58562077025738,0.018313093900041665,0.03912883824150366,0.04312676907424707,-0.000833475468129887,0.10259229271307549,1
2021-08-27,1013.4937744140624,1020.4782919319844,1008.3294342208058,1017.8619111430866,10480636,77.76446157962754,12.777708460362987,7.131739312224271,5.645969148138716,1021.0038670281948,972.0512817382812,923.0986964483676,972.0512817382812,966.9956457519531,980.1731675000574,974.5135550325265,989.4171363988615,976.6394279384986,973.4040386119071,-0.0013674072348275335,0.008546132215446957,0.011987106401519145,-0.0013674072348275335,0.02001191451574491,0.03684389897337659,0.05538966503730891,12645906.3,0.8287769774160038,0,14.955892603822804,6.1436925237883315,17.23683661878357,0.017007343364046624,0.03399461239995947,0.03999966873753219,-0.007355596640384741,0.09792569127601505,1
2021-08-30,1032.9910888671875,1035.539228921763,1017.7709708130756,1023.7771290070832,14027062,84.46997197473685,15.307196349661126,8.766830719711642,6.540365629949484,1028.5147831715524,977.3965362548828,926.2782893382131,977.3965362548828,967.49251953125,985.2034457254983,976.8067916534936,996.1208213939885,980.8136250443274,978.3520765936731,0.019237724932644307,0.008823386651171682,0.01720078546676784,0.019237724932644307,0.030713692237994028,0.04989950769034923,0.05807106710690335,12779729.0,1.0976024608972537,0,18.20732056826523,7.82809227699147,18.05423882269691,0.017477632689451166,0.04850535526344876,0.05751833186846262,0.004352203554947336,0.11520598156868841,1
2021-08-31,1027.4854736328125,1039.1337183154053,1020.2507393885752,1036.016904489164,26485463,80.23477608196592,16.67535349380887,10.348535274531088,6.326818219277783,1034.6980027688205,981.6201873779297,928.5423719870389,981.6201873779297,967.7882788085938,989.2303055261949,978.7941909468003,1000.9461525076538,984.2707990138449,984.8682353717656,-0.00532977998911166,0.009366336473594255,0.018377854881068835,-0.00532977998911166,0.012419127246934725,0.034093599344738434,0.03894647880161406,13557746.95,1.953529823035973,1,19.69955026860896,8.849568361104616,18.127362780477604,0.01764245164107857,0.03867164996150089,0.04974619091160776,-0.006970661117260791,0.10655744382891198,1
2021-09-01,1031.5577392578125,1043.2970916409213,1029.6922485674477,1034.242360892605,11145486,78.69745210654109,17.882092064080666,11.855246632441004,6.0268454316396625,1041.0269499815854,985.7005065917969,930.3740632020082,985.7005065917969,968.059921875,993.2614896911109,980.863349704095,1005.6556273922936,987.7735353282129,988.5877566029735,0.003963331579377005,0.00905643598027463,0.013188639429201555,0.003963331579377005,0.01782345910727834,0.02928350268063107,0.04752215853115449,13524156.3,0.8241169173710303,0,20.618469820780206,9.653436486802775,18.067234444804114,0.017514515918229813,0.03855605997430862,0.05168343742174782,-0.00909602842072475,0.10875590803506173,1
2021-09-02,1043.9796142578125,1050.0767599227504,1026.052128476792,1026.052128476792,9956770,82.6643882713468,19.61467678934673,13.40713266382215,6.207544125524581,1049.4198760106349,990.0379089355469,930.6559418604588,990.0379089355469,968.6846545410157,998.0917872688921,983.3384973336525,1011.5516253716041,991.9369485822574,992.0980580339907,0.012041861087618067,0.008917741902405192,0.02301254844237363,0.012041861087618067,0.010637580042123451,0.028671409040476048,0.05603761207760116,13363504.8,0.7450717569241266,0,21.426052075571988,10.41597166363772,19.09426013016694,0.018289878336121973,0.04597555813427205,0.06166860861096145,-0.005184065860753002,0.12176752685940005,1
2021-09-03,1086.7962646484375,1089.753849755498,1047.6652497127798,1051.0777738490865,30664428,85.6661210974529,24.164159134726674,15.558537958003054,8.60562117672362,1068.4920223392503,995.8222534179688,923.1524844966872,995.8222534179688,970.3513635253906,1006.5398327336106,987.3956646793304,1023.1277237218862,998.9635645871596,1002.9792493194168,0.041012918074137206,0.012718119187321589,0.03872722184625226,0.041012918074137206,0.05772421366301539,0.07232653232305641,0.11183522274643831,13834122.3,2.216579218762581,1,26.36666523355325,12.882109646803883,21.032936883450116,0.019353155294708303,0.07973497849246808,0.10066947174756816,0.017130911533727422,0.17726625113398325,0
2021-09-06,1103.67724609375,1128.4299004209945,1097.4889922462603,1097.944051619568,33641710,86.04527077307827,28.799824345294383,18.20679523546132,10.593029109833061,1087.4516811483459,1003.478970336914,919.506259525482,1003.478970336914,972.8275390625,1015.7910149583857,991.9557266955821,1035.5199579329421,1006.7201335876478,1017.7812025868434,0.015532793030691217,0.012816608983062893,0.028034380779565316,0.015532793030691217,0.06991320416812163,0.06842862246186399,0.12174268472498895,14685158.45,2.290864624616972,1,30.587569232887404,15.14893504208851,21.574077930992434,0.019547451945167545,0.08651999263742721,0.11262752599890347,0.014920722664449772,0.2002933472832591,0
2021-09-07,1110.638916015625,1118.4195769224002,1097.4890117544835,1105.6792381399396,17349882,88.88270088077927,32.65889953998794,21.097216096366644,11.561683443621298,1103.7533346476562,1011.754507446289,919.7556802449219,1011.754507446289,975.8893176269531,1024.8241483924085,996.6099694140153,1047.0767207148933,1014.4178211749054,1024.7723243076161,0.006307704491067989,0.01234539583657028,0.01884551753598219,0.006307704491067989,0.06385115269248054,0.08092906860163418,0.11778183118661945,15177945.4,1.1430981956227093,0,35.59384286621355,17.815778467214955,21.855212525691815,0.01967805396563679,0.08373609048716306,0.11441682313157699,0.006238333468017891,0.20753689253636656,0
2021-09-08,1106.2933349609375,1116.599387104017,1095.0545376191697,1115.689388852755,14301651,86.2425915965994,34.96355427175308,23.870483731443933,11.09307054030915,1115.9388041631678,1019.5647857666015,923.1907673700352,1019.5647857666015,979.0320825195313,1032.5831185417921,1000.9112778668358,1056.1869690604385,1021.2234147886854,1031.415313656222,-0.003912685745135924,0.012748510038978053,0.019474807272167244,-0.003912685745135924,0.017939949691313073,0.07244926082072345,0.10385433162480773,15297068.05,0.9349275922192161,0,39.321628850681236,20.047928162740845,22.282603124061716,0.020141677094030853,0.07138429352131816,0.10528611219037741,-0.0086433675092635,0.1983366537693186,0
2021-09-09,1103.67724609375,1109.2510915570197,1099.35460328716,1104.7237261918483,8963249,90.9978252110544,36.16205953063377,26.3287988912819,9.83326063935187,1126.1081333041955,1026.5788024902345,927.0494716762735,1026.5788024902345,982.1061450195313,1039.3539878324548,1004.9413158365187,1063.4931655271018,1027.331105996468,1035.7318530439481,-0.002364733461292956,0.011904420909727133,0.008966831838643372,-0.002364733461292956,0.0,0.057182756272858626,0.08749367550849563,15285982.35,0.5863704925709272,0,41.262200563562715,21.60281850286617,21.83084226824616,0.01978009635109554,0.06188772931485997,0.09825044378341931,-0.019918946100344174,0.19052680554156565,0
2021-09-13,1079.0838623046875,1107.0443192185294,1077.4913349676583,1107.0443192185294,16311160,77.65737206099486,34.727090761334466,28.008457265292414,6.718633496042052,1129.539561102968,1032.5178497314453,935.4961383599225,1032.5178497314453,984.4803991699218,1043.1377854012387,1007.8488666784077,1065.891734262115,1031.1646435007806,1040.3566989332114,-0.022283130214114655,0.014524804631939031,0.027387106121439308,-0.022283130214114655,-0.028411622585799545,-0.007096456433115184,0.06471681380435235,15694659.75,1.0392808929801745,0,36.59795266762808,20.45320199907735,22.586482258130534,0.020931164895646517,0.03445956747662273,0.07068023587807437,-0.044669262180610805,0.15348831283953532,0
2021-09-14,1077.67333984375,1089.2988378614205,1076.5584984650136,1080.6536720322044,8908356,75.6633385456339,33.09455684820364,29.02567718187466,4.068879666328979,1132.8172428658615,1037.5866912841798,942.356139702498,1037.5866912841798,986.9420153808594,1046.426885824335,1010.5870813123428,1067.704288966982,1034.6097321187783,1044.373500198595,-0.0013071481376109029,0.01464466484809721,0.011822079033943673,-0.0013071481376109029,-0.025870168618703726,-0.023561150999566016,0.04325521435578161,15501032.5,0.5746943631012966,0,30.635870865949187,18.631354616760632,22.313471701012435,0.020705227526782492,0.029860140677482987,0.06638345153224141,-0.0486785519636032,0.14359454397354662,0
2021-09-15,1082.1551513671875,1090.09504087413,1077.6960268089388,1077.6960268089388,9071075,75.03565657604356,31.795883540945624,29.579718453688855,2.216165087256769,1136.5752509963577,1042.2460174560547,947.9167839157517,1042.2460174560547,989.2102526855468,1049.829577780797,1013.3936722948857,1069.9274985670136,1038.131615026068,1049.829577688316,0.0041587848170090425,0.014629280508083809,0.011457704608739759,0.0041587848170090425,-0.01950035193960531,-0.025646287229536213,0.053207251233521546,14857814.05,0.6105255436280009,0,25.00542938838862,16.783702880870464,21.90394916227195,0.020241043194775397,0.03079125819137471,0.0678526824788511,-0.04788077127446142,0.14161408441035322,1
2021-09-16,1104.860107421875,1108.750437452325,1077.013388880378,1083.6338341939222,13448882,76.5116226373562,32.227279768499784,30.10923071665104,2.118049051848743,1142.4626395447112,1048.2510314941405,954.03942344357,1048.2510314941405,991.7401184082031,1055.070580603757,1016.9805913194735,1075.301746083146,1043.0744663146463,1054.68826798317,0.02098123917444017,0.015100390038040068,0.02872494749222467,0.02098123917444017,0.023887156520101316,-0.001295522167376273,0.07105987902994393,14897349.7,0.9027701081622592,0,22.487462061964834,16.069313452637743,22.796099145874855,0.020632566053152366,0.04719070717489469,0.08641218608546193,-0.03291357705825848,0.15808642732385564,1
2021-09-17,1087.72900390625,1117.441336518829,1080.9265822690463,1112.9594649804742,34882133,70.0159894886721,30.831422062134834,30.2536689857478,0.5777530763870331,1144.5916419502398,1053.2083892822266,961.8251366142133,1053.2083892822266,994.1585083007812,1058.180906632566,1019.7550388718962,1077.2136319020851,1046.3822098399503,1061.1762239515172,-0.015505224055558875,0.016085343672906337,0.033569716463063,-0.015505224055558875,0.009330901759115662,-0.014450096025759085,0.041906363927939116,16137663.35,2.1615355484534877,1,18.826918800111116,14.813723035377507,24.536520327203725,0.022557567407955684,0.02792348367701568,0.06665715043639302,-0.04967941050757898,0.13090099488898735,1
2021-09-20,1089.4580078125,1100.3782281549334,1078.3784384748346,1079.3339306750968,11779819,66.83855514664396,29.52437235238017,30.107809659074277,-0.5834373066941083,1144.1783247114822,1058.807308959961,973.4362932084396,1058.807308959961,996.7457067871094,1061.159678173512,1022.4884886342728,1079.0973820421489,1049.5730096897687,1064.5708177113047,0.0015895539238548473,0.01558267469641644,0.020193334228890244,0.0015895539238548473,0.00674843753789478,0.009613845475972216,0.002449164807281967,16255340.2,0.7246737905860623,0,18.021892772273304,14.639621955865096,24.53325855380359,0.022518773902138193,0.026667362340506186,0.06549659964160347,-0.047824989966297936,0.11918778395004528,1
2021-09-21,1094.16748046875,1099.5820973964808,1084.7486779581968,1094.3039621775245,9915736,69.97958367074042,28.539554901619567,29.794158707583335,-1.254603805963768,1143.3272761764413,1064.3209228515625,985.3145695266837,1064.3209228515625,999.5858935546875,1064.3032783921062,1025.2994294905268,1081.4158587231645,1052.876303821545,1067.9621352904426,0.004322766570605152,0.015353771445967558,0.01355680890089075,0.004322766570605152,-0.009677810685079002,0.01530532492099268,-0.00861643715013416,16258407.25,0.6098836034507624,0,17.87639256777129,14.712348178184016,24.244004304621722,0.02215748935824285,0.028059861021720287,0.06716872066577065,-0.042997133657209106,0.11047528810454516,1
2021-09-22,1105.90673828125,1111.1392587944545,1091.2325487612284,1095.6689260415033,10995912,71.2982681412259,28.379202195591915,29.511167405185056,-1.1319652095931403,1143.5611350692186,1069.935772705078,996.3104103409376,1069.935772705078,1002.8556091308594,1068.2655126672628,1028.4605004234963,1085.1836863474855,1056.8044841518936,1071.9720417711924,0.010728940516008478,0.015438098457444639,0.01800035151622658,0.010728940516008478,0.016711638937382478,0.021948411818818236,-0.004260770684455628,16214979.25,0.6781329677002208,0,18.435934886465702,15.06682812861061,24.53651087784439,0.022186781243396635,0.03523583338378489,0.0753030746692392,-0.03292731418831353,0.11000219088628069,1
2021-09-23,1132.9344482421875,1136.1649964932392,1112.731907489886,1113.596411926489,15748397,73.51458726739301,30.08621665703413,29.62617725555487,0.46003940147925704,1147.9611945360039,1076.4720184326172,1004.9828423292305,1076.4720184326172,1006.548486328125,1074.4244589124937,1032.5575179850136,1092.5299574082087,1062.4437407511746,1077.5274701141375,0.024439411593551563,0.0162039146261049,0.020683534726754018,0.024439411593551563,0.03990648571851141,0.025409860154895325,0.024081418950418598,16333371.15,0.9641853390443528,0,19.35387830873674,15.5769266655401,24.98176993256087,0.02205049901282595,0.05445705265209261,0.09721195043260603,-0.013089942730938777,0.12731720435784347,0
2021-09-24,1129.6583251953125,1140.009872555042,1124.7897556991463,1139.1453680882423,15192163,64.32482094279797,30.819415132692257,29.86482483098235,0.9545903017099064,1151.2684928985168,1082.2108581542968,1013.1532234100769,1082.2108581542968,1010.0338781738282,1079.684827129905,1036.3653927775745,1098.24201399084,1067.4225988581477,1083.761655330096,-0.0028917145665030564,0.01279112109101151,0.013473203814316293,-0.0028917145665030564,0.032436391466650116,0.03854758045293094,0.02354046818806621,16163498.5,0.9399056151117284,0,21.503920497339095,16.610353905678267,22.79933288671873,0.020182503309376165,0.046285264745500425,0.09001934362908684,-0.018770745344378337,0.1149925787070016,0
2021-09-27,1148.655029296875,1151.134928281977,1126.2912870102596,1131.6149158288963,15373834,64.8222972070563,32.55804657177782,30.403469179141446,2.1545773926363765,1156.1401982707773,1088.9689208984375,1021.7976435260978,1088.9689208984375,1014.023876953125,1086.2534178124736,1040.7689079351942,1105.9978624994608,1073.439815927683,1088.716069351068,0.01681632727159177,0.012893267396245398,0.0216284616687091,0.01681632727159177,0.03865451718113455,0.05433621218979834,0.06447243761351285,16408158.4,0.9369627977262823,0,25.09373963896155,18.28041930092138,21.600047565230188,0.018804642833847342,0.0574466422486085,0.1036600157240656,-0.006474274473889742,0.12415118255020438,0
2021-09-28,1159.3934326171875,1167.0603586138618,1143.354184437372,1153.0004562253168,18035258,65.67668113453865,34.4058150972196,31.20393836275708,3.201876734462523,1164.0512124182842,1095.2890380859376,1026.526863753591,1095.2890380859376,1018.2618591308594,1093.2191335081607,1045.420850079586,1114.2125655944956,1079.806750497276,1094.9335231658717,0.00934867566538733,0.012979795962603955,0.020447048870180423,0.00934867566538733,0.02335438243232213,0.05961240240890198,0.07583011451808397,16608568.2,1.0859008303918698,0,28.915855116054445,20.1214205890592,21.79830535155684,0.01880147388997181,0.06053159616468866,0.10902076664046349,-0.004001352991523702,0.12943311427599424,1
2021-09-29,1150.2022705078125,1169.380959813766,1146.6531442405346,1169.380959813766,9719875,63.69195890227414,34.728209812448085,31.908792652695283,2.8194171597528026,1166.5147640719156,1101.4248779296875,1036.3349917874593,1101.4248779296875,1022.0425561523438,1098.646098936699,1049.5299253904968,1119.7494432734675,1085.0212334610194,1102.3375494207432,-0.007927560956272672,0.013190520712585963,0.019759842382502852,-0.007927560956272672,0.018185981419601482,0.04005358742582987,0.0628811118762913,15770288.8,0.6163409639016884,0,30.380586269436208,21.069424967000487,21.882802929298546,0.01902517799729027,0.04692700553982856,0.09592136696803445,-0.013983958083103537,0.1098749724970264,0
2021-09-30,1146.2890625,1153.2735802131847,1137.6893908621353,1148.905443362043,13590654,63.18085635012816,34.272870448400454,32.381608211836316,1.8912622365641383,1166.2733045721086,1107.161444091797,1048.0495836114853,1107.161444091797,1025.8673876953126,1103.1835240379658,1053.3244013555754,1123.832461616011,1089.5595911676105,1106.5602998026131,-0.0034021911694582796,0.013225028733241832,0.013595339832573354,-0.0034021911694582796,-0.002059771416596079,0.011787631913331653,0.037497014146702146,15892547.2,0.8551589514863923,0,28.759065125472034,20.7668833705618,22.28906729224067,0.019444543284421918,0.039073769253057465,0.0882583381005735,-0.017135127755874148,0.09373552589944284,1
2021-10-01,1148.3138427734375,1155.6395643825465,1135.2550471541776,1138.417354693103,8958928,74.88958093419095,33.68706999469532,32.64270056840812,1.0443694262872043,1166.1903082615015,1112.378155517578,1058.5660027736546,1112.378155517578,1029.7795812988281,1107.4816496318201,1057.0494774896092,1127.5988279479227,1093.9117579532274,1109.777284994255,0.0017663784290338214,0.011110498072755038,0.017751695110750938,0.0017663784290338214,-0.00955636760744727,0.01651430097228701,0.05569846777057097,15842655.1,0.5654941007962737,0,27.79682250191513,20.684084712034746,21.63417679063337,0.01883995122655836,0.03686940831497475,0.08633878283594858,-0.015328943622172062,0.08478246964726391,1
2021-10-04,1163.0789794921875,1171.587662580675,1154.38820045178,1161.645680951927,10918552,78.01492275548031,34.02205695588418,32.91857184590333,1.103485109980852,1173.0947743265003,1116.1922912597656,1059.289808193031,1116.1922912597656,1033.7422802734375,1112.7766334280457,1061.2074971759848,1133.0573128008864,1099.0352558450022,1115.3502233996037,0.012858102174479358,0.011184894890919688,0.014787871186877145,0.012858102174479358,0.011195169158108031,0.012557251592013596,0.06757577726883612,14855361.3,0.7349906730306182,0,26.5232156155721,20.438589240790634,22.386568248549843,0.0192476767642418,0.04520435148712572,0.09599581852493157,-0.0085379246873409,0.09797995836116212,1
2021-10-05,1187.2174072265625,1188.4914771861918,1159.0748554855732,1162.6012346483487,13533634,80.52618810490564,35.82236796177017,33.499331069076696,2.323036892693473,1185.1263067689551,1120.3692993164063,1055.6122918638575,1120.3692993164063,1038.3242529296874,1119.8662309326662,1066.1490622760075,1141.3896350202212,1105.567267058451,1119.0900698501869,0.020753902495008525,0.011886850147751638,0.02477778839963127,0.020753902495008525,0.03570508178565346,0.023998734016084544,0.0850417586144574,13849957.5,0.9771606880382124,0,26.647097424505546,20.72821219642151,23.60049115356688,0.019878828435222803,0.06014216201322878,0.11355667723620105,0.001764453666806522,0.12467182920950498,1
2021-10-06,1164.762451171875,1192.108616460151,1160.7811333493105,1192.108616460151,10258881,67.4301472782089,35.033357378409164,33.80613633094319,1.2272210474659744,1190.5854539520924,1123.0754760742188,1055.5654981963453,1123.0754760742188,1042.7196667480468,1124.1420614316385,1070.0162539974142,1144.9854528897065,1109.9520955112973,1121.7803369857663,-0.018913937681510395,0.012936960144740356,0.026896027665831622,-0.018913937681510395,0.014324140131160013,0.012658800140982418,0.05321941792496521,13495407.45,0.7601757144427678,0,25.495962494939477,20.48632860691737,23.571236477773564,0.020236947417096415,0.036134569761142904,0.08854650274750851,-0.021689331659898205,0.10344877050464,1
2021-10-07,1170.472900390625,1182.4624681330135,1168.334326130549,1180.7560859021985,6336665,75.79060632302426,34.471480564127205,33.93920517757999,0.5322753865472123,1196.4834362361062,1126.2844543457031,1056.0854724553,1126.2844543457031,1047.4281311035156,1128.5545222848752,1073.9557303265597,1148.9065986590786,1114.4351180949513,1123.900232899685,0.004902672826553323,0.01167586480725332,0.012070456306805144,0.004902672826553323,0.006357195881629529,0.021097503833702458,0.0331338253565161,13097158.15,0.4838198430092256,0,25.370998246909494,20.631328970984214,22.227326671441833,0.01899003955070113,0.03714342309388975,0.08987071565297872,-0.02173915246775587,0.10831266116120776,1
2021-10-08,1215.450927734375,1221.4343385648035,1174.613532001241,1176.3197940015025,15772493,80.93159131966047,37.226417086751326,34.596647559414265,2.6297695273370607,1211.6391348025043,1131.8731384277344,1052.1071420529645,1131.8731384277344,1053.1967749023438,1136.830370422923,1079.5045615974543,1159.1441877475859,1121.9177706608345,1129.2518624948395,0.03842722657546305,0.014565356510104663,0.03852134668310909,0.03842722657546305,0.023781255510537225,0.058465797816027676,0.07594562057003329,13437620.35,1.1737564084402787,0,29.348720791102778,22.455084107845096,24.29601584959039,0.019989302155438437,0.0691576855764363,0.12593403582820142,0.0031459803685625082,0.15525394624988448,0
2021-10-11,1206.9874267578125,1237.632498829578,1203.665891085462,1229.1693106657974,14768666,77.19629677365438,38.28545938883349,35.33440992529811,2.9510494635353766,1220.6792253453116,1138.2683166503907,1055.8574079554699,1138.2683166503907,1058.651455078125,1143.5119948357694,1084.5038896429585,1166.5046860568516,1128.219226668018,1136.5775478678152,-0.006963260123005188,0.015084329092742684,0.028141641736365554,-0.006963260123005188,0.0362520061867162,0.03775190510690507,0.050783216869423775,13360495.65,1.1053980620846202,0,30.735361407723758,23.296392466973657,25.66267215714983,0.021261755995325014,0.055509196413072504,0.11293969370195452,-0.01121654100701671,0.1431348756599494,1
2021-10-12,1213.8809814453125,1220.7972576970285,1201.800425485858,1203.5068077762007,6682011,76.65081221666422,39.22880504913883,36.113288950066256,3.115516099072572,1228.905333956538,1145.0786987304687,1061.2520635043993,1145.0786987304687,1064.4073547363282,1150.2138030842973,1089.577501086188,1173.7933468858455,1134.5645418367067,1140.3459648091625,0.005711372409253235,0.015052039951864373,0.015649666237090003,0.005711372409253235,0.037085934275112864,0.02245888078834546,0.0469965995107684,13249178.4,0.504333989494775,0,30.347572151631084,23.428438810180523,25.597680884145852,0.021087471733569684,0.055352472897031595,0.11408411080001898,-0.012225801366532984,0.14381966658977477,0
2021-10-13,1226.2344970703125,1237.4050535570852,1214.5633873865163,1218.9770173074653,9959762,74.82731962111664,40.50630725394649,36.9918926108423,3.514414643104189,1238.0813846562567,1152.282666015625,1066.4839473749932,1152.282666015625,1070.071795654297,1157.4538691782034,1094.9365989679184,1181.8612161449944,1141.354908891048,1145.5029377171516,0.010176875504129823,0.014224831349050195,0.018627486198717826,0.010176875504129823,0.008872072981208845,0.05277646599664165,0.06610335287282298,13293612.75,0.7492140915568644,0,33.31180774656491,24.920344970504175,25.11666759127325,0.020482760557855237,0.059424077039842316,0.11991369931935315,-0.009568747040997918,0.14979179957515884,0
2021-10-14,1228.7144775390625,1236.47251177523,1222.7083196035724,1228.69173058792,8623469,76.47119077102545,41.243422155460166,37.84219851976587,3.4012236356942935,1247.6737714211047,1158.4753845214843,1069.276997621864,1158.4753845214843,1075.6470581054687,1164.2405937839997,1100.1827902844338,1189.0694102056202,1147.82598805016,1150.7763363534689,0.0020224357369451607,0.014054487368685196,0.011202107912999736,0.0020224357369451607,0.018001058088577437,0.04975901375333036,0.07190630857045499,13052342.1,0.6606836484924802,0,35.68607149912441,26.22705995787419,25.012672970970534,0.020356782172101774,0.05537848800264786,0.11682757482636039,-0.015195714069109167,0.14910774314962075,0
2021-10-18,1231.9906005859375,1249.0079672854492,1211.3784935963072,1214.24509076485,13594479,74.31292313500077,41.6122664705797,38.596212109928636,3.0160543606510615,1254.1270118930163,1165.6884643554688,1077.2499168179213,1165.6884643554688,1081.1422387695313,1170.6929753841844,1105.351724021748,1195.6726702641306,1154.060403793551,1163.3748913571085,0.00266630133099488,0.013730591299305884,0.03054363699791654,0.00266630133099488,0.01491877656659768,0.01360784913167401,0.07286924070374501,11987959.4,1.134011097835383,0,33.86260496126147,25.84716242429363,25.925946715072296,0.02104394847066354,0.05236012045057091,0.11456885063102133,-0.01765085282204825,0.1436441826100143,0
2021-10-19,1243.024658203125,1251.8974138396732,1232.172677010528,1239.3617971163028,8833409,74.3571602777918,42.30724292088371,39.338418272119654,2.9688246487640555,1260.5957247766044,1173.366796875,1086.1378689733958,1173.366796875,1086.5805444335938,1177.5817070812263,1110.750662617096,1202.9575914855143,1160.6503485646306,1170.0008193197696,0.008956283929390185,0.013721653249205077,0.01586833913468658,0.008956283929390185,0.013692455376950408,0.029857172201134707,0.06873624243973753,11840638.9,0.7460246929749711,0,34.06971224545691,26.246772974137457,25.654563792018426,0.02063882129989586,0.05557402151236422,0.1190852277093147,-0.013938700749277253,0.1444446360921166,0
2021-10-20,1228.7144775390625,1247.9842743668398,1224.6649184645307,1247.9842743668398,12710570,72.20419357155089,41.228053443836416,39.71634530646301,1.5117081373734038,1262.2081844581362,1180.0941467285156,1097.980108998895,1180.0941467285156,1092.143975830078,1182.4514947438774,1115.3766945748202,1206.9201893399063,1165.6921358960699,1176.5780236045073,-0.01151238679749833,0.014013284848530956,0.018978661298932848,-0.01151238679749833,0.0,0.012219893317785058,0.034953219233401,11980380.6,1.0609487648497578,0,32.23769165958015,25.799193488632227,25.69681667266684,0.020913578493950726,0.0391246347108773,0.10161390632914957,-0.026535802359301364,0.1190680664145793,0
2021-10-21,1193.26904296875,1241.2728114223185,1184.487275783306,1240.999848015025,20831669,61.275477199429986,37.085143221807584,39.19010488953193,-2.1049616677243463,1258.8949866109651,1184.4622619628906,1110.029537314816,1184.4622619628906,1097.1067932128906,1183.4817374319607,1118.4312964726214,1204.820012975113,1167.7348697533055,1182.3178308691333,-0.028847576241882167,0.016577050139166678,0.047588208186257024,-0.028847576241882167,-0.03143007552068289,-0.026883482874052844,0.02447416790281509,12472168.45,1.6702523770034554,1,26.027868253757333,23.494697504703026,28.63976997894992,0.024001100294780676,0.008269925278295197,0.06691313693756297,-0.05212979981665099,0.07498855017434224,0
2021-10-22,1195.49853515625,1212.5615152599455,1188.2638017444342,1192.13138489237,11027475,61.313492177315354,33.5945019035878,38.070984292343105,-4.476482388755308,1258.0581750143547,1187.5904663085937,1117.1227576028327,1187.5904663085937,1102.0150085449218,1184.6261943580835,1121.4535411268812,1203.3859394645187,1169.791437560931,1186.6013766635533,0.00186839020138585,0.016576488443137524,0.020324335664983168,0.00186839020138585,-0.03823425604088759,-0.02703308456928022,0.021380789557172264,12236122.35,0.9012230087745078,0,20.38560057408381,21.27075084244734,28.9192839994601,0.02419014590902898,0.009177866275410158,0.0660259130797032,-0.049727143863908245,0.07015860792380524,0
2021-10-25,1183.850341796875,1219.4323525860243,1169.3809932455636,1219.4323525860243,17198417,55.05592871740413,29.5476250255615,36.36631243898678,-6.81868741342528,1255.347551305187,1190.300067138672,1125.252582972157,1190.300067138672,1106.4240771484374,1184.5523036379684,1123.9004744864887,1200.380462900266,1170.8328378747044,1190.2938670913702,-0.009743377358344185,0.01664379533813983,0.042278451568879605,-0.009743377358344185,-0.036513068383505876,-0.03907518350072381,-0.02599906357092019,12336435.05,1.3941156363482818,0,13.859328253784042,18.548750464740806,30.831965394690332,0.026043803263082116,-0.0005925967464142858,0.05334090399577188,-0.05695411556263933,0.05207520490194513,0
2021-10-26,1210.8096923828125,1214.3815653473446,1184.464511564794,1190.8119938799573,9750178,55.664772820533265,28.19087338694817,34.731224628579064,-6.540351241630894,1255.969361766467,1193.4078002929687,1130.8462388194703,1193.4078002929687,1111.4342126464844,1187.0530073279535,1127.3086791098742,1201.9849597437346,1173.7940863567865,1193.8942226774882,0.022772600246934838,0.016832107229666306,0.02470830384886931,0.022772600246934838,0.014699660162491801,-0.025916594339231658,0.003166781641849692,12055252.25,0.8087908737040322,0,9.471300246727196,16.55801649277828,30.911579812536825,0.025529676551981007,0.02001316277217903,0.07407111718404483,-0.03595602787645983,0.0707111637447889,0
2021-10-27,1195.49853515625,1217.9761316670556,1192.1086379430944,1206.6918395131022,9896298,57.64225539865749,25.585224963842165,32.90202469563169,-7.316799731789523,1255.6909290057106,1195.2130554199218,1134.735181834133,1195.2130554199218,1115.8182531738282,1187.8573433116007,1129.982791111693,1200.987048268737,1175.4018233048948,1197.119608844699,-0.012645387068574654,0.01632187133582641,0.021637411475857907,-0.012645387068574654,0.0,-0.02703308456928022,-0.01514353266098245,11648304.25,0.8495913042449934,0,5.405848567723297,14.606096536872656,30.521580570616866,0.02553042071827193,0.00643275212101358,0.05797941752732516,-0.047935676255241026,0.05354848804802357,0
2021-10-28,1182.3941650390625,1200.2989032113676,1178.7086777178667,1192.131424255356,9886181,52.85899556479354,22.206830150478027,30.762985786600957,-8.55615563612293,1253.872969500626,1196.8226501464844,1139.772330792343,1196.8226501464844,1119.6867639160157,1187.3370406189779,1132.0381391088445,1198.1266046949409,1175.9197745444628,1198.4350466355181,-0.010961427163501125,0.016651105225395767,0.018259753077170815,-0.010961427163501125,-0.0012300344954094822,-0.009113517185220688,-0.03575199697610221,11656619.55,0.848117325747326,0,3.855303187017171,13.606842636223064,30.799452608642746,0.026048380074359747,-0.004162992824125642,0.04448262314718387,-0.057006416279976865,0.03739504205817128,0
2021-10-29,1154.0242919921875,1181.2794715076984,1138.303621720808,1181.2794715076984,14233025,33.99337477439306,17.043746561903845,28.019137941661537,-10.975391379757692,1252.90609818787,1197.2094116210938,1141.5127250543176,1197.2094116210938,1123.0720532226562,1184.1643978926168,1132.9003411827011,1191.3416335099018,1174.297886947998,1199.0280931122877,-0.023993583430731658,0.013954502209670245,0.03723998713467407,-0.023993583430731658,-0.04689869989302298,-0.0346920066770654,-0.06078725929596651,11688738.1,1.217669938211722,0,-0.46179646546670483,11.44680005581995,30.308674404648173,0.026263463096020647,-0.02545263643634931,0.01864590382895801,-0.07892196098231087,0.010960514642773325,0
2021-11-01,1154.7296142578125,1163.0108284889366,1134.845529109983,1154.0243384080532,15481114,35.808809294604046,12.8606298961829,24.987436332565814,-12.126806436382914,1252.1037096237824,1197.5302001953125,1142.9566907668427,1197.5302001953125,1126.395008544922,1181.3610851654926,1133.7563911072154,1185.7090151634266,1172.8483852672437,1197.887009648129,0.0006111849382368639,0.0139611841260499,0.024391250584714898,0.0006111849382368639,-0.03410202497078685,-0.024598318310118827,-0.06271231800906563,12014847.4,1.2884985954961026,0,-3.191218472475839,9.855916620726703,29.894295235707983,0.025888567216596547,-0.022543040601298765,0.018498879755036973,-0.07776839459666461,0.010300410843276129,0
2021-11-02,1137.89404296875,1159.3706543132414,1135.3687704240997,1158.005596587504,10569130,30.422057151987005,8.093690868400245,21.608687239732703,-13.514996371332458,1255.1814890425228,1196.2709533691407,1137.3604176957585,1196.2709533691407,1129.6032971191407,1177.221366861041,1133.9186519645305,1178.3528655950147,1170.2591747266144,1197.1093769274858,-0.014579665301026612,0.014032984102178625,0.02109325032278148,-0.014579665301026612,-0.03763560696262602,-0.06022056965084921,-0.0845764519155624,11997376.3,0.8809534464631237,0,-9.831640466912631,6.609972854656235,30.25179892699165,0.026585778450922477,-0.03340690629592786,0.0035058873027021147,-0.09344261933247755,0.0004691786918983506,0
2021-11-03,1130.06787109375,1146.6302984409235,1119.7845647630193,1140.2828162204378,11989430,24.63094289654036,3.64236377833231,18.015422547452626,-14.373058769120316,1259.3036901865985,1193.4134765625,1127.5232629384013,1193.4134765625,1132.5267504882813,1172.7305577403465,1133.76764094999,1170.9244049025124,1167.28204112418,1194.9130510572202,-0.006877768561457276,0.013384772281451249,0.023755859594451874,-0.006877768561457276,-0.020759026534078906,-0.05473086092401469,-0.0802844015013866,11920166.1,1.0058106488969143,0,-15.126785571254231,3.7848498382970774,30.489060467429617,0.026979848951833668,-0.03637893322128511,-0.0032632522949234332,-0.10262482362272667,0.0022568121111020355,1
2021-11-04,1137.0068359375,1139.7596984467234,1132.9800238081948,1134.3222142818038,1705656,26.363310871312066,0.666884036859301,14.545714845333961,-13.87883080847466,1261.5269723299155,1192.0256958007812,1122.524419271647,1192.0256958007812,1135.3946923828125,1169.3282985210278,1133.8946682044023,1165.7063173694335,1165.0394333325742,1195.47828885739,0.006140308048076859,0.013611636127431229,0.005962738678645266,0.006140308048076859,-0.01534798978174956,-0.03838595490706187,-0.047149641032565914,11492504.85,0.14841464260943948,0,-18.008742097950062,1.8565290955577893,30.198177266095026,0.026559362979727053,-0.02764105052824614,0.0027446709296429393,-0.09870588510877344,0.012901649547410209,1
2021-11-08,1138.4173583984375,1146.63033145871,1117.6915164906068,1146.3572476973711,20337183,25.648286632467503,-1.5594117926170838,11.324689517743753,-12.884101310360837,1263.4081130130567,1190.422918701172,1117.4377243892873,1190.422918701172,1138.118848876953,1166.3843994617334,1134.0720286041683,1161.5080159892802,1163.0674277818973,1190.9359964458683,0.0012405575906448973,0.013551530307230721,0.02542021584141635,0.0012405575906448973,0.00045989820662217795,-0.0135239212051661,-0.04774675591748179,12192530.75,1.6680034208648602,1,-17.779998430883325,1.1716874214671407,29.577415928877972,0.02598117088664955,-0.023977550691009115,0.0038316171148472036,-0.09893141679811854,0.01877476798146959,1
2021-11-09,1147.4039306640625,1150.679973201881,1131.6377653308823,1139.8052450774455,15682497,24.847396998994952,-2.569012027654253,8.545949208664153,-11.114961236318406,1261.4237319122637,1187.0205688476562,1112.6174057830488,1187.0205688476562,1140.769296875,1164.5767357667173,1134.5948482927915,1159.3381567084775,1161.9071687361318,1187.032985216261,0.007893917111618576,0.013466817124266466,0.016595906081634207,0.007893917111618576,0.015340724228831926,-0.006344068345781939,-0.030786333243350117,12188030.95,1.2867129288016783,0,-16.784349398775248,0.8384571855760896,29.515658401539618,0.025723860283847353,-0.014745962696351507,0.011289565072981428,-0.0903897701966905,0.031265486860266534,0
2021-11-10,1160.235107421875,1163.920714976533,1139.1908094185892,1145.1287260147478,10253470,31.84555111910521,-2.3071632165599567,6.375326723619331,-8.682489940179288,1259.3819168170428,1184.6829528808594,1109.983988944676,1184.6829528808594,1143.7041235351562,1164.1632473529228,1135.6003486507948,1159.4761491259233,1161.7833123424832,1183.84248997616,0.01118278961305852,0.014055635078411123,0.021314564091148194,0.01118278961305852,0.02042931559441552,0.019633694886773023,-0.041769227054508695,11962271.15,0.8571507760882012,0,-13.058119508118125,1.6816966862643312,29.616411948370665,0.025526215987534146,-0.003374217438988557,0.021693158865571622,-0.07872656266635229,0.04527193092665742,0
2021-11-11,1162.35107421875,1169.6084350981216,1153.7057882040397,1155.7533749476677,10722478,40.0439781948657,-1.9069234837120348,4.718876682153058,-6.625800165865093,1256.1165757865285,1182.1064575195312,1108.0963392525339,1182.1064575195312,1146.2913232421874,1163.9906594353827,1136.649396712283,1159.9184452940503,1161.8253687777624,1182.0971489809504,0.0018237396742604162,0.012144461282476838,0.01368144895875851,0.0018237396742604162,0.02102367435259711,0.02856749045856355,-0.02772689381268678,12164294.5,0.8814714244216958,0,-8.739898304963845,2.8817557622930963,26.696205609447052,0.022967420258453625,-0.001408589668088902,0.02261179003904642,-0.07464713337539267,0.04896211010209964,0
2021-11-12,1179.8917236328125,1182.4626105860948,1163.465776749054,1166.1503984605802,8712341,45.425472458947645,-0.17235993937629246,3.7406293578471885,-3.912989297223481,1250.8243023225914,1179.7893188476562,1108.754335372721,1179.7893188476562,1149.3394482421875,1165.5050465018046,1138.3451742385785,1162.9912573461677,1163.163617285544,1180.0421584085334,0.01509066391653846,0.012940160580495602,0.01610048910128025,0.01509066391653846,0.02831417262964031,0.037717352560991735,-0.0021164189406900347,12101923.45,0.7199137423068066,0,-3.8232520192232187,4.450506034176215,26.397192956006588,0.022372555402568033,0.012343727875043247,0.036497321141650975,-0.05670866688316483,0.0641597385377328,0
2021-11-15,1172.9300537109375,1184.03237124433,1169.3809275416072,1183.0312646799675,4803269,46.70872114028304,0.6332459199891218,3.1191526702755756,-2.485906750286454,1244.2249919099418,1177.00009765625,1109.7752034025584,1177.00009765625,1152.16689453125,1166.2121900455315,1139.7014440218084,1164.5203029407476,1163.8870570207584,1178.1664500392517,-0.005900261678622898,0.012776958511404332,0.01249131920217098,-0.005900261678622898,0.010941701563635275,0.03031638182419627,0.016382464260014107,11910913.45,0.40326621632868975,0,-0.17220941620189478,5.629415417640075,23.868627553311025,0.02034957453583445,0.005760412832885649,0.029155538815385854,-0.05730068007198867,0.056907786473104655,0
2021-11-16,1145.6748046875,1171.6559135252794,1135.255016670807,1170.3136027722971,11337581,30.40386938973377,-0.917005775197822,2.3119209811808963,-3.2289267563787183,1236.0145752924852,1172.684307861328,1109.354040430171,1172.684307861328,1154.2007983398437,1164.2562485828619,1139.9356934596788,1161.620995517171,1162.5380012923688,1173.822564616815,-0.023236892035639167,0.01221129086758757,0.03177245122746791,-0.023236892035639167,-0.014347016061785456,-0.001506989762150912,-0.007841497661885466,11798068.55,0.9609692427155798,0,-0.32048718385544817,5.34084516688722,24.378899945429662,0.021279074869835664,-0.015959926277380337,0.0050345920921233455,-0.0730895673973809,0.03274046240751517,0
2021-11-17,1121.149658203125,1137.0523041547756,1119.7846004549367,1137.0523041547756,10202029,28.806780538590445,-4.077562170178226,1.0340243509090719,-5.111586521087298,1224.6582363774955,1166.590557861328,1108.5228793451606,1166.590557861328,1154.8878662109375,1160.1508590228868,1139.1989861947159,1155.3946359303948,1159.472198100573,1169.2154961688568,-0.02140672587372172,0.012900535743137855,0.015401782958676502,-0.02140672587372172,-0.04978597972432963,-0.033687525027234044,-0.014715240728336298,11866499.55,0.8597336524569286,0,-4.012388330035947,3.598637543921086,24.38052212461553,0.021746001478241878,-0.03361735287823671,-0.01584387645206859,-0.08452037891040197,0.01139063441380968,0
2021-11-18,1125.38134765625,1132.5250946894785,1114.8023291834122,1119.3296951135449,8505625,32.88258538934551,-6.169742954370349,-0.40672911014681246,-5.763013844223536,1214.3811700243987,1161.4239013671875,1108.4666327099762,1161.4239013671875,1155.3219482421875,1156.839476987969,1138.6571180167368,1150.7772069651417,1156.946949919512,1164.053766471726,0.0037744197861213635,0.01293373290334439,0.01574823107116194,0.0037744197861213635,-0.04053839860633801,-0.031805989930665635,-0.004147116785971572,11656252.3,0.7297049498491037,0,-7.151182447413703,2.007721304453753,24.104274982655916,0.021418761767161097,-0.027193167209011253,-0.011659146682901335,-0.07328821013122308,0.015259561674780153,0
2021-11-22,1075.5345458984375,1114.3243503421943,1069.7331113718908,1108.4546749722033,24124307,29.12634155526267,-11.714988518627024,-2.668380991842855,-9.046607526784168,1218.767817306259,1155.537176513672,1092.3065357210849,1155.537176513672,1154.6198608398438,1149.0961502175373,1136.1817230317056,1139.2014129548795,1150.9164014735065,1152.4169583845844,-0.04429325389266925,0.01615201609867779,0.041459606425802556,-0.04429325389266925,-0.06122178693472646,-0.08844640202498055,-0.05406501359191618,11820884.2,2.0408208550084606,1,-16.408896284267257,-2.163451206872878,24.929824480234824,0.023179008591871806,-0.06401692696052787,-0.05337806083646683,-0.11752301740654601,-0.015354654828257845,1
2021-11-23,1085.59033203125,1092.5975959560926,1050.6227346718351,1061.5657022414562,25326999,32.484139859932256,-15.123879015428429,-5.15948059655997,-9.96439841886846,1217.604916394958,1150.041766357422,1082.4786163198858,1150.041766357422,1154.20580078125,1143.0479770569386,1134.1977469140406,1130.9535543512443,1146.0774333666727,1142.6857704472318,0.009349570565780896,0.016545237080788627,0.03866547080031401,0.009349570565780896,-0.03171684164705202,-0.07446285599329683,-0.04640391854311343,12535860.4,2.0203638355768545,1,-23.164212988592908,-5.503697107767721,25.91622175918511,0.023872929773327313,-0.050267045809947224,-0.04285620828911286,-0.1084215270373351,0.002874620952738239,0
2021-11-24,1069.915283203125,1096.5334264323562,1066.3434103717225,1082.9285842980569,16820296,32.676282071223355,-18.872741516129736,-7.902132780473924,-10.970608735655812,1218.770355821893,1144.3450134277343,1069.9196710335757,1144.3450134277343,1153.5305615234374,1136.0829585946708,1131.676865984201,1121.5630510976875,1140.4357926138173,1135.0009682773104,-0.01443919346517708,0.016538546052057793,0.028217202366013994,-0.01443919346517708,-0.049286461490267386,-0.0661265493265688,-0.06753388705587815,12516954.35,1.3438010181765982,0,-28.173289988191073,-8.258827475477801,26.35823120000597,0.02463581146452492,-0.05824193989618055,-0.05457528083987377,-0.1221354555496927,-4.101084006107999e-06,1
2021-11-25,1134.3221435546875,1138.4400635861748,1072.5315589664726,1079.7435455818988,42401936,50.841490039313484,-16.456941321783916,-9.613094488735921,-6.843846833047994,1208.112697448604,1140.5206359863282,1072.9285745240525,1140.5206359863282,1154.6353271484375,1135.9152619241963,1131.7806023595142,1123.5259883987644,1139.9829297205483,1129.6684224658725,0.060198093589934,0.023830496024667525,0.05810386845941407,0.060198093589934,0.05465895807850818,0.011749087425735993,-0.022334235278199777,14149542.25,2.996700193605203,1,-24.235597098690505,-7.418383835201666,29.335305964659224,0.02586152984083478,-0.001402497547933416,0.0022456129658652386,-0.061079197371034746,0.05722055548559606,0
2021-11-26,1097.7620849609375,1127.3378152568512,1092.7114193284249,1122.8786907081894,15763138,43.051645445086926,-17.293148791563908,-11.149105349301518,-6.14404344226239,1200.5700020315526,1135.6338134765624,1070.6976249215722,1135.6338134765624,1155.0371020507812,1132.2816260229336,1130.4465428536876,1119.562310946791,1136.855459738355,1125.9000606365253,-0.032230754553710605,0.025297027879364095,0.03154271440305613,-0.032230754553710605,0.011212105128932892,-0.02454213654138937,-0.05556753952434268,14442884.25,1.0914120564249485,0,-24.557850965035414,-8.21057516304927,31.615227169894165,0.028799707698976645,-0.030486709550559186,-0.028912873500627243,-0.08563258860095452,0.025277407373858432,0
2021-11-29,1110.9119873046875,1137.530255730691,1091.6194414696515,1109.820013179238,24325354,45.3244832371631,-16.702229114635884,-12.25973010236839,-4.442499012267493,1193.9569350330723,1132.0597045898437,1070.162474146615,1132.0597045898437,1155.6122387695314,1130.2464223354814,1129.6804818517662,1118.231491924929,1134.933721039565,1122.8978571147848,0.011978827219395027,0.025571040580252516,0.04132713913046247,0.011978827219395027,0.038317710518935844,0.032892891763599996,-0.058462768190068126,15164842.9,1.6040623803626741,1,-18.84972788205596,-6.50124117993937,32.827512833675314,0.02955005725820094,-0.0171063890570361,-0.01661398497061178,-0.06955439119425569,0.03807787522223438,0
2021-11-30,1094.48583984375,1126.56421376736,1086.9553960411952,1122.9695939867834,32172299,41.22658780738464,-17.3592670100561,-13.279637483905933,-4.079629526150168,1192.2461120279077,1129.082781982422,1065.9194519369362,1129.082781982422,1155.4047534179688,1126.8406525743642,1128.300299812236,1114.5783146816707,1131.9375816917268,1119.3223799819982,-0.014786182567703587,0.025652251025688442,0.03618942912209747,-0.014786182567703587,-0.03511903909951042,0.008194166390424362,-0.06687885063478782,16061806.6,2.0030311534195664,1,-16.20732448257445,-5.897447101804573,34.2965563947586,0.03133576986218005,-0.028712855412783376,-0.029969379582823145,-0.08199672131274631,0.026799762266186612,0
2021-12-01,1122.5147705078125,1125.699825172228,1103.4496957163708,1107.044315866843,10104610,44.04628638787297,-15.440287792411027,-13.711767545606953,-1.7285202468040737,1189.5146715006886,1127.4720397949218,1065.429408089155,1127.4720397949218,1156.10046875,1126.4286638061212,1128.073416310102,1115.7993078856925,1131.2395956781036,1117.709329316087,0.025609221831562445,0.026542866382972503,0.019821680783578002,0.025609221831562445,0.022548315236953886,0.04916229175380549,-0.02021519028342844,15792981.4,0.639816494686684,0,-9.654294788549578,-3.6034496740990107,34.759704949796756,0.030965922109044385,-0.003474603784569862,-0.004927556772387767,-0.05632540951205685,0.05357967593652211,0
2021-12-02,1129.7265625,1135.800961053092,1120.0575440347766,1123.7431517479451,12720411,44.93212621633901,-13.1855567046523,-13.606525377416023,0.42096867276372407,1188.9247121717665,1127.0636657714845,1065.2026193712024,1127.0636657714845,1156.90583984375,1126.7427493960145,1128.1382455724508,1117.9419624417399,1131.1275191463922,1117.261298188537,0.006424674473481495,0.026622660996842573,0.013935599587457973,0.006424674473481495,0.01693615282787686,-0.004051389705120312,0.0076500975887743294,15900545.45,0.7999984050861602,0,-9.17251252818187,-3.6423567870633633,34.748331387242,0.030758178607703576,0.0026481759972140934,0.0014079098317805892,-0.0497913358732626,0.06057433764750461,0
2021-12-03,1095.7825927734375,1136.8474535768446,1092.028744565764,1136.801959680644,19222481,37.568084665676956,-13.976547805483051,-13.68052986302943,-0.2960179424536218,1188.7411733720846,1125.3494018554688,1061.957630338853,1125.3494018554688,1156.9381420898437,1123.7941630510072,1126.869396443078,1114.5328286466163,1128.5093764520993,1116.1776752986345,-0.03004618184018537,0.027159893506127766,0.04090109598989328,-0.03004618184018537,0.001184805579460546,-0.0018032069194395817,-0.026301088910399728,16262198.0,1.1820346179526287,0,-8.487462971926334,-3.5771464106096573,36.51312943322312,0.03332150891428928,-0.024925890522086932,-0.02758687365879734,-0.07819917630593452,0.031851517864974956,1
2021-12-06,1075.011474609375,1103.4042449873536,1072.5316957069635,1099.3091917377635,10332254,36.09460706186472,-16.093948574999104,-14.163213605423364,-1.9307349695757399,1189.2041261344195,1122.2496337890625,1055.2951414437055,1122.2496337890625,1156.3202368164064,1119.1481927232328,1124.8357524495996,1108.4526203331945,1124.5465689081936,1115.0667771602543,-0.01895551024541331,0.027418698739146635,0.02871834395219661,-0.01895551024541331,-0.04231863771106337,-0.03231625286753359,-0.0004863361117104503,16693527.9,0.6189377141784391,0,-11.098229612248588,-4.844729402166649,37.67177983162792,0.0350431420700106,-0.039437778125218204,-0.04429471390086975,-0.09602443265668335,0.018683240727041008,0
2021-12-07,1083.7703857421875,1093.8488493527543,1073.8284038337267,1081.1768723394634,11235122,40.721541781338985,-16.870757422857196,-14.70472236891013,-2.1660350539470663,1188.1332827461933,1119.51728515625,1050.9012875663066,1119.51728515625,1155.3369555664062,1115.778877772657,1123.225345912054,1104.6553534730397,1121.5261108958969,1112.784637126174,0.008147737340194583,0.027170683064562308,0.018472958647340405,0.008147737340194583,-0.04067902648594446,-0.009790399940754146,-0.0016764577164731786,16238424.85,0.6918849644459204,0,-11.061774801707088,-5.074953900181981,36.41073758012057,0.03359635773327186,-0.028687128487649514,-0.03512648669606839,-0.08783770181303778,0.031277055766103116,0
2021-12-08,1100.2645263671875,1106.4981533356588,1094.895403830012,1102.994641711683,8744178,46.79244108636043,-15.971337097984133,-14.95804531472493,-1.013291783259202,1184.9768389275698,1117.1603149414063,1049.3437909552429,1117.1603149414063,1154.7490795898439,1114.3013204959457,1122.324921616177,1103.979841610601,1119.951178708585,1110.9453431050104,0.015219220641191855,0.0270894578867443,0.010545418149539389,0.015219220641191855,0.0040901668116539724,-0.019821782951291778,0.028366024525981803,15891508.9,0.5502421484973022,0,-12.127343310175547,-5.74849469392484,36.184849248756855,0.03288740878362283,-0.01259694650860754,-0.019655979141247316,-0.07148858085449909,0.04852626551074388,0
2021-12-09,1117.7142333984375,1126.1091818377995,1103.4041151302852,1107.9542272517804,13213547,48.868420075963535,-13.692654093405736,-14.704967070461093,1.0123129770553572,1179.760581254785,1115.0342712402344,1050.3079612256838,1115.0342712402344,1154.130263671875,1114.6263598199926,1122.1441103135207,1106.0928249625758,1119.7854790559816,1109.7524309617459,0.015859556145888742,0.027443656929922792,0.020313838751501823,0.015859556145888742,0.039723072541694826,-0.01063295269873099,-0.014641264168752666,16039512.75,0.823812244545895,0,-12.116389576021902,-5.9941352589301005,36.76498424622441,0.03289300891735052,0.0027703216878377256,-0.003947689850500181,-0.05259232156269824,0.06417762662114092,0
2021-12-10,1118.851806640625,1122.0596079618992,1105.8383850496557,1110.343003210938,8364414,57.466692309278514,-11.660572915588318,-14.096088239486539,2.435515323898221,1173.6976383289352,1112.859307861328,1052.0209773937208,1112.859307861328,1153.3194311523437,1115.0287833267193,1122.015000365564,1108.0557452207372,1119.7163181363255,1108.150031389196,0.0010177675189200208,0.024331389038999066,0.01449809779630074,0.0010177675189200208,0.03236979101842974,0.02105272890747334,0.019211559561594704,15921609.55,0.5253497753309746,0,-8.765379724287868,-4.854396077513911,33.948769005359004,0.030342507205928248,0.0034286319519928037,-0.002819208053286624,-0.04672909776524521,0.06352613748489218,0
2021-12-13,1096.4197998046875,1125.7453143246432,1093.8489128488443,1125.4723509045857,12901733,51.7903132780845,-11.725050339645577,-13.621880659518347,1.8968303198727696,1161.020104536749,1108.6857116699218,1056.3513188030947,1108.6857116699218,1152.2437817382813,1113.256499181764,1121.0112670102355,1106.2655997721142,1117.9906501117598,1106.2249234214626,-0.020049131353052085,0.025009354820733614,0.029091413235588098,-0.020049131353052085,-0.0034943656460454386,0.019914508543354525,-0.013045306617998742,16131079.15,0.7998059447870232,0,-5.89169354146884,-3.8244854393640253,33.22887901904054,0.03030671192271411,-0.015123827607969337,-0.02193685998458703,-0.05564098716261005,0.03793101810768089,0
2021-12-14,1082.996826171875,1094.758924705155,1079.925506579218,1082.928585323525,12991523,52.17884750669936,-12.712726556101188,-13.440049838834916,0.7273232827337281,1148.0498475535392,1104.1890502929687,1060.3282530323982,1104.1890502929687,1150.9779370117187,1110.3746255617746,1119.5205046244175,1102.6857884490005,1115.3985150051017,1104.4213830511187,-0.012242549464359986,0.02491176707557918,0.013696640440184335,-0.012242549464359986,-0.031061076426488143,-0.0007137670308113853,-0.010497178906869298,16540491.85,0.7854375261519203,0,-5.404252210882532,-3.7048412876365546,32.250613102243086,0.02977904673667512,-0.024656362600188424,-0.032624394373907135,-0.056663934514943115,0.02137882591984863,0
2021-12-15,1079.83447265625,1094.3038186187,1074.3287482907106,1084.7485356529048,9366969,38.59850061942043,-13.59394009381731,-13.470827889831396,-0.12311220398591338,1141.4023561893885,1100.8970336914062,1060.391711193424,1100.8970336914062,1149.608349609375,1107.4660395707722,1117.9641896452738,1099.170201403962,1112.7641414977793,1102.2049784843555,-0.002920002569908875,0.018215541466002058,0.018498270645919843,-0.002920002569908875,-0.03487265583591925,-0.01856831082102839,-0.03802203674545368,16441961.25,0.5696990071668001,0,-6.8352809251734925,-4.360731970903316,28.782776669738773,0.026654804415473927,-0.024950261161264618,-0.03410638492912928,-0.053940561099492544,0.018335452133008457,0
2021-12-16,1093.8033447265625,1099.0814796358936,1077.764217447417,1094.6223552854042,9761279,49.08514292420256,-13.015106887344245,-13.379683689333966,0.3645768019897204,1138.9892136959,1099.529718017578,1060.0702223392561,1099.529718017578,1148.2228369140626,1106.1648305379902,1117.0167055308145,1098.3445311459006,1111.359638033245,1101.1095526357865,0.012936123474508898,0.016639555679946946,0.019489117757091626,0.012936123474508898,-0.0023863624850546383,-0.021392667246594277,-0.03179815272639264,16419923.75,0.5944777301417128,0,-8.461529282002402,-5.127404782706208,27.333243667039774,0.02498917542976864,-0.011175084824759408,-0.020781569952636362,-0.039671902442968754,0.03182159226477234,0
2021-12-17,1064.932861328125,1095.6689246022736,1055.6277943848347,1091.1415595298963,21049821,40.09407787013509,-14.716343285710991,-13.647015608609372,-1.0693276771016187,1136.8790681272885,1096.5072937011719,1056.1355192750552,1096.5072937011719,1145.7771459960939,1102.237976327527,1114.9742018365914,1093.2042742508584,1107.9206175365694,1098.7401012806213,-0.02639458321061794,0.01762313099189172,0.03759967568988509,-0.02639458321061794,-0.016679610140319268,-0.04819131988032688,-0.028153149765987373,17047133.55,1.2348012021059105,0,-12.790806999192455,-7.040798528972573,26.91398052106831,0.025272936443620202,-0.03384488268467787,-0.044881164448502986,-0.06328395764879031,0.008329747359608146,0
2021-12-20,1036.2216796875,1054.6495980178693,1022.4574879615028,1054.6495980178693,14325846,38.07840825644536,-18.17186386219396,-14.55198525932629,-3.6198786028676686,1142.355224422561,1094.541650390625,1046.728076358689,1094.541650390625,1143.2063305664062,1095.9507099808577,1111.8858676346663,1084.437721241111,1102.6095851033049,1096.9921782760443,-0.026960555621147853,0.018533223032819336,0.03106681773544329,-0.026960555621147853,-0.040388405883605705,-0.05490426215206168,-0.036083145006400974,16557210.5,0.8652330656785453,0,-17.305789200906247,-9.125399375569259,27.1187344953867,0.026170784714294987,-0.054499741411181676,-0.0680503189667551,-0.09290765469970992,-0.010037369693701234,1
2021-12-21,1051.6466064453125,1067.458265728843,1042.9786937245733,1051.6921003499008,12836561,34.71087308501416,-19.441615297707585,-15.52991126700255,-3.9117040307050353,1144.2692271662834,1092.844464111328,1041.4197010563728,1092.844464111328,1140.8298046875,1091.731271548901,1109.5235436664564,1079.3929343494497,1098.8345496471572,1096.9084222970773,0.014885740242825518,0.017414805992641863,0.023277374599261418,0.014885740242825518,-0.03854142381671788,-0.028947656141687594,-0.029640761289925766,15932688.6,0.8056745049294443,0,-18.643354012873488,-9.996960957961164,27.12034883201991,0.025788462270315154,-0.03671660430383952,-0.05216377565985455,-0.08094477988396616,0.00982015740490214,1
2021-12-22,1076.6038818359375,1079.2430094666254,1056.5379426212896,1057.8573860824,17658543,39.3544065923367,-18.223984165621914,-16.068725846726423,-2.1552583188954912,1144.0599256040443,1093.1788940429688,1042.2978624818932,1093.1788940429688,1138.0528637695313,1090.290567766714,1108.2325765358478,1078.9638493473708,1097.1878335129927,1096.4817812533017,0.02373161786256639,0.018808864294019203,0.021089527196034904,0.02373161786256639,0.010959395593499677,-0.002991746329755185,-0.02150450547503502,15974600.95,1.1054137161404336,0,-17.175471804058134,-9.731613109426007,27.96699068937688,0.02597704797579277,-0.012553246203726715,-0.028539762654132012,-0.05896198464646962,0.03291383450826208,0
2021-12-23,1076.21728515625,1082.928719262124,1072.941242613357,1080.19860357355,9072401,45.4699055480154,-17.093158550366297,-16.2736123874544,-0.8195461629118981,1137.7871893324398,1090.2736511230469,1042.760112913654,1090.2736511230469,1135.4374609375,1088.950255137146,1106.9770749131185,1078.5413010102752,1095.6344595606415,1093.1171928979772,-0.0003590890634986854,0.01715892339095707,0.009280167477812918,-0.0003590890634986854,0.03859753781720898,-0.016077898879262253,-0.03712661698510811,14308124.2,0.6340734028573781,0,-17.21457540084407,-10.039630617696048,25.47904552064021,0.023674629530728127,-0.01169288488691566,-0.027787196730594155,-0.054113725970419774,0.03208520524352512,0
2021-12-24,1079.652587890625,1088.3887407376528,1063.6133400712515,1078.3785179602155,7886494,51.168385133175015,-15.73834899207759,-16.166559708379037,0.4282107163014466,1136.9709849797189,1089.3681762695312,1041.7653675593435,1089.3681762695312,1132.7528930664062,1088.0647630184299,1105.9055264024325,1078.7122682226368,1094.4506172147144,1091.9404560615071,0.0031920159448808327,0.01639488907611345,0.022947567527074924,0.0031920159448808327,0.026630601262505715,0.01382221086138924,-0.035035219604012124,13914292.0,0.566790893852163,0,-14.173213309097036,-9.068675434158877,25.043534905355298,0.02319591986000255,-0.007731318404676956,-0.023738861851255684,-0.05041324523344482,0.03636828551907419,0
2021-12-27,1078.4923095703125,1082.0186888381238,1068.413845410363,1074.5337382222722,4017223,48.618403562408616,-14.590091922194688,-15.851266151142168,1.26117422894748,1134.4607135709846,1087.7471923828125,1041.0336711946404,1087.7471923828125,1129.7980493164061,1087.153100785276,1104.830498291369,1078.6784284299715,1093.2685203521662,1089.6779062742173,-0.0010746774780389101,0.016245672114931248,0.012614687473461235,-0.0010746774780389101,0.0017540599344252339,0.040793037543433996,-0.016350936235891123,12898885.45,0.31143954379407257,0,-8.7976091955818,-7.055369343297343,24.585277613121963,0.022795969331405902,-0.007966487156875623,-0.023839121713048927,-0.049334810215241595,0.035982158322205214,0
2021-12-28,1091.30078125,1094.2356191315223,1079.766272622182,1080.9264873926504,6374613,47.60747326160521,-12.502433036331922,-15.18149952818012,2.6790664918481983,1134.2263885513382,1087.587939453125,1040.9494903549119,1087.587939453125,1127.049775390625,1087.5481179723924,1104.2999211524916,1080.6203288638221,1093.122761900154,1087.8437057639517,0.011876275394852476,0.01602425759909363,0.01325880706579061,0.011876275394852476,0.014015288828556738,0.03770674916997385,0.007667571019092767,11609001.15,0.5491095157657039,0,-4.18315357650863,-5.223622513964756,24.08638775367471,0.022071264098322767,0.0034505721775363457,-0.0117713853397048,-0.037845713813944915,0.0483705418578195,1
2021-12-29,1093.1663818359375,1100.6740785888855,1083.884061988693,1087.9337410579972,15425312,42.85335547143205,-10.575502146976305,-14.260300051939359,3.6847979049630535,1129.8905110224412,1086.1205200195313,1042.3505290166215,1086.1205200195313,1124.273291015625,1088.0831907213014,1103.8633117675288,1082.5504908595321,1093.1259930065085,1086.9010929922158,0.0017095200681525036,0.015347391993240646,0.015359067822772085,0.0017095200681525036,0.012516798548795283,0.015384024040258737,0.012346252613044228,11875036.25,1.2989696768294077,0,-2.2073770454126134,-4.369264768318999,23.439627834359037,0.0214419581719966,0.004671693449529687,-0.009690447918287218,-0.03250237861832461,0.04875121315212155,1
2021-12-30,1073.4189453125,1094.2812707813944,1067.276305271878,1092.02896140955,29333171,38.06620331952868,-10.520573997391011,-13.512354841029689,2.9917808436386775,1122.2421279482194,1083.3051391601562,1044.368150372093,1083.3051391601562,1120.8811767578125,1086.6865959204633,1102.6694150438022,1081.1456376984502,1091.6662116958412,1083.82740715742,-0.018064438178452158,0.01594469723594792,0.025157899091909967,-0.018064438178452158,-0.004704126504002426,-0.002600162515828508,-0.018636256245091576,12705674.25,2.3086670115125925,1,-2.263659216682754,-4.30765986931624,24.20989516273566,0.022554003978090337,-0.012209270508876708,-0.0265269620542983,-0.04350503462651341,0.027816622835593646,1
2021-12-31,1077.5367431640625,1084.703115610681,1073.828388538488,1079.7435583793856,9477290,44.51200129421548,-10.029161242492592,-12.815716121322271,2.78655487882968,1120.9520702953046,1082.3928466796874,1043.8336230640703,1082.3928466796874,1117.8576220703126,1085.8151813722347,1101.6838200681264,1080.5904231546983,1090.619584397191,1081.709404730946,0.003836151643814789,0.01522298490357448,0.010092209979086626,0.003836151643814789,-0.012612506398256063,-0.001959745894460685,0.011835376945940723,12218414.7,0.7756562723313034,0,-2.249581646195111,-4.221706334306191,22.737592935762944,0.02110145485062219,-0.00762416878138515,-0.021918336698972883,-0.03873076136056798,0.032287827633928935,1
2022-01-03,1093.780517578125,1095.6461284145312,1075.4435886178533,1076.1033704774222,5421611,53.08351530518215,-8.234059145168658,-11.899384726091549,3.6653255809228913,1122.04739297619,1083.331298828125,1044.61520468006,1083.331298828125,1115.8678515625,1086.5737848204149,1101.373886637146,1082.61966845061,1090.8537275957788,1081.774702416373,0.015074914630163416,0.015438535458617087,0.01847037817185742,0.015074914630163416,0.000561795306178503,0.014175537342406841,0.05554683811284811,11972882.55,0.4528242031406213,0,-0.5793159648610526,-3.4566116542230247,23.00246769084927,0.02103024082178926,0.006632529569909738,-0.006894451694515793,-0.025192229468211747,0.047065477007988854,0
2022-01-04,1118.4649658203125,1119.7845295836617,1093.8487950722674,1099.2635318209975,10847728,59.835526009081505,-4.764674916889589,-10.472442764251157,5.707767847361568,1126.8523056314004,1085.0660278320313,1043.2797500326622,1085.0660278320313,1114.3271801757812,1089.6110401537385,1102.0441250364856,1088.1343295844104,1092.8990045013,1082.9912264102372,0.02256800870511433,0.01643437861249362,0.023188687445719197,0.02256800870511433,0.04196499484616267,0.02489156521925895,0.06353689439540333,11953512.85,0.9074928965337583,0,2.062922181346039,-2.2557961160059676,23.43310638210264,0.020951131325706,0.026480940999370633,0.014900347827073814,-0.007443158051123947,0.07206620830634977,0
2022-01-05,1123.69775390625,1127.0649046036283,1107.0215901475167,1120.239735754301,11643813,57.96562448973751,-1.5747677121869401,-8.692907753838314,7.118140041651374,1131.02467487189,1086.2376892089844,1041.4507035460788,1086.2376892089844,1113.1241284179687,1092.857393844454,1102.893286952947,1093.605625633924,1095.180393346111,1084.1019542878828,0.004678544474658208,0.016182673203383437,0.017836926688191826,0.004678544474658208,0.042839384396898605,0.027929300221468667,0.0437429892877621,12098494.6,0.9624183326080916,0,4.774203123152574,-0.9700248145818477,23.342110115505136,0.020772587677035232,0.028219930830413076,0.018863535755831152,-0.006478126541730815,0.07897354150333262,1
2022-01-06,1099.5364990234375,1116.5994791465537,1096.1238548571223,1115.3254092772324,14447422,59.457794866080214,-0.9850001468785194,-7.151326232446356,6.166326085567836,1128.1195194118782,1085.3288024902345,1042.5380855685908,1085.3288024902345,1110.8986645507812,1093.4934990995953,1102.7616482106134,1094.5180676938492,1095.5030678407277,1083.570066134823,-0.021501560182728863,0.015562029225928545,0.01862205057096056,-0.021501560182728863,0.0052624647749783815,0.024331183854160443,0.021667756306108732,12160188.35,1.18809195911838,0,6.80690317913195,0.09223316681118376,22.45159360348291,0.020419143542232093,0.00552632450839273,-0.002924611308716793,-0.025336872464844718,0.05467273977214974,1
2022-01-07,1108.4093017578125,1118.4422714413886,1097.2842377517782,1106.111498715673,13112115,72.13003469038736,0.19609545884759427,-5.681841894187565,5.8779373530351595,1126.1038830989087,1084.8066772460938,1043.509471393279,1084.8066772460938,1109.1568798828125,1094.9140517337112,1102.9831248203077,1096.6551806267667,1096.459085167919,1083.784422720691,0.00806958454062734,0.013099579218637629,0.019088646816709458,0.00806958454062734,-0.008990593688488868,0.028651049525324046,0.026635154854184107,12397573.4,1.0576356014960153,0,9.098870361476429,1.2993047521813423,20.928926483696355,0.018881947715979494,0.012325396685459143,0.004919546650714906,-0.015713098593002562,0.062193810543837394,1
2022-01-10,1109.3193359375,1117.9646215781718,1099.3318598320666,1115.6895654128748,9246731,69.40746747245109,1.1918158769972251,-4.307110339950608,5.498926216947833,1127.899435402913,1085.4516540527343,1043.0038727025556,1085.4516540527343,1107.6953833007813,1096.2859835626434,1103.2316036876487,1098.6035122130334,1097.4116963360361,1083.595713074316,0.0008210271947775016,0.012811129164535215,0.01679657168362472,0.0008210271947775016,-0.012795627577582236,0.014206523255489545,0.028583445698810328,12214823.3,0.7570089859588881,0,9.712198742228566,1.8577170505027425,20.028653319750806,0.018054903282492894,0.011888642717570449,0.005518090879106945,-0.016473188018553932,0.06358122435644717,1
2022-01-11,1117.304931640625,1126.1320732620725,1107.9543693940095,1108.4094288062329,16205164,65.46249328721802,2.595384341870613,-2.926611403586364,5.521995745456977,1131.9081154285666,1087.167059326172,1042.4260032237773,1087.167059326172,1106.96099609375,1098.2877881414988,1103.783498901491,1101.480653663432,1098.8852693215613,1085.6707031310145,0.007198644650303843,0.011541196152766185,0.01626924159492542,0.007198644650303843,0.016159929782202376,-0.0010371663084115523,0.023828582218038186,12375505.35,1.3094547286507374,0,8.676747987760336,1.739373865005291,19.355889094518666,0.017323730117343096,0.01731526445478067,0.01225007689695569,-0.01290138624230332,0.07183140883408433,1
2022-01-12,1147.130859375,1148.8827357783716,1121.604686652831,1124.471284081761,14800442,72.01580494400963,6.044745501515308,-1.1323400225660298,7.177085524081338,1142.4910129814098,1090.5318786621094,1038.572744342809,1090.5318786621094,1106.8090209960938,1102.9395092113562,1105.4833953906482,1108.5037622344423,1102.459016732927,1088.9086896994274,0.026694527957179304,0.013140721603589627,0.023779369984347404,0.026694527957179304,0.034934349211775295,0.020853566172301052,0.04936529190408412,12647179.0,1.170256386819543,0,10.082115366902144,2.5901084377012467,20.89805534373149,0.018217673400502482,0.04006688471541141,0.037673531920969935,0.004061166644525484,0.10452625068731669,0
2022-01-13,1153.5919189453125,1156.185552589028,1141.3521345231045,1147.199063341914,11856712,72.53186283080169,9.193762609392707,0.9328805038257175,8.260882105566989,1152.6571061242098,1093.521307373047,1034.3855086218841,1093.521307373047,1107.122978515625,1107.7635482336377,1107.3700041574978,1115.4404017284223,1106.2466391190296,1091.7162685257551,0.005632364884536889,0.01313610046789126,0.012858462184344343,0.005632364884536889,0.039909682968247484,0.0491620059633171,0.07468935962321033,12751950.65,0.9297959445914261,0,14.270049134042438,4.6083559468843305,20.187913729411644,0.017500047805352803,0.04137017397327209,0.04174026261708344,0.0008110068607011746,0.11524369718041347,0
2022-01-14,1155.2755126953125,1168.1523329319614,1149.2921017722908,1153.455515914101,19930176,73.32409775082913,11.690472806625394,3.084398964385653,8.606073842239741,1161.6145786151083,1098.0384399414063,1034.4623012677043,1098.0384399414063,1107.6271313476564,1112.2884972299876,1109.2486515511378,1121.5688803387131,1109.8784075320877,1098.513527061076,0.0014594361509912002,0.013065857312428993,0.016325310241942836,0.0014594361509912002,0.03398408078171844,0.04228240494118496,0.07214488974452893,12695968.4,1.5698035291266161,1,17.374445496276394,6.265526730830061,20.56329856740519,0.017799475831899215,0.03864736133869819,0.04149372738007142,-0.005457116358984813,0.11678841392243583,0
2022-01-17,1161.3043212890625,1167.1057561240766,1154.3654186486065,1154.82047798332,8036453,72.17815571415201,13.994290623256575,5.266377296159837,8.727913327096736,1166.8656824797908,1104.2925720214844,1041.719461563178,1104.2925720214844,1108.1130810546874,1116.9566709498995,1111.2900503643898,1127.6820251003053,1113.6877344770487,1104.0527635796598,0.005218502883078013,0.01291678993137047,0.01097071391358314,0.005218502883078013,0.012355575476179492,0.04686205645881869,0.06173432660919054,12381498.75,0.6490694836115862,0,20.670687387256066,8.058446676741141,20.34880056128093,0.017522367038722033,0.03970400239558818,0.0450055958912555,-0.0047660680009969075,0.11479564713751107,0
2022-01-18,1147.44921875,1165.8998821993202,1144.696356607209,1162.4418646639435,6215029,65.98336408865873,14.534546651708752,7.12001116726962,7.414535484439131,1169.3105396404671,1109.0827026367188,1048.8548656329704,1109.0827026367188,1108.2937182617188,1119.8607231213375,1112.708056967747,1130.7231318156428,1116.188585163934,1107.971210442908,-0.011930638924759318,0.013639943321881667,0.01847883570412792,-0.011930638924759318,-0.005324846762907787,0.02697946304158161,0.025914314543084238,12050422.15,0.5157519730543215,0,21.572934979838692,8.924558066256168,20.664051203560835,0.01800868471205348,0.024635648932990802,0.031222171498359076,-0.018695906818037348,0.09400190278712128,0
2022-01-19,1147.3583984375,1156.6405988874542,1141.625203833563,1151.1804880553775,9755485,74.6212379883908,14.784943382385563,8.65299761029281,6.131945772092754,1173.1269895214928,1112.620428466797,1052.1138674121012,1112.620428466797,1108.2928076171875,1122.4795493419244,1114.0668938881295,1133.2824036036209,1118.4974602212353,1112.485308509223,-7.914974450806689e-05,0.012220301371754233,0.013086926521250396,-7.914974450806689e-05,-0.006853009668093324,0.0001983549310353716,0.021056057511016357,11655269.25,0.8370021138722299,0,19.540040130568286,8.583498497481287,19.80765331387332,0.017263701857107468,0.022164189191830955,0.02988285957693447,-0.021965730320895202,0.09052682791804,0
2022-01-20,1127.2696533203125,1142.0575796806486,1117.0545865844654,1137.5529609143537,16494486,64.96854273734766,13.21011279584809,9.564420647403866,3.6456921484442244,1173.4808551483973,1115.173046875,1056.8652386016026,1115.173046875,1107.6334985351561,1122.9357497208184,1114.5846491599798,1132.3573650984965,1119.1472523026484,1114.9284866608746,-0.017508692266117398,0.013607742057299303,0.02218013500366859,-0.017508692266117398,-0.02930727746795181,-0.022817657780634826,0.02522258635480168,12026373.5,1.3715261712102989,0,15.1722014871807,7.21464500248203,21.166199139220016,0.018776518179901416,0.0038594404003715827,0.011380924876269306,-0.039379595862465894,0.06661626491932487,0
2022-01-21,1127.45166015625,1138.5539787102412,1115.689679954786,1115.689679954786,13338594,61.219003087896034,11.840247636090226,10.01958604514114,1.8206615909490864,1173.6153748198908,1117.5630004882812,1061.5106261566716,1117.5630004882812,1106.9355102539062,1123.3658364289547,1115.0892378265003,1131.6026412612277,1119.7623936251375,1116.8047006466072,0.00016145811732037885,0.013193676315811484,0.02027962666912606,0.00016145811732037885,-0.017427837560894277,-0.02408417060113055,0.017179897686024903,12298978.5,1.0845286053634455,0,11.077339198967138,5.8405862753625115,21.356324779132674,0.018942120122625007,0.0036371265662516815,0.011086486991701408,-0.03933461988833039,0.0621199942560405,0
2022-01-24,1081.97314453125,1139.6914253053906,1071.5988501296624,1126.1547030087693,21868937,39.320949858572895,7.004144083447272,9.416497652802367,-2.412353569355094,1173.2980837210823,1117.737042236328,1062.1760007515738,1117.737042236328,1104.977138671875,1119.42367529584,1113.7905675011964,1123.9673340720005,1116.9631899885533,1115.8422481655373,-0.04033744171231013,0.016126919733792964,0.06293370174656998,-0.04033744171231013,-0.05698764570450976,-0.06831213429891825,-0.02465132493443778,13191564.2,1.6577971094587858,1,2.467004345940495,2.500517136806593,24.362650719860635,0.022516871923300295,-0.03345518912193152,-0.028566791548009958,-0.07783609336529197,0.01863828947902053,0
2022-01-25,1079.8572998046875,1086.8644436444313,1048.802657948011,1069.0734401117095,24510205,36.932030299965,2.9665694234633975,8.126512006934574,-5.159942583471176,1174.0911189766725,1117.1648681640625,1060.2386173514524,1117.1648681640625,1103.11568359375,1115.6554490585875,1112.459851120941,1117.1811749539524,1114.214605530489,1112.6370751640613,-0.001955542738982796,0.01600485251025763,0.03524705134956664,-0.001955542738982796,-0.042059460552295036,-0.058906239893513845,-0.03351603557405791,14098343.8,1.7385166192357997,1,-4.20527406275005,-0.24820584680605862,25.64968437988268,0.023752846218219673,-0.032087101160225735,-0.02930672175126359,-0.08026107824929159,0.01850402553931106,0
2022-01-27,1063.8636474609375,1072.053874198635,1051.555620579178,1062.9081551085756,20020431,38.82236933701954,-1.5064265161788626,6.199924302311887,-7.706350818490749,1176.5965396242489,1115.6997314453124,1054.802923266376,1115.6997314453124,1101.4794604492188,1110.722896525478,1110.5541176440781,1108.9784784165656,1110.4849049327445,1110.213589579022,-0.014810894315983036,0.015492535787229967,0.019267745136680867,-0.014810894315983036,-0.056399768559922125,-0.07277129020040085,-0.07258736981361447,14328099.75,1.397284451484922,0,-11.756652816446376,-3.512776244051338,25.70166867819567,0.0241587996164136,-0.04218806437782449,-0.04204249882229015,-0.09581270075748573,0.008589968793889456,0
2022-01-28,1062.83984375,1081.0630398643073,1059.4500666597933,1076.103482458547,14667727,34.98273016986626,-5.075414212028363,3.9448565994438374,-9.020270811472201,1177.7737995024866,1115.1707763671875,1052.5677532318884,1115.1707763671875,1100.3132641601562,1106.1626057849564,1108.6829696482318,1101.8802269294017,1106.95564114143,1111.3649009284234,-0.0009623448581789207,0.015215760770046782,0.020335117592371492,-0.0009623448581789207,-0.017683711354535725,-0.0571556320890374,-0.07866913221642868,13594827.55,1.0789196807428425,0,-16.77314393586198,-5.901679511747943,25.73416435783164,0.024212645497965358,-0.0391649128332391,-0.04134917478959487,-0.09758576375279938,0.009759077728318489,0
2022-01-31,1085.931884765625,1094.9411228295262,1072.0994499584988,1073.91956734709,12143683,43.27581680628147,-5.971690027051409,1.9615472741447884,-7.933237301196197,1177.2363405933752,1115.5905334472657,1053.9447263011562,1115.5905334472657,1099.5242749023437,1104.235870449782,1107.7907702410707,1099.426635827282,1105.3983258543335,1111.2967954959092,0.021726736301256544,0.01657283031342549,0.021034167235965538,0.021726736301256544,0.005625358982187967,-0.03682621336055414,-0.060023455156515415,13728147.2,0.8845828080864402,0,-19.129965979172766,-7.298467585429535,26.696201310218857,0.024583679404515005,-0.016576155669260486,-0.01973196208403951,-0.07755830556651777,0.030349939295895086,0
2022-02-01,1082.337158203125,1101.402112704543,1067.9587979070466,1095.6690383601324,13200509,39.68591394318568,-6.892605789937761,0.19071666132827847,-7.0833224512660395,1177.7198956504405,1115.0183654785155,1052.3168353065905,1115.0183654785155,1099.6603271484375,1102.1502788072432,1106.7925893768377,1096.7974854235656,1103.6900912135034,1110.4576472144036,-0.003310268915509229,0.016390775564875157,0.030899165333118914,-0.003310268915509229,0.017364547408192044,0.00033643503419189535,-0.06799868185996494,14117092.1,0.9350728114892727,0,-17.273396488596745,-6.997978124358724,27.786602090892675,0.02567277846860903,-0.017976786818545448,-0.02209576700136917,-0.08098932335233822,0.028527836759152596,0
2022-02-02,1084.5439453125,1095.2139504085303,1080.6991087798986,1095.2139504085303,10017691,27.94612562886698,-7.359532777320965,-1.3193332264015702,-6.040199550919395,1177.450177527739,1113.322314453125,1049.194451378511,1113.322314453125,1099.6393994140626,1100.4734851410772,1105.9200935311774,1094.9123254064784,1102.2718581837994,1109.6071413393925,0.002038909126097721,0.014237037134017886,0.013383359606004215,0.002038909126097721,0.020420858034378764,0.004340060032617332,-0.054821836478329944,14075590.25,0.7117066369561305,0,-15.181963917510302,-6.539757589763667,26.567819054527327,0.024496765824341113,-0.014475169137341867,-0.01932883609196739,-0.07890459739902692,0.03369203286153876,0
2022-02-03,1070.529541015625,1092.6886822523618,1068.0042683536662,1088.3887863228124,9572839,22.210433028257313,-8.759447622715697,-2.807356105664396,-5.952091517051302,1177.3383638103248,1110.6639038085937,1043.9894438068625,1110.6639038085937,1099.6516845703125,1097.621680938653,1104.532228726646,1091.1611278078856,1099.9205754306013,1108.0903782904797,-0.01292193309219658,0.014144307125566557,0.023058134271826933,-0.01292193309219658,-0.014183526578487204,0.006265740511574691,-0.06696151570991449,13972041.55,0.6851424658123779,0,-13.101215586824992,-6.021888917432079,27.27146161401104,0.025474739901281247,-0.02468258453118354,-0.030784694938436396,-0.09072058303530087,0.025421806097947884,0
2022-02-04,1060.7694091796875,1068.5729364671636,1056.1283095273284,1065.1830393454286,11061241,20.002898218293183,-10.535010253481687,-4.352886935227854,-6.182123318253833,1178.923081545868,1108.7255493164062,1038.5280170869444,1108.7255493164062,1098.1806298828126,1094.1119407711326,1102.8160397248046,1086.485478788163,1097.0204890416446,1106.446050243681,-0.009117106499161087,0.014041645789602875,0.011731698550261595,-0.009117106499161087,-0.01992701521884721,-0.001948021221153562,-0.05899231292597307,13802732.5,0.8013805237477434,0,-12.050665013823846,-5.8669299234272785,26.952961637484332,0.02540887906856925,-0.030474515768418725,-0.03812660410308263,-0.10022169742512034,0.021416265836650128,0
2022-02-07,1054.308349609375,1072.372315976767,1048.8026250078512,1065.638135750538,10714467,16.13143542951292,-12.321475639281061,-5.946604676038496,-6.374870963242565,1180.3190888359109,1106.0205017089843,1031.7219145820577,1106.0205017089843,1097.3115551757812,1090.321122565251,1100.9137773673367,1081.5351512221955,1093.8566268614766,1104.4919792563521,-0.006090918077387819,0.01366787643618391,0.022355595474178234,-0.006090918077387819,-0.027878626618871527,-0.02912110381865729,-0.0648748971966907,13682850.1,0.7830581290954872,0,-13.914747884530925,-6.876992873734025,27.726486887016158,0.026298271181565545,-0.03302951049058559,-0.042333404046783124,-0.10675989265819118,0.02189197952286094,0
2022-02-08,1072.031005859375,1073.8283759531455,1051.077695211511,1060.4737500675897,12060849,26.69762957956418,-12.166939182123315,-7.1906715772554595,-4.976267604867855,1179.9622268474845,1104.1560852050782,1028.3499435626718,1104.1560852050782,1096.533935546875,1088.579206688501,1099.7811196611422,1080.0729750125308,1092.2399141946541,1102.6508483949995,0.016809746651979207,0.014936319928524141,0.021222036132618114,0.016809746651979207,0.0014025440552771773,-0.009522127431030869,-0.009188895974106881,13823556.0,0.8724852707942876,0,-13.571072118742222,-7.011469715695512,27.836997969124972,0.02596659781011644,-0.015201650672224641,-0.025232396979425645,-0.09147006449220865,0.04247684610685361,1
2022-02-09,1084.5211181640625,1086.204633140618,1072.918368570495,1078.901658786714,11486225,31.9665762128069,-10.910846797570457,-7.934706621318459,-2.976140176251998,1178.5433630837476,1102.51689453125,1026.4904259787525,1102.51689453125,1096.3346411132814,1088.192722067126,1099.1826882298842,1080.757304728151,1091.6681515257214,1100.8813509225608,0.011650887181826386,0.015534880688265671,0.012250812222646889,0.011650887181826386,0.022391019932166634,-2.1047693397946432e-05,0.004318920990966646,13587609.05,0.8453455613664421,0,-12.28076307395122,-6.737405301293165,27.776871699650105,0.025612107716880914,-0.003374038282565316,-0.013338610790379707,-0.07977835000798685,0.05653310612223015,0
2022-02-10,1083.406494140625,1090.0723137940836,1076.1490130370194,1090.0723137940836,12464491,35.87341200854529,-9.891304574533251,-8.326026211961418,-1.5652783625718332,1172.7822362908892,1099.3306762695313,1025.8791162481734,1099.3306762695313,1095.5524755859376,1087.7368908360306,1098.5640139518741,1081.16487233007,1091.0561769046033,1097.9583771130344,-0.001027756864084295,0.015041069458600587,0.012851409726972705,-0.001027756864084295,0.027599273535138913,0.012028582707566793,0.01836969119710896,13470811.5,0.925296222874175,0,-9.884790102622446,-5.968214774771923,26.606835192795074,0.024558497052299868,-0.003981106765697078,-0.013797575397288729,-0.07620830140890367,0.05607617601461628,1
2022-02-11,1081.2906494140625,1084.976257286365,1066.5937118273357,1079.857350777376,15943370,35.31626921228002,-9.148581847212427,-8.49053733901162,-0.6580445082008062,1164.9165587309776,1095.7156127929688,1026.51466685496,1095.7156127929688,1094.5837573242188,1087.1229630815574,1097.8866271072543,1081.1842226506842,1090.3328044978966,1094.5004026941715,-0.001952955550853397,0.015020460803002266,0.017000558979207353,-0.001952955550853397,0.008637477371528757,0.019345618432043965,0.01735991153564842,13675144.4,1.165864837229799,0,-6.988977689575222,-4.92941261755027,26.28670995733608,0.024310494104041784,-0.005364907067147771,-0.015116294600399127,-0.071787038041604,0.053361129974815964,1
2022-02-14,1064.068359375,1071.5305623649283,1052.4427424947037,1064.8418760134352,10719633,43.056284073328555,-9.836277128385063,-8.75968529688631,-1.076591831498753,1155.6939283075496,1091.155255126953,1026.6165819463565,1091.155255126953,1093.94947265625,1084.9272865380758,1096.560420529519,1078.5510129159636,1088.3872900443487,1088.4534952396207,-0.01592753072302533,0.011291238462774458,0.017938527823002086,-0.01592753072302533,-0.018858792555082826,0.009257263085548972,-0.02013342245249916,13214617.25,0.8111951180424843,0,-5.393836027175212,-4.353356837817728,23.483519367595413,0.022069558934530192,-0.01922610613807597,-0.029630889959377578,-0.07928186407168399,0.03648078366086672,1
2022-02-15,1100.1964111328125,1102.9037798370225,1062.7716573911962,1069.824295697398,11212671,56.2412815045782,-7.380965574511038,-8.483941352411255,1.1029757779002178,1143.8418097670826,1088.0998596191407,1032.3579094711988,1088.0998596191407,1094.4531713867189,1086.3814888804316,1096.703008396315,1081.8810741800942,1089.2620397546052,1086.283132049378,0.033952754481895386,0.01466438245262844,0.03647723446443936,0.033952754481895386,0.01549733833329614,0.02627293904700001,0.016500637342375946,13373428.15,0.8384290754947527,0,-2.1977178080694557,-3.0781112648271574,23.631400563981565,0.021479256180857376,0.012716455861759833,0.0031853680620479267,-0.03815684849215078,0.06571219248599779,0
2022-02-16,1097.92138671875,1107.0443589837334,1090.186219274119,1105.6793011160346,10392840,61.411802624787,-5.554658292403701,-7.898084740409745,2.343426448006044,1134.2043813975272,1085.623468017578,1037.0425546376289,1085.623468017578,1094.73619140625,1087.4805267697952,1096.7507879383713,1084.3488145706567,1089.9034728630604,1085.2269519180286,-0.002067834789353684,0.013957007472976323,0.01535459634318337,-0.002067834789353684,0.01538045049561787,0.012355931415491739,0.012334623658237787,13582318.7,0.7651742113811539,0,-0.7121952973307089,-2.431900291512875,22.814004884274773,0.02077926995525313,0.009600962676516004,0.0010673334300302748,-0.03198982059483013,0.058704275739575464,0
2022-02-17,1111.82177734375,1117.0089242641511,1096.5789142269996,1101.1745201113265,12853252,65.10872741183877,-2.951626744685427,-6.908793141264882,3.9571663965794546,1124.943458823883,1083.8466369628907,1042.7498151018983,1083.8466369628907,1094.9673364257812,1089.798741110172,1097.3418071307392,1088.5754242280557,1091.527050972741,1084.066177232056,0.012660642914100295,0.014181922988421393,0.018375256226731595,0.012660642914100295,0.04487814861518746,0.026227720949434152,0.03857178596767219,13737207.05,0.9356524913119075,0,2.0618502741413067,-1.2222068211349324,22.729507515177456,0.020443481121120377,0.020208351691747527,0.01319549671662663,-0.011664303105377052,0.06624020569603449,0
2022-02-18,1103.1312255859375,1117.6915612787002,1101.1973736454247,1112.2314504381943,6775458,55.82252211076499,-1.571841179493049,-5.841402748910515,4.2695615694174665,1119.574111092407,1082.639715576172,1045.7053200599369,1082.639715576172,1094.6756762695313,1091.0685015364354,1097.56884314859,1090.8147782831145,1092.3866194626075,1081.8774401845806,-0.007816497153505186,0.013408613194512012,0.014952153697321422,-0.007816497153505186,0.0026675368356303686,0.020198617442692246,0.039934990620637434,13251255.65,0.5113068662289373,0,3.945538454878033,-0.31778395866422215,21.614715269016692,0.01959396558422671,0.011055881489123228,0.005067912115098535,-0.014686732520481091,0.0549159542601439,0
2022-02-21,1091.9832763671875,1109.0917498883975,1085.0216268966433,1097.488880416598,11107193,53.106642753185035,-1.3621949771543314,-4.945561194559279,3.583366217404947,1111.6319707195748,1080.8662963867187,1050.1006220538625,1080.8662963867187,1094.1383056640625,1091.1556229488879,1097.3498013140252,1090.9945472191257,1092.35674219628,1080.1454810113137,-0.010105732627438524,0.013704401906802862,0.02204257474696023,-0.010105732627438524,-0.005408502305715324,0.02623413876208458,0.03573425817197706,13139685.6,0.8453164967661022,0,6.228336410812062,0.7893807845061929,20.945201568606535,0.019180881266137227,0.0007585108859750632,-0.004890441443932927,-0.01767553909021568,0.03988442005815396,0
2022-02-22,1087.023681640625,1090.1633625619224,1067.9814753307442,1070.5977356852184,13494914,50.78471334823905,-1.5780558512055904,-4.272060125888541,2.6940042746829507,1112.0054232683385,1081.1188232421875,1050.2322232160366,1081.1188232421875,1093.9503833007811,1090.7621047290534,1096.94485544448,1090.3836448224333,1091.961700673639,1078.7155459968187,-0.004541822969177822,0.013768404682568538,0.02040607542027011,-0.004541822969177822,-0.02230402049001956,-0.01197307077072196,0.013985300517713517,12720984.45,1.0608388095309715,0,4.380615848621801,0.24184704816502745,21.62284152630736,0.01989178514829815,-0.003427349623002342,-0.00904436877990096,-0.022465485423882832,0.03503173642104132,0
2022-02-23,1080.2213134765625,1095.0092390254035,1077.468571284383,1092.5294602510214,7310110,53.213651674887494,-2.2718331319836125,-3.8720147271075556,1.600181595123943,1112.0209228059136,1081.1370239257812,1050.2531250456489,1081.1370239257812,1093.894873046875,1089.7582198478638,1096.2890302692676,1088.8202092307608,1091.0920423627445,1079.5958214240982,-0.006257792060055056,0.01338791694511719,0.016238031523899524,-0.006257792060055056,-0.020768075073938963,-0.01612143952772971,-0.003964703513361645,11860979.7,0.6163158680728541,0,2.2776930780685234,-0.4617576691036902,21.112573943616294,0.019544674484960875,-0.008751396592018972,-0.014656460430657261,-0.02859623292798537,0.02853425304458017,0
2022-02-24,1026.3931884765625,1064.6825598160908,1020.7738499237836,1048.8025425531248,24846650,41.17919014309501,-7.083482475818528,-4.51430827684975,-2.5691741989687777,1118.0854656440342,1079.2635009765625,1040.4415363090907,1079.2635009765625,1092.8260473632813,1083.7234549553589,1093.5480168656322,1079.2160521916533,1086.2995346674718,1076.6671115520646,-0.049830645191364265,0.018954975187943267,0.042779619336211015,-0.049830645191364265,-0.06006510292797729,-0.07683658533050564,-0.05262411289982749,12102290.65,2.0530534853746882,1,-6.075286154813057,-3.7937902651069635,24.330161948222173,0.02370452397909473,-0.052901195610976184,-0.06141004085175097,-0.08200829005022044,-0.013502294307053448,1
2022-02-25,1039.2247314453125,1050.1449523145036,1035.721099403046,1037.4728552470633,14570089,46.252128490132364,-9.748970898970356,-5.561240801273871,-4.187730097696485,1120.296291055807,1078.082745361328,1035.8691996668492,1078.082745361328,1091.7344750976563,1079.4854812877354,1091.4176919471884,1073.0635413076009,1082.8125122065712,1075.0997168745484,0.012501586246685292,0.019308057077910716,0.01387943577073786,0.012501586246685292,-0.043972317257311655,-0.0579319057047637,-0.038903432663128124,12097408.75,1.204397511987846,0,-11.583020248699995,-6.151151201401717,24.34316715315256,0.023424353189994862,-0.03729624023696476,-0.047821252016502384,-0.07236617692814971,0.0032393392713505353,0
2022-02-28,1073.62353515625,1077.1726610969984,1020.5919703644312,1020.5919703644312,21297446,50.36541779640128,-8.982153032487531,-6.245423247516603,-2.736729784970928,1119.5577621816385,1077.4673278808593,1035.3768935800802,1077.4673278808593,1091.9082885742187,1078.9272007037844,1090.7198818769555,1073.1496942073932,1082.1318472398807,1073.1294385227693,0.03310044754525521,0.020881252432974253,0.05270068034074225,0.03310044754525521,-0.006107802390121653,-0.01681320731579039,0.008979851432536101,12555096.9,1.6963187277351877,1,-12.228422245103502,-6.629919437069702,26.759596438219173,0.02492456206665096,-0.004915684342812734,-0.01567436974861536,-0.04102890317680284,0.0369398253074031,0
2022-03-02,1091.3690185546875,1092.4838597770895,1059.8139450476658,1062.2027357830907,21471786,51.534298398583914,-6.863414968188408,-6.369021591650965,-0.49439337653744353,1120.4211441576524,1077.9189208984376,1035.4166976392228,1077.9189208984376,1093.0112353515624,1080.1121357372037,1090.7453382172587,1075.9526671839,1082.8160821520885,1073.251267776422,0.016528590159729406,0.0211243137819054,0.029934801312839925,0.016528590159729406,0.06330500904294412,0.003997462969255849,-0.00802346970850043,12968660.75,1.655667182133668,1,-10.649968991849619,-6.1995172272213495,28.08075982737494,0.025729848795380515,0.010421957540362835,0.0005717928058699582,-0.025929647752949793,0.05403845721537762,0
2022-03-03,1082.1551513671875,1098.785820478749,1078.4013026500006,1092.0288927878123,10186748,49.72945096836548,-5.860228796379488,-6.26726303259667,0.40703423621718215,1120.2366906626273,1077.7994812011718,1035.3622717397163,1077.7994812011718,1093.62140625,1080.3067086543451,1090.408468144707,1076.9068955197904,1082.7671243161699,1073.2455213617388,-0.008442485567074276,0.02126233566082801,0.018836964184844193,-0.008442485567074276,0.04131004451959974,0.0017902237870137672,-0.014360076725239423,12977113.6,0.7849779476385258,0,-9.451511193518627,-5.8805621245605835,28.542275332495233,0.026375400326316533,0.0017110351144119368,-0.0075690138316353095,-0.033994190346429684,0.04519469262564998,0
2022-03-04,1058.1531982421875,1075.7848524224223,1055.787154408625,1070.643199306108,10805667,45.43001834338587,-6.922159209675783,-6.398242268012493,-0.5239169416632903,1120.417637174432,1077.1806640625,1033.943690950568,1077.1806640625,1093.252392578125,1078.1968505198538,1089.1435555995104,1074.021711323236,1080.943870532912,1072.6904508728092,-0.022179770705407664,0.022085913109729433,0.018898679366104763,-0.022179770705407664,-0.014409461424307324,0.030943316968778056,-0.04827084717640806,13038755.0,0.8287345685995327,0,-5.526604435505078,-4.404461266121871,29.112664725319046,0.02751271250106434,-0.018589974797275866,-0.02845387754258388,-0.05557252658862855,0.023414725099161073,1
2022-03-07,1019.0222778320312,1052.0334004268125,1011.0367738665514,1036.835909210037,17983310,41.81142994722062,-10.796825871505462,-7.277958988711086,-3.5188668827943754,1125.157997671675,1075.0933074951172,1025.0286173185593,1075.0933074951172,1092.1084924316406,1072.5611769305374,1086.3937015694132,1065.5602600168968,1076.3570858884023,1070.094549245591,-0.03698039232425021,0.023806956370035975,0.04023133492967533,-0.03698039232425021,-0.06628989781885675,-0.01943992767106728,-0.0762456413190834,13384858.45,1.3435562331254987,0,-6.924304357198025,-5.023990377775135,30.417558829338855,0.02984974861791263,-0.04991687210954634,-0.06201382025692589,-0.0943296142046484,-0.005859679803126337,1
2022-03-08,1017.1793823242188,1021.9570845268836,991.9262347785384,1006.2591006780564,21289374,32.7600590858725,-13.856504226878087,-8.593668036344486,-5.262836190533601,1128.9784205985359,1073.2368591308593,1017.4952976631828,1073.2368591308593,1090.8590283203125,1067.286720301364,1083.67941454019,1058.1170480641772,1071.9735522910553,1065.970726113449,-0.001808493835613989,0.021349600289519852,0.029523651649058954,-0.001808493835613989,-0.06004293280947637,-0.05257350550145745,-0.06850278356993389,13913603.8,1.5301121338527692,1,-11.64048040242028,-7.0404673367654595,29.69603935094735,0.029194495943373287,-0.0469483382712724,-0.06136504147233204,-0.09902672737982546,-0.0003104833405024821,1
2022-03-09,1071.1436767578125,1077.0133522040442,1016.5649623830144,1017.40684017154,20414228,45.42196790913515,-11.790935243058584,-9.233121477687305,-2.5578137653712787,1128.9395075465306,1073.1924926757813,1017.4454778050318,1073.1924926757813,1090.7120556640625,1067.6540494876926,1083.1878169800968,1060.121144786275,1071.9120800293335,1065.1964386437003,0.05305287874621212,0.02647386548270393,0.05643350293024906,0.05305287874621212,0.012276557437245206,-0.018532083514391506,-0.014608701862727669,14331272.75,1.4244532468339213,0,-12.458086249511098,-7.557521237161836,32.80962864461986,0.030630464760740196,0.003268500008775624,-0.01111916145425558,-0.05119479866049069,0.05277747075806513,1
2022-03-10,1088.5025634765625,1094.3039991292935,1073.8284925572511,1092.028942843511,17980493,46.059841907733585,-8.653487836655131,-9.117194749480872,0.4637069128257405,1129.336996692035,1073.3915649414062,1017.4461331907773,1073.3915649414062,1090.6560913085937,1069.6396222485373,1083.3962384113308,1064.4875168924732,1073.1410047291283,1065.8169634710346,0.016205936790191,0.026635552930906185,0.018810710474255355,0.016205936790191,0.06818328426769082,0.005865528710329304,0.007666253106363818,14655986.15,1.226836107510923,0,-10.667086405807822,-7.012229733376216,33.004650954214824,0.03032115133362796,0.017634856484067558,0.004713257148390569,-0.03615788142519149,0.06983802676899224,1
2022-03-11,1091.6419677734375,1097.0339575128753,1081.1311923906428,1081.1311923906428,12257423,48.02159097549522,-5.846321715800286,-8.463020142744755,2.6166984269444686,1130.1787178716224,1073.8033386230468,1017.4279593744711,1073.8033386230468,1090.6256030273437,1071.7350837270992,1083.7196003471,1068.6651247203138,1074.511446436114,1066.0861472463155,0.002884149658635593,0.026584065577334823,0.014567748027009712,0.002884149658635593,0.0732049692936898,0.03164831858645978,0.06357093950878734,14645632.75,0.8369336586020839,0,-6.461766792754588,-5.423955252410451,32.96240648914033,0.030195253995567748,0.018574444700559297,0.007310348012345782,-0.03409792583137488,0.07294276485638765,1
2022-03-14,1100.6058349609375,1103.1312280003071,1080.1985698532058,1086.0682461878607,8340678,51.49602653691333,-2.8652839626713558,-7.343472906730075,4.4781889440587195,1132.3337640515058,1074.7690979003905,1017.2044317492753,1074.7690979003905,1091.1693408203125,1074.484679082703,1084.381805626074,1073.5790801419482,1076.4443641046196,1066.2765022712417,0.00821136183119009,0.026521352401446558,0.020836395209475982,0.00821136183119009,0.027505328036200094,0.08006062173878581,0.05906432137181583,14265498.15,0.5846748506290332,0,1.9235021521656108,-2.011895943339141,32.88115900023655,0.029875508520635422,0.02431040329075177,0.014961546985285666,-0.028019944381986215,0.08199079812131545,1
2022-03-15,1075.398193359375,1104.7464533796308,1065.1148867530296,1104.7464533796308,15925769,48.11537686723852,-2.5079262614822255,-6.376363577680506,3.86843731619828,1132.6794332968539,1075.3355895996094,1017.991745902365,1075.3355895996094,1091.1265698242187,1074.571680442386,1084.0295071058115,1073.85894371386,1076.3668699753423,1067.2576017648619,-0.022903423551681623,0.027254448972252782,0.03685292282554277,-0.022903423551681623,-0.012038896881724881,0.057235539814155745,0.0016529613453999392,14525804.95,1.0963777260412684,0,7.284960141021884,0.3500925656214804,33.99757082810497,0.03161393708678448,0.0007691556850342155,-0.007962249818716413,-0.050571448773243974,0.05639185945080918,1
2022-03-16,1093.55322265625,1095.6235563592827,1081.6091471404573,1083.8387095081289,11149828,52.08452623622913,-0.7511003549709585,-5.251310933138597,4.500210578167638,1131.815434201247,1075.0034301757812,1018.1914261503154,1075.0034301757812,1091.1220239257811,1076.3794463675158,1084.4029861470053,1076.88883278192,1077.639933136891,1067.3158589255586,0.01688214598925586,0.027573158874182314,0.012815479785048167,0.01688214598925586,0.0017508074434979815,0.020921139138185163,0.0020013433260686053,14522662.8,0.7677536932138919,0,8.725396879823165,1.2151691669084812,34.189334775168334,0.03126444517453129,0.015955132129929602,0.008438040678729965,-0.03380605210777995,0.07401535170146778,1
2022-03-17,1129.2032470703125,1136.3468717821495,1098.899378439722,1106.9303748135983,21422098,67.04384709874957,3.477766338203537,-3.50549547887017,6.983261817073707,1137.601728851538,1076.5675231933594,1015.5333175351809,1076.5675231933594,1091.3367895507813,1081.4102845296868,1086.15985912439,1084.9372042109035,1081.4594378727,1070.0937688163367,0.03260017315615271,0.0244558606200495,0.03316275740402261,0.03260017315615271,0.02598333681411935,0.037391444870608526,0.043476294174347174,15074125.7,1.421117113279744,0,11.770662281149498,2.763620713059254,32.9997766018198,0.02922394767056935,0.0441950323797884,0.039628962149845896,-0.0073826204445945134,0.11193126564377219,1
2022-03-21,1122.69677734375,1130.2499690830257,1109.7744623583417,1112.0495186610842,11999466,64.13441066918017,6.232313696968276,-1.5579336437024809,7.790247340670757,1139.6433030627984,1077.1112731933595,1014.5792433239204,1077.1112731933595,1091.3167700195313,1085.3423314643594,1087.592679446718,1090.7463693082645,1084.5140556112963,1070.4812060101353,-0.005762000546352786,0.024633070608063697,0.01823778881162208,-0.005762000546352786,0.043982391151896616,0.02844779743458692,0.06099644097733936,15031436.4,0.7982913728723889,0,13.607247737260195,3.873079099618053,32.76575823658715,0.029184868878050458,0.034417201648249955,0.03227687953443219,-0.014870026150730235,0.10656391280548931,1
2022-03-22,1151.70361328125,1153.432622038583,1116.4174402666702,1119.3749045708569,22557065,63.46730341899957,10.633346959425353,0.880322476923086,9.753024482502267,1149.6416615219719,1079.539892578125,1009.4381236342782,1079.539892578125,1092.3601123046874,1091.6624535421586,1090.106833714739,1100.1244068425701,1089.4910598831448,1074.6848819173404,0.025836749978145335,0.02408451572344506,0.03213950303277696,0.025836749978145335,0.05317563829563987,0.04642695567948363,0.13020454835540796,15820516.75,1.4258108857284955,0,17.177774459455577,5.725028088664885,31.36822188225471,0.027236366648955262,0.05499974790217763,0.05650526871445132,0.0017935604008542945,0.14093532462868907,1
2022-03-23,1155.366455078125,1167.0375661035232,1147.9953600851836,1147.9953600851836,15462187,61.601938395870754,14.252464707717309,3.5547509230819307,10.697713784635377,1160.489693072634,1082.709051513672,1004.9284099547099,1082.709051513672,1093.2992553710938,1097.7295013074886,1092.6660345525188,1108.6231834941939,1094.3707187864766,1077.9270401086267,0.0031803684165228052,0.023868829475191287,0.016481529245240174,0.0031803684165228052,0.02316961811409257,0.07436153623146957,0.13585319871324342,16038266.45,0.9640809403063634,0,23.15782086510262,8.636527446707305,30.394814117177273,0.026307509607522747,0.05250560698422146,0.057382968393708704,-0.0044147208071656655,0.1497002608675329,1
2022-03-24,1173.3167724609375,1175.8194185614975,1142.0802732954487,1142.0802732954487,13168266,66.01904448933766,18.357468721016858,6.515294482668916,11.84217423834794,1174.749957472615,1087.0237060546874,999.2974546367598,1087.0237060546874,1094.5792041015625,1104.9282890363884,1095.828808588143,1118.5760433352314,1100.2185746142145,1081.2935761589363,0.015536470964615967,0.023740929666783386,0.02875535921580978,0.015536470964615967,0.04508785999809506,0.07293979675807738,0.09538691953294931,16021934.05,0.8218899140956082,0,28.548842668872567,11.425822441137598,31.34871607698445,0.026718032855895378,0.06189404697402665,0.07071174189390901,-0.0012199915416561831,0.1741416602401264,1
2022-03-25,1181.1429443359375,1190.3114093068612,1172.5659000566366,1175.0685459381182,14222488,72.91458849890219,21.98874804088382,9.609985194311896,12.378762846571924,1189.2493845827034,1092.0697875976562,994.8901906126089,1092.0697875976562,1095.8559643554688,1112.1868276363455,1099.1744609704094,1128.201720412263,1106.2129723713792,1085.574675649813,0.006670126992717629,0.02231073322319548,0.015024014946981266,0.006670126992717629,0.025561551353315393,0.04599676577301848,0.08510809617525505,16367552.95,0.8689440653375128,0,30.776543106658664,13.014601846019332,30.73282409781745,0.026019563715970098,0.062000479583218714,0.07457276917911826,-0.006816434258328766,0.1872093578575164,1
2022-03-28,1193.0189208984375,1196.5679268909803,1176.88868384816,1187.581436439095,9891424,86.08232116742866,25.530554777493307,12.794099110948178,12.73645566654513,1202.3272672679589,1100.40107421875,998.474881169541,1100.40107421875,1096.7737255859374,1119.8851222327353,1102.8546358695478,1138.1735974101362,1112.6430426326428,1092.6848085733711,0.010054648016525114,0.018151431177131597,0.016495331882917803,0.010054648016525114,0.03258919769984714,0.06263680895305179,0.092866485640684,15619791.65,0.6332622240835075,0,34.54279076837588,15.261956422829826,28.773025431187737,0.02411782824828912,0.06530473279249753,0.08175536656995554,-0.007741940670340663,0.19484119570541591,0
2022-03-29,1193.291748046875,1200.321638726132,1186.3983390664755,1200.321638726132,8684065,86.7604435879737,28.036292081236525,15.842537705005848,12.193754376230677,1213.7819952717339,1108.104425048828,1002.4268548259222,1108.104425048828,1097.5677221679687,1126.8762294531296,1106.4011892882666,1146.6533128927115,1118.617020811475,1097.960235943989,0.00022868635497585998,0.01804460801113208,0.01166797615289435,0.00022868635497585998,0.017024367208219093,0.036110101840471476,0.08421353961768441,15325490.45,0.5666418982369338,0,35.21377591097098,16.294355573527582,27.622486139138548,0.02314814142002554,0.058937722580213396,0.07853440469862837,-0.016881324080171126,0.1904028132347848,0
2022-03-30,1216.2244873046875,1223.0724028520565,1190.8120505919685,1201.1863453712592,15811550,84.79005401304134,31.509366979877996,18.975903559980278,12.533463419897718,1229.9708492545215,1115.23447265625,1000.4980960579788,1115.23447265625,1098.7867016601563,1135.3855873437542,1110.7079852889105,1157.356570494554,1125.847203514676,1106.7359150576601,0.019218048976998192,0.013845770957505353,0.026524998137129392,0.019218048976998192,0.029701352522131463,0.05267422466618821,0.130952697163637,15051195.65,1.0505178703194917,0,37.656086036265606,18.041950736391755,25.609054884785564,0.02105619082011626,0.07119951218515704,0.09499931882485804,-0.011176168897145447,0.2156189922766303,0
2022-03-31,1198.843017578125,1214.7457855604305,1196.0447812890177,1212.584463956999,13223718,76.45652877642041,32.48479996239416,21.677682840463056,10.807117121931107,1240.58568576977,1120.608172607422,1000.630659445074,1120.608172607422,1099.5374755859375,1141.42915212798,1114.164261064958,1163.7391008151035,1131.2543008527093,1112.9645208512945,-0.014291333473380519,0.015009443662202833,0.015599210236209343,-0.014291333473380519,0.004881814175504928,0.02175562961027855,0.0962822775704737,14638792.25,0.9033339481950774,0,36.500863091591555,18.335452476815135,25.396153716513336,0.021183885916788388,0.05029998168796348,0.07600203979997344,-0.03364754943609081,0.19808743242284307,0
2022-04-01,1208.443603515625,1212.6752582349072,1193.0415116671982,1199.4116203413212,7922880,77.16408105513165,33.64468963929562,24.07108420022957,9.57360543906605,1251.5807440438268,1126.9225952148438,1002.2644463858609,1126.9225952148438,1100.75736328125,1147.8114808315652,1117.8614901806707,1170.6167166151838,1136.9720269758882,1116.3967084738363,0.008008209412517564,0.014963112645804136,0.016247135166746907,0.008008209412517564,0.012697528071864861,0.023113763927224307,0.07017368808573599,14525598.85,0.5454425722351544,0,35.62465319521971,18.687029210261244,25.662652391190232,0.021236119183826205,0.052824112405752494,0.0810316073419027,-0.03446612672293661,0.20571333032239217,0
2022-04-04,1212.015625,1217.1572786813151,1201.9826544660282,1208.2617761125623,7929162,76.57664216147336,34.454967428905775,26.147860845964814,8.30710658294096,1260.3901749000154,1134.6157165527343,1008.8412582054532,1134.6157165527343,1102.0505078125,1153.926161228559,1121.5538091931935,1176.985779443617,1142.5308120147113,1120.9845459826818,0.00295588596272367,0.015006801473514523,0.012520155600540992,0.00295588596272367,-0.003460596582802622,0.01592322113990985,0.07955740985341953,14381773.6,0.551334085804271,0,34.04103899582378,18.69917332364571,25.108507110346345,0.02071632295198038,0.05034071132384623,0.08065757974811887,-0.038380614878922595,0.20139379227605878,0
2022-04-05,1194.8843994140625,1214.836726034793,1192.450114468768,1206.282427766636,13149870,79.64557277927226,33.330557759449675,27.584400228661785,5.74615753078789,1259.3628652865082,1143.4088226318358,1027.4547799771635,1143.4088226318358,1103.402802734375,1157.8269458176546,1124.4295186136198,1179.7394132852241,1146.4088555257745,1130.6455964841718,-0.014134492355193484,0.01379616372776964,0.018735378566330434,-0.014134492355193484,-0.003302032130995447,0.0013346705613226373,0.03749296749168707,14140101.6,0.9299699798479525,0,30.95071636452508,18.028329325353297,23.87672460601946,0.019982455723522655,0.03200603832055229,0.06265833441237911,-0.05119927516504678,0.1629557063724209,0
2022-04-06,1191.6993408203125,1198.72923220727,1177.1617516980632,1177.1617516980632,12257215,76.30493602180265,31.815695848443283,28.430659352618086,3.3850364958251973,1253.4323051086492,1152.1348205566405,1050.8373360046319,1152.1348205566405,1104.6877563476562,1161.05288819886,1127.0675508570196,1181.5794021367763,1149.763706288333,1142.6213561031796,-0.0026655788587681695,0.013778198370214783,0.01809808881354302,-0.0026655788587681695,-0.01385605637416576,-0.020164983307256024,0.0314470664978157,13688493.65,0.8954392874339391,0,25.66730085510585,16.35956556810902,23.972590142397962,0.020116307294335084,0.02639539760242469,0.05734508984323705,-0.049251135491505935,0.13404739248345449,0
2022-04-07,1170.677734375,1185.7613700217532,1168.015859682402,1180.8016922079776,15496499,62.06171600922737,28.58932892710618,28.462393267515704,0.12693565959047604,1251.1770433091374,1157.1115234375,1063.0460035658625,1157.1115234375,1106.4618481445314,1161.9695402156353,1128.7777541322346,1179.9022224811183,1151.3128935540121,1151.13739143901,-0.01764002523559527,0.012900669564286702,0.01515832224213717,-0.01764002523559527,-0.034106730781626626,-0.023493720854314892,-0.002249211933110229,13442607.2,1.1527896909760185,0,20.5403880876554,14.613493067276522,22.607578143255896,0.0193115299620229,0.007494339445204925,0.037119778529810486,-0.0643388634443222,0.10124842240890754,0
2022-04-08,1190.1522216796875,1194.4066235414564,1164.8307737717014,1164.8307737717014,15152495,68.24163686336078,27.28926461216338,28.22776753644524,-0.9385029242818597,1251.5158906693503,1162.1940063476563,1072.8721220259624,1162.1940063476563,1108.6677465820312,1164.6536051169737,1131.1845959968407,1181.4791454347442,1154.1898808225808,1157.393023291905,0.016635224821359262,0.013162422641436983,0.024850476460913512,0.016635224821359262,-0.003960364481028877,-0.01513631400151727,0.007627592737147637,13301207.3,1.1391819297485875,0,16.842124285408545,13.323105816170028,23.257602646475252,0.019541704181042736,0.021893734283467733,0.05212909183127834,-0.04903147410844582,0.10931414587626596,0
2022-04-11,1187.67236328125,1200.5719293490686,1175.2959770389286,1183.0311432189874,9254209,61.35612451285086,25.761883471952387,27.734590723546667,-1.9727072515942794,1250.4825059099185,1166.9955261230468,1083.5085463361752,1166.9955261230468,1111.1439208984375,1166.8458677992858,1133.3998025570136,1182.4319481803605,1156.670064708408,1161.6081938406583,-0.002083648085736134,0.011671984829991745,0.021281923442512896,-0.002083648085736134,-0.0033791891974115362,-0.020084940504582982,-0.004481536313909573,13151046.6,0.7036861233538629,0,12.919706570726703,11.845993363820071,22.41908625634861,0.018876490646300908,0.017848540288567645,0.04788474517270471,-0.05022872557738377,0.09613566713183672,1
2022-04-12,1165.3087158203125,1184.214442712084,1162.7378287017318,1177.116189798847,13217742,52.807469764729156,22.487639949581762,26.68520056875369,-4.197560619171927,1247.6818991230095,1170.2306701660157,1092.7794412090218,1170.2306701660157,1113.1932983398438,1166.6994723727169,1134.6511324889075,1179.797604740353,1157.3099647907713,1164.1442304385064,-0.018829812120197964,0.012951062126757633,0.018429978012507963,-0.018829812120197964,-0.004586248116826064,-0.024751920443729203,-0.023450285541958937,13394899.8,0.9867742347725512,0,8.872526555062223,10.22161387528763,22.839966867861367,0.01959992794852075,-0.001192043525635589,0.027019391646978093,-0.06602098127783758,0.06637137548181385,1
2022-04-13,1161.0313720703125,1179.664132404293,1158.2330158892628,1171.4284128604863,10354235,46.240582967011626,19.32486743262939,25.21313394152883,-5.8882665088994415,1238.1206163494078,1174.5123291015625,1110.9040418537172,1174.5123291015625,1114.6952880859376,1166.1596532962974,1135.6856516881783,1176.9104920218854,1157.585624589256,1169.2316342844108,-0.0036705670282307645,0.01225605927885487,0.018458688568264072,-0.0036705670282307645,-0.02446817228831122,-0.02573465277650444,-0.045380697240104184,13116323.1,0.7894159758842781,0,5.106765097437346,8.6181008311587,21.960821957074327,0.018914925544100087,-0.004397580735612965,0.022317549177854126,-0.06226311335190631,0.04512300642362412,1
2022-04-18,1157.4822998046875,1164.7397805103374,1147.4493300930017,1152.545489452205,9974224,42.56505975478215,16.343568471575736,23.439220847538216,-7.09565237596248,1229.5178781116338,1177.7087829589843,1125.899687806335,1177.7087829589843,1116.1981909179688,1165.3332386780487,1136.5404222025513,1173.9215393730858,1157.57797090151,1172.1191600721802,-0.0030568271891709964,0.012081694548192598,0.014937982568073205,-0.0030568271891709964,-0.025419521755271512,-0.011271620005105176,-0.03450052856544428,13057542.9,0.7638668374583705,0,3.3636984624133675,7.762668070316749,21.92831775472512,0.018944840675684877,-0.006737076239468882,0.018425985730935988,-0.058588475685756404,0.02805099987183326,1
2022-04-19,1201.5955810546875,1213.9719664591005,1160.7583113534645,1163.9206184581967,26141820,52.241031091196504,17.340549630617943,22.219486604154163,-4.87893697353622,1228.8027710888243,1181.3283996582031,1133.854028227582,1181.3283996582031,1118.5392236328125,1168.7867950948714,1139.091604902635,1178.1790842471783,1160.8385346165603,1178.164545333895,0.03811140892387188,0.015859901836407533,0.044285827898042286,0.03811140892387188,0.031139272144576013,0.009615038451845859,-0.005666811790815185,13293529.0,1.9665071629963722,1,4.1331899778977,7.907008905794328,24.55763372698175,0.020437520006046088,0.028070804784505594,0.05487177315945109,-0.022141218000370336,0.059744509558252244,1
2022-04-20,1236.9273681640625,1244.0028730390352,1205.3722941596611,1209.0124078704498,25072240,59.63623816237461,20.74253726388497,21.924096736100324,-1.1815594722153548,1232.2453608656685,1187.0399291992187,1141.8344975327689,1187.0399291992187,1121.8671801757812,1175.2763734824134,1142.9283015011224,1187.2172817728529,1166.474744508968,1185.1759647671504,0.02940405879186314,0.017622329990783583,0.031231081042949502,0.02940405879186314,0.06536946194521409,0.04147187928725815,0.02055397855457719,13947167.7,1.7976581725621612,1,8.430505683127649,9.528498944108833,26.59220460731683,0.021498598294244966,0.05245659325131632,0.082244062501105,0.003799573889330599,0.08328078266751143,1
2022-04-21,1265.888916015625,1269.0284764486553,1243.0927417436085,1251.692532864583,21708633,60.6831417103383,25.481852904730204,22.6356479698263,2.846204934903902,1247.0841512508782,1192.7491943359375,1138.4142374209969,1192.7491943359375,1125.9695703125,1183.9061394379573,1147.750286384044,1199.3206101178948,1173.8387572131646,1194.5874400511473,0.023414105465666468,0.017957169198503764,0.02048816004067664,0.023414105465666468,0.09365725612325115,0.08631206377316891,0.05942375399359223,13904746.1,1.5612390793672961,1,17.20666706524048,13.099153895136624,26.580830037638602,0.0209977587301274,0.06924769949802594,0.10293060348847607,0.015078986246344966,0.11197565385637981,0
2022-04-22,1255.287109375,1274.943602182277,1248.6439171934,1255.3326032722164,15054154,62.50626138002439,28.058872288422208,23.720292833545486,4.338579454876722,1255.8516278111013,1197.7452270507813,1139.6388262904613,1197.7452270507813,1129.9891455078125,1190.704327051009,1151.9674166974148,1207.930840772834,1179.8719684844118,1200.2173898094798,-0.008374989706043112,0.017584404416381226,0.020951131253129248,-0.008374989706043112,0.044683526776276405,0.08118276523106682,0.053358902179904355,13884344.45,1.0842538554277945,0,24.54467375471154,16.28176500923655,27.017971392867675,0.02152334011166558,0.054239143049006816,0.08968977002300402,-0.00044951045457908544,0.10147801252171731,0
2022-04-25,1226.257568359375,1255.1052787532617,1211.9929418363483,1247.8251704716654,17063215,53.634134145102394,27.442398479089206,24.46471396265423,2.9776845164349766,1258.6363059154412,1200.392266845703,1142.1482277759649,1200.392266845703,1133.0736767578126,1194.0903500327581,1154.880755978276,1210.7503373246095,1183.3079388455203,1203.7958642918557,-0.023125817829897644,0.018882217747209776,0.0351576520539595,-0.023125817829897644,-0.008626052005401452,0.05941798726969094,0.04747663029061355,14079091.9,1.2119542312242453,0,28.757111354709423,18.34033377572473,28.708001462220718,0.023411069748282578,0.026938680415375952,0.061804486750354666,-0.025725253120293747,0.07364135279287794,1
2022-04-26,1262.9542236328125,1271.7587383126895,1232.0361813234292,1233.0826614702617,12227666,59.15447536870057,29.574040804369588,25.4865793309973,4.0874614733722865,1268.2629731796083,1204.4828308105468,1140.7026884414854,1204.4828308105468,1136.6423388671874,1200.6488141851441,1159.1189311804148,1218.7817044489486,1189.207663644579,1207.203080598921,0.02992573193455139,0.02038964671093992,0.03145209560723485,0.02992573193455139,-0.0023182858667010198,0.051064304451143405,0.06117032815380363,13979350.8,0.8746948391909587,0,31.862019090272724,20.02732627777982,30.874183300651257,0.024446003444086446,0.0518931170476804,0.08958122385824088,-0.004185842888313937,0.10717212857484926,0
2022-04-27,1264.1826171875,1286.773947901071,1253.580733766915,1253.9448053007873,19338945,63.20901568586755,31.005096347862263,26.590282734370295,4.414813613491969,1276.8687729424923,1208.041015625,1139.2132583075077,1208.041015625,1140.257861328125,1206.699652566321,1163.2390757297123,1225.7664602548798,1194.7613639070175,1211.9118449109321,0.0009726350581054088,0.019796441299978908,0.02625666077263656,0.0009726350581054088,0.007086432853539826,0.022034639805805112,0.06442033701522765,14451726.85,1.338175375214762,0,31.423279083907573,20.310774228589935,31.6460834840892,0.025032841817184664,0.047636513774515825,0.0867779836182555,-0.009935363777248315,0.10969794985151005,0
2022-04-28,1283.065673828125,1297.239310503393,1267.708955036475,1278.5610555725848,25614076,66.43207938616231,33.279299980359156,27.92808618356807,5.351213796791086,1288.6323799623676,1212.5297119140625,1136.4270438657575,1212.5297119140625,1144.2933618164063,1213.9726069722071,1167.9381580080815,1234.5817238815328,1201.3024239011736,1218.3627277628477,0.014936969061190908,0.019884589019684186,0.02301546683796161,0.014936969061190908,0.04632640558928758,0.013568929781424766,0.10105215588722172,15298227.4,1.6743165943526241,1,30.066467534249796,20.18787162403737,32.46674154170965,0.025304037200872685,0.05691484837392191,0.09857329776466377,-0.004319855857110457,0.12903479440576346,0
2022-04-29,1269.5975341796875,1299.5828338743645,1263.7051102296844,1299.5828338743645,18214862,68.28741869572852,33.60745066086906,29.06395907902827,4.543491581840794,1295.4752892581253,1215.1983642578125,1134.9214392574997,1215.1983642578125,1148.4039453125,1219.2702190872053,1171.9248002108895,1239.9687716197104,1206.3613209588414,1222.290410903682,-0.010496843554589241,0.019329814344402303,0.028259131479694836,-0.010496843554589241,0.005260135658571974,0.011400120894902388,0.09350837946418578,15418393.0,1.1813722740106574,0,28.565892036196374,19.957383513474724,33.337758863621765,0.02625852521457673,0.04127658849090831,0.08334385785779225,-0.019975491074983816,0.11866556597106578,0
2022-05-02,1265.13818359375,1276.5362108883514,1254.9458650066724,1256.7432351242765,9467006,64.67760333710378,33.125826210984314,29.87633250541948,3.2494937055648343,1301.3796137916788,1218.5131225585938,1135.6466313255087,1218.5131225585938,1151.7027807617187,1223.638596659257,1175.5802270102174,1243.8409888464857,1210.7151626355014,1224.4628301206817,-0.003512412765371953,0.019225462857868688,0.01706560292121569,-0.003512412765371953,0.000755876875111472,0.031706728046044796,0.09300866527913931,15230557.4,0.621579745991437,0,29.548246626498894,20.699471031941357,32.767365728759195,0.025900226673801163,0.033914905142575565,0.07618191810804777,-0.027848469281254815,0.11402451140730356,0
2022-05-04,1225.6431884765625,1269.4836653281736,1217.7487926896629,1267.2086090941275,19247660,56.491657765751285,29.220384923680967,29.74514298907178,-0.524758065390813,1302.156540710033,1219.3731018066405,1136.5896629032482,1219.3731018066405,1154.257216796875,1223.8295101656672,1177.5434804010545,1241.0413272511128,1211.8209423274318,1225.7598152684407,-0.031217929890471008,0.02144652026469995,0.04221038645253325,-0.031217929890471008,-0.04475412796309808,-0.029542666280435004,0.020013062465465747,15796796.4,1.2184533821047412,0,23.18069598052307,18.42454922063962,34.65728860935711,0.028276817376544208,0.0014819697480981402,0.040847500645263615,-0.058758950895220034,0.07835151812470337,0
2022-05-05,1201.6412353515625,1242.18280014838,1197.591676403661,1239.2252151754035,17210669,56.176963542890256,23.912884692333137,28.57869132972405,-4.665806637390915,1301.9613135307352,1218.8543823242187,1135.7474511177022,1218.8543823242187,1156.0536059570313,1221.7163411357524,1178.4884903991135,1234.979774651182,1211.0668899588488,1225.5020235585378,-0.019583148954496088,0.02150491904612914,0.03710851661284161,-0.019583148954496088,-0.053525859178698676,-0.04947179385766032,-0.02852724721005584,16260871.75,1.058409983462295,0,15.01668856943138,15.249414669401176,36.061330692585734,0.030010064261847106,-0.016431887753524943,0.019646135826585753,-0.07705304077516621,0.05801798997568822,0
2022-05-06,1192.42724609375,1209.8769247815503,1180.0963532492094,1188.582409796725,19649948,55.24955677938737,18.747056197721122,26.612364303323467,-7.865308105602345,1301.99477381752,1218.7315246582032,1135.4682754988864,1218.7315246582032,1157.8395263671875,1218.9269035127045,1179.0351082694915,1228.4332317961923,1209.6861755984712,1224.6261018268028,-0.007667837110397424,0.02161808446493769,0.024974749302230818,-0.007667837110397424,-0.05747272388337643,-0.07064207981182158,-0.05803168745097709,16585875.65,1.1847398602677937,0,4.954296540497353,11.09695026141003,36.657720336679354,0.030742102259710764,-0.021740153033449137,0.011358557290049299,-0.08415358488921727,0.050163418762041334,0
2022-05-09,1145.856689453125,1181.7116566675552,1140.7150367020854,1171.6330736984112,18083752,48.30062292232831,10.771082845166575,23.44410801169209,-12.673025166525516,1305.179789757593,1216.4393920898438,1127.6989944220945,1216.4393920898438,1158.9169946289062,1211.9678355070303,1177.7339938061045,1215.7291483587974,1204.9580655136308,1222.241096608696,-0.03905526043050811,0.024260972398805807,0.035778139048990465,-0.03905526043050811,-0.06509765629474085,-0.09746462276056167,-0.08717561034810573,16877202.5,1.0714898988739396,0,-7.3023835801750465,5.8091935952149925,39.11641740627427,0.03413726844405219,-0.054548597839849,-0.027066641975715643,-0.12206984934547489,0.016101544047519206,0
2022-05-10,1125.995361328125,1149.6332918929572,1118.4194240193035,1135.2549338699698,19511677,38.10580834686989,2.814974039374192,19.31828121722851,-16.503307177854317,1309.78301143912,1214.2052734375,1118.62753543588,1214.2052734375,1159.6964282226563,1203.7799808233249,1175.705027826576,1201.9239503540787,1199.1089763147045,1219.2004431867858,-0.017333169416219985,0.021892140441513424,0.027721133626018312,-0.017333169416219985,-0.06295212896992997,-0.10998231186918739,-0.08176276307545405,17077961.4,1.1425062127145926,0,-19.85861583593214,0.12480081635862916,37.31100320764862,0.033136018574392564,-0.06461697381111049,-0.04228072970849244,-0.14031915859792596,0.0065864871539874255,1
2022-05-11,1114.4609375,1130.6821606199796,1102.0163098457965,1125.0854480941018,16643899,29.172782173099804,-4.370648994637122,14.580495174855384,-18.95114416949251,1315.5278412764412,1210.4207092285155,1105.3135771805898,1210.4207092285155,1160.381220703125,1195.2734052687226,1173.3032987941613,1188.4681022226819,1192.838751217319,1215.7730709992786,-0.010243757855733948,0.01962918433288135,0.025721718733800955,-0.010243757855733948,-0.06538454136229976,-0.09071339197402029,-0.1175761427882005,17152531.6,0.9703464997551731,0,-28.55610489694459,-4.240181606893202,36.32947169263686,0.03259824590544418,-0.06761002747363419,-0.050151023486114214,-0.15284123791811838,0.008275805624991094,1
2022-05-12,1091.755859375,1107.885974171999,1078.378486557952,1104.5416911448524,20490321,19.74222417554074,-11.761833968638712,9.312029346156566,-21.073863314795275,1323.124742305195,1205.6248840332032,1088.1250257612114,1205.6248840332032,1161.6884741210938,1185.4145913740824,1170.1053599934098,1173.5892956307307,1185.3511295993694,1209.3830069019723,-0.020373148453218026,0.017769477573559535,0.027027551407820257,-0.020373148453218026,-0.04721430749245381,-0.09144607620294709,-0.13639386862960334,17714337.2,1.156708307438113,0,-36.30174976166995,-8.383130405703696,36.61385331102651,0.03353666755861235,-0.07900926197518555,-0.0669593553685209,-0.1748655100554585,0.003336779807309906,1
2022-05-13,1104.1322021484375,1127.5197990708434,1099.0132956252585,1103.8592387327842,19308778,23.89594477394394,-16.431323810005097,4.163358714924233,-20.59468252492933,1327.438854309714,1202.5660583496094,1077.6932623895048,1202.5660583496094,1162.9866235351562,1177.6734114478306,1167.5181773328227,1162.903588941147,1179.3349127511522,1205.4868463642397,0.01133618168124384,0.018696246183539753,0.025818016529285663,0.01133618168124384,-0.019416740006725774,-0.07404648311631301,-0.13945776535804733,18018889.0,1.071585379098567,0,-41.25349206487385,-11.516930936668814,37.28987150438127,0.03377301326038862,-0.06244618294386186,-0.0542912105481642,-0.16822368234610627,0.02453289881418695,1
2022-05-16,1104.4051513671875,1128.8847193240686,1099.6047027471154,1107.7039403213955,13437911,26.635786359455196,-19.88073074165959,-0.6454591763925315,-19.23527156526706,1330.9780963096307,1199.7347473144532,1068.4913983192757,1199.7347473144532,1163.602255859375,1170.6954819163407,1165.0431567067194,1153.903829314384,1173.7845600560436,1203.1082538758803,0.000247207008561956,0.01837477099795498,0.026512024632179797,0.000247207008561956,-0.00902300457059535,-0.036175150407090406,-0.13011397577991846,18173072.8,0.7394407730540759,0,-41.27235359068959,-12.690837099385135,36.2888607214028,0.0328582863602903,-0.05662474279019243,-0.05204786191006015,-0.17023040842719822,0.03361164451525176,1
2022-05-17,1150.793701171875,1155.6851383517535,1106.5892723531913,1107.999824091496,16551828,29.264790907749173,-18.65618541034064,-4.247604423182153,-14.408580987158487,1331.1301836545554,1199.4003173828125,1067.6704511110697,1199.4003173828125,1164.7907495117188,1168.8000742263916,1164.4843545288825,1153.4253480616903,1172.081533472031,1201.4368334740118,0.042003199412155245,0.020425505989458023,0.04266261272421543,0.042003199412155245,0.054076047579604936,0.022023483129184562,-0.09038102232996259,18501953.0,0.8945989647687463,0,-34.97990659693323,-11.220673297693565,36.701633366492196,0.03189245242576339,-0.015405862346847255,-0.011756837525349432,-0.13547621765106027,0.07785478185174384,1
2022-05-18,1154.979736328125,1169.3808421611643,1141.2839062872033,1155.5712773721964,17276788,30.029957630713056,-17.150248965528817,-6.828133331651486,-10.322115633877331,1330.277171451857,1197.0695251464845,1063.861878841112,1197.0695251464845,1166.2472412109375,1167.483851569414,1164.1116244033626,1153.6644847180648,1170.8147336835937,1199.9009774749538,0.0036375200455018852,0.02051200977934734,0.024326778202434868,0.0036375200455018852,0.04605203442191752,0.03635730734449805,-0.057654179301783626,18058701.4,0.9567015710221556,0,-27.789553699308726,-9.191674390798653,36.33761349076398,0.031461689194900826,-0.01071031108865445,-0.007844512402251752,-0.13177512091890844,0.08564820236464311,1
2022-05-19,1128.361572265625,1143.2177387581737,1122.0824507846328,1130.2499303127915,14699118,22.487447876776443,-17.898326103889303,-9.04217188609905,-8.856154217790253,1326.8433253771732,1191.6412353515625,1056.4391453259518,1191.6412353515625,1167.6514086914062,1163.7579202071481,1162.7096615744317,1149.771728956151,1167.6700550600403,1194.960027190832,-0.023046433824998158,0.020001531411091927,0.018730953351330116,-0.023046433824998158,0.021691696085246237,0.0335292112941632,-0.06098297971981481,17540045.3,0.838031929142167,0,-21.656671166934302,-7.3956984189781,36.32622722130678,0.032193782661676204,-0.03041555922147674,-0.02954141557772538,-0.14958944233685395,0.06808004725864486,1
2022-05-20,1194.1563720703125,1203.2338502041005,1138.440180194292,1143.2177622581032,21793091,38.6887522621983,-13.031868879109652,-9.840111284701171,-3.1917575944084806,1318.6922785377874,1188.0546081542968,1057.4169377708063,1188.0546081542968,1171.154090576172,1166.6530108607828,1163.9428659076036,1156.600135589099,1169.6320044682086,1189.9616867127322,0.05831003237072219,0.026867484637102434,0.054258949267653685,0.05831003237072219,0.03768066409668425,0.08153386863158651,0.0014500892882369776,17544268.2,1.2421772599212773,0,-11.020400587047789,-3.57531142521907,39.11155252800644,0.03275245473940622,0.023574585548137454,0.025957894539049734,-0.094438944167903,0.12931458672089508,0
2022-05-23,1186.1710205078125,1207.397297299702,1179.8462844678352,1197.364206197713,15252755,38.28396071924168,-9.707614267768122,-9.813611881314563,0.10599761354644066,1311.346743696553,1184.5988037109375,1057.8508637253221,1184.5988037109375,1174.5339233398438,1168.5118689224048,1164.8145582448667,1161.1495024996702,1170.8571167674384,1187.0257072727845,-0.006687023365839262,0.026876124232984334,0.02322684701913544,-0.006687023365839262,0.02700591464820823,0.0740361171254984,0.03518269904583615,17554198.25,0.868894994962245,0,-2.183612993935867,-0.22859846185269816,39.53731445301985,0.03333188365712518,0.015112513663804606,0.018334645726891963,-0.09545585390777944,0.12130269131756319,1
2022-05-24,1190.2432861328125,1200.3217504414995,1181.9848186867473,1186.2164738705717,13527818,44.1309615074813,-6.66766010056017,-9.184421525163685,2.5167614246035157,1308.0687418218645,1182.7980895996093,1057.527437377354,1182.7980895996093,1176.9159155273437,1170.5815277043484,1165.8117632600804,1165.6254692124614,1172.2931293130216,1185.0097796387627,0.0034331184581264385,0.025775801140966358,0.015406036705596734,0.0034331184581264385,0.05484209617572833,0.03428032749985088,0.057058782843391276,17377428.4,0.7784706510429358,0,1.781453477956802,1.3274087311979201,37.1517472470371,0.031213574300213737,0.016796573295516745,0.020956661823699308,-0.09007588968523621,0.12549636450529447,0
2022-05-25,1188.4915771484375,1208.8306025401785,1183.7138745751004,1198.9568604081787,12714544,47.64622747875701,-4.349682366024808,-8.217473693335911,3.867791327311103,1298.609733677509,1179.0749572753907,1059.5401808732724,1179.0749572753907,1178.9156958007814,1172.2872466990236,1166.7011677262906,1169.1433319718424,1173.4930143378672,1182.8469965538955,-0.0014717234743381047,0.02526334061736022,0.021133282261318984,-0.0014717234743381047,-0.004743763090301112,0.029015089846383235,0.06642730773005456,17401772.3,0.7306464985753204,0,4.803395129609726,2.589543322927966,35.76071897706275,0.030089164841086955,0.01382283266754178,0.01867694146960773,-0.08479695914278257,0.12170505527113033,0
2022-05-26,1177.1617431640625,1198.911319486633,1159.3707382493358,1194.1336171006558,17882023,47.28803613089251,-3.3878383349738215,-7.251546621663493,3.863708286689672,1287.3503460535733,1174.7239135742188,1062.0974810948644,1174.7239135742188,1180.6260913085937,1172.7514844575987,1167.111386370909,1170.3769336937225,1173.7647720286964,1177.860245197106,-0.009532952695852304,0.02530895932482183,0.033589760682348584,-0.009532952695852304,-0.007595260032480788,0.04324869979438617,0.07822800588215295,17328926.2,1.0319175460508339,0,8.993564250450618,4.4017247964773105,36.457862527416765,0.03097098825979735,0.003760608078448541,0.008611309006593357,-0.08559332991776371,0.10833681852873238,1
2022-05-27,1171.7015380859375,1185.3746228810087,1155.7761439362052,1179.8690179099194,16521973,55.37679274253228,-3.0312208999557697,-6.407481477321949,3.376260577366179,1269.5795321674218,1169.1557067871095,1068.7318814067971,1169.1557067871095,1182.0480053710937,1172.6514895650596,1167.291392320518,1170.5807189848326,1173.6119398847884,1169.5671801252904,-0.004638449312367787,0.022840261122578837,0.025261107869803418,-0.004638449312367787,-0.015578116056523594,-0.018803930967135396,0.06119678042721932,16874321.05,0.9791192754389368,0,5.998478704276749,3.3485264129144525,34.87831035264097,0.029767231004592956,-0.0008100884939603257,0.0037781018470908756,-0.07709481099966012,0.09634751098058286,1
2022-05-30,1212.51611328125,1216.7021540363792,1180.392243237482,1189.8564191042008,13853398,66.55644268368458,0.5385876006098442,-5.018267661735591,5.556855262345435,1257.5296751470487,1166.3016357421875,1075.0735963373263,1166.3016357421875,1184.7903637695313,1176.448120395173,1169.0649107895665,1177.0323181073584,1176.4937305067485,1165.0573273195705,0.03483359359755234,0.023711861387589912,0.029945920224216306,0.03483359359755234,0.02021430912489497,0.022210197617337668,0.09789067153501385,16656247.85,0.831723814676545,0,7.936251472768163,4.250352544699808,35.86307807241154,0.029577403285273203,0.030658379456598283,0.03716748496226552,-0.03579522833966924,0.12784475166367892,1
2022-05-31,1197.8873291015625,1218.886133257268,1190.1749097343077,1201.8686470065388,70620653,65.77746545334165,2.162339823463981,-3.582146164695676,5.744485988159656,1243.116522624331,1162.9390930175782,1082.7616634108253,1162.9390930175782,1186.8770458984375,1178.4899497957815,1170.1952017037625,1180.2407813372358,1178.0784415137718,1169.3181967978862,-0.012064816310028093,0.02381000248434055,0.02396821706470034,-0.012064816310028093,0.017606404606551607,0.00642225254097939,0.04092273696122173,19713930.2,3.5822716365303964,1,7.908422091433067,4.383438443682053,35.86631898303848,0.029941312602362095,0.016459520345627324,0.02366453678623985,-0.03638371198484731,0.10632595296002437,1
2022-06-01,1198.2742919921875,1208.1480337988985,1190.402522676765,1198.638243225424,9776989,72.00189207411564,3.440737153744749,-2.1775695010075915,5.61830665475234,1238.0928374921778,1161.5706481933594,1085.048458894541,1161.5706481933594,1188.258466796875,1180.374172862106,1171.296342499387,1183.0151675918437,1179.574430438099,1166.6542121488226,0.00032303780265818816,0.022701565349422335,0.014809222930611859,0.00032303780265818816,0.022678773597633484,0.008231202502269053,0.03748512142879945,19240396.65,0.5081490354825924,0,8.086926163082353,4.59517477309646,34.5565375673303,0.02883858712338594,0.015164783796207861,0.02303255676119776,-0.032161195262743636,0.10435094595959539,1
2022-06-02,1239.5892333984375,1243.2975879303071,1198.5016232049925,1198.5016232049925,22126569,74.99159937911979,7.698898625503261,-0.20227587570542083,7.901174501208683,1245.8325282607284,1163.4680480957031,1081.1035679306779,1163.4680480957031,1190.5963159179687,1186.0137024369947,1173.9744950836637,1191.7188700236275,1184.0199713981242,1168.0054498429079,0.03447870131433928,0.023861895586517544,0.03613774911750627,0.03447870131433928,0.022328049764158253,0.05303221124616031,0.09857448522416412,19486191.65,1.1354999169373357,0,13.262217979395928,6.863108712754638,35.217920156064324,0.02841096002383907,0.045172775703482194,0.05589111057314561,-0.0050113435960826794,0.1465961913076602,1
2022-06-03,1264.7059326171875,1281.9281427980586,1247.642951094485,1248.553069849641,23939791,77.09166634345522,12.950939617972153,2.428367223030094,10.52257239494206,1260.4097294703988,1167.081982421875,1073.754235373351,1167.081982421875,1192.8563623046875,1193.5082005493941,1177.5325906732135,1202.9476488841751,1189.996709266203,1172.5810397416485,0.02026211469253436,0.023925101998746576,0.0271092202695877,0.02026211469253436,0.05578037424082294,0.07937549922754195,0.05907899685244988,19700683.8,1.2151756377106058,0,20.85671098433454,10.241198352695392,36.15069821482632,0.02858427187102374,0.059654162438950754,0.07403051315474479,0.0034085766289616557,0.17783557070435332,0
2022-06-06,1259.2686767578125,1280.403966122388,1252.1021829834976,1264.9336309179137,11093152,71.27814911109078,16.484456285762917,5.239585035576659,11.244871250186257,1274.0884842535172,1172.7525817871094,1071.4166793207016,1172.7525817871094,1194.9344067382813,1199.771103045434,1180.7379273824135,1211.6124224031962,1195.1279661174333,1175.9695482704833,-0.004299225392359052,0.022304542510381813,0.02247477735391454,-0.004299225392359052,0.05090185542094794,0.0385583028253893,0.06162488796826793,19351153.8,0.5732553270286136,0,23.32298265026111,11.673016592847034,34.50939794013521,0.027404316947662943,0.04959077074064628,0.0665098897513137,-0.011631694092571261,0.17533047698698564,0
2022-06-07,1261.6346435546875,1269.9840987331656,1252.2159612910536,1260.337826598074,12358255,71.07158895066638,19.253762065853834,8.042420441632094,11.21134162422174,1285.733432656499,1179.5345458984375,1073.335659140376,1179.5345458984375,1196.7007641601563,1205.6628688082203,1183.9103476244636,1219.308148734195,1200.054386668341,1181.036763293733,0.0018788419346429386,0.022327943721022227,0.014083425445618563,0.0018788419346429386,0.017784447914096946,0.053216452753479526,0.05998047479337676,18993482.7,0.650657659534973,0,27.172919012438797,13.715145920701161,33.77162662357456,0.026768150982618987,0.0464240677842177,0.06565049126074371,-0.018743223509417584,0.17543345626392237,0
2022-06-08,1239.4755859375,1265.3884552322884,1235.949206752914,1261.6346065371608,12479250,72.3462965745266,19.436355877763617,10.321207528858398,9.115148348905219,1290.5641306571506,1185.7852783203125,1081.0064259834744,1185.7852783203125,1197.8674169921876,1208.8831275824373,1186.089376577916,1222.4108313808572,1202.9744755030936,1186.1192715120276,-0.017563767553777532,0.0218108969996504,0.023751374220983477,-0.017563767553777532,-0.01994957565153166,0.0343838587046823,0.04289808171075893,18785250.25,0.6643110863002744,0,28.508954720331303,14.79303407852899,33.52462397613757,0.027047425827900116,0.025306382111761692,0.04501027529106863,-0.039586211569072896,0.14659409615428887,0
2022-06-09,1273.4649658203125,1275.3986973973456,1233.082627965682,1233.082627965682,17278305,68.28963162647821,22.069320297942795,12.670830082675277,9.398490215267518,1296.7929676876581,1194.8707336425782,1092.9484995974983,1194.8707336425782,1199.476337890625,1215.0337788431873,1189.5158702736965,1230.2653136023118,1208.195993304369,1194.7166907270114,0.027422387555220862,0.017314394951812886,0.03322908016115342,0.027422387555220862,0.011273439357715631,0.02732819187933888,0.08180967757021995,18624649.45,0.9277116890916839,0,29.02007640619263,15.541375190032795,31.199180511365302,0.02449944156199704,0.04809017493551211,0.07057417025239027,-0.017988994734404157,0.16516465898374283,0
2022-06-10,1235.016357421875,1269.4380277636071,1229.2149225576163,1261.2478021770742,18093057,59.87667393827378,20.81355647800342,14.299375361740907,6.514181116262513,1295.2965358372965,1201.41494140625,1107.5333469752034,1201.41494140625,1200.310830078125,1216.936881564967,1191.300203103037,1230.9962434207062,1210.1826869427027,1201.539750795579,-0.03019212104800273,0.01950839401317626,0.03256888458542967,-0.03019212104800273,-0.021098252389308847,-0.023475477128404698,0.05403664438246536,18563863.4,0.9746385550326772,0,23.42868101557292,13.76761242982343,32.39196839928169,0.026227967107173112,0.014856543614372133,0.03669616961784153,-0.046537743866083586,0.11510534720678335,0
2022-06-13,1211.6513671875,1216.1559851600953,1190.4478410589338,1205.7818119372728,17620803,54.01548632548027,17.728630543650297,14.985226398122785,2.7434041455275118,1288.83516233948,1206.7772521972656,1124.7193420550514,1206.7772521972656,1200.2193676757813,1216.4334992433035,1192.0982879690944,1228.0201086155973,1210.291478071947,1204.9947896139374,-0.018918769855931217,0.02037124547530208,0.021217443232730806,-0.018918769855931217,-0.022448379835537158,-0.03781346304341571,-0.0007131831769310315,18773008.0,0.9386243802804537,0,16.662396197869384,11.360360586680827,34.265653014152335,0.028280125737562768,-0.0039312729045839654,0.016402237479693913,-0.05988647532852587,0.07729219360059125,0
2022-06-14,1195.8170166015625,1215.7238471836963,1189.151077141205,1205.804612494347,14714312,51.305077034558764,13.84649102647677,14.757479323793582,-0.9109882973168126,1286.9875729459402,1209.02841796875,1131.06926299156,1209.02841796875,1200.15884765625,1214.470024705995,1192.2441204644851,1223.0657867672842,1209.2192957408074,1207.7888564461614,-0.013068404835536507,0.020732435161626383,0.022221434946635494,-0.013068404835536507,-0.06097376158968959,-0.05216853174519853,-0.0017283031965558138,18681132.2,0.7876563284531545,0,8.807155897774692,8.333772840021538,34.36965601968185,0.02874156793433018,-0.01535896952989689,0.0029967823499816378,-0.0708402771408946,0.05724472915014194,0
2022-06-15,1181.34765625,1200.0031636736535,1175.933039795803,1191.0166743810375,11195535,50.737498908516244,9.492882988948622,13.70456005682459,-4.211677067875968,1285.2909236449577,1210.3468139648437,1135.4027042847297,1210.3468139648437,1199.6169287109376,1211.3155134244716,1191.8168081423485,1216.6476128415482,1207.1547298525995,1209.5891976486037,-0.012099978634426467,0.020840369618460256,0.020375139994146318,-0.012099978634426467,-0.04345586262833767,-0.04689719615859467,-0.01412584402027528,18377069.55,0.6092122016265645,0,2.432385842034364,5.727431564432436,33.26462335114994,0.028158199811174293,-0.02473992683355509,-0.008784195541482956,-0.0808713929918566,0.040465776408568875,0
2022-06-16,1164.8306884765625,1209.8996152953227,1162.1005732041187,1193.496417420317,17111475,48.83484847606643,4.656162647261226,11.894880574911918,-7.238717927650692,1280.1680731236781,1212.1702697753906,1144.172466427103,1212.1702697753906,1198.6732299804687,1206.8883872389565,1190.7585289397687,1208.6757783238581,1204.019615676597,1211.2855137851072,-0.013981462346036255,0.021163073176926617,0.04103518439552665,-0.013981462346036255,-0.03864203844346603,-0.08530605887047105,-0.06030912733641469,18497687.4,0.9250602321239357,0,-8.145391604230781,1.2426586660722023,34.56466357589284,0.029673551631008828,-0.03484804328808812,-0.02177422192078849,-0.09009550157401308,0.01805516445782752,0
2022-06-17,1178.4810791015625,1194.3382305909047,1163.0562400137392,1164.830742811065,24457187,43.64267750180699,1.902567755372047,9.896418011003945,-7.993850255631898,1280.6088871221302,1211.3865051269531,1142.164123131776,1211.3865051269531,1198.3451635742188,1204.1829293211094,1190.2770603186625,1204.0304399819665,1202.1278722265945,1211.0528832457485,0.011718776608515391,0.019010720327217054,0.026544329927650545,0.011718776608515391,-0.014497149028090961,-0.04577694698581258,-0.06817778844224365,18630892.2,1.3127222645837648,0,-12.753952243857611,-1.0231427843743859,33.58476176351597,0.028498346183987912,-0.021343808813198382,-0.009910281908601996,-0.07974941377306552,0.03179661769641879,0
2022-06-20,1157.118408203125,1190.8120593552974,1147.1308115234451,1185.3063342518617,12066797,42.57173728630725,-1.980633530802379,7.521007702642681,-9.50164123344506,1282.5217657278586,1209.9338745117188,1137.3459832955791,1209.9338745117188,1197.653544921875,1199.7005939765395,1188.976721020014,1196.8132043236833,1198.7938378544857,1210.3715383231759,-0.01812729222154652,0.0193273472557708,0.03775002413079257,-0.01812729222154652,-0.020509837149706556,-0.045007136921701774,-0.08111872425643873,18471594.3,0.6532623445503023,0,-16.732905266763964,-3.121566949080261,34.6540492141511,0.029948576540204688,-0.035494010745023605,-0.026794732187488166,-0.09777873629580429,0.017384705444031385,0
2022-06-21,1175.7965087890625,1180.0280429847403,1150.406822198094,1164.83067428948,11720049,46.1603840074733,-3.510465448661307,5.314713072381884,-8.825178521043192,1282.9035894434287,1209.2115356445313,1135.519481845634,1209.2115356445313,1197.7559204101562,1197.424014434875,1188.4598499521337,1193.5798665491263,1197.0903319977876,1209.7627785763088,0.0161419094653783,0.019944881768785158,0.02519247213716666,0.0161419094653783,0.009414089464660158,-0.016742116506584748,-0.06803723661532779,18381205.85,0.6376104536144999,0,-17.04601027111994,-3.7842705123514406,35.50231419018774,0.030194267396448652,-0.018061693589818035,-0.01065525365756465,-0.0834880200941937,0.03547013291041359,0
2022-06-22,1140.078125,1164.057262227865,1137.985044485591,1163.966274425617,10617206,32.670343784903466,-7.518376165784957,2.748095224748515,-10.266471390533471,1286.2997277359157,1206.7908630371094,1127.281998338303,1206.7908630371094,1196.7544384765624,1191.962501155363,1186.5625274049912,1185.3488293877222,1192.8672055535071,1208.5100710533118,-0.030378031846555187,0.0185088215674104,0.022868799225732015,-0.030378031846555187,-0.03258682280316261,-0.03493428122675046,-0.08019315754599465,18276338.95,0.5809263019823782,0,-19.353012269108604,-5.254280737357249,34.98718335914144,0.030688408620366644,-0.04352853055785882,-0.03917568718999787,-0.11367615150886183,0.011351309326822705,1
2022-06-23,1121.581787109375,1148.905326422505,1112.5043100555831,1144.377961370299,19446323,24.486930697292053,-12.048288996221572,-0.2111816194455023,-11.83710737677607,1291.3781579483782,1204.011865234375,1116.6455725203716,1204.011865234375,1195.432626953125,1185.2595760081263,1184.0142630796731,1175.5385151910534,1187.586804187275,1205.690098460047,-0.016223745974097148,0.01706954475921053,0.03245507085197704,-0.016223745974097148,-0.0307113090949217,-0.03712891649837202,-0.11926765383223614,18354553.95,1.0594821891599278,0,-21.62881123083025,-6.744265860095538,34.56304814252006,0.03081634218722341,-0.053724762227371096,-0.05272949652473655,-0.1314846234574386,0.004420574182604687,1
2022-06-24,1137.552978515625,1142.5352833663696,1122.9697745042265,1128.430006078219,14240234,29.088500693977508,-14.186008406507199,-3.006146976857842,-11.179861429649357,1293.576902020163,1202.3044372558593,1111.0319724915555,1202.3044372558593,1194.8775122070313,1180.71609053265,1182.1922519202988,1169.6945864717568,1183.880594878264,1204.4787827792159,0.014239881201541404,0.01810065943712293,0.01719964628607791,0.014239881201541404,-0.0325256368662159,-0.03472953559605707,-0.07891667047204709,18240467.0,0.780694595154828,0,-23.466838788459427,-8.084808398363748,34.03817050809893,0.029922272765277976,-0.036556723807797925,-0.037759741135305,-0.12061433940330678,0.023870605599760154,0
2022-06-27,1134.185791015625,1157.9829545073123,1129.135125114688,1157.9829545073123,15474529,28.178582401344315,-15.967803432725304,-5.598478268031334,-10.36932516469397,1294.4139462155654,1198.387921142578,1102.3618960695908,1198.387921142578,1194.3406005859374,1176.2846334357903,1180.3096456103117,1164.231694863121,1180.1994982958463,1201.8223818376705,-0.002960026973331642,0.017962052357801423,0.025434835827728108,-0.002960026973331642,-0.00516835983005548,-0.01981872989395428,-0.06393388252570464,18321523.55,0.8446092901482529,0,-23.41596054074921,-8.66707540970242,34.829577075992674,0.030708881518259866,-0.03578967302939211,-0.039077757913972715,-0.1237843239161584,0.028868827069858383,0
2022-06-28,1150.1339111328125,1152.9777615415514,1129.38544140432,1129.38544140432,13572847,34.37077310418317,-15.909612706793041,-7.660705155783676,-8.248907551009365,1294.423522553089,1196.0002502441407,1097.5769779351924,1196.0002502441407,1194.1936328125,1173.7940884545544,1179.126283473939,1162.0628050584583,1177.9724177652513,1199.1802375096283,0.014061294228440824,0.01856769360594623,0.020512672401767844,0.014061294228440824,0.02545701468372119,-0.021825713432913285,-0.03820242130236495,15469133.25,0.8774148351201254,0,-23.62992598032065,-9.333566478194598,34.41193933726817,0.029919941499137688,-0.020157008417799643,-0.0245880129613508,-0.11147017101148103,0.04788450765111015,0
2022-06-29,1173.999267578125,1181.6663139665932,1137.985067118919,1140.8061704616557,19205146,31.960722064371936,-13.778926436344818,-8.884349411895904,-4.894577024448914,1293.6892430212288,1194.7864990234375,1095.8837550256462,1194.7864990234375,1193.6417065429687,1173.813629323466,1178.9252240270446,1163.8991839076377,1177.6781103439826,1197.1014447876012,0.020750067634999647,0.017733692675118692,0.03720721814229527,0.020750067634999647,0.03203920147091366,0.029753349208524682,-0.006220343886914059,15940541.1,1.2047988759929862,0,-18.14887183189694,-7.637303377946637,34.50945200984035,0.029394781549592307,0.00015814968409072838,-0.0041783451134357755,-0.09251833551895718,0.0712808381310942,0
2022-06-30,1181.052001953125,1190.2659611777156,1167.5608938992502,1173.9310028878358,23112959,38.95513557863641,-11.389949249397205,-9.385469379396165,-2.00447987000104,1288.621250857711,1191.859637451172,1095.098024044633,1191.859637451172,1192.52419921875,1174.5029981453386,1179.0086270829693,1166.538078991559,1177.928028240956,1193.7608276012668,0.006007443590275274,0.01647363555309882,0.019224443327573705,0.006007443590275274,0.041321458361361474,0.0530235204665912,0.013925898104365508,15989860.6,1.4454759536802966,0,-10.756577862787708,-5.005635996703859,32.970525153823864,0.027916234932331488,0.00557597879113804,0.001733129701698047,-0.08347623386855328,0.07848975710049211,0
2022-07-01,1095.987548828125,1179.3912376535843,1076.1035827419444,1171.6105762032091,81997149,31.100411853596498,-16.174211825157272,-10.743217868548387,-5.430993956608885,1282.8271246356665,1183.4237182617187,1084.020311887771,1183.4237182617187,1189.126171875,1167.025336305604,1175.7528985239558,1155.6841512741075,1171.8583630992648,1172.6398276938962,-0.07202430797655612,0.024543671828227025,0.09424163168831558,-0.07202430797655612,-0.047078311299730835,-0.03653933528593811,-0.06999987673652597,18892728.5,4.3401432990475675,1,-13.690754227046,-6.4393533963429945,37.28337535726954,0.0340180647098906,-0.06087081853968991,-0.06784193328034187,-0.1456467299602863,0.011039679615886214,0
2022-07-04,1098.262451171875,1111.139270756361,1076.6038647303487,1082.45079365179,41857728,33.32036531411062,-19.55677050153463,-12.505928395145636,-7.050842106388993,1274.992428779664,1175.3734069824218,1075.7543851851797,1175.3734069824218,1185.9856787109375,1160.4764901023918,1172.714057451325,1146.8500435660717,1166.4068140676063,1162.242772258,0.0020756644052959405,0.024582366994238217,0.03144549464398242,0.0020756644052959405,-0.06451180890639696,-0.03167324095250912,-0.050864247439159405,20430957.3,2.0487404180517768,1,-15.808143333398448,-7.595588158986629,37.85213507037817,0.03446547319357859,-0.05361077062838863,-0.06348658123980941,-0.1386125702541958,0.020923052972561952,0
2022-07-05,1107.157958984375,1121.5590649917854,1099.8094906293034,1102.4941121326235,17647327,37.068761553309486,-21.274440972325692,-14.259630910581649,-7.014810061744043,1262.9694820345612,1167.6495727539063,1072.3296634732515,1167.6495727539063,1183.6036865234375,1155.3985347578189,1170.1432300604642,1140.7435690150414,1162.0180099873671,1157.0374673586412,0.00809961936057113,0.02477439169553762,0.01964450888510386,0.00809961936057113,-0.06256629077005094,-0.03736604210383532,-0.058376215009668164,20695410.9,0.8527169180293975,0,-18.395553696735533,-8.983053413474863,37.796884351953885,0.03413865568615517,-0.04175232555886485,-0.05382697558557395,-0.1233691908368079,0.032479093601043806,0
2022-07-06,1097.4207763671875,1111.116607529142,1086.5687955560873,1101.174625131128,23943726,37.96606224797728,-23.154505726910884,-16.038605873847494,-7.1158998530633895,1254.492038563018,1160.5468322753907,1066.6016259877633,1160.5468322753907,1180.293017578125,1149.8768434825208,1167.2913691313163,1134.0785239922948,1157.2330297192057,1151.0976494403446,-0.008794754658241977,0.024657442891612473,0.02236864154724292,-0.008794754658241977,0.0013077042167084496,-0.06522873848883515,-0.03741616271500037,21268634.7,1.1257763527247002,0,-23.936785840945277,-11.633854895728291,36.1360822006575,0.03292819215641191,-0.045618856847716584,-0.059857028512191955,-0.12520706179670205,0.02889471535436957,0
2022-07-07,1086.6142578125,1107.1580039571163,1080.6535938667355,1103.813720771296,23301033,33.431815489936994,-25.22568038256486,-17.87602077559097,-7.349659606973891,1234.4185982841475,1151.204296875,1067.9899954658524,1151.204296875,1176.741650390625,1143.8518353234713,1164.1275608443038,1126.7763291954032,1152.002009577968,1143.4895013822318,-0.009847196979868134,0.02427337771402895,0.024391737822157554,-0.009847196979868134,-0.01060601985158105,-0.07996069943105955,-0.031176976747274043,21569771.1,1.080263341320298,0,-30.651162821867274,-14.881066238665426,35.79482645160145,0.03294161308324928,-0.05003932829708228,-0.06658488780695646,-0.11973599610140094,0.01743861124703117,0
2022-07-08,1088.11572265625,1100.2190253242577,1084.0887905138443,1100.2190253242577,19010108,36.595040115042615,-26.44114845421609,-19.589046311315997,-6.852102142900094,1221.683171197874,1143.8592651367187,1066.0353590755635,1143.8592651367187,1172.8426513671875,1138.5436341170694,1161.1467044447722,1120.828543573995,1147.269692028211,1136.943093542161,0.0013817827558904039,0.02405158955162231,0.014824006743544836,0.0013817827558904039,-0.017199204660546252,-0.007182404745648685,-0.04345929973642626,21615623.65,0.8794614630515184,0,-28.481702188534655,-14.606194079183524,33.8268969500701,0.031087591370790677,-0.04429159318072668,-0.06289556824212286,-0.10933067729062644,0.02071259962693354,0
2022-07-11,1102.9036865234375,1105.1331283386687,1078.3785026593284,1081.336087585235,13847467,35.62199744963806,-25.912447991555155,-20.85372664736383,-5.058721344191326,1211.344261035545,1138.4218811035157,1065.4995011714864,1138.4218811035157,1169.5087744140626,1135.1493533938662,1158.8626645262887,1118.0708732585244,1143.9833212500796,1132.7600221644595,0.013590433038765282,0.02389552957592601,0.024258351845459828,0.013590433038765282,0.004996178561882392,0.004225980180429634,-0.027581111260594593,21426956.85,0.6462638207067655,0,-25.327136708525586,-13.851392925036407,33.6221401566911,0.030485109957946094,-0.028406541195676805,-0.04828784265452685,-0.08952085546631036,0.03510483609877461,0
2022-07-12,1101.333740234375,1110.0927598985188,1093.8487904297283,1093.8487904297283,10778989,41.16791627894551,-25.328163310346554,-21.748613979960375,-3.579549330386179,1203.1223045263598,1133.6977172851562,1064.2731300439525,1133.6977172851562,1166.232685546875,1131.928818807248,1156.606628279547,1115.4959297163475,1140.824093026694,1129.6348744397947,-0.0014234663536317749,0.022686056230281706,0.014749361501749351,-0.0014234663536317749,0.013546189290307487,-0.005260512922060978,-0.042429990478562885,21230190.7,0.5077198388048394,0,-23.469715950570844,-13.53660178091718,32.08160481135675,0.02912977568863863,-0.027029154187550513,-0.047788839086449396,-0.08460367155445307,0.034822461588306715,0
2022-07-13,1081.8138427734375,1107.499363443423,1079.7436294761944,1104.4507905221294,14224132,40.9766957731764,-26.138893191635816,-22.62666982229546,-3.5122233693403544,1198.033429981318,1128.7210266113282,1059.4086232413383,1128.7210266113282,1163.3560986328125,1127.155963946885,1153.6735778675427,1110.314070186669,1136.4529633783047,1126.8366562402741,-0.017723871291533744,0.02276071179128406,0.02565666371588602,-0.017723871291533744,-0.005791553004517502,-0.014221467216443573,-0.07852255733928981,21381620.55,0.6652504176069105,0,-22.72087953563573,-13.617791263773597,31.464084639950084,0.029084564641256447,-0.0402270161572638,-0.06228775320219361,-0.09700863456681073,0.021148798528323066,1
2022-07-14,1090.7320556640625,1107.4765795757364,1081.540843303509,1086.5687619025882,16970315,39.025117443836116,-25.764776905739836,-23.25429123898434,-2.5104856667554962,1194.1227522077388,1125.016094970703,1055.9094377336673,1125.016094970703,1161.1379150390626,1123.687020300902,1151.2052828791711,1107.3014525678063,1133.0662294735462,1123.4176244190025,0.008243759266161277,0.022479683745038028,0.023778283710967945,0.008243759266161277,-0.01103598710213971,0.0037895672930448043,-0.07647414858930757,21374562.55,0.7939491140603483,0,-20.1648150225692,-12.922277965132707,31.819958926752424,0.029173029949486274,-0.02932752985614701,-0.052530359367240514,-0.08658297176946317,0.03297879220128581,1
2022-07-15,1092.847900390625,1098.8540583216684,1084.33921677306,1098.8540583216684,9603210,40.25316892895382,-25.009264829990116,-23.605285957185494,-1.4039788728046219,1186.4200573142352,1120.7344360351562,1055.0488147560773,1120.7344360351562,1159.146328125,1120.749961261828,1148.916758075699,1105.0778291559322,1130.0870939859224,1119.4145933472819,0.0019398391342539956,0.02251435511444319,0.013281666683369525,0.0019398391342539956,-0.007705057544086569,0.004348965496816071,-0.002864675279255713,20631863.7,0.46545528506956935,0,-17.79367285524131,-12.229946369073332,30.79617408075129,0.028179744015378146,-0.024895883859579814,-0.048801496967441474,-0.07886933160539675,0.035826859483546004,1
2022-07-18,1102.15283203125,1103.4040345430285,1088.525123257814,1101.584037969047,15160908,38.32093603421524,-23.390059798398397,-23.562240725428076,0.1721809270296788,1181.8359412213033,1117.9861572265625,1054.1363732318216,1117.9861572265625,1158.2722509765624,1118.978806097011,1147.0828786229754,1104.6278295982888,1128.0178893966872,1117.3109112742618,0.008514388541442042,0.022249549507171208,0.013499862135991615,0.008514388541442042,0.01880082178063991,-0.0006807978805061232,0.0035423052615737305,20786569.25,0.7293607625991481,0,-16.170547296855148,-11.779785903313268,30.173787734178664,0.027377135781222698,-0.015036901480243368,-0.03916896279165287,-0.06742315613426782,0.04555051890697713,0
2022-07-19,1108.909912109375,1113.4145306244031,1092.1653876854057,1092.1653876854057,16439888,32.7171906278199,-21.31587214862975,-23.112967010068413,1.7970948614386622,1172.4644718162758,1114.641827392578,1056.8191829688803,1114.641827392578,1157.9305419921875,1118.0198638124743,1145.5858995440108,1105.2866115230713,1126.602483671701,1115.3892101563765,0.006130801356897031,0.02138550436138451,0.0191621904601585,0.006130801356897031,0.016665739629560417,0.006879088143969536,0.0015823876898353184,21022561.2,0.7820116608817388,0,-13.908954994773694,-11.020728735536295,28.571494597844612,0.025765388410584,-0.00814829145524677,-0.03201504788880021,-0.05420595782185864,0.049290105611215565,0
2022-07-20,1138.89501953125,1156.8679986086788,1131.2735877067614,1155.730530749646,23924246,40.02149704993441,-17.055906051497914,-21.901554818354313,4.8456487668563994,1172.298069307183,1114.5826721191406,1056.8672749310983,1114.5826721191406,1158.4192236328124,1120.007973880929,1145.3235120925299,1110.4571358320218,1127.5130418835197,1116.0931188228965,0.02704016538623688,0.022821449946270965,0.022473020307395522,0.02704016538623688,0.042134975163667265,0.052764324600870216,0.03779247127191776,21687913.2,1.1031142452193141,0,-7.147990065956037,-8.350065775012808,30.375281685047362,0.026670835471340734,0.01686331355738086,-0.005612818119428014,-0.02849364905605773,0.07761404534500266,0
2022-07-21,1131.29638671875,1137.5301345200253,1122.6512213878611,1134.8000189659344,16523230,63.19727704928504,-14.130115219112213,-20.347266898505893,6.21715167939368,1173.1938753948255,1115.0684020996093,1056.9429288043932,1115.0684020996093,1159.2100341796875,1121.0830608178644,1144.7734287445385,1113.66317442998,1127.7932896490922,1116.1231030670929,-0.006671934359347209,0.011193351532783578,0.013152091093757881,-0.006671934359347209,0.026442389694529833,0.03719000541337447,0.04112050673456191,21541758.55,0.7670325503671566,0,-2.60395948303767,-6.431854134632658,24.039237323062235,0.021249283216387214,0.009110231220008497,-0.011772671943101103,-0.0357123315717748,0.07034765632848779,0
2022-07-22,1138.940673828125,1144.9468316984942,1135.255066011831,1137.5301221641157,10969995,64.61746045114471,-11.067001319268911,-18.491213782658498,7.424212463389587,1173.379467479134,1115.1377868652344,1056.8961062513347,1115.1377868652344,1159.9062036132811,1122.7837858664607,1144.5446932576203,1117.5520204912332,1128.619021810502,1116.1212336135716,0.006757103796244612,0.011255074068481481,0.0085094561195078,0.006757103796244612,0.027081335815301033,0.0421767506905808,0.046709141420917755,21378246.6,0.5131382009598485,0,2.0338246046326276,-4.37206481807857,22.547454391185948,0.019796864673733247,0.014390026080752433,-0.004896287110942862,-0.029350090576407226,0.07762784543486599,0
2022-07-25,1101.31103515625,1122.7194053701078,1093.3938930172108,1122.7194053701078,23110452,48.25856610380979,-11.542800621487004,-17.1015311504242,5.558730528937197,1171.326399490099,1113.4940490722656,1055.6616986544323,1113.4940490722656,1159.8443212890625,1120.7387619892977,1142.8492556850176,1115.0534073627744,1126.5962079842614,1114.7090599666712,-0.033039156065431396,0.014599083419143993,0.026627820313029394,-0.033039156065431396,-0.03300039400511989,-0.0007637750868439985,-0.0014440529908897881,21760042.75,1.0620591266990962,0,1.759955892286598,-4.233622937957762,24.136752033400512,0.021916380806968012,-0.017334750516314543,-0.03634619379777243,-0.05977442697810622,0.04324239153509435,1
2022-07-26,1101.8116455078125,1112.003964591019,1097.193292295004,1101.629669898458,11303288,51.38390864740916,-11.744101236245342,-16.03004516758843,4.285943931343088,1166.4503697061589,1111.0779357910155,1055.7055018758722,1111.0779357910155,1158.8646801757814,1118.9361794672513,1141.2399376388528,1113.0162132312419,1124.7603144674872,1113.4973380458462,0.0004545585539252883,0.014391868065136997,0.013442109054119526,0.0004545585539252883,-0.026062790933555458,-0.0064011210685818165,0.0004339331993368223,21646564.8,0.5221746778038425,0,0.9163156547770086,-4.345961905157992,23.4412420564691,0.021275180882359704,-0.015304299095585769,-0.03454864383086235,-0.055414894518512225,0.0436733005085365,1
2022-07-27,1100.76513671875,1104.3141424256503,1092.938861823789,1101.1063409773997,8655086,54.75244050225233,-11.851461664186672,-15.194328466908079,3.3428668027214066,1154.3049070727752,1107.4162292480469,1060.5275514233185,1107.4162292480469,1157.7803881835937,1117.2056039673942,1139.6526905439468,1111.1314322293201,1122.9828938935068,1110.8859144627304,-0.0009498073407820939,0.014098881495954793,0.010333976088459375,-0.0009498073407820939,-0.0335184597289534,-0.033479716882240496,0.01751807306950992,21119061.8,0.40982341365183184,0,-2.8023699135349034,-5.670821548583035,22.360589950146277,0.020313679280214613,-0.01471570424482401,-0.03412228492755643,-0.046382693191349064,0.03794110321926969,1
2022-07-28,1118.0101318359375,1122.9469424061926,1101.5841851617515,1108.4093537574902,12496073,59.07962126565609,-10.424847441240445,-14.240432261774554,3.8155848205341094,1136.494861176133,1104.2641357421876,1072.033410308242,1104.2641357421876,1157.573359375,1117.2822256691602,1138.803962751476,1112.1896937072613,1122.6145411485018,1107.1273933515567,0.01566637109219582,0.014634002966983809,0.019107838682427974,0.01566637109219582,0.015162925047162767,-0.011744274125499832,0.025008961669571006,20588217.5,0.6069526417233546,0,-3.800835148704209,-5.969465993062386,22.792845012791222,0.02038697536252378,0.0006514971330017768,-0.018259359464554727,-0.016264683608922057,0.0428873961255328,1
2022-07-29,1141.8299560546875,1145.3108414909532,1121.1497270683567,1126.018296934473,15130683,61.20789885462109,-7.288171147223011,-12.849980038864247,5.5618088916412365,1142.603027020379,1106.5562561035156,1070.5094851866522,1106.5562561035156,1156.5268310546876,1119.6201047534962,1138.9226291555235,1116.7497340684038,1124.0379052156268,1106.0129117053164,0.021305553089786766,0.01523541901750593,0.021159993477557086,0.021305553089786766,0.03632046430987845,0.0025368153872766808,0.04482056070799456,17244894.2,0.8774007439257007,0,-3.1636811129644684,-5.622064102096829,22.83185101105375,0.019995841666252647,0.01983695291545446,0.002552699213044599,-0.0006765875351366834,0.06662292287452265,0
2022-08-01,1171.5877685546875,1177.4574449449278,1140.9881839019702,1146.2435722402156,15700044,67.40310408037249,-2.373762556215297,-10.754736542334458,8.38097398611916,1156.251085981173,1110.2225219726563,1064.1939579641396,1110.2225219726563,1156.235166015625,1124.5694060678954,1140.2036150143142,1125.1863547586013,1127.5601173148166,1110.2390898286092,0.026061509721483134,0.016404597235672003,0.031128065708595994,0.026061509721483134,0.06433945759497006,0.06381188524862713,0.06299937223358576,15937010.0,0.9851310879518805,0,3.830644078597743,-2.645640670703415,24.276514694922835,0.02072103801909029,0.041810102811878684,0.027525043007322243,0.013264145443374946,0.10091563646536582,0
2022-08-02,1176.0467529296875,1186.580275301345,1165.535977507085,1170.518401829726,13917913,75.22530883158336,1.8593114473515016,-8.231926944397266,10.091238391748767,1168.2460031177397,1113.6669616699219,1059.087920222104,1113.6669616699219,1155.9512353515624,1129.4720105309232,1141.6092282658974,1133.0110314003068,1131.1517199529553,1113.187870919056,0.003805932849999527,0.015114102708707831,0.017894099653637006,0.003805932849999527,0.05191063966338594,0.06737549718641866,0.06054309740329078,15750539.3,0.8836467586859073,0,10.535831063671822,0.3692906270446201,23.79712639685366,0.020234847243591193,0.04123585353555708,0.03016577285040052,0.0066773177833518065,0.11043354425481103,0
2022-08-03,1185.920654296875,1187.5814225116324,1168.2207573838157,1183.0313099580328,14250977,75.3514253705092,5.942295331889454,-5.3970824891399225,11.339377821029377,1180.8608500203904,1118.0919555664063,1055.3230611124222,1118.0919555664063,1155.8998168945313,1134.8480718419662,1143.3469312475042,1141.1509733843943,1135.2086780525049,1117.4953389126383,0.008395840847815306,0.01511582436191072,0.016325430422067733,0.008395840847815306,0.03861406683927959,0.07736029670413025,0.0412905789903093,15265901.85,0.9335168757160587,0,17.64246787457205,3.694240703557398,23.32747845796718,0.019670353470483994,0.04500389410893843,0.03723604960649925,0.004284843786968791,0.12375129284750877,0
2022-08-04,1170.2454833984375,1191.1078085473182,1153.4555848310504,1187.581429174509,14467127,69.2246770675349,7.823054881074768,-2.753055015096985,10.576109896171753,1187.3145936509327,1122.2735168457032,1057.2324400404736,1122.2735168457032,1155.7614916992188,1138.2192538949635,1144.4017764298937,1145.6270518480933,1137.8039969670185,1122.1805000902289,-0.01321772316018155,0.015956254462017577,0.03217463707437206,-0.01321772316018155,-0.001145697481893193,0.046721715729643565,0.03442872896700111,14824206.55,0.9759124005190011,0,20.93702822580326,5.597813678417651,24.98014861279999,0.02134607564581808,0.02813713561238832,0.022582721820973112,-0.014376232166075326,0.10689517184474344,1
2022-08-05,1153.00048828125,1173.3850064214537,1149.792686697798,1172.1110567812314,13942438,62.15070061152552,7.831763693668563,-0.6360912733438755,8.467854967012439,1189.8540642191372,1125.517755126953,1061.181446034769,1125.517755126953,1155.387470703125,1139.6269905031813,1144.7389808162216,1146.7614266839635,1138.929662990295,1125.9755216387728,-0.014736220187842486,0.016754386144563704,0.020461673662275887,-0.014736220187842486,-0.019596384744931417,0.00978300855335723,0.012344641627265895,14570823.05,0.956873743655819,0,20.006885749685125,5.8163516606980465,25.6025349298315,0.02220513797699824,0.011734978102057626,0.007216935566514758,-0.03097318994499799,0.08652529931575219,1
2022-08-08,1168.0841064453125,1175.546309977684,1151.6354129424303,1151.6354129424303,10165178,63.599256011243995,8.95258756057001,1.2816444934389017,7.670943067131107,1194.869353904946,1128.7767761230468,1062.6841983411477,1128.7767761230468,1154.4988305664062,1142.3371920214795,1145.654475938931,1150.0418389549402,1141.0892513943702,1128.8253436009966,0.01308205704799592,0.01694481833770984,0.02047018438425525,0.01308205704799592,-0.015040253989115016,-0.0029905246567205612,0.060630529575678827,14386708.6,0.7065673103297582,0,17.767785953584053,5.450860924616791,25.792660222421222,0.022081166998250554,0.022538804307221473,0.01957800626406064,-0.02241688379746011,0.09918271888176584,1
2022-08-10,1175.068603515625,1178.4356336498447,1163.4884798945134,1172.5204636099309,10724688,59.2960879974703,10.285869985425734,3.0824895918362687,7.203380393589465,1200.3132891602322,1132.4635192871094,1064.6137494139866,1132.4635192871094,1154.0424560546876,1145.4544693066364,1146.8079711380171,1153.8921104258147,1143.606240440389,1131.4613901861987,0.005979447055030729,0.015610353740280442,0.012720239235915025,0.005979447055030729,0.004121460142858968,-0.0008317266398004675,0.06648773255073848,14383993.55,0.7455987770517318,0,15.982458775713212,5.1987428721197375,23.434736454994614,0.01994329214897026,0.025853610948774395,0.024642863573370408,-0.021031747188493596,0.10375110612880767,1
2022-08-11,1178.981689453125,1187.5358669102814,1174.0220116644236,1184.4418001629217,8198226,62.4910467156795,11.52540158982356,4.771071991433727,6.754329598389832,1203.8026637931257,1137.3219116210937,1070.8411594490617,1137.3219116210937,1153.6566040039063,1148.6475378920163,1148.0696855817469,1157.7520456607856,1146.226644070962,1134.9892268277654,0.0033300914736320575,0.01539307946252173,0.011462311388505248,0.0033300914736320575,0.022533556087738216,-0.005851120661916509,0.07105653161175618,14082698.25,0.5821488080240589,0,13.799466050050114,4.722754334242609,23.23974053374239,0.01971170607791392,0.026408581014135582,0.02692519823456056,-0.02061880662549041,0.10098652731998146,0
2022-08-12,1198.046630859375,1201.845973401522,1174.9321182963515,1178.617605730641,12650587,64.60859385842642,13.886051003570401,6.594067793861062,7.291983209709339,1210.6420916745237,1142.6876403808594,1074.7331890871951,1142.6876403808594,1152.825751953125,1153.352213412717,1150.0295657887127,1163.9512126144148,1150.0651616108444,1140.1259692475558,0.016170684902742982,0.01576785124386185,0.02246478092915707,0.016170684902742982,0.02565099914358382,0.023756679991792762,0.07158834857069296,13866711.85,0.9122989744681252,0,15.132959517753534,5.627789358818973,24.187126971272846,0.020188802629429452,0.038751750702770364,0.041752896185526536,-0.010403950847047672,0.11473865609092605,0
2022-08-16,1206.373291015625,1209.1034064115306,1195.4530701404665,1204.052741070798,6607378,80.36558517619498,16.24155205525426,8.523564646139702,7.717987409114558,1217.7401489646543,1148.3639099121094,1078.9876708595646,1148.3639099121094,1151.6590991210937,1158.401839851089,1152.2391236407486,1170.477686214601,1154.2361341593466,1143.3399367038526,0.006950197047236095,0.011687572098006012,0.011315184423199679,0.006950197047236095,0.026640731789055794,0.04629035570829343,0.056526223207482795,13716920.25,0.481695444719087,0,18.774849347907775,7.5001428245270745,21.908809504140695,0.018160887403016062,0.04141175325714482,0.046981712618668736,-0.00933438710934644,0.11806031115682719,0
2022-08-17,1212.67529296875,1218.0216687174443,1208.3071564277768,1212.6070521185068,6595965,81.00265923854974,18.40466497741795,10.499784712395353,7.904880265022598,1225.3437745534382,1153.8900329589844,1082.4362913645307,1153.8900329589844,1150.7272314453126,1163.5707401480092,1154.6091694967486,1176.969625715239,1158.5649607378211,1147.653627948304,0.005223923639605221,0.011563746271218693,0.008010810763601349,0.005223923639605221,0.02857856387172042,0.03817463680687894,0.03506994995752599,13288673.1,0.4963599413097159,0,21.23354812652974,8.954693557817563,21.68293131884101,0.017880244979477593,0.042201605047660906,0.05029071741852727,-0.010338716242554077,0.1203202466909518,0
2022-08-18,1214.87451171875,1218.3894546289891,1205.24240897424,1214.2810405952932,7410035,81.70590741228153,20.065108050595654,12.412849380035414,7.65225867056024,1232.294166224322,1159.1882629394531,1086.0823596545843,1159.1882629394531,1149.7920288085938,1168.456813630937,1156.9725162505526,1182.8011466388562,1162.7360385882605,1152.2769805079101,0.0018135264755134717,0.01144177762285145,0.010821731403475726,0.0018135264755134717,0.014046098395439133,0.033875390835932384,0.03301548913113983,12837180.45,0.5772322846797717,0,23.002344324300566,10.164545112535507,21.80948596547585,0.017952048343347633,0.039725642870421324,0.05004612871517699,-0.014135954695740232,0.11858414872434406,0
2022-08-19,1193.213623046875,1215.0569809988342,1189.1507309375147,1209.7159828214287,9460724,70.39520685310362,19.409428649196798,13.812165233867692,5.597263415329106,1235.866674457188,1161.9041931152344,1087.9417117732808,1161.9041931152344,1148.8667895507813,1170.8146050038833,1158.3937361249182,1184.4030660862436,1164.9936374370468,1155.0876309841308,-0.017829733411091286,0.012925573101704118,0.021711326086914597,-0.017829733411091286,-0.010908454345562535,0.012071377970553243,0.006149626219575266,12114004.35,0.7809741293348637,0,22.167067111867027,10.324050543171325,22.075517706467053,0.01850089311761053,0.019131139932199056,0.030058766580037807,-0.03451266410193233,0.09676245531758061,0
2022-08-22,1189.904052734375,1201.1795211355932,1180.500282384016,1194.6517009933089,9471680,64.66967592264936,18.410518339420605,14.731835854978275,3.67868248444233,1238.3336526296537,1164.8345764160156,1091.3355002023775,1164.8345764160156,1147.1955712890624,1172.6326476448826,1159.6294348154852,1185.2493717244176,1166.838853384997,1158.2423037114754,-0.002773661185705323,0.012128963052933662,0.017378912782132976,-0.002773661185705323,-0.018777689597871405,-0.006796545238943796,0.01679867140255764,11761426.85,0.8053172562136881,0,19.28043423216559,9.599869026772467,21.602555499078594,0.018154871772590713,0.014728743161108757,0.026107148551042923,-0.03910868431334025,0.09031920295245499,0
2022-08-23,1208.25537109375,1211.1769638327753,1182.9425882434618,1184.152351743722,9678484,62.02619827186532,18.8820126571311,15.561871215408841,3.3201414417222583,1243.1822356340538,1168.300311279297,1093.41838692454,1168.300311279297,1146.6603515625,1176.0252879733462,1161.536334277378,1188.7887562427766,1169.9067435856455,1160.8715001254486,0.015422519418438974,0.010838827869411434,0.023367887505233956,0.015422519418438974,-0.005448415092383141,0.0015601141803633922,0.047922688129011126,11696851.3,0.8274435360223823,0,17.62344812225706,9.297210636629416,21.014349395246864,0.01739230786636109,0.02740594394525835,0.04022176098816322,-0.028094726210827974,0.10502565673164883,0
2022-08-24,1205.036865234375,1218.8459658923068,1203.0283609817775,1205.1967341552863,10369622,59.58614643266847,18.779490499522353,16.205395072231546,2.574095427290807,1243.009406639695,1173.4866027832031,1103.9637989267112,1173.4866027832031,1146.5280615234376,1178.7882953315393,1163.2422374521623,1191.2884653184071,1172.5089748188848,1168.8793556954022,-0.0026637629232812987,0.01090548502974789,0.013126241500879612,-0.0026637629232812987,0.009908738853742882,-0.006298823583413937,0.031635357920857476,11059809.8,0.9375949665969843,0,15.217555183530067,8.633067955413708,20.641014189266098,0.01712894832080635,0.022267416470616697,0.03592942762614525,-0.030548876945327055,0.09155469265018329,0
2022-08-25,1201.5220947265625,1215.6049306697223,1197.2081689286076,1209.2368579891631,7871946,55.38540626408957,18.204775030692645,16.605271063923766,1.5995039667688786,1240.2191930888328,1178.4721252441407,1116.7250573994486,1178.4721252441407,1146.6421630859375,1180.9534190834463,1164.7434083256683,1192.8628698427387,1174.658094812046,1173.5618357551327,-0.0029167327649589625,0.01079743889496327,0.015311213852710172,-0.0029167327649589625,0.009763847736705689,-0.010990778770473275,0.02251229513901798,10888242.7,0.7229767205685084,0,12.496605452509357,7.770892075115626,20.572163947358813,0.0171217525151217,0.017417008419417436,0.03157664266481148,-0.03120182188593054,0.07593367477988122,0
2022-08-26,1195.1080322265625,1209.715993824914,1190.0866510806784,1201.9554689456972,10742038,59.16840875165881,17.03537444935091,16.691291741009195,0.34408270834171617,1233.2496022072412,1183.1892700195312,1133.1289378318213,1183.1892700195312,1146.9173706054687,1182.3014774780288,1165.9341778904093,1193.2082794402502,1176.1729049908993,1177.6927013740108,-0.005338280942274065,0.01018816265938917,0.016424743382960016,-0.005338280942274065,-0.010881258367828384,0.0015876529928062766,0.013678196122721697,10992590.3,0.9772071647207664,0,11.486872474145457,7.540441765491096,19.28481530649937,0.016136461965342606,0.010831885938137711,0.025021870779137062,-0.030927696966140356,0.05469730083262609,0
2022-08-29,1185.818359375,1211.9984634718255,1176.8710131510943,1180.0436382797463,19838975,62.85636132704903,15.183985567555965,16.38983050631855,-1.205844938762585,1226.1360884213814,1186.5796813964844,1147.0232743715874,1186.5796813964844,1147.3371240234376,1182.6364186110736,1166.7139497133344,1192.071368660981,1176.8873830934251,1182.397119564406,-0.007773082098908923,0.00947703391567878,0.02962296041633692,-0.007773082098908923,-0.01594847959745782,-0.003433632610953974,-0.010206841010523493,11359735.4,1.7464293226407368,1,10.003770966191041,7.084514897849203,20.10875320629048,0.016957701023358286,0.0026905486029792243,0.016374544648548716,-0.03288193653796571,0.03382240436635172,0
2022-08-30,1204.2152099609375,1207.5477042577893,1176.2091689010513,1193.282179919688,23139054,63.79617976899628,15.027985372804778,16.117461479615795,-1.0894761068110164,1223.8695602892835,1189.6989440917969,1155.5283278943102,1189.6989440917969,1147.851806640625,1184.691541596775,1168.1845873701031,1193.9396519378975,1178.9116665650927,1186.7129529093622,0.015514054442228309,0.009714161607283554,0.026024032164279492,0.015514054442228309,0.0022414196511200135,-0.003343797370546908,-0.0017888998958777158,11760153.95,1.9675808750785955,1,8.66625362342893,6.648253092725099,20.639298800682223,0.017139211189129328,0.01647995927939826,0.030843261399252794,-0.016059187160190804,0.04213387148660227,0
2022-09-01,1168.81396484375,1189.150886984996,1164.385933490136,1178.9710757031155,19909939,48.03761011106855,11.910472955912837,15.276063774875205,-3.3655908189623673,1224.061299758452,1189.56025390625,1155.059208054048,1189.56025390625,1148.0857177734374,1183.1793914298205,1168.209268839658,1190.0741616157209,1178.163688659808,1187.1978898576297,-0.0293977727771233,0.01277932688543089,0.021188105412627133,-0.0293977727771233,-0.022001414661923846,-0.030059578620094562,-0.03616906222078875,11970648.7,1.663229746270977,1,4.391096098281196,4.967031387495808,22.41659328035866,0.0191789232115783,-0.012141376607912778,0.0005176264392188429,-0.045134451130514515,0.011908269891094964,0
2022-09-02,1155.1646728515625,1175.638520959865,1152.973478456532,1168.8139049237643,12999345,42.957670731610484,8.243413177422326,13.86953365538463,-5.626120477962305,1225.8839336831732,1188.5161499023438,1151.1483661215145,1188.5161499023438,1147.6730810546876,1180.5113229937958,1167.6977160558113,1184.7034710366197,1176.4600578591974,1186.4343710072876,-0.011677899479933251,0.01307696202602646,0.019620616035100593,-0.011677899479933251,-0.02585023775445161,-0.038582246700631706,-0.049148976533150535,11924720.3,1.090117392522825,0,-0.44209608965047664,2.9543077301430003,23.070249513035474,0.019971394603061913,-0.02147090811289621,-0.010733122992294815,-0.05768838214490205,0.0034889566351727886,0
2022-09-05,1173.1051025390625,1178.446101569222,1155.3929766209455,1155.3929766209455,11327815,42.57579864641252,6.707564002081654,12.437139724724036,-5.729575722642382,1225.864900988976,1187.8753723144532,1149.8858436399305,1187.8753723144532,1148.3336206054687,1179.8059686647737,1167.9097704277035,1182.9191066523802,1176.2115426502985,1185.949625722396,0.01553062529449889,0.0130118514969675,0.019651372156152445,0.01553062529449889,-0.0258343418722341,-0.01841082905827951,-0.01685240607332772,11778562.2,0.9617315600710586,0,-2.495508813255128,1.975592537294233,22.810790485356115,0.01944479692056966,-0.005679634027699292,0.004448401959559253,-0.0430388360147591,0.02019266436538788,0
2022-09-06,1185.4532470703125,1189.6302455363334,1174.1093147173583,1174.5658588505653,10899618,43.91844944360894,6.412861060907744,11.232283991960777,-4.819422931053033,1225.7379246455835,1188.635760498047,1151.5335963505104,1188.635760498047,1149.6110498046876,1180.3438047033965,1168.5977499038843,1183.3089744089853,1176.8961133480775,1186.7086900783436,0.010526034286717945,0.013222243116996265,0.013092824080015796,0.010526034286717945,0.014236039889193863,-0.00030789901488781357,-0.0037404744137433665,11600186.75,0.9396071145147727,0,-2.2926139076771506,1.8838001905498913,23.016133822942315,0.019415471575807464,0.004328774672731864,0.014423694695471188,-0.03286565322429678,0.029456066959141904,0
2022-09-07,1178.5601806640625,1184.563114237557,1173.1963605855797,1175.478839783805,7488501,40.11654841837756,5.559013162214114,10.097629826011445,-4.538616663797331,1223.4357412433342,1189.9137451171875,1156.391748991041,1189.9137451171875,1150.4311938476562,1180.1739357472695,1168.9884334631072,1182.5783907559203,1177.0193775937062,1188.1749795385258,-0.00581470962544095,0.013140689481539073,0.00964461029522719,-0.00581470962544095,0.020252963375989808,-0.021304355803400954,-0.02457691572503129,11277489.9,0.6640219646749583,0,-4.517605849505571,0.8038460930040401,23.059598736007565,0.01956590687037685,-0.0013673874963059725,0.008188059801925659,-0.0366799489883026,0.01917034749890224,0
2022-09-08,1180.226318359375,1185.978218827882,1173.6528558204227,1181.527366464761,7057077,39.9310093326125,4.959604702610477,9.070024801331252,-4.110420098720775,1222.7947868989818,1190.5208557128906,1158.2469245267994,1190.5208557128906,1151.3520043945311,1180.1789245674702,1169.4291348315883,1182.216533464144,1177.2569287615336,1188.969120822947,0.0014137060819190417,0.013132299652970835,0.010443219928015824,0.0014137060819190417,0.0060703988115808905,0.00976404616893034,-0.02058903556462932,11122084.85,0.6345102645031521,0,-3.000466862350322,1.2198659919301917,23.00090711834402,0.01948855635613806,4.015814120913365e-05,0.009232866880250637,-0.034812438682013676,0.01897643185329871,0
2022-09-09,1172.8768310546875,1191.4561604892992,1170.4573041604865,1191.4561604892992,8314850,43.553802853523415,3.847179090836562,8.025455659232314,-4.178276568395752,1222.9201511462527,1190.4112670898437,1157.9023830334347,1190.4112670898437,1151.8068627929688,1179.4834870900625,1169.5643386050433,1180.7796561703815,1176.932477079545,1189.3755322812303,-0.006227184727505497,0.012401150657298125,0.01790371825311777,-0.006227184727505497,-0.010608951510070908,0.015333015819642304,-0.023840813080007517,11001592.95,0.7557860064255514,0,-1.0278359037333757,1.8666225492320336,22.650378994593535,0.019311813819551372,-0.0056013128693089415,0.0028322447430254713,-0.0409211672934322,0.012932392437109608,0
2022-09-12,1186.0009765625,1192.3691689901582,1173.447281793324,1173.447281793324,7435419,48.83529987731563,3.978718448721338,7.216108217130119,-3.2373897684087813,1222.9010183916753,1190.7622314453124,1158.6234444989495,1190.7622314453124,1152.0468969726562,1180.1042003731516,1170.2089126425906,1181.5829362307074,1177.604217781986,1189.5350002760472,0.011189704801322531,0.012815579748345608,0.015954360553460327,0.011189704801322531,0.006313462834155015,0.010992940014944663,-0.007620278182797868,10963452.6,0.6782004968033519,0,0.29823170837789803,2.2991422148870697,22.56560036487164,0.01902662882308552,0.004996826710288681,0.013495080877693412,-0.03017418521550106,0.02362936137149371,0
2022-09-13,1195.906982421875,1200.449119404543,1187.3477160754526,1195.1081207827935,8888657,46.11958779970601,4.8266575190516505,6.738218077514426,-1.9115605584627753,1222.7060633109438,1190.6552490234376,1158.6044347359314,1190.6552490234376,1152.3439965820312,1181.609227234935,1171.2166800849154,1183.7866356447332,1178.9599781256816,1189.6208830915955,0.008352443256907316,0.012282607900995814,0.010955202638384287,0.008352443256907316,0.013286150137964636,0.008818344694231817,0.008507730519699663,10775356.1,0.824906102175129,0,1.2654225315384338,2.6189301810311463,21.580869454352314,0.018045608706663878,0.012100239958685872,0.02108090053427986,-0.021917844110873278,0.032196102973182227,0
2022-09-14,1181.572998046875,1191.4561336808906,1174.451706778856,1175.4787801044877,8678219,43.10807729210859,4.292540857412405,6.249082633494022,-1.9565417760816173,1220.818008374171,1189.415234375,1158.0124603758288,1189.415234375,1154.0557055664062,1181.605776836072,1171.6228102010707,1183.4460760142936,1179.1535351568812,1188.9107784130958,-0.011985868956105317,0.012646701744384975,0.014391346899550546,-0.011985868956105317,0.007414390635006152,0.0025563542975930442,-0.018802462987323465,10878898.15,0.797711209383829,0,1.4318410888024573,2.634376737963521,21.98356022095871,0.018605333955072818,-2.7740884345328882e-05,0.008492654597682909,-0.032146487075138064,0.02034566852881677,0
2022-09-15,1169.8638916015625,1188.5116835520153,1167.1476896556203,1179.1307346574977,10365600,41.12826091418486,2.8910957695229627,5.577485260699811,-2.6863894911768487,1217.82650599327,1187.2746643066407,1156.7228226200114,1187.2746643066407,1155.487734375,1180.487502051833,1171.55383300109,1181.3565091815658,1178.4654134120428,1187.5496328680406,-0.009909761364441771,0.012850694141972997,0.01826194829139252,-0.009909761364441771,-0.0136062998933687,-0.008780033622887928,0.0008982838923838887,11067379.9,0.9365902402970734,0,0.308577484362786,2.1246981695016984,22.195505374907302,0.018972724548768916,-0.008999341739582431,-0.0014424786569119592,-0.039383782628863745,0.011360603183903844,0
2022-09-16,1140.8763427734375,1165.4359048168926,1137.133067391258,1161.213264147553,20217708,36.50920226023837,-0.5522465365602329,4.351538901247802,-4.903785437808035,1217.7599715255449,1183.574755859375,1149.3895401932052,1183.574755859375,1156.1621020507812,1176.7150106919858,1170.350794168633,1175.128791272623,1175.6810378091832,1183.3186372114235,-0.02477856529825928,0.014234896275561702,0.024807979940079418,-0.02477856529825928,-0.04601581933821719,-0.027283758561821192,-0.0123690850438265,11707763.55,1.7268633683672232,1,-2.7684763980767,0.7864555635896977,23.131325479626508,0.020275050513708544,-0.030456540107763868,-0.02518428794345621,-0.06313528983531266,-0.007406712104180716,0
2022-09-19,1142.3599853515625,1151.6040077939597,1132.7278822878002,1140.876367867208,7580254,38.75237346021275,-3.1253751856743293,2.856156083863376,-5.981531269537705,1219.495816388221,1181.0320739746094,1142.5683315609976,1181.0320739746094,1157.0608862304687,1173.4431035167074,1169.253115391493,1170.0874365155369,1173.2128117012112,1181.3333020719535,0.0013004411806087912,0.014218050970101006,0.016523797881759967,0.0013004411806087912,-0.03318712661861023,-0.03679675824334172,-0.026208322784510463,11613740.05,0.6526970611848678,0,-6.661096856444146,-0.955797251097465,21.97051656429996,0.01923256840753093,-0.026488815752541823,-0.023000263746080475,-0.06325223096304805,-0.00018234901465411923,0
2022-09-20,1142.54248046875,1158.4514907194557,1138.822026415054,1151.4898271317024,8411448,32.37667548257875,-5.091184343744089,1.2666879983418833,-6.357872342085972,1220.5108676130515,1178.663995361328,1136.8171231096046,1178.663995361328,1158.1794506835938,1170.5001870359495,1168.20563951217,1165.8497509698773,1170.9409353136214,1179.6932614197449,0.00015975272202073398,0.013276934916404177,0.01718051156955516,0.00015975272202073398,-0.02335435030429822,-0.04462261926513267,-0.0361977722087401,11560728.45,0.7275880612869167,0,-11.10904019898544,-3.0110405727455145,21.134154346275928,0.01849747795601021,-0.02388526450217543,-0.021968015026991795,-0.06388176395084785,0.005036304646330867,0
2022-09-21,1145.6925048828125,1156.3060391967588,1138.95917313293,1139.7580348153278,9207309,41.89991199042757,-6.322045020383484,-0.25105860540319025,-6.070986414980294,1217.4223590156448,1175.5358520507812,1133.6493450859175,1175.5358520507812,1159.330986328125,1168.1375506404127,1167.3227714874893,1162.748636187252,1169.0706812076355,1177.503178959221,0.002757030454368925,0.011083103017203975,0.015140944005392802,0.002757030454368925,0.004221458477846163,-0.0303667172687363,-0.027887991059337036,11537169.7,0.7980561298322586,0,-13.468226195659327,-4.3000387135814435,19.528267888635032,0.01704494688182715,-0.019214385964473977,-0.018529807807239014,-0.05891944862161886,0.01062335531626163,0
2022-09-22,1134.896240234375,1142.6110027498532,1128.5053470017444,1134.8505978968233,10308170,42.754571184454086,-8.07558894104045,-1.8159646725306424,-6.259624268509809,1215.2395903358688,1172.0288208007812,1128.8180512656936,1172.0288208007812,1159.9708374023437,1164.9717115541234,1166.0511428108964,1158.4636521945017,1166.5392411355422,1174.2044645848378,-0.009423352777839678,0.010937208191441552,0.012429026767412454,-0.009423352777839678,-0.00653361918562867,-0.029890358714564802,-0.038407953982938725,11534097.1,0.893712781384509,0,-15.515790497709531,-5.502690190193562,19.1369904156161,0.016862326032258238,-0.025816482084038275,-0.026718298565720746,-0.06611317697384138,0.00538456039205449,0
2022-09-23,1113.62353515625,1139.3927402184245,1112.0714541784876,1134.394179751921,9528051,29.23169641220781,-11.054386560994772,-3.6636490502234684,-7.390737510771303,1215.80917959387,1167.6338928222656,1119.458606050661,1167.6338928222656,1160.2166333007813,1160.0814090400402,1163.9951581969888,1151.5651726501553,1162.61955921115,1171.015229972979,-0.018744184995918123,0.010736453467813298,0.024533682323895512,-0.018744184995918123,-0.025311046028358986,-0.02388760867013573,-0.05051962348438166,11616902.35,0.8201886107788451,0,-16.633601651945582,-6.355635971644233,19.425551652921627,0.017443553444832748,-0.04004708076671426,-0.04327477024798253,-0.08404743618711144,-0.005212404338018891,0
2022-09-26,1085.252197265625,1103.7175409409906,1084.2479451217905,1092.8756748841324,12479523,18.534950348020004,-15.52546707433089,-6.036012655044953,-9.489454419285938,1220.9943117218386,1162.1411010742188,1103.287890426599,1162.1411010742188,1160.285400390625,1152.954817442477,1160.9071989447784,1141.3631764371507,1156.8886435114816,1165.5008618902802,-0.02547659688841286,0.011371182783111949,0.017940157935874456,-0.02547659688841286,-0.05275438859868398,-0.04999106132762743,-0.08494831057296837,11703776.6,1.0662817162795128,0,-20.488286074230473,-8.345916446714682,20.343440727006527,0.01874535778712392,-0.058720965602999234,-0.06516886254811842,-0.11117342083665475,-0.01634722298456507,0
2022-09-27,1093.880126953125,1107.460896407162,1077.3777647816369,1092.8529328199063,16154822,23.695444607160212,-18.163254087493442,-8.461460941534652,-9.70179314595879,1222.6415141860252,1157.544189453125,1092.4468647202248,1157.544189453125,1160.3483618164062,1147.328656443491,1158.2786863176548,1134.0580919011468,1152.2213459886402,1158.1664240998637,0.007950160994134592,0.011987992639624023,0.027501305567473947,0.007950160994134592,-0.036140848675980664,-0.042591285967468195,-0.0853133704948621,11519568.95,1.4023807722423502,0,-23.171530592458566,-9.926953194515136,21.61674395134883,0.01976152909145515,-0.04658519526222466,-0.05559850157414417,-0.10531409717313849,0.001311974320387007,0
2022-09-28,1064.7554931640625,1085.5489575446488,1062.3132660155625,1077.491757249726,16997059,19.35801742886926,-22.346240293657274,-11.238416811959176,-11.107823481698098,1223.9670308120192,1150.5712036132813,1077.1753764145435,1150.5712036132813,1159.786513671875,1139.464545654974,1154.611110115553,1123.396153633903,1145.7423939275602,1147.647079338846,-0.026625068937110807,0.013082284828024471,0.021822560839802205,-0.026625068937110807,-0.043882012591742625,-0.0706446200649874,-0.09886609212965292,11212469.2,1.5159068619782698,1,-28.673004985438638,-12.711661371936316,22.99113666064191,0.021592879124127072,-0.06556505226581501,-0.07782327414335874,-0.1300782893983105,-0.011530047494978478,1
2022-09-29,1061.4915771484375,1080.7556609643932,1055.8766040342564,1077.3320028920632,14671827,19.78706834553813,-25.629220048523166,-14.116577459271976,-11.51264258925119,1228.0676554974375,1145.2050842285157,1062.342512959594,1145.2050842285157,1158.9732885742187,1132.0385486543516,1150.9593637246858,1113.872372636139,1139.5015926846622,1139.7738807368514,-0.0030654136433950763,0.013128457799271125,0.023437827926031447,-0.0030654136433950763,-0.021894099986209836,-0.06467962487106149,-0.09263668639670686,10950563.6,1.3398239155471414,0,-32.93316289977179,-15.091779086210636,23.268293846450774,0.021920375391916058,-0.06231852403769551,-0.07773322794535198,-0.13564079926974967,-0.0008009994900663433,1
2022-09-30,1085.4349365234375,1096.5048940159172,1054.96372509037,1054.96372509037,18613024,24.23404618647858,-25.99927272628406,-16.493116512674394,-9.506156213609668,1228.5876973655068,1141.7185974121094,1054.849497458712,1141.7185974121094,1158.5037890625,1127.6001094037883,1148.3897783442446,1109.4973824649542,1135.4966551912382,1133.4919644768531,0.0225563347749973,0.014609275765367363,0.03827145002223748,0.0225563347749973,-0.007720398443667342,-0.02531250260336626,-0.04859545611685101,11231247.55,1.6572534722556265,1,-32.48129963625183,-15.605379852744136,24.84321034574196,0.02288779318759796,-0.03739372897245054,-0.05482009941918484,-0.11651814611934949,0.028995073836040438,0
2022-10-03,1081.6688232421875,1103.3294933419215,1078.7015883112226,1091.7117072217247,11852723,19.780353204447195,-26.293342718745635,-18.453161753888644,-7.840180964856991,1226.6453579929032,1137.1467834472655,1047.6482089016279,1137.1467834472655,1157.3592651367187,1123.2257011979216,1145.7732703010267,1105.2160656614517,1131.5094083801973,1129.3062768055356,-0.0034696812812314848,0.014033137050821704,0.022768433832528686,-0.0034696812812314848,0.015884707979166857,-0.0033018813806284797,-0.05312787815366027,11257492.95,1.0528741214978954,0,-29.72911624455537,-15.133928643751688,25.570336216360243,0.023639709000501535,-0.03699779831552431,-0.055948632002906826,-0.11818944555248907,0.03247331885979877,0
2022-10-04,1101.61767578125,1103.808870249341,1091.095426399377,1094.587668996287,8948850,29.45944284717936,-24.63273874711672,-19.68907715253426,-4.9436615945824585,1220.7644378135578,1132.9550048828125,1045.1455719520673,1132.9550048828125,1156.7656909179686,1121.1677940153813,1144.041678359075,1104.6624672183436,1129.2952059654604,1125.459604159028,0.01844266203334577,0.015491168408981942,0.011540704301923874,0.01844266203334577,0.037801617550848654,0.007073488801443872,-0.03581906615035424,11159954.55,0.8018715452564276,0,-26.160862428109567,-14.237007958579852,25.619248456655573,0.02325602522534581,-0.017437281322641277,-0.037082567340269136,-0.09760012525078537,0.054032763803139074,0
2022-10-06,1105.680419921875,1118.4166846220046,1103.87730611944,1108.830344904405,13352162,32.83695217179272,-22.726887228245232,-20.296639167676453,-2.430248060568779,1215.1791610285156,1129.311016845703,1043.4428726628905,1129.311016845703,1156.1004858398437,1119.692806006476,1142.5373152831062,1104.8190753265792,1127.5459625548244,1122.7761756207026,0.003687980167660143,0.015577618939687038,0.013149711472318538,0.003687980167660143,0.018651954822167527,0.03843598555777228,-0.034923930103767375,11453137.6,1.165808223591062,0,-19.77173964849794,-12.073794832446765,25.2931780955384,0.022875667905311703,-0.012514491483229223,-0.03225881104119432,-0.09010913338405341,0.05964633895112322,0
2022-10-07,1110.359619140625,1115.6321543527151,1102.2795971833257,1102.2795971833257,7714340,40.620237292129254,-20.60143339711226,-20.357598013563617,-0.24383538354864243,1208.5933154014413,1125.8176818847655,1043.0420483680898,1125.8176818847655,1156.2814575195312,1118.8039310668712,1141.2754448461462,1105.6714666825862,1126.2729000796985,1120.5713076087163,0.004231963535250571,0.014478739311065929,0.01202543476835353,0.004231963535250571,0.026524565820839507,0.04603714531910397,-0.02162014484133168,11486000.75,0.6716297663483959,0,-13.234617587480443,-9.683918878539544,23.90901616404447,0.021532678018810803,-0.0075476244691005485,-0.027088838058448677,-0.08127936420712982,0.06453965195157578,0
2022-10-10,1098.2396240234375,1103.6262649687026,1090.1139598954956,1097.8743645838504,6329527,37.27122765102637,-19.668254839081783,-20.219729378667253,0.5514745395854703,1202.62809714774,1122.0858215332032,1041.5435459186665,1122.0858215332032,1156.2100170898439,1116.8454256341633,1139.587765598197,1104.5281062734864,1124.1963611125682,1117.818853621833,-0.0109153781425948,0.014642286074852219,0.012303603674127361,-0.0109153781425948,-0.0030664465831277132,0.011796826386492043,-0.013814283415493733,11386734.6,0.555868492798629,0,-10.75468376962499,-8.802012746047694,24.006840002542326,0.02185938248575704,-0.01665924503398594,-0.03628342004273344,-0.08680029459803862,0.05443466893625047,0
2022-10-11,1076.373291015625,1101.982746487589,1073.2691292307711,1101.982746487589,9215177,33.032967610834206,-20.457315241942297,-20.267246551322263,-0.19006869062003418,1193.678705195475,1116.6044372558595,1039.530169316244,1116.6044372558595,1155.7221801757812,1112.990936622874,1137.1087665949588,1100.1965962338154,1120.6539114757577,1114.3139319977054,-0.019910347914514737,0.01530715584145779,0.02667626324109633,-0.019910347914514737,-0.026505967165739275,-0.004895705702869124,-0.008181422043992193,11475722.5,0.8030149735670238,0,-10.23476457504762,-8.66450370606799,24.655708070572068,0.022906280076225114,-0.03290021904253519,-0.05341219535331214,-0.09827218469197727,0.03544208988529387,1
2022-10-12,1084.2935791015625,1087.2379927529598,1069.6171531804475,1073.6800455545388,7417103,34.632109230633844,-20.21057530864482,-20.255912302786776,0.045336994141955245,1179.6176497269444,1111.0237670898437,1042.429884452743,1111.0237670898437,1155.0478491210938,1110.2578549541777,1135.0375827716882,1097.7499782134687,1117.9605535221135,1110.0821832432134,0.007358309753732639,0.015514697597113743,0.01625098581429652,0.007358309753732639,-0.02347531339372433,-0.0157260518422615,-0.008763801092414703,11402144.8,0.6505006847483641,0,-10.909939061203659,-9.0040955873867,24.675277606906597,0.022757007956601887,-0.02338580694273653,-0.04470689291733596,-0.08080929498422416,0.04015972227311695,1
2022-10-13,1087.740234375,1092.8529007335003,1077.3777331495853,1082.5361625931992,7328492,37.74621635064355,-19.511993740132993,-20.10712859025602,0.5951348501230278,1166.9847602502073,1106.33212890625,1045.679497562293,1106.33212890625,1153.9660546875,1108.1133196609226,1133.1827847953475,1096.210017622935,1115.722011363068,1106.5313065281844,0.0031787103971356867,0.01552981572011647,0.014226896362629072,0.0031787103971356867,-0.009560199266870906,-0.016225470962163424,0.021586872628039044,11334658.45,0.6465560503942667,0,-11.579486345553505,-9.354530487758666,24.552992585681377,0.02257247806944383,-0.018385380740804234,-0.04010169500461872,-0.06790536481231928,0.0402233542024682,1
2022-10-14,1082.216552734375,1103.0556611703817,1081.48615457156,1102.4393688537991,9106089,41.111149498355495,-19.182948667871642,-19.922292605779145,0.7393439379075026,1155.5274406711706,1101.9497619628905,1048.3720832546105,1101.9497619628905,1152.1786303710937,1105.6469609060132,1131.1841090282505,1094.057176870849,1113.2401255387206,1102.663640278725,-0.005078125701398539,0.01487391825190381,0.019930859996849192,-0.005078125701398539,0.005428657295311057,-0.025345902283470667,0.019524390048965445,11271682.9,0.8078730639237554,0,-13.156970160858009,-10.091335817895697,24.14215119703028,0.022308059450792617,-0.02119158194261063,-0.04328875901195373,-0.06344365815684484,0.03228287935204864,1
2022-10-17,1099.586181640625,1101.9827665257233,1069.845490552908,1075.0495620947684,16729355,54.32623935793161,-17.320929297733755,-19.402019944170068,2.081090646436312,1150.2319682461628,1099.88525390625,1049.5385395663372,1099.88525390625,1150.6494189453124,1105.069743833119,1129.9449746208927,1094.907792989276,1112.2287222870098,1097.631652266883,0.01605004919058306,0.013929432149177594,0.02922670047095836,0.01605004919058306,0.014103747208144446,0.0012261054761932844,0.013037396016119418,11097265.25,1.507520512767774,1,-11.775681801044357,-9.64279097730423,24.339414478341414,0.022135067614278373,-0.004962186525416342,-0.026867496791561352,-0.04403093289326747,0.04768537808527462,1
2022-10-18,1118.9874267578125,1124.3512470169624,1104.7903646127031,1105.6348686623294,12415820,57.115103478765626,-14.117015032035397,-18.345018961743133,4.228003929707736,1145.8976584822908,1098.7166259765625,1051.535593470834,1098.7166259765625,1149.3107543945312,1106.3952374449946,1129.5152668615563,1098.6123520305894,1112.7293670626248,1097.1488981272335,0.017644133257695316,0.014528076352262777,0.017480877744029285,0.017644133257695316,0.028726704589323804,0.03959048045681102,0.034500951412990144,11339043.55,1.0949618409393973,0,-6.595699177879396,-7.593499733402496,23.959552603399434,0.021411815745616156,0.011381275774376214,-0.009320670921957663,-0.023483974790663376,0.06414602958359039,0
2022-10-19,1138.4569091796875,1153.955017958595,1114.6277458530562,1120.4709308445554,19247142,72.09520198730269,-9.89282702346668,-16.65458057408784,6.761753550621162,1144.9235227380964,1098.5123474121094,1052.1011720861225,1098.5123474121094,1148.6749829101564,1109.448729991156,1129.8659195014832,1104.7422838996813,1114.635110923148,1098.519220372596,0.01739919677050028,0.01255070482310939,0.034544365964519326,0.01739919677050028,0.05196774740065946,0.049952643012978415,0.03344103331703696,11880828.25,1.6200168536229786,1,-0.809124963021759,-5.171663270205045,24.513867686826302,0.02153253890346163,0.026146480143127322,0.00760354793424942,-0.005648074679209933,0.08207930889606134,0
2022-10-20,1141.5155029296875,1149.9150215278255,1134.3942113183082,1134.3942113183082,8717053,74.02021996318314,-6.226548859790682,-14.568974231228411,8.342425371437729,1143.850277049614,1098.3034973144531,1052.7567175792922,1098.3034973144531,1148.445283203125,1112.5027083662542,1130.3227659104323,1110.39970221199,1116.6262510717806,1098.2335804085487,0.002686613542715266,0.01236388288996463,0.013596670539894839,0.002686613542715266,0.03813190997589877,0.04943760178696155,0.03240998245256477,11856315.45,0.7352244495147943,0,4.389388705331612,-2.8600188849152346,23.84542149249634,0.020889266445613147,0.026078852972897058,0.009902248593780992,-0.002041153607925654,0.08431082306887312,0
2022-10-21,1128.2769775390625,1148.9106943491454,1126.177188586748,1144.7565172867282,8243452,63.74275783970216,-4.339215584826206,-12.523022501947972,8.183806917121766,1142.4841728365025,1097.9725341796875,1053.4608955228725,1097.9725341796875,1147.649140625,1114.0050197160454,1130.2425389154766,1113.1500522623087,1117.489267847135,1097.8767178974492,-0.011597324220869898,0.012057633190310047,0.02014886966140407,-0.011597324220869898,0.008301747239614521,0.04256119044595019,0.016136536388368317,11753079.55,0.7013865570236866,0,8.358058810032162,-0.9415701127738885,22.502016980842786,0.019943699489395755,0.012811394536314568,-0.0017390615808003443,-0.012435354147766487,0.07101932528692098,1
2022-10-24,1132.0430908203125,1142.382770547029,1120.836206695688,1122.9816380159375,3370033,66.1589257716748,-2.5106552291865682,-10.520549047395692,8.009893818209123,1145.4824046583235,1098.8935119628907,1052.3046192674578,1098.8935119628907,1146.7886303710939,1115.722931249785,1130.3131487940977,1116.0566735789246,1118.5673288081111,1097.3840089408327,0.003337933287856698,0.011920248344598377,0.01903334248144896,0.003337933287856698,-0.005633782278150923,0.02951738546883198,0.030779682372991557,11445178.65,0.29445001280080496,0,10.653187416666015,0.3681741732050341,22.281921182317223,0.0196829267039394,0.014627430443010032,0.0015304980111576945,-0.011732448951950252,0.0757750846027485,1
2022-10-25,1114.559326171875,1140.785075413764,1112.9387816840604,1140.785075413764,12233241,54.218097499490725,-2.44412728456723,-8.90526469483,6.46113741026277,1146.9847709906007,1100.358868408203,1053.7329658258054,1100.358868408203,1145.5001831054688,1115.6121117185555,1129.6953518285204,1115.8263124393784,1118.2704397239456,1099.0861521416107,-0.015444433864940765,0.012053602678226161,0.02498412877253106,-0.015444433864940765,-0.02361437640455144,-0.003957238910867522,0.035476572556179864,11432864.55,1.0700066415113787,0,9.216874273560961,0.18008496696415932,22.68951023392794,0.02035738224169596,-0.0009436842210853656,-0.01339832516097929,-0.02827016159135338,0.0577246440215527,1
2022-10-27,1118.941650390625,1126.8391025996318,1110.5649536618178,1122.0686333408069,12513059,54.31327333279336,-2.0145638314797907,-7.5271245221599585,5.512560690680168,1148.8477961687856,1101.6119445800782,1054.3760929913708,1101.6119445800782,1143.9180834960937,1115.929210639705,1129.2736380466422,1116.3055952011086,1118.3201590325884,1100.6251085838978,0.003931889596044957,0.012058114533283195,0.014544233769591757,0.003931889596044957,-0.008273967593311338,-0.017141851072013048,0.03195451117378334,11250776.4,1.11219515481616,0,6.480480648549019,-0.592281454840986,22.65202024086076,0.020244147881127574,0.0026994900054575946,-0.00914923301839306,-0.026031425466360822,0.061235794161526594,1
2022-10-28,1153.1790771484375,1157.2190279737692,1122.7306857391648,1125.2641978503823,17609592,61.68117362865418,1.076137462377119,-5.806472125252544,6.882609587629663,1155.2547634316923,1106.0331237792968,1056.8114841269014,1106.0331237792968,1142.85419921875,1119.47681697387,1130.2111062467127,1121.9784385776209,1120.9023011152437,1106.281078854968,0.030598044809450275,0.01443916552995199,0.029907186939158403,0.030598044809450275,0.01867065529529377,0.01021762226515155,0.060160358792867186,11281403.05,1.560939886816649,1,6.97410860761579,-0.11165966371959257,24.43236455612896,0.02118696483511036,0.030105366778090396,0.020321841446062694,-0.0017967346675021824,0.09118711754078963,1
2022-10-31,1163.8837890625,1169.065039404331,1155.9406944170405,1159.957944449031,12419943,68.04712360616941,4.339300538031921,-3.7773175925956513,8.116618130627572,1162.1361133843263,1111.152734375,1060.1693553656735,1111.152734375,1141.878369140625,1123.7060524108824,1131.5316036120378,1128.4254155752947,1124.0861150372627,1112.0756974605831,0.009282783677044382,0.013964308014688096,0.011276336272251036,0.009282783677044382,0.044254676922436564,0.031558573144957025,0.07546293403273219,11168808.85,1.1120203744914123,0,9.701032694837068,1.2890646965611268,24.120957628326387,0.020724541277231504,0.03575466783810346,0.028591499651612604,0.0015038476629765448,0.09782817544377459,1
2022-11-01,1154.8680419921875,1186.8912136799254,1144.8936213637878,1186.8912136799254,13963166,73.22079998728873,6.127254172459743,-1.7964032395845724,7.9236574120443155,1167.6492569610498,1114.6243896484375,1061.5995223358252,1114.6243896484375,1140.6782397460938,1126.6738609424353,1132.4467580583182,1132.4935119471243,1126.3662577746645,1118.0940732908468,-0.007746260541677152,0.012663552572623825,0.03636570654746863,-0.007746260541677152,0.03210747547829729,0.0201626169153466,0.050275150119729384,10936315.95,1.2767705380713696,0,10.950929692650334,2.1336092642204676,25.069812989706357,0.021707945910824634,0.025024261258860137,0.019798974012970462,-0.010946108082256623,0.08785659534882291,1
2022-11-02,1162.08056640625,1164.157654947125,1148.0890168960857,1155.986348539346,8981896,73.1081905339357,8.033604361552534,0.16959828064284888,7.864006080909685,1173.3171877072211,1118.6449768066407,1063.9727659060602,1118.6449768066407,1140.0555786132813,1130.0459281294654,1133.60886818961,1137.0453664792974,1129.0117621177449,1121.4170973173457,0.006245323406491199,0.012651870313505635,0.013827473340107302,0.006245323406491199,0.007719086683244392,0.042636797448543096,0.03851083454377746,10792774.6,0.8322138034829338,0,14.433816410909913,3.913516361089478,24.95894145245828,0.021477806422358605,0.028348085223235692,0.025115980489910802,-0.00957679766281155,0.0922089395931511,0
2022-11-03,1166.417236328125,1168.4258612328554,1152.6767205686606,1154.8679148064807,6693449,73.24964468396713,9.781577701628976,2.091994164840074,7.689583536788902,1179.8873163282396,1121.8849548339845,1063.8825933397293,1121.8849548339845,1139.5858422851563,1133.5098622436235,1134.8954708617084,1141.5641156868094,1131.7825379851804,1123.6505406765061,0.003731815200460842,0.012646490650969537,0.013502150151495524,0.003731815200460842,0.0021767184055940803,0.042429009520671856,0.024559846686322384,10680004.55,0.6267271674523771,0,17.580651603918568,5.621832815066227,24.97851095819255,0.021414730664324512,0.02903139635623988,0.027775038561465574,-0.01141641224013915,0.0963777804339481,1
2022-11-04,1183.5816650390625,1186.8912175642852,1164.568612402097,1165.8467186255812,12575815,78.02600288500935,12.40884368915249,4.155364069702557,8.253479619449934,1189.3919459756064,1125.7800170898438,1062.1680882040812,1125.7800170898438,1139.0923681640625,1138.2786053669988,1136.8047333784673,1148.0283540486944,1135.619510359542,1127.781349461934,0.014715513605552566,0.012530058480049146,0.018860215413569695,0.014715513605552566,0.024863120289780438,0.02636415149484339,0.03685115270131045,10641187.2,1.1818056353712112,0,18.801788393128845,6.593627131754602,25.03230371271874,0.021149621063023635,0.0397996232718942,0.041147727738236065,-0.0048850851531351035,0.11430730991011787,0
2022-11-07,1189.904052734375,1191.5931814379082,1175.0223567357784,1182.7827614663586,11789748,76.5963167672213,14.830181658614265,6.290327587484899,8.539854071129366,1199.0066059144046,1129.7572387695313,1060.507871624658,1129.7572387695313,1138.7897119140625,1143.1953146400822,1138.8870596277186,1154.4707692311067,1139.6405875724924,1131.5719672735079,0.005341741835029001,0.012224585342623641,0.013926185614756415,0.005341741835029001,0.023942820431262835,0.022356410422069928,0.054620519980590476,10844957.6,1.0871179431812625,0,19.489262229199767,7.355456015680829,23.9204143362412,0.020102809366244766,0.04085805592109022,0.0447954805310835,-0.007591745646044808,0.12201340939741154,0
2022-11-09,1188.7171630859375,1196.9112902936065,1182.348970740701,1191.5931131291466,11254205,73.00103081160307,16.46355574639597,8.324973219267115,8.138582527128854,1206.6138395097844,1134.2811157226563,1061.9483919355282,1134.2811157226563,1138.53361328125,1147.5307287777828,1140.8411813319626,1159.739445208773,1143.275889462377,1135.4792590967613,-0.0009974666828893586,0.011835308094546965,0.012250449480431047,-0.0009974666828893586,0.019118310380951353,0.029309946992176705,0.0500635291405358,11091191.5,1.0146975642788243,0,20.85686783534743,8.394423273644406,23.191646777424644,0.01950981065775023,0.03589135634914262,0.04196550978119355,-0.014832149141532998,0.11937375875616518,0
2022-11-10,1174.3375244140625,1185.3161961635597,1170.0007782161265,1182.3261403082447,5966242,62.246800950631815,16.408552237398453,9.941689022893383,6.46686321450507,1208.1926122820894,1139.1793273925782,1070.166042503067,1139.1793273925782,1138.118203125,1150.0837569336188,1142.1547634136136,1161.9853035480485,1145.57675131065,1138.7760182953946,-0.012096770466866302,0.011966319121642546,0.013041751310020356,-0.012096770466866302,-0.007810310769468476,0.010547425335333926,0.053633931221503284,10928744.75,0.545921982485683,0,20.037828804153378,8.545895224003743,21.71944054630124,0.018495057932461274,0.021088696657284915,0.028177233096032168,-0.028021267076016834,0.09734141971776955,0
2022-11-11,1201.4078369140625,1203.325056528256,1181.413233492101,1186.8911590644095,12310132,67.56358340946255,18.3379214000081,11.620935498316328,6.716985901691771,1214.3134468013518,1145.0350402832032,1075.7566337650546,1145.0350402832032,1138.4299926757812,1154.9717645508038,1144.4784133548078,1168.0503086812814,1149.7123872812733,1143.8323830675736,0.023051560507279856,0.013193743108739863,0.018238455221365784,0.023051560507279856,0.009667825026103527,0.029998356931082215,0.07370016702358728,11173396.2,1.101735925197032,0,21.461902307180253,9.582942493099381,22.681349253778112,0.01887897561250928,0.04020537452819797,0.04974268006713868,-0.010627906593049954,0.11680262914971724,0
2022-11-14,1195.5875244140625,1206.0641314784764,1189.242152687652,1200.9285232071268,9043112,70.63686677475228,19.176257821995932,13.13199996305225,6.044257858943682,1217.6879674310483,1150.4274047851563,1083.1668421392644,1150.4274047851563,1138.2574389648437,1158.8399321568284,1146.4826922198765,1172.2868034094017,1153.1105455874058,1147.8485733054647,-0.004844576771656506,0.012704278274184954,0.01407005212693954,-0.004844576771656506,0.005779643418531544,0.010143667927302369,0.036775248620094514,11259127.2,0.8031805520413696,0,20.561326789829536,9.677958841409236,22.259097327237182,0.018617706251280928,0.0317106713684259,0.04283085346810318,-0.018149512525455092,0.10378888819451508,0
2022-11-15,1190.2237548828125,1198.9427700567662,1182.3263018305277,1197.0711926191022,7086433,67.66466577617403,19.186662203430615,14.342932411127922,4.8437297923026925,1217.106544551229,1155.8277648925782,1094.5489852339274,1155.8277648925782,1138.685634765625,1161.8288676545412,1148.19802801058,1175.046334405311,1155.8596722018804,1151.6074569010655,-0.004486304366448368,0.012916483632259996,0.013960793639070494,-0.004486304366448368,0.013527823252242888,0.00026867893062698656,0.02263109604914182,11158144.4,0.6350906338871184,0,18.63355301445904,9.310968382861347,21.90694763972986,0.018405738878810047,0.024439818994680226,0.03660146233228447,-0.022087457986949485,0.08741022187183103,0
2022-11-16,1183.3990478515625,1194.1723297469184,1178.3775455967132,1191.4561277313169,9716161,72.34738818479457,18.431741289487263,15.160694186799791,3.271047102687472,1216.3678855805124,1160.018408203125,1103.6689308257378,1160.018408203125,1139.250322265625,1163.8831705304478,1149.5784601612067,1176.331367243196,1157.8996259537087,1157.8544520496564,-0.005733969771021696,0.012042663707368858,0.013346963713449303,-0.005733969771021696,-0.014989738296328547,-0.004473827247996498,0.02470499210468935,10807484.7,0.8990214901715291,0,16.352441752665072,8.737278829244133,21.046125526908554,0.017784470559713036,0.01676790060657047,0.029419990772628996,-0.027104330951006235,0.07224097263132397,0
2022-11-17,1186.4576416015625,1192.8257139314462,1177.761326971582,1180.020985015561,6661451,72.10766941961127,17.874221085805175,15.703399566600869,2.1708215192043063,1217.4296878679065,1163.3919189453125,1109.3541500227184,1163.3919189453125,1139.517373046875,1166.0331201562683,1151.0247025706326,1177.8892556060216,1160.0150345202164,1161.2028735288925,0.002584583581973332,0.012051699276191255,0.012696944611970448,0.002584583581973332,-0.0076363148879246,0.010320812318032058,0.020977095650690503,10519766.25,0.6332318458121634,0,15.949363222649481,8.869939157018962,20.959713957054987,0.0176657920368418,0.017516244686563424,0.030783821539013025,-0.025440521596434527,0.06950304515223125,0
2022-11-18,1185.818359375,1190.9996093948082,1173.698388022442,1189.972415409292,5303197,63.70247225744029,17.182725807459065,15.999264814772507,1.1834609926865571,1219.3459625241628,1165.759991455078,1112.1740203859933,1165.759991455078,1139.5246752929688,1167.9174286532902,1152.3891597002157,1179.109117724326,1161.926391916867,1164.3055213071539,-0.0005388158870126558,0.009398352665702037,0.014590110901542282,-0.0005388158870126558,-0.003701317075667232,-0.012976007863495953,0.016633090152156527,9822569.0,0.5398991852335168,0,12.94566410248649,7.910746345407915,19.461417084856553,0.016411802811953365,0.015327222869129607,0.029008603034308834,-0.027496382634307877,0.0662165611128441,0
2022-11-21,1164.477294921875,1181.413258441568,1160.916588888564,1181.413258441568,6390268,50.22873541588258,14.742720367394895,15.747955925296987,-1.0052355579020915,1219.27702584008,1166.9080810546875,1114.539136269295,1166.9080810546875,1139.243017578125,1167.589796869346,1152.863204218712,1176.8580680624107,1162.1153476950158,1165.4621797237405,-0.017996908450947813,0.010539096604005753,0.017601605151415973,-0.017996908450947813,-0.015989325801841425,-0.026020871627473796,-0.016141150781139424,9706229.75,0.6583676839093985,0,8.749864712517592,6.380511998835573,20.10540338703816,0.01726560361006183,-0.002665749525917823,0.010074127321145352,-0.04494444638653629,0.04480610597465267,1
2022-11-22,1170.9366455078125,1172.511547625572,1157.903705618024,1161.783907991267,6611488,56.317271643544515,13.178302814457538,15.234025303129098,-2.0557224886715595,1218.1591393861534,1169.041064453125,1119.9229895200967,1169.041064453125,1139.0572241210937,1167.9085443587237,1153.5719666222062,1175.947079977088,1162.7687771626304,1166.8469048677941,0.005546995732854443,0.010376567031460325,0.012475347888025701,0.005546995732854443,-0.013081795379394023,-0.016204607995661258,-0.015940282901781733,9624631.55,0.6869341403515856,0,6.079676704182475,5.373938611626272,18.148992650710316,0.015499551338099467,0.002592755369172738,0.015052965387544996,-0.03876545547418123,0.04555103919205718,1
2022-11-23,1167.28466796875,1176.80266503484,1165.0934735308952,1175.4787957552544,6413408,52.104888959108905,11.511113613861198,14.489442965275519,-2.9783293514143203,1216.759453322355,1170.8031433105468,1124.8468332987386,1170.8031433105468,1138.945380859375,1167.8491275596787,1154.1097196161882,1174.6144012065745,1163.1032875927133,1167.5461877537434,-0.0031188515220468283,0.010316671484070568,0.01003113621317458,-0.0031188515220468283,-0.015629452234167118,-0.013617029616567522,-0.0180299366264286,9776800.3,0.655982305376535,0,3.9659570292308217,4.531259454981409,17.837603611632144,0.01528127979498972,-0.0004833326305668871,0.011415680960509817,-0.04066110620181699,0.037727656258370504,1
2022-11-24,1177.3504638671875,1184.1522586948402,1163.2446877659072,1171.3703518394527,9389439,54.226267266754306,10.876699940176877,13.76689436025579,-2.890194420078913,1211.5396783312187,1173.9427001953125,1136.3457220594062,1173.9427001953125,1138.7723706054687,1168.7540167318225,1155.0211213515213,1175.035333923592,1164.158633983415,1170.7485166069578,0.00862325718365975,0.010520158911864898,0.017758154067616234,0.00862325718365975,0.011054890465834522,-0.007675940054700514,0.0025656503266624497,9634610.2,0.9745530753283616,0,2.7208965755542067,3.996418780888689,18.206062916256297,0.0154635883494331,0.007355223607618627,0.01933241055327027,-0.028219640739396704,0.03608474165192279,1
2022-11-25,1194.9254150390625,1198.257788225093,1178.719730929941,1181.8696555369409,7349922,54.37108296816702,11.65769160054333,13.345053808313299,-1.6873622077699686,1206.1774586342647,1177.7418884277345,1149.3063182212043,1177.7418884277345,1138.7527392578124,1171.2465308563217,1156.5859956137779,1178.095346402895,1166.4376548023517,1174.9954334463068,0.014927544271012838,0.010541990312981728,0.01635085926640302,0.014927544271012838,0.0204868210618232,0.007679975261019267,-0.005395688021855083,9376453.35,0.7838701613121127,0,3.3291022030314252,4.196835913562154,18.104971430236105,0.015151549379041576,0.020216823323633434,0.03314878406852803,-0.009328680050067156,0.039692722553255844,1
2022-11-28,1235.9874267578125,1242.1501079495758,1142.1545139312134,1190.954018527936,31527484,64.00721890391095,15.412330541636038,13.758509154977848,1.6538213866581906,1218.2636566854078,1181.882305908203,1145.5009551309984,1181.882305908203,1139.8410278320312,1177.4123304659875,1159.6997772272696,1187.0018203036516,1171.5894897620155,1182.6439707115794,0.034363660862805956,0.013851839021951825,0.08090340714926726,0.034363660862805956,0.05885690155479861,0.061409640314828984,0.03379083632003388,10072347.95,3.130102748287206,1,9.822533596641506,6.83657300855748,24.063883524252724,0.019469359479955258,0.04974900871697397,0.06578224039409522,0.014548386119164609,0.0789929255156895,0
2022-11-29,1238.110107421875,1246.9889910362924,1229.8018737736188,1234.34401084029,11058913,64.9282525074913,18.347690784449924,14.676345480872264,3.6713453035776595,1228.7561164819742,1185.5936218261718,1142.4311271703693,1185.5936218261718,1141.2059521484375,1183.193071128453,1162.7746921368619,1194.8646337064552,1176.5169429220052,1186.9417898723739,0.0017173966483061687,0.013813446723882137,0.013881735687032278,0.0017173966483061687,0.0516071003659464,0.057367289828845314,0.04023306738973398,10004296.45,1.1054163633865528,0,15.284526769729382,9.20272551465564,24.25136907495044,0.01958740901118175,0.04641426461451942,0.06478934895509916,0.007612569178236917,0.08375032680393447,0
2022-11-30,1246.85205078125,1253.288707028199,1231.7192011093234,1238.247142030381,26164986,72.68961197199506,21.1357469602292,15.968225776743653,5.167521183485546,1238.8262209186778,1190.192822265625,1141.5594236125721,1190.192822265625,1143.3254663085938,1189.2558310953862,1166.0718434562498,1202.8626978718082,1181.726950911579,1195.5948256490462,0.007060715607579038,0.013135132864181434,0.017299170262711317,0.007060715607579038,0.04345596393603368,0.06816450605057556,0.05361927833631874,10614387.45,2.4650490782678185,1,21.406703535707493,11.962123840061622,24.45516343559791,0.019613524652162897,0.04843047070268621,0.06927549771338856,0.00647857603193165,0.09223578290429198,0
2022-12-01,1243.17724609375,1257.6481612150444,1239.8448724818554,1251.6224067137043,9485801,65.3112272339603,22.78611143102239,17.331802907599403,5.454308523422988,1246.407233505866,1194.24765625,1142.088078994134,1194.24765625,1145.3418115234374,1194.3912039523734,1169.0955847361517,1209.0649360597993,1186.2788246287769,1199.4637263295974,-0.0029472660250247085,0.012086497718924873,0.014320796804421578,-0.0029472660250247085,0.005817065109470887,0.05591094941292529,0.04780584026212975,10639582.7,0.891557617198652,0,25.637187220550913,14.074463384630462,23.6562889083833,0.019028894699219215,0.04084594894866786,0.06336664197933604,-0.002591438275779941,0.08851258406326043,0
2022-12-02,1242.652099609375,1254.4525744381806,1232.8146073066555,1246.2356264230054,11589592,67.94904382688978,23.77756921501532,18.62095616908259,5.15661304593273,1252.7370620669187,1198.0593994140625,1143.3817367612062,1198.0593994140625,1147.34400390625,1198.9874797292307,1171.9801539468663,1214.2321919905032,1190.454622775488,1202.934245231216,-0.0004224228572595745,0.011936324677297749,0.017412731317419373,-0.0004224228572595745,0.003668488093484523,0.03994114107009117,0.04792786330642573,10884389.85,1.064790232591678,0,27.74094887290903,15.394158333088399,24.000288075576204,0.01931376294549427,0.03641791146143174,0.06030131604576025,-0.008050342536289555,0.08682171461769754,0
2022-12-05,1224.529296875,1240.1871538032583,1222.4979714298172,1238.0187806031995,14828536,61.92281486547372,22.837689263948278,19.464302788055726,3.373386475892552,1255.5628565952059,1200.1067810058594,1144.650705416513,1200.1067810058594,1148.9207397460937,1201.4200337431134,1174.0409046499303,1215.8163619727334,1192.978672708785,1206.1022809208814,-0.014583971443070776,0.012693313748895131,0.01444569959949828,-0.014583971443070776,-0.017903290043323916,-0.009270425924047587,0.05156992086922041,10997025.9,1.3484133014545323,0,24.007703277125984,14.341127422660747,24.252978072241863,0.01980595983626973,0.019234957369478795,0.043003946476740565,-0.024716850739246655,0.06978425040975367,0
2022-12-06,1228.067138671875,1231.1713003979205,1214.737403586102,1216.6091015367565,8594245,65.88726981279366,22.123278513843616,19.996097933213306,2.1271805806303092,1258.6074815836153,1202.0149353027343,1145.4223890218534,1202.0149353027343,1150.7841577148438,1203.9578532601383,1176.1595804939282,1217.7010968495244,1195.5778183356808,1207.9583622906046,0.002889144266212007,0.012491234481495389,0.013381920494665687,0.002889144266212007,-0.01215442727040994,-0.008111531187571464,0.04879042208068074,10837250.75,0.7930281579947756,0,20.76478213168525,13.384888357066302,24.298628976642817,0.019786075379332434,0.020025024419627575,0.044133091324349255,-0.024265184625562163,0.07215220380020425,0
2022-12-07,1209.9443359375,1230.258436618436,1206.132596960368,1225.693478313524,8462111,57.54507957895662,19.865744192200964,19.97002718501084,-0.10428299280987474,1259.4144037061467,1203.0762939453125,1146.7381841844783,1203.0762939453125,1152.7105737304687,1204.5279944675062,1177.4844728642645,1216.5077490169053,1196.6420048247044,1209.234570091566,-0.014757175860901528,0.013337098187997443,0.019939627751035933,-0.014757175860901528,-0.02632093381740286,-0.029600717118462017,0.036546070670990805,10697646.05,0.7910255172445156,0,15.272163372120076,11.412629408014709,24.945875597943104,0.020617374582454915,0.004496650550980516,0.027567126209550746,-0.039280214378260604,0.055118206252085154,0
2022-12-08,1209.3736572265625,1216.5635327967686,1205.1967796428094,1214.281053698547,7757008,57.57045527481814,17.8251062459708,19.54104299720283,-1.7159367512320287,1259.5595613437831,1204.8281005859376,1150.096639828092,1204.8281005859376,1155.1930029296875,1204.989486158845,1178.7350291137664,1215.4101964337758,1197.585090187805,1210.1795090940316,-0.00047165699610085543,0.013336327065636162,0.00939887609262672,-0.00047165699610085543,-0.012376706451299069,-0.027191286659568048,0.02719937210046175,10787184.35,0.7190947839878161,0,10.598282206471595,9.639444377614609,24.52198501091404,0.02027659926639209,0.0036383479840085137,0.025992803603903956,-0.03984401028537222,0.0515409012996775,0
2022-12-09,1191.04541015625,1214.2811038799705,1187.7357368415526,1207.8900896926802,12655763,58.70737249755957,14.56109833096798,18.54505406395586,-3.98395573298788,1259.3729597278113,1204.3099792480468,1149.2469987682823,1204.3099792480468,1157.13630859375,1203.6614789205025,1179.2177891546482,1211.661767775695,1197.100669444727,1210.2908603267058,-0.015155156523207536,0.013035176832940299,0.022287451689130384,-0.015155156523207536,-0.030146339194177196,-0.04152947511966343,-0.0032470686738934607,10804465.9,1.1713455451786838,0,4.673999191271832,7.237635207781977,24.63938476462704,0.02068719173469185,-0.01048140942050184,0.010030056458087086,-0.05425521410776439,0.03637025933743188,0
2022-12-12,1192.871337890625,1197.3906539089487,1180.0437880026634,1180.272120443367,9479842,57.41399527818832,11.983546782856592,17.232752607736007,-5.2492058248794145,1259.3410336528032,1204.174169921875,1149.007306190947,1204.174169921875,1159.6986254882813,1202.6338464414664,1179.753222438412,1208.7709324087612,1196.7873856259046,1209.9635229753173,0.0015330462791804944,0.012987894468666626,0.014542109744174142,0.0015330462791804944,-0.014110564874578624,-0.02585316583700048,-0.03488392190225409,10826302.4,0.8756306308236873,0,1.2138126983529673,5.712317788481641,24.835029328822575,0.0208195373130004,-0.008117606684468577,0.011119372426971991,-0.05278133085950384,0.03817558988818864,0
2022-12-13,1198.3037109375,1201.9555809304147,1189.9497141999725,1192.8713067918438,8333348,60.35984762004162,10.260884624595747,15.838379011107957,-5.57749438651221,1259.4323331961289,1204.5781677246093,1149.7240022530898,1204.5781677246093,1162.4348681640624,1202.2214525839458,1180.480692575631,1207.1605906439518,1196.899706019356,1210.0907983626644,0.004554030995900238,0.012944167204572556,0.010019051615094608,0.004554030995900238,-0.009153454123061566,-0.02423599394293985,-0.032150934109781315,10888648.15,0.765324389694785,0,-1.7364006761924884,4.32111208170295,24.856220416429533,0.020742838555497023,-0.003258752069367427,0.015098102386564026,-0.04853664674742746,0.04225336566794255,0
2022-12-14,1193.9669189453125,1204.6717371538757,1191.9126515922892,1204.0782660411908,7268947,55.77044382420669,8.44833246561734,14.360369702009834,-5.912037236392493,1259.3013599568483,1205.1065612792968,1150.9117626017453,1205.1065612792968,1164.6055078125,1201.4353065231237,1181.0095641979715,1205.1307949980073,1196.68246253239,1210.7617327368,-0.003619109206291826,0.012872154600821976,0.010686297383228356,-0.003619109206291826,0.0024528945447002126,-0.013205084331261996,-0.04241492148390891,10766287.45,0.6751581762755183,0,-3.092687944382533,3.525091333706996,24.27418574733336,0.020330702100838687,-0.0062162211625228754,0.010971422366202773,-0.051881498018690735,0.0374096066637089,0
2022-12-15,1177.008056640625,1193.7386297598832,1173.6528618480468,1188.0324923462415,8688551,43.751048381809376,5.5791207331024,12.604119908228347,-7.024999175125947,1259.6716596105975,1204.63408203125,1149.5965044519025,1204.63408203125,1166.5122924804687,1199.1089017724096,1180.8526423329774,1200.8042198661024,1195.225099133,1210.359333374841,-0.01420379579667752,0.012815537309572966,0.01706510656279155,-0.01420379579667752,-0.013298400880392802,-0.026762283428730438,-0.05322586916792316,10867642.45,0.7994881171306847,0,-5.88058438643543,2.11761321921108,24.23180951443052,0.020587632665482424,-0.01843105751205516,-0.0032557709188479255,-0.06562313467902132,0.023844498554552895,0
2022-12-16,1171.1876220703125,1195.4733287956508,1167.7867851451592,1173.6527911334736,15837349,20.03375746559334,2.803274928706969,10.643950912324073,-7.840675983617103,1260.3636586283858,1203.9025451660157,1147.4414317036455,1203.9025451660157,1167.90369140625,1196.4497322769719,1180.4736219305198,1196.2478202052116,1193.4445452765046,1208.7457662024403,-0.004945110220336946,0.007792799335147258,0.023639716753110794,-0.004945110220336946,-0.02262872810931471,-0.01667257009397516,-0.05750964212873999,11394350.05,1.389930003072005,0,-7.21174664353066,1.2558327758715677,19.066877345296884,0.016279951210201742,-0.02111422613516982,-0.007866334060918021,-0.07075421125290202,0.020694904080123873,0
2022-12-19,1186.5716552734375,1188.7172073020977,1171.689838827475,1178.2177795852808,7729933,28.77026289086423,1.8237371331626946,8.879908156491798,-7.056171023329103,1259.0324496751764,1205.0072631835938,1150.982076692011,1205.0072631835938,1169.5215161132812,1195.50896303854,1180.7127604929872,1194.7591794464772,1192.9354423133145,1208.964657344784,0.013135413074064628,0.008930335298693616,0.014350054966296112,0.013135413074064628,-0.006193859774948907,-0.005281108210988927,-0.030997740681607544,11461333.3,0.674435756963808,0,-7.1248834029263435,0.959538054575205,19.091339343090567,0.01608949552961561,-0.007475734638063474,0.004962167748575905,-0.05755276158325656,0.030921053682880013,0
2022-12-20,1196.8428955078125,1198.76011514875,1171.3703661582176,1179.5416726679264,7467588,29.656518306278215,1.8548678575361919,7.474900096700677,-5.620032239164485,1258.0839316144318,1206.3025756835937,1154.5212197527555,1206.3025756835937,1171.251181640625,1195.6360042260899,1181.3453148072942,1195.079751148221,1193.2248832906848,1209.5188891977261,0.00865623259137105,0.009077505067537477,0.02288499943755027,0.00865623259137105,0.016851914271342805,-0.001219069436532605,-0.0254255180199926,11504138.3,0.649121890337497,0,-6.585448357855967,0.8646222316631338,19.507070991066048,0.016298773267805818,0.0010094136321227752,0.013118586501565195,-0.048678021050655926,0.036657339017225066,0
2022-12-21,1179.8155517578125,1201.9555872542346,1175.9809916475376,1196.477661489117,8527550,26.75048083857172,0.4998133070307631,6.0798827387666945,-5.580069431735931,1256.9975594884916,1206.9291198730468,1156.860680257602,1206.9291198730468,1172.8827001953125,1194.1292944672061,1181.2853240994714,1192.731412780466,1192.2315994734352,1209.7511875442553,-0.014226882921651529,0.009570969671922573,0.022015810495121316,-0.014226882921651529,0.0073668211010020634,-0.01185239470453714,-0.02490096716419843,11609845.4,0.7345102114796463,0,-7.306012055917563,0.27575990149989593,20.09073576774519,0.017028709053556645,-0.011986761212302483,-0.001244214510816286,-0.061401875562977735,0.019842381966944336,0
2022-12-22,1176.7569580078125,1189.013856887232,1171.7126347696108,1185.9781586267084,7451122,26.26221050752264,-0.8115253813371055,4.701601114745936,-5.513126496083041,1257.0423475554628,1206.8994445800781,1156.7565416046934,1206.8994445800781,1174.8903735351562,1192.4747862329782,1181.1077411154847,1190.2738043539039,1191.085329735241,1210.1818103977753,-0.0025924338303924266,0.00953152431605196,0.01470246001086851,-0.0025924338303924266,-0.008271474564562453,-0.0002133363755633111,-0.026969910435745148,11512929.55,0.6471960040787359,0,-6.634115539431377,0.25509878250727525,19.780968266752048,0.016809731297650607,-0.013180847433108623,-0.0036836462553053485,-0.06386848438620958,0.017290082816712477,0
2022-12-23,1142.245849609375,1182.554553491853,1137.703712598857,1170.137785137051,10257115,23.48881368944518,-4.582702227297432,2.844740446337262,-7.427442673634694,1262.0143401509524,1204.2654663085937,1146.516592466235,1204.2654663085937,1176.0494189453125,1187.6910779831114,1179.583745370147,1182.8848882393609,1187.4675904666583,1208.33391016593,-0.02932730345343615,0.011434210629441194,0.03926548816818565,-0.02932730345343615,-0.045617554403639904,-0.02471147399062934,-0.04097204030237023,11658289.2,0.8798130518155272,0,-8.758654293860445,-0.8898765603728407,21.545019174854783,0.018861980704261472,-0.03826350910281288,-0.03165345055603114,-0.0949026383703783,-0.0037249725690172873,0
2022-12-26,1152.22021484375,1160.414342154975,1137.7721216907048,1147.9748739735228,5990242,26.535822128769027,-6.689427575352738,0.937906841999262,-7.627334417352,1260.2391801075798,1200.0771057128907,1139.9150313182015,1200.0771057128907,1177.3390185546875,1184.3129005412675,1178.510665741661,1178.1672461784976,1184.8566737538504,1206.8932248211154,0.008732240294666793,0.011839652918119815,0.01965094881393018,0.008732240294666793,-0.023389534807324863,-0.028950160975968586,-0.0340783802541178,10381427.1,0.5770152737478647,0,-11.196062497272578,-2.2020947513262854,21.98847086431561,0.01908356630186133,-0.027098147527439866,-0.0223081993758332,-0.08571306698670395,0.01079482521720829,1
2022-12-27,1161.64697265625,1163.518549950611,1148.2031310835505,1154.9364624540497,5763271,34.20898867794402,-7.5117709988962815,-0.7520287261798468,-6.7597422727164345,1255.9559149782756,1196.2539489746093,1136.551982970943,1196.2539489746093,1178.927626953125,1182.1542407426944,1177.8493444441938,1175.6256656366133,1183.1374366355096,1203.777932368645,0.008181385546840447,0.011894750655150284,0.013184228278958054,0.008181385546840447,-0.012840362021009799,-0.029407303985899635,-0.030590523876932174,10116645.0,0.5696820438000938,0,-13.481763483395525,-3.4959703631004686,21.359155093529353,0.018386958857809436,-0.017347370909535934,-0.013755894898077468,-0.07508937311996088,0.02207993128454073,0
2022-12-28,1161.532958984375,1163.9751864269276,1151.056351446895,1158.5885450524734,7459393,34.31144843819429,-8.079548036763299,-2.2175325882965375,-5.862015448466762,1248.5787773530076,1191.9879943847657,1135.3972114165238,1191.9879943847657,1180.1665625,1180.1903091466638,1177.2094861908677,1173.4575569208844,1181.5371049576477,1196.2284696747158,-9.814829682230908e-05,0.011900886736828063,0.011122228499937431,-9.814829682230908e-05,0.01688525231376037,-0.01549614492383844,-0.027164873202339623,9181365.35,0.8124492072412738,0,-13.938985320542315,-4.075837908603717,21.470018081106023,0.018484209091990854,-0.015808764076175996,-0.013316684405269005,-0.06971592017058795,0.023019034488594728,0
2022-12-29,1161.0078125,1163.5641454874342,1152.882148696241,1153.566904464591,6930648,38.84745357109188,-8.474205002087729,-3.4688670710547758,-5.005337931032953,1240.6227852706427,1187.8795227050782,1135.1362601395138,1187.8795227050782,1181.0069702148437,1178.3634047041246,1176.5741264382846,1171.5422116253637,1180.0164166274515,1192.1553176313134,-0.0004521150091463255,0.011364568651832083,0.009200624385284328,-0.0004521150091463255,0.007626665061974958,-0.01338351594238707,-0.013593997127166912,9053607.7,0.7655122940659336,0,-14.111381528853599,-4.533614677200148,20.336920206304253,0.01751660926597275,-0.014728556687045473,-0.013230202490859443,-0.06417339236057527,0.022791583062729853,0
2022-12-30,1162.7880859375,1176.3916749175478,1160.0035413220228,1161.829476176333,7289476,38.82671483417934,-8.54482092575131,-4.484057841994083,-4.060763083757227,1230.9572154262219,1183.8863220214844,1136.8154286167469,1183.8863220214844,1181.49359375,1176.880041012065,1176.0334973990382,1170.1954230580002,1178.7402439837515,1187.7394391888313,0.001533386268664838,0.01136457623575981,0.014093826548207228,0.001533386268664838,0.00098232363885975,0.017984076138381377,-0.007171810881987151,8838601.9,0.8247317938372131,0,-10.811036971046406,-3.5502479711087744,20.26843932696423,0.017430896972617984,-0.011973994445896594,-0.011262784173097338,-0.05537895926392384,0.022846855053995967,0
2023-01-02,1175.8896484375,1177.3048023328713,1163.244668797144,1164.066351583663,5316175,42.123838839302564,-7.457631026333729,-5.078772478862013,-2.378858547471716,1224.5411122470787,1181.4543395996093,1138.36756695214,1181.4543395996093,1182.1810766601564,1176.7857179097255,1176.0278562632916,1171.0714577317694,1178.5290887581032,1183.5795062820755,0.011267369057567311,0.011785433478484056,0.011957017866778729,0.011267369057567311,0.012360122321176448,0.02054245645825592,-0.00900241193902096,8362983.85,0.6356792139446736,0,-7.5271826315420185,-2.4828094783692904,20.44778573160202,0.017389204640735338,-0.0007614550878618014,-0.00011752087763527783,-0.03973036374442457,0.03296130579846152,0
2023-01-03,1167.28466796875,1174.565828259546,1163.0621480210025,1170.9366586985077,7658932,40.89707806621473,-7.207294008327381,-5.504476784755087,-1.7028172235722936,1215.8642228283634,1178.415216064453,1140.9662093005427,1178.415216064453,1182.96123046875,1175.880856010585,1175.6849861340938,1170.488874691305,1177.6961686996324,1180.753484129877,-0.007317846942682227,0.011882890686199347,0.009855076961270779,-0.007317846942682227,0.005406385212201048,0.00485319158505515,-0.02469683168108805,8316218.2,0.9209633292209672,0,-6.2733847321094345,-2.164358310099942,20.45267250695281,0.017521580697657513,-0.007310424349452578,-0.007145041626299825,-0.03995475312745598,0.023066816925578864,0
2023-01-04,1149.7095947265625,1169.1107276232435,1147.6325061253483,1167.26185070999,9264891,40.725844912773695,-8.331026757034579,-6.069786779210985,-2.2612399778235934,1211.8511331919528,1175.4034790039063,1138.9558248158598,1175.4034790039063,1183.314560546875,1173.3883549359161,1174.6663433337985,1167.292062389037,1175.6230891460716,1177.5961217455867,-0.015056372900683068,0.011954712579328291,0.018681431899334043,-0.015056372900683068,-0.011247527704407956,-0.01017910354274465,-0.025517511602889953,8356357.2,1.1087236672936862,0,-6.801954210747681,-2.5431428570691423,20.535827106997772,0.017861751525072595,-0.020179815241686834,-0.021245819077787435,-0.0512781947909004,0.009441779633939069,0
2023-01-05,1147.6552734375,1157.858025867488,1143.0674942432397,1151.969198619059,13637099,41.79536178344492,-9.280381158630462,-6.711905655094881,-2.5684755035355806,1207.066528943893,1172.317559814453,1137.568590685013,1172.317559814453,1183.9764794921875,1170.9375852694004,1173.6070856908063,1164.2710179349544,1173.551399093585,1173.9137812700772,-0.0017868175567857802,0.011916631407980435,0.012887608297173798,-0.0017868175567857802,-0.02401107539089009,-0.011500817581707734,-0.02473041214863958,8650361.75,1.5764773074374607,1,-7.42581943472419,-2.9670407474782223,19.614683390837545,0.017091093331612472,-0.019883478098914893,-0.022112862617926884,-0.04921953685384192,0.008866878740395772,0
2023-01-06,1158.0863037109375,1163.1306272948216,1149.5955006159752,1153.4072395784428,6349597,39.713197499625295,-9.086313033696115,-7.186787130815128,-1.8995259028809865,1204.799581132208,1170.6696044921875,1136.539627852167,1170.6696044921875,1184.7593725585937,1169.713653692404,1172.998427573949,1163.3195234389518,1172.405836472648,1171.462290162488,0.00908899258763829,0.011581795957516128,0.011687493959193562,0.00908899258763829,-0.007880137990520342,-0.0040435417970177134,0.013867814977817305,8335053.45,0.7617943949717563,0,-7.166387319660998,-3.0350698250892947,19.46795257837586,0.01681045058213134,-0.00994033876988849,-0.01271282510911235,-0.038772654101831436,0.018958138661200337,0
2023-01-09,1185.4302978515625,1187.8041821914996,1161.0306065888913,1161.9207528429104,10722753,46.33102842028428,-6.649430348712485,-7.0793157743946,0.42988542568211496,1203.5596863256071,1170.2975524902345,1137.0354186548618,1170.2975524902345,1185.4043969726563,1171.2104769456573,1173.485951898561,1166.721181040892,1173.3706113896044,1170.833204949434,0.023611361306151935,0.013186163573532713,0.02258553341443356,0.023611361306151935,0.031069326801169694,0.00811355846761641,0.028822687347414888,8397199.0,1.276944014307628,0,-5.5752409640681435,-2.541904364730499,19.634247541949417,0.016562970912363154,0.01214113191933559,0.010178516354351637,-0.015063140349435027,0.04256233218658474,0
2023-01-10,1167.9010009765625,1189.6302560157692,1162.240505708343,1189.6302560157692,8047142,46.181980625910455,-6.062763262486669,-6.876005272013015,0.8132420095263457,1199.3179428178976,1168.7774169921875,1138.2368911664773,1168.7774169921875,1185.4847412109375,1170.8952887581245,1173.2669342153454,1166.9026918002257,1172.9654550627124,1169.6620506004408,-0.014787286023285828,0.013231474957536713,0.02345211647607428,-0.014787286023285828,0.017640948469152873,0.0005280057424938978,0.005383759840575264,8382888.7,0.9599485676101127,0,-4.9855672524604415,-2.4180519187484606,19.735330020572924,0.01689811893651162,-0.0025572634976931048,-0.0045734973707168254,-0.026195673990767075,0.026061455256194577,0
2023-01-11,1153.1790771484375,1167.7184566325625,1150.873655990327,1165.2077656913489,11509553,42.96996246764326,-6.7084309702513565,-6.842490411660683,0.13405944140932657,1195.5972201146662,1166.7380249023438,1137.8788296900213,1166.7380249023438,1185.4509619140624,1169.2080305095828,1172.4791751146824,1164.7913664691814,1171.4997974394328,1167.681771373668,-0.012605455270450983,0.013610152838726092,0.014607272171369073,-0.012605455270450983,-0.00423735825799465,0.003017703285932871,-0.0071921177710204676,8594919.0,1.3391112819096957,0,-4.1803244263333,-2.1871682191160744,19.71576736833109,0.017096882660309724,-0.013709239881083734,-0.016460930288469445,-0.03547862294474099,0.013446288883487019,0
2023-01-12,1128.2769775390625,1156.077627831873,1125.2641003718309,1152.5855061360771,17688773,45.581843214563975,-9.124338904202205,-7.298860110168988,-1.8254787940332164,1197.4235582298732,1164.3014709472657,1131.1793836646582,1164.3014709472657,1184.7748901367188,1165.3098349885809,1170.745755601913,1159.1737681722402,1168.2981070764424,1163.9745187695348,-0.021594304044218804,0.01249932664508572,0.02731025100525497,-0.021594304044218804,-0.04821314286979417,-0.016885119030904505,-0.028191743938792424,9044930.1,1.9556561304990074,1,-5.627750280819555,-2.8613300888932827,18.713102123120102,0.016585557000317528,-0.03177940864961571,-0.03627497931095738,-0.05774613353442672,-0.0025658230405444845,0
2023-01-13,1126.451171875,1128.8705782042637,1111.386784310048,1122.2513519945564,20618583,41.406668522923965,-11.058811510508349,-8.05085039023686,-3.0079611202714887,1199.0461622463174,1162.0646484375,1125.0831346286825,1162.0646484375,1183.9755688476562,1161.6090099301446,1169.0087131028185,1154.1395225880494,1165.1983340985578,1158.1307203487283,-0.001618224691639858,0.012194138336859983,0.01552112894970284,-0.001618224691639858,-0.03549087556813757,-0.02731673082961672,-0.031249816283766996,9283991.8,2.220874753465422,1,-8.104643762259457,-3.9897144711303554,18.344643082401927,0.01628534244575103,-0.03026649910132743,-0.03640481097430063,-0.06054394956347342,0.0012159432527348302,0
2023-01-16,1115.723388671875,1131.951774613395,1107.917221092014,1128.7791493112115,13623855,34.81737555450806,-13.304175186803604,-9.10151534955021,-4.202659837253394,1199.0248636267952,1158.522235107422,1118.0196065880486,1158.522235107422,1182.6184033203126,1157.2389507626901,1166.9190925368991,1148.2293481394072,1161.5335233262108,1154.3382732554448,-0.009523522608857027,0.01202470148553938,0.021541677592679154,-0.009523522608857027,-0.03248037466061415,-0.05880304333879616,-0.051166586801382974,9578687.9,1.4223091035255464,0,-13.971526182967182,-6.566859361661955,18.967438414853387,0.017000126202814193,-0.03587466708016861,-0.04387253940093133,-0.06947435160180995,-0.0020538261606888996,0
2023-01-17,1131.5638427734375,1133.481062404078,1118.6906511572718,1122.0686670526488,10751000,41.025262343659406,-13.648122752018025,-10.010836830043774,-3.637285921974252,1193.1984376269024,1155.258282470703,1117.3181273145037,1155.258282470703,1181.4515991210938,1154.7937023827615,1165.5326121540184,1145.6654242369502,1159.3135469889683,1151.552213711994,0.014197474268616395,0.012851265351737903,0.013070770457418803,0.014197474268616395,0.0029131722970578977,-0.03111321779221099,-0.03060164000737886,9742858.5,1.1034749196039335,0,-16.101586375363013,-7.7343220613270205,19.313069754294133,0.017067591791337405,-0.020116025538927235,-0.029144417776353113,-0.05165494096358955,0.012749918855405697,0
2023-01-18,1129.692138671875,1137.178689301756,1123.1414974309205,1129.144430635729,13448286,40.69704191621978,-13.911372906632096,-10.790944045361439,-3.120428861270657,1190.4834709086354,1152.7521118164063,1115.0207527241773,1152.7521118164063,1180.2710986328125,1152.4030772674391,1164.1271033900127,1143.2079956884772,1157.1193685951093,1148.6347953599075,-0.0016540861689031683,0.01284566216159193,0.012425678988382151,-0.0016540861689031683,0.0028771480538125616,-0.020367121587603343,-0.017410880231410353,9988895.3,1.346323652025865,0,-16.80495324214371,-8.352071724669713,19.55272654569717,0.017308013286420117,-0.01970746090804961,-0.0295800730159627,-0.05106440679126895,0.013157948775260987,0
2023-01-19,1128.4825439453125,1132.6366004638107,1121.4524163802744,1128.8705038207283,11940054,39.77416868795588,-14.055580750609806,-11.443871386411113,-2.6117093641986937,1187.779212520487,1150.3383911132812,1112.8975697060755,1150.3383911132812,1179.3539990234376,1150.1249312367604,1162.7292775294363,1140.9425415741441,1154.998122324754,1146.2872710081963,-0.0010707295245805382,0.012811324846153651,0.009910817091095708,-0.0010707295245805382,0.01143576929818213,0.0001821949843365811,-0.01670600043056536,10213341.9,1.169064358846148,0,-15.184903751820457,-8.01647807247673,19.18101586626941,0.016997175516078645,-0.018817422963064767,-0.02945374666826244,-0.04992229864786563,0.014003961068360592,0
2023-01-20,1115.0615234375,1129.8291140692525,1112.596474928504,1129.8291140692525,14930286,31.9027557854061,-15.079009264314209,-12.170898961991732,-2.908110302322477,1189.5037366793179,1148.9791748046875,1108.4546129300572,1148.9791748046875,1177.6270727539063,1146.7855590654021,1160.8599538395565,1136.9608464761989,1152.039855740513,1143.9621229472034,-0.011892980161563704,0.012448088005245142,0.015454428996548872,-0.011892980161563704,-0.014583639660569858,-0.010111089341353074,-0.03715161826503788,10447000.45,1.4291457219186778,0,-14.823450864742426,-8.148759263262036,19.375010348082064,0.01737573213749945,-0.02766344185024124,-0.03945215807520771,-0.06258258040419,0.005960470036728201,0
2023-01-23,1109.423828125,1125.8120854761514,1107.0044217374414,1117.960395115449,10954118,32.47616146320111,-16.158730839702912,-12.968465337533967,-3.1902655021689448,1190.9997929224317,1146.83935546875,1102.6789180150683,1146.83935546875,1175.903798828125,1143.22729897584,1158.8428508703582,1132.724382114476,1148.8831129541788,1142.2589680198905,-0.005055950002758713,0.012412356650382969,0.01695264087710849,-0.005055950002758713,-0.017941446039186792,-0.005646166971881583,-0.06411719850953224,10695194.25,1.0242093545893287,0,-14.011651786850052,-8.07624166654091,19.802164871097244,0.017849053147311805,-0.029568460166340425,-0.04264514615440884,-0.06849368512253351,0.006116839634581171,0
2023-01-24,1102.873046875,1115.51790607312,1089.8171651533376,1113.851719292168,16488755,34.79999144297575,-17.34309091056639,-13.843390452140452,-3.499700458425936,1191.5931768946893,1143.9006591796874,1096.2081414646855,1143.9006591796874,1174.1567846679689,1139.384036870998,1156.6479565960306,1128.1318690007104,1145.4749599112768,1138.9593511863225,-0.005904669688834074,0.0119938889591528,0.023303444573793613,-0.005904669688834074,-0.0226937467555135,-0.025354995285212567,-0.05567933758699428,11231468.45,1.4680854131767607,0,-15.409665511763478,-8.884655557987799,20.103773401232047,0.01822854720966865,-0.03204449844344431,-0.04649202846412144,-0.07445505038128483,0.006079963428669028,0
2023-01-25,1087.6258544921875,1102.3022790893294,1086.4618542855478,1101.275205877952,12385018,32.05509864639903,-19.28966653040675,-14.932645667793713,-4.357020862613036,1193.2932742644925,1140.205303955078,1087.1173336456636,1140.205303955078,1172.2413208007813,1134.4546861682543,1153.941207493919,1121.9001744609375,1141.1898409913442,1135.7862961932044,-0.013824975073981172,0.012334644935627376,0.014564222373306407,-0.013824975073981172,-0.02460462348367476,-0.037236945128380605,-0.05684565732700331,11477749.7,1.079045834219577,0,-17.948391099184846,-10.185895896093825,20.219534898746605,0.01859052431976905,-0.04127871500468328,-0.05746857168377955,-0.0885510897037738,0.00046776997365918847,0
2023-01-27,1066.992431640625,1089.817223588686,1055.260418546103,1088.4706538388857,25830975,24.334370862065995,-22.24090718333605,-16.39429797090218,-5.846609212433869,1196.84485483446,1135.5045349121094,1074.1642149897589,1135.5045349121094,1169.8520166015626,1128.0297095465753,1150.5314515781035,1113.4528294116587,1135.6937365949948,1128.3667116526242,-0.01897106690351369,0.012365980418372724,0.03238711355191885,-0.01897106690351369,-0.03824633598873284,-0.05448920112641753,-0.05431693380122682,12422766.05,2.079325562119879,1,-22.0952216901851,-12.197825951332788,21.582495697693844,0.020227412170588918,-0.05410963682019062,-0.07260907107136785,-0.10849561885094566,-0.006676617270481544,0
2023-01-30,1077.218017578125,1082.764407064242,1050.3987961919847,1064.4132886312711,21772103,16.256287394150633,-23.483958877274063,-17.812230152176557,-5.6717287250975055,1196.3725540337302,1131.2260314941407,1066.079508954551,1131.2260314941407,1167.680009765625,1123.1905007876753,1147.6564149506535,1107.8782429757305,1131.3622018530045,1122.490033981392,0.009583559952507814,0.010177314123665366,0.03004555284456149,0.009583559952507814,-0.023261996808761176,-0.03393849134235338,-0.0437064255656332,13146897.4,1.6560639622851243,1,-23.59505827772682,-13.20353888890304,21.771619439957785,0.02021096851768802,-0.040930263545952854,-0.06137585818797271,-0.09959651452539577,0.010448103101143793,0
2023-01-31,1074.5245361328125,1089.9541811505658,1068.6585300710096,1087.3749062182635,22691594,17.913752111986028,-24.405100930814115,-19.13080430790407,-5.274296622910043,1192.4359873393485,1126.1577758789062,1059.879564418464,1126.1577758789062,1165.8809545898437,1118.5556470110216,1144.7884981342677,1102.7469034614353,1127.1520043922494,1117.9235113956456,-0.0025004051188896037,0.009959835285992166,0.019818673621170776,-0.0025004051188896037,-0.012045795256947045,-0.03145713216847845,-0.036925686919680345,14015668.35,1.6190161919748909,1,-24.671651964818466,-14.05435273609055,21.336326637967073,0.019856528092653883,-0.039364256034885726,-0.06137724314663249,-0.09888283518650651,0.013817580983726088,0
2023-02-01,1068.1566162109375,1086.439272024598,1052.224782493373,1086.439272024598,19347800,19.004868410512927,-25.35665483056573,-20.375974412436406,-4.9806804181293245,1189.3300456396971,1121.2013732910157,1053.0727009423342,1121.2013732910157,1163.8253540039063,1113.7557393157756,1141.7833262941372,1097.4253208075124,1122.7819756380782,1113.3564873207358,-0.005926267579512867,0.009771512945384692,0.032031341670282286,-0.005926267579512867,0.0010910898107518996,-0.03147817490184546,-0.05603504121083469,14600111.75,1.3251816377364372,0,-25.62829755522239,-14.864630301893385,22.563979819752053,0.021124224179589934,-0.04094176262817865,-0.0644839597738464,-0.1018837705084503,0.01432371692391755,0
2023-02-02,1062.244873046875,1071.8540341073915,1054.9637127057106,1058.1591593362568,13662663,22.0591714264758,-26.28480158755474,-21.557739847460073,-4.7270617400946655,1188.3938557506638,1116.8281372070312,1045.2624186633986,1116.8281372070312,1161.7245581054688,1108.8499425282612,1138.664171264833,1092.0129442289528,1118.2977458165076,1109.7194162085966,-0.0055345284336983935,0.008597720201894987,0.01590059112569196,-0.0055345284336983935,-0.013899827413687005,-0.023336132862677217,-0.059704111692141626,14820000.35,0.9219070632478089,0,-25.604743639993103,-15.27703622908598,21.569465101297673,0.020305548794440593,-0.042030095952499326,-0.06711311389825417,-0.10615082036426819,0.016247072582205924,0
2023-02-03,1063.1806640625,1072.3105805967243,1046.7467660021257,1072.3105805967243,24699575,23.024533938441365,-26.637790201185226,-22.573749918205102,-4.064040282980123,1186.444616010999,1112.6044067382813,1038.7641974655637,1112.6044067382813,1159.441162109375,1104.500487436284,1135.7040337274866,1087.5772088187293,1114.2149990199146,1104.0195939589992,0.0008809560200002675,0.00868240815087603,0.02404465718640631,0.0008809560200002675,-0.01055710845946689,-0.003572441064332521,-0.05786698273108348,15373124.15,1.6066724472526945,1,-23.529222110291357,-14.82741785061694,22.146609437039306,0.020830523151554793,-0.0374104166035215,-0.06385763148780774,-0.10389355751213275,0.02350530241272175,0
2023-02-06,1055.1690673828125,1059.528634971871,1052.5899131464937,1056.7896118119152,14837879,23.57044900203418,-27.249885400543917,-23.508977014672865,-3.7409083858710517,1182.2908567985105,1107.458544921875,1032.6262330452396,1107.458544921875,1156.64603515625,1099.802256955001,1132.5457997531857,1082.5913409055113,1109.8412263060552,1100.6898359743636,-0.007535498857808909,0.008602517076234321,0.006575933696187469,-0.007535498857808909,-0.01215884321738847,-0.020468419424402584,-0.05371224349132919,15797538.25,0.9392526079181989,0,-23.388243832674334,-15.110615197467723,21.186337822369687,0.020078619130599797,-0.04058292232984086,-0.06832106250116848,-0.10752158716673767,0.021830584596997455,0
2023-02-07,1052.635498046875,1062.4501695052957,1046.7466710224398,1055.4201633910932,15135435,11.023462563701926,-27.621015257032923,-24.331384663144878,-3.2896305938880452,1169.8628870360344,1100.8188049316407,1031.774722827247,1100.8188049316407,1152.9789965820312,1095.3101846780366,1129.4120624313696,1077.9827496964904,1105.6037649535233,1095.8907799411438,-0.002401102737233929,0.0068816761325389865,0.014918268015845051,-0.002401102737233929,-0.009046289837518429,-0.02037090578193368,-0.0511872276748383,16018172.35,0.9448915063022156,0,-23.24546233298497,-15.376435702898107,21.03961101884488,0.01998755605134263,-0.03896127985307263,-0.06797923179535725,-0.10020609277226224,0.020218342975553635,1
2023-02-08,1073.6572265625,1077.2863960062462,1053.137736379797,1055.8766387784026,21160332,26.729904717101647,-25.92007010338307,-24.649121751192517,-1.2709483521905511,1158.4085819014529,1096.1066162109375,1033.8046505204222,1096.1066162109375,1149.6899389648438,1093.2479981908427,1127.2255982796494,1077.3172845989534,1103.2373547023365,1092.255792740597,0.019970567736533607,0.00960834530466693,0.022491963942500852,0.019970567736533607,0.009853981410805845,0.005149629060085648,-0.026490646765992887,16673831.85,1.2690743309852919,0,-20.507741124932863,-14.557728014487793,21.797732882311703,0.02030232027786087,-0.017919787331659835,-0.0475223165610366,-0.07316188490233644,0.03854942616287883,1
2023-02-09,1075.52880859375,1082.284961068636,1065.463103759131,1074.341987106508,13172763,28.129698139347767,-24.142735361097493,-24.547844473173516,0.4051091120760226,1148.9821174193426,1092.224102783203,1035.4660881470636,1092.224102783203,1146.2634741210939,1091.560456324453,1125.198273193928,1077.0421344443066,1101.184869805404,1089.322664502625,0.0017431839370580793,0.00969402482367059,0.01564054553917488,0.0017431839370580793,0.01929524077258704,0.012505530395051201,-0.011122433186443126,16756992.35,0.7861054492872642,0,-17.28948620380811,-13.465898070905041,22.20042382702375,0.020641403233122805,-0.014686907754688632,-0.04414285533800971,-0.06392902701616582,0.03869051908631549,1
2023-02-10,1066.6728515625,1075.0039060071294,1059.6655455942528,1075.0039060071294,10790445,29.231981491105998,-23.18156385483553,-24.27458834950592,1.093024494670388,1144.3283647697963,1089.143896484375,1033.959428198954,1089.143896484375,1142.7333862304688,1089.1902082518861,1122.9031586201463,1075.4468601547978,1098.6284240096334,1086.0480958749483,-0.008234049111923936,0.0094942246471623,0.014379629509093168,-0.008234049111923936,0.01333543619008748,0.003284660470268541,-0.0002995148500103406,16412075.95,0.6574698431126869,0,-15.310279184397814,-12.800875107340289,22.10261124550581,0.020721077894810133,-0.020673484317790314,-0.05007582944796739,-0.06786121501315594,0.03163898163831183,1
2023-02-13,1060.6015625,1072.767178094588,1056.1278886860243,1068.2935042806123,10352493,29.123586497185514,-22.648651245458268,-23.949400928696388,1.30074968323812,1139.500018870242,1085.851416015625,1032.2028131610082,1085.851416015625,1139.0923754882813,1086.4674800850398,1120.4599587722973,1073.1629682079058,1095.811619453364,1082.956541133863,-0.005691800493100141,0.009505700922756887,0.015688539407147657,-0.005691800493100141,-0.012159992723469126,0.005148459412918527,-0.01542534083813718,15898771.45,0.6511505013175091,0,-13.33477686996116,-12.085840980888406,21.947727364781063,0.020693659278652122,-0.02380735554368848,-0.05342305702551385,-0.06923953932749025,0.027512761035812097,1
2023-02-14,1085.5946044921875,1087.329254712915,1060.738368480938,1063.6143185684562,14321920,43.61825203812863,-19.979275894057082,-23.155375921768528,3.1761000277114455,1136.1211424555172,1084.3449768066407,1032.5688111577642,1084.3449768066407,1136.313681640625,1086.3843490761967,1119.092689976999,1075.0755276362568,1095.0548035303138,1081.2078604758067,0.023564968104775375,0.011831389455958866,0.02449430581355489,0.023564968104775375,0.009358927271877038,0.03131103454753981,0.010302294630903264,15933674.7,0.8988460144727318,0,-8.925835601839935,-10.319372454370523,22.02108102857624,0.020284810681126333,-0.0007269476817120662,-0.02993325377319733,-0.04447284367415773,0.05135327811709544,1
2023-02-15,1110.1768798828125,1112.5735854842064,1083.2664969637603,1084.6358877756606,33503591,57.79185393637554,-15.699221660014246,-21.66414506941767,5.964923409403426,1131.721930174167,1083.2756286621093,1034.8293271500515,1083.2756286621093,1133.9558764648436,1088.6503043911125,1118.7430503654623,1080.4757356741884,1096.1749573342026,1081.7780751316518,0.022644065555321946,0.012781873648386816,0.02639857580491108,0.022644065555321946,0.04078479006621971,0.03401425745275932,0.03933904732148097,17071304.25,1.9625677399546084,1,-4.597693799730223,-8.48254791418708,22.942216452218663,0.02066537041794672,0.019773636589152387,-0.007656959728019285,-0.019037406377765288,0.07281157458135652,0
2023-02-16,1109.3095703125,1124.7163944448257,1107.0270912647763,1118.1656324865594,17264487,66.93459510792042,-12.236181394962614,-19.778552334526662,7.542370939564048,1127.331784357814,1082.2565002441406,1037.1812161304672,1082.2565002441406,1131.9431811523436,1090.6178535264828,1118.3731099712284,1084.9117102339287,1097.1478916288913,1081.4950507439148,-0.000781235482407161,0.011384395038263655,0.01594622786411747,-0.000781235482407161,0.04592488785108695,0.03140851407124856,0.04430682459368107,17262114.3,1.0001374512970291,0,-0.9426027979702667,-6.82516322269953,21.73739489060912,0.01959542716690486,0.01713864918456822,-0.008104218152170639,-0.015986610415300615,0.06954267302596402,0
2023-02-17,1113.9429931640625,1117.2754874405753,1100.4306882070916,1104.7217922905263,11809520,65.38531953389565,-9.013911770139885,-17.625624221649307,8.611712451509423,1123.8505456521602,1081.529522705078,1039.208499757996,1081.529522705078,1130.0345678710937,1092.8392953967284,1118.1993799003592,1089.3780614539494,1098.3919732240893,1080.896796242126,0.004176852860159785,0.011228736168542324,0.015121778526239816,0.004176852860159785,0.02611323651993991,0.0443155007951308,0.04774572263908139,17255587.6,0.6843881688503033,0,3.6490871448422695,-4.703778719787124,20.62876548783957,0.018518690466596748,0.01931088848674033,-0.003806464940694181,-0.008815720672492509,0.07191482115809317,0
2023-02-20,1102.16552734375,1118.3026298698114,1100.2025445254703,1116.13425652598,8836937,60.7607184235513,-7.326131852937351,-15.565725747906917,8.239593894969566,1121.409470243169,1080.8847229003907,1040.3599755576124,1080.8847229003907,1128.2569702148437,1093.7275079631113,1117.5706013687277,1091.345363898534,1098.6714957514714,1079.8891412058656,-0.010572772478113612,0.011700156460160215,0.016422293108697396,-0.010572772478113612,-0.007216284795903971,0.03918904734194184,0.04453926997453128,16950920.15,0.5213249146241775,0,7.260027878071469,-2.8893574035696474,20.400510792467067,0.018509480006721743,0.007714919227324856,-0.013784430268754888,-0.017160496152441113,0.05940785231862753,0
2023-02-21,1111.1585693359375,1116.9559918914763,1101.2296696771075,1106.5479683974272,13311592,66.4054684894965,-5.2029148146932584,-13.493163561264186,8.290248746570928,1121.7599690079185,1080.9714599609374,1040.1829509139563,1080.9714599609374,1126.62271484375,1095.3876090462377,1117.3191491321477,1094.3935493504423,1099.5964641651356,1079.957633930549,0.008159429567590415,0.01158238923371135,0.014153085480650458,0.008159429567590415,0.0016668016511536266,0.02354835289155499,0.05559671073001993,17068793.85,0.7798788899193365,0,9.003259970040972,-1.773540844851368,19.079927412691614,0.017171201248166016,0.01439760698355143,-0.005513715397248205,-0.009450684607115033,0.06823378364317398,0
2023-02-22,1085.9598388671875,1109.2868172204337,1084.2023673241313,1107.4380609994969,11024335,57.886754338317736,-5.490288342753274,-11.892588517562006,6.402300174808731,1119.685184150278,1080.125799560547,1040.566414970816,1080.125799560547,1124.3758374023437,1094.4897261720425,1116.0893722590122,1093.0960554299415,1098.5863437726948,1079.2724710178477,-0.02267788879476451,0.013317283745691421,0.0230988743768546,-0.02267788879476451,-0.025120813604106562,-0.02181367803136136,0.011458603360847697,16795572.85,0.6563833873638909,0,5.839421780930024,-2.6536781064501156,19.798918884843424,0.018231722920339807,-0.007793483210379836,-0.02699562789567759,-0.030120381836332387,0.043623764176210424,0
2023-02-23,1080.7557373046875,1093.1953270218976,1077.9483712962124,1085.5490279902117,9851910,55.68349140656889,-6.068013159264638,-10.727673445902532,4.659660286637894,1119.1864729889664,1079.782293701172,1040.3781144133775,1079.782293701172,1122.1116137695312,1093.1817272322944,1114.7037395157054,1091.1975449491333,1097.265558108398,1078.933529576471,-0.004792167607163611,0.013428671619817029,0.014107679653600375,-0.004792167607163611,-0.019425203844526617,-0.02574018450031823,0.004859868623855457,16668917.45,0.5910347825257243,0,2.563873705811602,-3.6693704555229942,19.062000394206752,0.017637658294320742,-0.01136681085867296,-0.030454730712365714,-0.034338098799249706,0.0388105269919842,0
2023-02-24,1088.15087890625,1093.834315272933,1080.9839459876737,1082.8098807799356,9434053,60.708473735233525,-5.861569589634655,-9.754452674648958,3.8928830850143026,1119.9334731022468,1080.8402160644532,1041.7469590266596,1080.8402160644532,1120.3344702148438,1092.7025988202902,1113.6624508643542,1090.728827096382,1096.5903966860167,1079.864907820606,0.006842565203498463,0.013253319799087422,0.011809363512324566,0.006842565203498463,-0.020706036982136244,-0.0231538906533737,0.020135533882097212,15849071.35,0.5952432664138395,0,-0.13669657643822575,-4.536929036004949,19.239702326509555,0.017681097997961696,-0.004165561534267724,-0.022907813708097795,-0.028379001931211272,0.044544329577834496,0
2023-02-27,1080.91552734375,1090.8672478016565,1073.543202799622,1087.3750050988056,11199715,58.90987743774585,-6.210206580356044,-9.045603455790374,2.8353968754343306,1120.0811775766224,1081.0250915527345,1041.9690055288465,1081.0250915527345,1118.5290283203126,1091.5800205844293,1112.3782577851148,1089.2190886729002,1095.4292952532562,1080.6266649446623,-0.0066492172204764,0.013416419496970521,0.01602719598691199,-0.0066492172204764,-0.004645025849850382,-0.019280225585727617,0.019153248082971697,15320451.95,0.731030327078569,0,-2.1474873786819444,-5.19234358361291,19.355455649308038,0.01790653863292378,-0.009769776873499026,-0.028284201188911264,-0.034966796172407916,0.03737781220770222,0
2023-02-28,1060.2362060546875,1080.5274845520237,1056.1734344203933,1075.5516247048563,21994038,45.762444026643664,-8.062216102352295,-8.848925985102758,0.786709882750463,1120.3770871123609,1080.3106750488282,1040.2442629852956,1080.3106750488282,1116.0023193359375,1088.5948953911206,1110.3334714427451,1084.7601836547137,1092.822399757066,1079.7651900420767,-0.01913130190652368,0.01345282840055849,0.022970400362251172,-0.01913130190652368,-0.018986280194240757,-0.04582816952190971,-0.023358994538630773,15285574.15,1.4388754903262826,0,-6.792713655117041,-6.985677689402564,19.361969575307008,0.01826193961754623,-0.02605072782951473,-0.04511911662265052,-0.05367914227224992,0.019218508364582575,1
2023-03-01,1069.982421875,1070.712820002187,1060.5557097259696,1070.0280642112666,11551145,48.33173982837144,-8.643867701129693,-8.807914328308145,0.1640466271784522,1120.3599499063166,1080.4019653320313,1040.443980757746,1080.4019653320313,1113.4651098632812,1086.8222788657758,1108.7510773420493,1082.48668184245,1091.1305495435797,1079.9765020634777,0.009192494808849982,0.013706686457836792,0.009492782375264205,0.009192494808849982,-0.0166966340637541,-0.014712714430447305,-0.036205454046255525,14895741.4,0.7754662685000694,0,-7.667447306266695,-7.338294916962923,18.908737906592332,0.017672007988184812,-0.015494582065754277,-0.03496605889212511,-0.044965484561929524,0.028390227310211784,0
2023-03-02,1061.833984375,1073.5203549354069,1059.802538079039,1066.8326656493814,9333535,48.53832867987923,-9.651089834631648,-8.976549429572847,-0.6745404050588011,1120.3791155648432,1080.3814208984375,1040.3837262320317,1080.3814208984375,1111.105478515625,1084.4424412952258,1106.9111913433414,1079.3093437705347,1088.9604336051664,1080.2911066551821,-0.007615487257931708,0.013680053136522338,0.01291898456653952,-0.007615487257931708,-0.017653130597208744,-0.017507890336882936,-0.04279741850971841,14679285.0,0.63583035549756,0,-8.739285937068644,-7.792548172363922,18.755491753511656,0.017663299564245175,-0.02084800083370298,-0.04072341785038417,-0.05225475053623031,0.020617640974311412,0
2023-03-03,1088.9271240234375,1092.6019362119685,1068.9098180563456,1072.3791189632543,14643807,57.592071158551306,-8.168963957760752,-8.815032335210429,0.6460683774496765,1120.986994632923,1081.6687438964843,1042.3504931600457,1081.6687438964843,1109.3488818359374,1084.8695539360078,1106.2059338013846,1080.7890022709812,1088.957966228742,1082.1584502528278,0.025515419592060384,0.0151829836849389,0.021757303710172763,0.025515419592060384,0.027060873609960456,0.0007133616598902215,-0.022457046091352906,14176496.6,1.0329637436656953,0,-7.833044884282344,-7.456517062969624,19.764681926969143,0.018150601165981918,0.003740145598803492,-0.015619885276306488,-0.028599681140800123,0.04468423161789615,0
2023-03-06,1099.5633544921875,1106.8216933590495,1095.5918675399987,1095.5918675399987,10171916,54.056198079941474,-6.066186393386033,-8.26526314684555,2.199076753459517,1121.898386570663,1083.8884582519531,1045.8785299332433,1083.8884582519531,1108.4952319335937,1086.2689635127867,1105.9454404951416,1083.6773641511668,1089.7435505445528,1084.2377618894689,0.009767623777659828,0.01408284409613876,0.0102129866125241,0.009767623777659828,0.027646185593732442,0.017251882017332854,-0.0023609637454673482,13943198.45,0.7295252976909327,0,-5.311057071642608,-6.432817289973173,19.133744578590363,0.017401220675844476,0.012238581259294414,-0.0057707060124926185,-0.019908248684399638,0.051329884898173445,0
2023-03-08,1103.51220703125,1104.2654263644915,1088.7444955670887,1099.563420263857,15782657,47.80126180678553,-4.034572584638454,-7.419125034404131,3.3845524497656774,1122.3898903950194,1086.4322937011718,1050.4746970073243,1086.4322937011718,1107.5210717773436,1087.9111771812118,1105.8500195749891,1086.7288784404104,1090.7634510250489,1086.702711035589,0.003591291509424943,0.012681840048024043,0.014065028640832485,0.003591291509424943,0.03925116663202477,0.040817320451260075,-0.0068814321517199906,13975559.55,1.129304121494012,0,-0.683718209908875,-4.483451867756003,18.149019026944416,0.016446595616527202,0.014340352574059077,-0.0021140412373801013,-0.016819185138174656,0.05048908857588213,0
2023-03-09,1076.9896240234375,1103.3066574341256,1075.095225544964,1102.8958764013148,16235128,40.88099572851809,-4.512635936418064,-6.837827214806918,2.3251912783888535,1122.3374760776076,1086.5989135742188,1050.8603510708301,1086.5989135742188,1105.8279248046874,1086.8710292614237,1104.7182393572812,1085.23053160703,1089.743167543448,1088.0489439899873,-0.024034698337561222,0.01417659664990299,0.026194710942310427,-0.024034698337561222,-0.010962625263564507,0.00654889464086561,-0.008260171806267924,13729299.35,1.182516863105618,0,0.04875039564785766,-4.0328379847680935,18.915281763104172,0.01756310491872718,-0.009091607901906306,-0.025100169750049584,-0.040404827443393986,0.024864648215133026,0
2023-03-10,1060.3046875,1070.0280749321848,1056.8124450060086,1068.8868957671646,13334091,35.82973168383053,-6.166753032286806,-6.703612378302896,0.5368593460160902,1123.1815252816825,1085.8377075195312,1048.49388975738,1085.8377075195312,1103.803359375,1084.3409014746214,1102.9765314413094,1081.3957863597946,1087.5625393920814,1087.4564281712544,-0.015492198022396542,0.01448686028354999,0.012463992739045807,-0.015492198022396542,-0.03570386993327768,-0.0014402410334418692,-0.01892291578825267,13737365.75,0.9706439533358133,0,-0.10153982060433009,-3.934659902032081,19.153308890528837,0.01806396700526596,-0.022166658051848826,-0.038687898359494675,-0.055981011409454634,0.011264536549042768,0
2023-03-13,1042.8665771484375,1070.0281154160118,1038.5298305140532,1063.1806779260546,12771592,34.78922783358665,-8.7835116621402,-7.119592235070357,-1.6639194270698425,1125.8785849823114,1084.647393798828,1043.4162026153447,1084.647393798828,1101.4405346679687,1080.3909658245086,1100.619278331785,1075.4682157118934,1084.2517273740336,1086.5428575946016,-0.016446320154142047,0.01479174162667559,0.030203561598537355,-0.016446320154142047,-0.054956918008153166,-0.04229901694873073,-0.04161582978578282,13836423.1,0.9230414470340966,0,-4.478588111499221,-5.586655469599691,20.110323144644376,0.019283697057041603,-0.03473223107473329,-0.05247291440404672,-0.07373087022094668,-0.000526755733263031,0
2023-03-14,1038.9635009765625,1052.2018311560978,1035.8136967949142,1040.812257084253,16027522,30.984707309137164,-11.044938184572175,-7.904661424970721,-3.140276759601454,1128.4289294196444,1083.5654907226562,1038.702052025668,1083.5654907226562,1098.96404296875,1076.445492981847,1098.2014047100115,1069.8521057526118,1080.897043937184,1084.8903720873168,-0.0037426419231378905,0.014385435837455185,0.015773541944235504,-0.0037426419231378905,-0.035307789600438566,-0.055112652916313176,-0.038811567884754816,14120174.55,1.1350795943241367,0,-9.82347053093963,-7.744035785130109,20.15759544084543,0.019401639635943435,-0.034820148581286965,-0.05394083770006761,-0.07928317513899112,0.00025170735956913087,0
2023-03-15,1021.2057495117188,1049.1661484530057,1016.800539526596,1042.6839706485125,21728555,32.24877030021105,-14.107415626014017,-9.145212265179381,-4.962203360834636,1133.1371604923595,1080.3460479736327,1027.554935454906,1080.3460479736327,1095.8703649902343,1071.1845650323112,1095.181967251255,1062.3680509463206,1076.4754665723347,1081.0503675083394,-0.017091795282656697,0.013918033198622901,0.03169352399541916,-0.017091795282656697,-0.03687519111178239,-0.07458590579705338,-0.036812982163858976,14490506.3,1.4995028158539911,0,-16.726612148900585,-10.668052323734173,20.54398164903139,0.020117377579253082,-0.046657520237032984,-0.06754696475253841,-0.09878010790150543,-0.006178926035109124,0
2023-03-16,1016.1157836914062,1028.943333036388,1005.2968594074098,1023.921951504309,18363159,32.26896316409288,-16.752061429037667,-10.66658209795104,-6.085479331086628,1133.7373922801253,1075.6429931640625,1017.5485940479999,1075.6429931640625,1092.8469873046874,1065.93991919032,1092.0813326018492,1055.2523175224876,1072.0043789515253,1074.197822143898,-0.0049842706259206615,0.013918659041171878,0.0232714361970383,-0.0049842706259206615,-0.02565121372494006,-0.05652221616083697,-0.050343479558476956,13733484.7,1.3371084907532609,0,-20.931110071103603,-12.636906755431937,21.143947213552313,0.020808600312003142,-0.0467419735408351,-0.06956034009798287,-0.10374678421090387,-0.001408100178187744,0
2023-03-17,1014.837646484375,1028.007512952856,1010.0900587449328,1024.720781814394,34014213,29.191543322800598,-18.7351303518642,-12.280291748733672,-6.454838603130527,1132.7317799757473,1070.9193969726562,1009.1070139695652,1070.9193969726562,1090.1495483398437,1061.0730360754683,1089.0521684403795,1049.0346758243165,1067.7698061761807,1065.2577455151963,-0.0012578657152514383,0.013583921253311131,0.017655488313813746,-0.0012578657152514383,-0.023221079921970977,-0.0428811091298934,-0.044259591030406886,14570971.0,2.3343820394673767,1,-23.267865399153152,-13.924363000929816,21.48958123067214,0.021175388304835622,-0.04357418200174188,-0.06814597510263112,-0.10407947898654037,0.005678914560574706,0
2023-03-20,1004.8631591796876,1013.422485602896,995.1625932582816,1011.1400066065016,19524589,28.744595065773552,-20.870996667821828,-13.998432732551304,-6.872563935270524,1130.461173560775,1065.4654052734375,1000.4696369860999,1065.4654052734375,1087.2937060546874,1055.7197144663462,1085.7506386654504,1042.2390578789891,1063.110054546811,1059.5028644725473,-0.009828653222750727,0.013642152193332972,0.018171521343782495,-0.009828653222750727,-0.01600322984848568,-0.0364413039994671,-0.0771988896126905,14956724.45,1.3054054091368916,0,-24.671251358162408,-14.868639666334502,21.65751038953348,0.02155269619717517,-0.04817240275972868,-0.07449913138912412,-0.1111033419975614,0.004391459801641906,0
2023-03-21,1036.1103515625,1038.0733342187905,1012.052976986994,1012.9431232711898,21400360,43.63330157055042,-19.81389656382862,-15.161525498806768,-4.652371065021853,1126.009161302521,1062.162646484375,998.316131666229,1062.162646484375,1084.8541870117188,1053.8521560945514,1083.8039607398446,1041.2961799841446,1061.1100765479732,1056.0476706193242,0.031095967741837427,0.016061460993524797,0.025113499920695302,0.031095967741837427,0.01967745033785051,-0.0027461498035116216,-0.05770745511884767,15584895.6,1.3731474723513708,0,-22.593336887295663,-14.397443970166933,22.262373397801063,0.021486488735710848,-0.016835193086097034,-0.04400575279756973,-0.0798384354493438,0.0378579677293113,0
2023-03-22,1039.2601318359375,1046.0391051865406,1036.247254791225,1043.0946916431246,10920094,41.600087578007496,-18.5086203173621,-15.830944462517836,-2.6776758548442654,1118.792301449402,1058.567724609375,998.3431477693482,1058.567724609375,1081.9307836914063,1052.462439498493,1082.0571439200835,1040.9829418074974,1059.4915621248595,1053.1867716136253,0.003040004637235194,0.015828174100940968,0.009421943645637093,0.003040004637235194,0.024065411286393834,0.017679475789135868,-0.058225069723667255,15465320.7,0.7061020079590073,0,-18.722125533818144,-13.124823331171456,22.223240517553993,0.021383713121271027,-0.01254420791382023,-0.03955152676050056,-0.0710875195605387,0.04098488997296402,0
2023-03-23,1026.1131591796875,1036.2016854580306,1023.9447859117854,1035.3343603002547,16249370,40.4932682105285,-18.323804890944075,-16.329516548203085,-1.9942883427409903,1116.0161193191816,1055.575390625,995.1346619308183,1055.575390625,1079.0950268554689,1049.9529842300353,1079.8632621655581,1038.6952829416805,1057.0190878326246,1050.5237806426692,-0.01265031944699424,0.0160224855843704,0.011944978423280175,-0.01265031944699424,0.02114715800442646,0.009838815269616497,-0.0472395125346563,15726572.45,1.033242942902031,0,-15.98693496028477,-12.2180704362911,22.337349736681443,0.021768895113418816,-0.022705611973502172,-0.04977491583339927,-0.0805570444576901,0.03112995500404227,1
2023-03-24,1005.7990112304688,1027.1174243598298,1003.379605076148,1024.949051064462,12375945,27.048127495142396,-19.590690021284445,-16.981751242819357,-2.608938778465088,1114.9312293359294,1051.827554321289,988.7238793066487,1051.827554321289,1076.1474255371095,1045.7478439443623,1076.9587817367312,1033.6343180630324,1053.2250080843169,1047.984725430255,-0.019797181010190568,0.014467718720458465,0.02360095706859123,-0.019797181010190568,-0.029254934367097474,-0.008906483992999426,-0.05140567321082534,15852774.2,0.7806800780648223,0,-15.32519213110595,-12.09338670364832,21.835197411446682,0.021709304908476754,-0.038201209732562455,-0.06607473908287224,-0.09788246596201411,0.01726986905160436,1
2023-03-27,1021.4339599609376,1028.9433318287538,1004.383890745215,1012.2812828490338,14054323,29.007738493115923,-19.11277573725397,-17.40795614170628,-1.70481959554769,1110.5556479969941,1048.4917083740233,986.4277687510526,1048.4917083740233,1074.010565185547,1043.4322359459409,1074.7813377455236,1031.7573398934794,1050.8701156307334,1045.5222658561522,0.01554480423612814,0.015010711169540279,0.024044081209594798,0.01554480423612814,-0.017152752548592942,0.01649060434733962,-0.02055163877828381,16083787.7,0.873819231026035,0,-12.28747852040533,-10.969300919926809,22.31125967915574,0.021843076061431307,-0.021082611047626258,-0.049635563915250154,-0.08024963737458543,0.03548784038613137,1
2023-03-28,1026.2044677734375,1030.0846702786253,1021.1829653124684,1024.8349561252708,12576424,29.31981572478361,-18.139978729255517,-17.55436065921613,-0.5856180700393878,1106.613939419159,1045.756155395508,984.8983713718568,1045.756155395508,1072.0056311035157,1041.791496119988,1072.8763624525006,1030.9030518750114,1049.043030604267,1043.4985782935637,0.004670402590376321,0.015061715832669588,0.008674397009273391,0.004670402590376321,8.89849164618095e-05,-0.009560645518234656,-0.012280540356934821,16152623.15,0.7785994809146526,0,-12.06065997456335,-10.927598287343926,21.838457834066748,0.021280805648264026,-0.014961754251788752,-0.043501652485264296,-0.07266262314382813,0.041939450406487916,1
2023-03-29,1020.133056640625,1024.7436572444662,1009.359714078918,1022.0959186617868,18804065,32.92199916107627,-17.655421520144955,-17.574572831401895,-0.08084868874306039,1105.2393624301806,1043.7509979248048,982.262633419429,1043.7509979248048,1070.0938244628906,1039.728787598144,1070.8079975187018,1029.2461295312596,1046.9015510514046,1040.4813448320124,-0.005916375657558426,0.014051316915647434,0.015080330026956176,-0.005916375657558426,0.014251401373541084,-0.018404511641876398,-0.0010504179707239159,15993124.5,1.1757593083202722,0,-12.73365190034906,-11.249146401381722,21.011870134654853,0.020597185825786807,-0.018846963930648372,-0.047324021669152436,-0.07700260114010538,0.0385542745216342,1
2023-03-31,1064.116455078125,1069.7770709600843,1029.2629756900762,1029.3999027039445,28171201,50.983631757703904,-13.565934127449736,-16.772845090611465,3.2069109631617287,1104.473372928833,1043.457699584961,982.4420262410887,1043.457699584961,1068.7448767089843,1042.0514225962374,1070.5455840896595,1034.6107950000082,1048.176729127458,1040.73220383407,0.0431153545620222,0.018361401950480145,0.03807299010993454,0.0431153545620222,0.04178683771079994,0.03703616463589521,0.047239371887659365,16824127.3,1.6744524395033553,1,-7.901561633797883,-9.317678075898584,23.11664408479988,0.02172379157796475,0.021174610008125358,-0.006005469647517685,-0.03653951180705232,0.08313409509722422,0
2023-04-03,1064.299072265625,1072.3106311531849,1056.7896998650788,1070.4846960590223,10293043,56.07137719548193,-10.192754495680674,-15.456826971625308,5.264072475944634,1104.7626592072606,1043.5809539794923,982.3992487517239,1043.5809539794923,1067.4370153808593,1044.1702463742745,1070.3006228416582,1039.1782222716415,1049.3709767673222,1040.7834879006189,0.00017161391183129204,0.017713540177766298,0.014583242335320235,0.00017161391183129204,0.037121846267968106,0.05816277445290852,0.04873826464025588,16872102.7,0.6100628465235693,0,-1.5775975700878462,-6.658158895073029,21.97540454095327,0.02064777195959888,0.019277340990365186,-0.005607350353678224,-0.03662649765033777,0.08336714794719795,0
2023-04-05,1061.74267578125,1071.8540232011114,1053.8453439607506,1071.8540232011114,16262928,56.50247544762952,-7.637722258766871,-13.893006029053621,6.25528377028675,1100.290344883341,1042.221731567383,984.1531182514248,1042.221731567383,1066.102218017578,1045.8438110797008,1069.9650170745833,1042.6496766577352,1050.287398916502,1039.9801693887666,-0.0024019531267025496,0.017686050389666027,0.01696143486660712,-0.0024019531267025496,0.04078842350001732,0.039462870239652004,0.05660424116652418,16953058.75,0.9592916676467013,0,2.411575133759925,-4.816320670940286,22.09115774660879,0.02080650825338042,0.015201949404983947,-0.00768468236075066,-0.035034088303463294,0.07883890838824044,0
2023-04-06,1068.8638916015625,1074.592970502133,1058.2275373074351,1058.2275373074351,18435046,64.48389268841021,-4.980802608752356,-12.11056534499337,7.129762736241014,1093.7833901321171,1040.6867584228517,987.5901267135862,1040.6867584228517,1065.1782653808593,1048.0361997008306,1069.9218356834845,1046.6826328029395,1051.6634354116918,1039.6493482676474,0.006707101431213225,0.0168663138475681,0.015311054403920747,0.006707101431213225,0.004461388131705046,0.041570101444484475,0.03161201892218202,17366215.25,1.0615465566108309,0,6.244703580842497,-2.9545267690161836,20.948288051486525,0.01959864882337644,0.01987306536422818,-0.0009888050198042055,-0.022782845996175364,0.08229503585503822,0
2023-04-10,1061.2861328125,1072.9496819536614,1059.779694186431,1072.7671126043012,12961408,63.523330074645294,-3.446902699649172,-10.377832815924531,6.930930116275359,1083.950137160753,1038.575454711914,993.2007722630751,1038.575454711914,1064.2155114746095,1049.2980980924183,1069.5831806689362,1048.9293251121026,1052.3762278117517,1037.8790583769864,-0.0070895451222589,0.016955901072425412,0.012409459956221974,-0.0070895451222589,-0.0028309142905773577,0.040340890733798096,0.02119392469876802,17225152.8,0.7524698416608531,0,9.569310494274305,-1.2248168497656025,20.19996763279026,0.019033479292958063,0.01142481316022156,-0.0077572721845224285,-0.020908714867289013,0.06855145752080698,0
2023-04-11,1066.535888671875,1068.6586196822263,1060.9210357303307,1065.4631729553812,10542367,65.11816105543551,-1.7870643809469584,-8.659679128929017,6.872614747982059,1081.7750181368906,1038.052767944336,994.3305177517815,1038.052767944336,1063.488768310547,1050.9397924333189,1069.4636790219927,1051.6380271982214,1053.4250915791683,1036.4703226640606,0.004946597997528501,0.016910231627981623,0.007254874434212465,0.004946597997528501,0.004514477000840289,0.0022736549014010787,0.03939402699454986,16940514.75,0.6223168041573235,0,8.888369837081427,-1.0819050676668667,19.472834043074013,0.018258020428476105,0.014840142461867706,-0.0027376248558483936,-0.014087152327904097,0.07261707212140342,0
2023-04-12,1071.23779296875,1080.8925957399235,1063.6599579243734,1066.535787256919,18179087,70.02758788343104,-0.09117516305695972,-6.945978335754606,6.854803172697646,1083.7433762224643,1038.5994232177734,993.4554702130825,1038.5994232177734,1063.1610070800782,1052.872935341455,1069.5332521179441,1054.6533757783027,1054.7445509413596,1037.34073416868,0.00440857578897802,0.016456976907067242,0.016086659683460975,0.00440857578897802,0.0022209575848151086,0.006519521517907689,0.06506148943040335,17182764.55,1.0579838271717457,0,8.70268896718062,-0.7673707237140661,19.298375799463777,0.018015025166337413,0.01744261535352224,0.001593724035629983,-0.011539247692847978,0.0782947249150324,0
2023-04-13,1075.27783203125,1079.9797173840186,1069.1151503508545,1074.1365320735108,12378208,64.13979740859986,1.5608343221908854,-5.244615804165507,6.8054501263563925,1088.2440170943482,1040.219985961914,992.1959548294799,1040.219985961914,1063.3267150878905,1055.0067350261975,1069.7585297616033,1057.8263690479869,1056.265534725796,1038.202532350269,0.003771374655578308,0.01460183676346757,0.010103962631351236,0.003771374655578308,0.013183720003643762,0.01274805709400395,0.05271400225656442,17163095.35,0.7212106993276127,0,9.162923946496676,-0.2064873129800162,17.702260941896725,0.016462964653940954,0.01921418729573244,0.005159390756039747,-0.01191477725530569,0.08373535166856094,0
2023-04-17,1080.73291015625,1106.9814803229494,1072.333391852291,1106.9814803229494,17929479,64.72690561811001,3.272519389582385,-3.5411887654159293,6.813708154998315,1093.6226486397322,1042.3084564208984,990.9942642020645,1042.3084564208984,1063.3970129394531,1057.4568469433452,1070.188897620217,1061.350452295412,1058.0779329058296,1040.5293338132497,0.005073180123777998,0.014615032117909429,0.032059806956049,0.005073180123777998,0.013311339670017297,0.011104331101412068,0.05313604071625533,17258193.2,1.0388966441747796,0,9.420647242514633,0.2670619367324889,19.46792771665514,0.018013634574929813,0.022011359877413345,0.009852477968590229,-0.01178627609762355,0.09055415272906937,0
2023-04-18,1068.3619384765625,1085.0925121063174,1061.8111761257844,1085.0925121063174,10405576,65.08560080967496,3.589431380873293,-2.115064736158085,5.704496117031378,1096.230675086178,1044.6662658691407,993.1018566521034,1044.6662658691407,1063.2737609863282,1058.4954270893659,1070.117252163603,1062.4291424771275,1058.8397110962542,1042.2492850442527,-0.011446835349817275,0.014519781985879887,0.02179161868470448,-0.011446835349817275,-0.0026846088805526636,0.006667198831017407,0.04727705030435825,16692044.25,0.6233853591659392,0,9.19732899694759,0.5340714946669323,20.03692700639663,0.018754811721361408,0.009321260285769399,-0.0016403003348386721,-0.02542232875158753,0.07578284273696985,0
2023-04-19,1073.6800537109375,1076.3733137885806,1064.64142217666,1067.768405195298,12273475,77.14500778352003,4.2210561633346515,-0.8478405562595378,5.068896719594189,1098.8243246121826,1047.5444793701172,996.2646341280516,1047.5444793701172,1063.384229736328,1059.941582005706,1070.2569698713417,1064.1600518977136,1059.938995734379,1044.7737718248884,0.004977821693983531,0.01295533730406615,0.010926804099016262,0.004977821693983531,-0.0014859213802391746,0.0066984759865502674,0.008987360910710063,16387560.05,0.7489507261942878,0,9.001789572387224,0.7932908493489776,19.17936074412798,0.017863199262982268,0.012961536690762119,0.003198375657396882,-0.022882885223822758,0.07770567872324527,0
2023-04-20,1070.9638671875,1076.8755157885284,1064.595795217696,1074.638679040759,7007330,72.08881494780871,4.4511398324721085,0.21195552148679142,4.239184310985317,1100.2178350741626,1050.3507904052735,1000.4837457363844,1050.3507904052735,1063.5586096191407,1060.9913234515911,1070.2846913347205,1065.2067927115268,1060.7556528790547,1048.448713698263,-0.0025297913601445288,0.012695078886743642,0.011466045631474736,-0.0025297913601445288,-0.009039275918170775,-0.00025570959412368754,0.00626214481958276,15037215.9,0.4659991614538167,0,8.118388110136038,0.7514392167763617,18.302237850363245,0.017089500786265987,0.009399269829527372,0.000634574948402306,-0.026589250741141362,0.07044604347793795,0
2023-04-21,1072.310546875,1077.7884724738817,1066.558646510675,1073.0637661728558,7647317,71.20960106738426,4.688107014617344,1.107185820112902,3.5809211945044424,1099.6007520463932,1053.723159790039,1007.845567533685,1053.723159790039,1063.7412072753907,1062.0693447300112,1070.3641366500258,1066.2996779674456,1061.6115709528283,1052.0496715621325,0.0012574464263079843,0.012702840551374096,0.010472550135717065,0.0012574464263079843,0.003695946341993439,-0.0027595520598101553,0.00995332610698152,14443352.3,0.5294696716634129,0,7.062609703813678,0.6056068884224715,18.468532207295368,0.017223119049903608,0.009642686888389821,0.0018184561293934946,-0.024818285291825407,0.06396315211175489,1
2023-04-24,1076.4190673828125,1086.8727319946267,1071.8539885727766,1084.1794719407253,12936186,76.36874786262712,5.148084568036666,1.9153655696976548,3.2327189983390108,1101.8990310611603,1055.7385955810546,1009.5781601009488,1055.7385955810546,1064.1662072753907,1063.435984982659,1070.6015849140567,1067.8565071082712,1062.7084225402346,1055.0430627423234,0.003831465166304504,0.012427855674237247,0.01395250593095348,0.003831465166304504,0.0025510520218832156,-0.003991590089371666,0.007068417074066913,14020143.6,0.9226856991678745,0,5.979138039313739,0.412687293839781,18.3381029021047,0.017036211507003178,0.012208616770068435,0.005433844439173675,-0.02312368280586455,0.06620676825574374,1
2023-04-25,1084.65869140625,1086.735779878646,1072.9952636709509,1080.0709122812248,9236126,64.46944839967807,6.107090156567665,2.7537104870716567,3.3533796694960083,1105.210248064693,1058.0085235595702,1010.8067990544475,1058.0085235595702,1064.8066711425781,1065.457195118239,1071.1528439921822,1070.4414585387294,1064.3343683821618,1056.4877530984334,0.0076546618999151494,0.005514179504432182,0.012668055229318988,0.0076546618999151494,0.012787382131494773,0.015253962484779171,0.02202286251664365,13935945.2,0.6627556199058533,0,6.961768028873166,1.0355918285790722,15.773567322692982,0.01454242467945626,0.018021837363330278,0.012608702380634674,-0.018595155713069293,0.07306232251394304,0
2023-04-26,1078.290771484375,1089.2467445727557,1074.6159592843226,1086.005534613959,8617834,59.06548472107539,6.280869126389234,3.4591422149351723,2.821726911454062,1106.1341875059995,1060.6174041748047,1015.1006208436099,1060.6174041748047,1064.8993420410156,1066.6794404864424,1071.4327627173661,1071.6490451457519,1065.3681760193626,1058.9204728260734,-0.005870897428221444,0.005842797771274499,0.013568497176594007,-0.005870897428221444,0.0055769521495456775,0.004294312591075489,0.011021553927395678,13554368.4,0.6357975337308966,0,6.7378584807363495,1.1757928460244784,15.709985465573482,0.014569340553612562,0.010885492451825442,0.006400783143512988,-0.025171824843785977,0.062250134955340916,1
2023-04-27,1085.115234375,1088.2878596252956,1079.1579437194785,1084.1794457664448,9167125,64.34986854372832,6.889845482892724,4.145282868526683,2.744562614366041,1103.3034745463444,1064.5832153320312,1025.8629561177179,1064.5832153320312,1065.0910705566407,1068.4352303805908,1071.969330233352,1073.720766565636,1066.8309210827433,1061.9482832435299,0.006328963458743564,0.005922992479116248,0.008413775437477617,0.006328963458743564,0.008078793153795782,0.01321367379523597,0.012954585337949132,13393927.4,0.684423972613141,0,7.443906928999695,1.6846388986314196,15.137728958470607,0.013950342303681296,0.015611619235419186,0.01226332113325147,-0.01648525595264989,0.05775847339445495,1
2023-04-28,1104.949951171875,1106.5021527689444,1087.2607695641375,1087.3748753991613,15565210,69.16377865163733,8.870703563860161,5.090367007593379,3.780336556266782,1105.865821853874,1068.759014892578,1031.6522079312822,1068.759014892578,1065.856612548828,1071.9128228369036,1073.2626879172155,1078.5252565050575,1069.6545529411974,1066.4016955697232,0.01827890363026685,0.007333959412810182,0.017413805199412043,0.01827890363026685,0.01870750672667132,0.03043838782710373,0.027594839451468012,13469471.75,1.1555917179899797,0,9.843478106892462,2.8985512671897595,15.496406472702493,0.014024532474314781,0.030820723132629353,0.029524238205049392,-0.0008281933159518407,0.07104888903167561,1
2023-05-02,1114.3310546875,1116.4994278601828,1108.4194062766874,1112.1170391794085,12981805,77.6404974658552,11.069917399894393,6.286277086053582,4.783640313840811,1109.9233105015276,1073.1653442382812,1036.407377975035,1073.1653442382812,1066.9312023925781,1075.9526544417224,1074.8732121042856,1084.033840840818,1072.9639234409235,1070.5394077952615,0.008490070980749609,0.006955620342711976,0.007251006376880835,0.008490070980749609,0.033423529307880395,0.03522047170426479,0.031088295929095455,13489740.8,0.9623465115059883,0,12.51666945906345,4.271627190228855,15.380655681350877,0.013802590905683936,0.03566922771865916,0.03670929942143368,0.0039712150778964716,0.0751863392411532,0
2023-05-03,1104.767333984375,1116.1340858641377,1101.549066588438,1116.1340858641377,7061872,69.06443114472293,11.903877387422426,7.409797146327351,4.494080241095075,1107.2953684998845,1077.3970581054687,1047.4987477110528,1077.3970581054687,1067.3146569824219,1078.6969096362607,1076.0455306093872,1087.2236090167498,1075.3197316293274,1075.3731773865973,-0.008582477050150028,0.007646515832092952,0.013201892223857002,-0.008582477050150028,0.018110610732227084,0.01853914299257986,0.034075900869067866,12902631.15,0.5473203037351029,0,13.239714518021628,4.892686617205072,15.869758204479727,0.014364796746157392,0.024168442604424762,0.026691996349561525,-0.002283071515899466,0.05467174676672684,1
2023-05-04,1117.503662109375,1119.717677582049,1102.2567073883076,1105.2467632974383,8635233,71.35936665231475,13.437611502865593,8.615360017635,4.822251485230593,1114.2045994443079,1080.0664184570312,1045.9282374697545,1080.0664184570312,1067.461192626953,1082.3927908241762,1077.671339687818,1091.8820787233076,1078.444467220442,1079.2200385554363,0.011528516216229967,0.008008152872343657,0.01562497805222615,0.011528516216229967,0.011361338967603052,0.036365785242712834,0.040816263883240556,11925832.75,0.7240779894385153,0,15.7133503377338,6.238576970451959,15.886067660064814,0.014215673915626037,0.03243819765139415,0.036961475131272965,0.002960912804266376,0.06843244314043125,0
2023-05-05,1114.6505126953125,1123.5978590907398,1112.025716258824,1114.30819519152,8746585,68.3784255024792,14.258518204123675,9.743991654932735,4.51452654919094,1119.1652918453003,1082.5839904785157,1046.0026891117311,1082.5839904785157,1067.5680114746094,1085.4649548119035,1079.121503335171,1095.3849147190006,1081.126396514877,1081.246404621151,-0.002553145471288154,0.00814187083781264,0.010381857541996144,-0.002553145471288154,0.0002866814188375866,0.027218563876604485,0.040791894896080594,11848509.85,0.7382012684067609,0,17.029724431312616,7.152173101819017,15.93660878854707,0.014297404080505107,0.026887609548358483,0.03292401203231922,-0.00403405929658859,0.06562872571759576,0
2023-05-08,1128.4140625,1133.7778823916174,1115.746261129747,1118.4167001177036,9153782,70.65459483354873,15.8371354820747,10.962620420361128,4.874515061713572,1126.4409554191745,1085.9175598144532,1045.3941642097318,1085.9175598144532,1067.857432861328,1089.5553460202937,1081.0545448710468,1100.4663220699235,1084.6291865878488,1084.3555077754077,0.012347861188711118,0.008534344766195108,0.015979614098322565,0.012347861188711118,0.021404261140073988,0.021235451708233155,0.052320212450115866,11493052.55,0.7964622070748297,0,17.64252318339004,7.791856953831257,14.827986018950387,0.013140554085349665,0.035664747662100475,0.0438086291331419,0.001751629387526325,0.07941492418127978,0
2023-05-09,1131.9061279296875,1135.2158009724574,1124.4652198090143,1129.8290394334551,6464721,79.82003285878285,17.172033036318,12.204502943552503,4.967530092765495,1133.615558507111,1089.0696716308594,1044.5237847546077,1089.0696716308594,1068.4522448730468,1093.5887538211882,1083.0487245988368,1105.303215279118,1088.1311822428,1087.1745493008548,0.003094666705899529,0.007439457597717173,0.009497767436868972,0.003094666705899529,0.01288807035596351,0.015771859868983107,0.051547823917487134,10894536.3,0.5933911111021769,0,17.636099379465804,8.175512494551185,13.932932103443964,0.012309264663959358,0.035038193264709194,0.045110992904726054,-0.0015079455857810503,0.08365759061734405,0
2023-05-10,1139.6895751953125,1141.173192717246,1132.659447469911,1136.6766978121202,10872255,80.27640976370122,18.64310203548939,13.492222761939882,5.15087927354951,1140.9123487308555,1092.98984375,1045.0673387691447,1092.98984375,1069.0228649902344,1097.9793082377714,1085.2699344261496,1110.593424496994,1091.9503224615046,1091.0787032919343,0.006876407039037247,0.007472722848468909,0.007470231747865185,0.006876407039037247,0.022463599320879046,0.03161049402591343,0.05073566848730593,10790078.65,1.007615917609646,0,19.28239860151075,9.224403816762333,13.756873044560946,0.012070719381813581,0.037988208561493736,0.050143875770352016,-0.0010717506361493608,0.09054176024447533,0
2023-05-11,1132.24853515625,1145.5781493917782,1130.5365853892238,1140.762158669685,10557860,76.94155375817834,18.989604729325492,14.591699155417004,4.3979055739084885,1145.5528143344163,1096.2754760742187,1046.998137814021,1096.2754760742187,1069.9486389160156,1101.2430441347694,1087.1122324939968,1113.9249799830334,1094.935375253708,1094.5379399924998,-0.006529005968829105,0.007822022603075334,0.013284684003127186,-0.006529005968829105,0.0033981078255571617,0.013194474028875192,0.05004008668051263,10790853.3,0.9784082598917362,0,18.85025331059319,9.440892806178681,13.954147575398224,0.012324279645433638,0.028154993746944506,0.04151945062627421,-0.011613850545944767,0.08142363798298569,0
2023-05-12,1134.0972900390625,1135.4896227195354,1121.383847325768,1127.455243721531,6955341,77.04289510718166,19.192154468944636,15.511790218122531,3.6803642508221053,1149.9737974225504,1099.4184509277343,1048.8631044329181,1099.4184509277343,1071.0154699707032,1104.3720199351783,1088.954783770274,1117.0284122993455,1097.8362578304009,1097.7633189210183,0.001632817199942238,0.007812495664848649,0.01243788828142025,0.001632817199942238,0.00193581610286242,0.01744652437895189,0.04513995759378964,10229666.0,0.6799186796519066,0,18.907065123274833,9.833280435103006,14.159572534723988,0.01248532437127707,0.026915993494319924,0.041454895043935854,-0.013805973161364313,0.08126340343740794,0
2023-05-15,1136.334228515625,1143.318592964205,1128.9846046154787,1136.631024460071,6833343,76.66052151581354,19.31057850844104,16.271547876186233,3.039030632254807,1154.247846451135,1102.4712707519532,1050.6946950527713,1102.4712707519532,1071.9791369628906,1107.4160397999829,1090.8128012112682,1119.9985378710808,1100.6879593626397,1100.5118640161086,0.0019724396629898777,0.00783204625140803,0.012614236189514889,0.0019724396629898777,-0.0029440882436013727,0.007018847317515675,0.028403347419007297,9952422.75,0.6866009585454959,0,17.8606937796892,9.758256340221351,14.110661458072286,0.012417703439686768,0.026113211003215408,0.04173165849704791,-0.015519732603866217,0.08150753388790304,0
2023-05-16,1120.1513671875,1141.058816015231,1118.4850597805391,1138.5024831085086,8717229,64.75050224233446,17.89235679801436,16.59570966055186,1.2966471374625002,1155.7333219196541,1104.4421936035155,1053.151065287377,1104.4421936035155,1072.7638537597657,1108.6289281226036,1091.9633332103363,1120.0220500736068,1102.1296932755924,1103.0143553767246,-0.01424128651766865,0.009107960237572287,0.020152415910869793,-0.01424128651766865,-0.010684198383246857,-0.0103849254387266,0.005223144841487226,9491810.25,0.9183947814380297,0,15.04017430141539,8.914608611499489,14.741607174286335,0.013160370648209694,0.010393413677567432,0.025814084704009106,-0.03078734000076514,0.06361889011795328,0
2023-05-17,1113.5322265625,1125.2641183192468,1108.830341392445,1124.3511508366894,8798967,64.61557777242268,16.049290316363795,16.48642579171425,-0.4371354753504555,1155.2047076293486,1106.7007080078124,1058.1967083862762,1106.7007080078124,1073.8297741699218,1109.0959089264034,1092.8091721653232,1119.0236156872827,1102.974325370919,1105.3436105369558,-0.005909148369491746,0.009110618484822808,0.014758240969399905,-0.005909148369491746,-0.018133420877722184,-0.02295129235373572,0.007933699982342945,9411479.8,0.9349185449030023,0,11.116600688631934,7.539237739173586,14.870392291312669,0.013354254090353467,0.003999940492424112,0.018963104378155602,-0.036073676632054866,0.052292279627867186,0
2023-05-18,1111.1356201171875,1121.6122266625744,1107.9856952056505,1118.2112689036005,10525531,61.20279808485702,14.231212184773767,16.035383070326155,-1.804170885552388,1154.5350017263747,1108.573486328125,1062.6119709298753,1108.573486328125,1074.6528381347657,1109.2901671350494,1093.5278563987295,1117.8100779072681,1103.5788657224944,1108.0315506193322,-0.002152256026492272,0.009106822528655448,0.012263607799277232,-0.002152256026492272,-0.02217534926440967,-0.01864689101686401,-0.005698452907230145,9324082.6,1.1288543282531625,0,8.047123000279953,6.4156239047326835,15.12963824245576,0.013616374066794917,0.0016636341300169841,0.01610179714712067,-0.0375903558959167,0.0456645045555528,0
2023-05-19,1114.741943359375,1116.5679991928369,1104.1968724046772,1111.1357155261294,8050447,54.9006502757746,12.93229684532912,15.41476582532675,-2.4824689799976305,1153.218385130098,1110.7623901367188,1068.3063951433394,1110.7623901367188,1075.7109973144532,1109.8093839183184,1094.3597813775784,1117.3380572075923,1104.4057603622632,1109.585670284763,0.003245619325755289,0.007797961635129326,0.01109774944941804,0.003245619325755289,-0.004829190042152209,-0.017066742729824225,8.202630602260896e-05,9376238.45,0.8586009243397602,0,5.437363983140131,5.4049976073044945,14.485653127756857,0.01299462464299409,0.004444510483089966,0.018624735967671925,-0.03336440197871322,0.043466507761385394,1
2023-05-22,1120.6990966796875,1125.720598669704,1110.3595382742935,1111.5691808774145,7434906,53.30015068834588,12.242466039745295,14.78030586821046,-2.537839828465165,1151.7483724742679,1113.181817626953,1074.6152627796382,1113.181817626953,1076.346436767578,1110.8464994194012,1095.3926957031513,1117.8551402032992,1105.612674163554,1111.4819712554097,0.005343975218479846,0.007597675696125291,0.013706676877781872,0.005343975218479846,0.006436158690540816,-0.013759272090537511,-0.00683699900302559,9365617.9,0.7938510923021961,0,3.430459619418343,4.579894491883124,14.757909106835623,0.013168484877483268,0.008869449798361784,0.023102583279772205,-0.026958384779722403,0.042884030681685274,1
2023-05-23,1120.49365234375,1126.6335119735163,1119.0784985578175,1123.2783175836105,6092034,59.02537445180816,11.546096304415641,14.133463955451498,-2.5873676510358568,1149.9349337846209,1115.385546875,1080.8361599653792,1115.385546875,1076.7650427246094,1111.765275888387,1096.3770469439592,1118.261065147984,1106.7149688435684,1114.2119929797202,-0.00018331801689330796,0.007149326165812201,0.006742575827980715,-0.00018331801689330796,0.008422043229588505,0.0003055704490273481,-0.010082528316028738,9023410.3,0.675136539008982,0,3.1363477657832846,4.413713733622899,14.255765831121282,0.0127227546548812,0.007850916596030986,0.021996634704286682,-0.02560256287194864,0.03669149298228609,1
2023-05-24,1113.9656982421875,1124.8075631613845,1110.8615367170432,1116.544972955841,8112254,47.813762067191576,10.348179560036442,13.376407076368489,-3.0282275163320467,1148.255948556566,1116.850897216797,1085.445845877028,1116.850897216797,1076.974112548828,1111.9748399220823,1097.0667979752623,1117.600239470169,1107.2520599101326,1116.0040594213187,-0.005825962590602751,0.006678750117569473,0.012519260212722642,-0.005825962590602751,-0.0006963451243686691,0.0003892762771902092,-0.022570950470189755,8967216.7,0.9046568485403058,0,2.8789309956789566,4.2576258099391,14.004698420449845,0.012571929676603992,0.0017903807250213431,0.015403711331081859,-0.029862898038963855,0.026274781439801637,0
2023-05-25,1113.828857421875,1117.960213217733,1102.9186489083418,1111.0671339157268,11487863,49.474632336297745,9.280796751166918,12.557285011328176,-3.2764882601612584,1144.354783402531,1118.6278015136718,1092.9008196248126,1118.6278015136718,1077.7108972167969,1112.1514130173007,1097.7241336398351,1117.0200268473545,1107.7392300961876,1117.393325919889,-0.00012284114360827658,0.006644539737267323,0.013504376555844768,-0.00012284114360827658,-0.006130315691488475,0.0024238601084567435,-0.016268228363689685,9110718.15,1.2609173954086155,0,2.8612458822512963,4.19627724110569,14.252514240269534,0.012795964250072608,0.0015082877969136944,0.014671011858543904,-0.026675229066542364,0.019149073201580092,0
2023-05-26,1144.208740234375,1145.349919313803,1118.7590340242448,1122.0685861761906,12626260,58.329256360078276,10.762230538364065,12.198274116735355,-1.4360435783712902,1144.5268430874914,1121.5824768066407,1098.63811052579,1121.5824768066407,1079.3889782714843,1115.2044917998792,1099.5470593886405,1121.2029058299731,1110.440675291609,1120.3052989780494,0.027275180212890993,0.00940727300122524,0.023239540439195915,0.027275180212890993,0.021164856972656576,0.026433738364772807,0.008915857822889395,9283674.9,1.3600497794251714,0,5.395107881560762,5.187278011062062,15.137777968528326,0.013229909400471427,0.02600800897751456,0.04061825318378539,-0.0002779339384110243,0.04147919981291725,0
2023-05-29,1150.6453857421875,1154.9364899661489,1144.5283465169668,1150.8279550929285,10010304,59.58441240594274,12.313716132508034,12.221362519889892,0.09235361261814212,1148.8481543546352,1123.8672485351562,1098.8863427156773,1123.8672485351562,1081.5445544433594,1118.57981503248,1101.5509153240737,1125.73251812416,1113.418801991652,1123.7494472896049,0.005625411938816383,0.009473992675271126,0.009045483150717707,0.005625411938816383,0.03292712473811332,0.026721078968674483,0.012594144282054076,9005929.6,1.1115236787993545,0,7.73331561307873,6.158219620922409,15.136147151980529,0.013154484726167337,0.028666323385047397,0.044568498591524786,0.0015643767896914933,0.047101361637271875,0
2023-05-30,1150.3486328125,1158.451475420254,1147.7921790871794,1150.645307987406,11342504,55.9038337495994,13.365267676178291,12.450143551147573,0.9151241250307187,1152.850468022099,1125.6681274414063,1098.4857868607137,1125.6681274414063,1083.7722570800781,1121.6054167258153,1103.4645513040118,1129.5196126915969,1116.1543450154186,1126.3331489478917,-0.00025790129032332576,0.009336921291664066,0.00926614421839532,-0.00025790129032332576,0.03278760030976002,0.026644488709330894,0.026958200926737286,8923964.55,1.2710162547653776,0,9.840140837428407,7.087504360052662,15.235592262374537,0.013244325961534695,0.025626852062280284,0.042488072184179576,-0.002170129846840671,0.047213033224582306,0
2023-05-31,1127.5009765625,1145.7381091276332,1123.4382047768397,1141.241614387353,27107927,47.75378239203809,12.2142170459922,12.4029582501165,-0.18874120412429995,1152.146074154246,1126.8048095703125,1101.463544986379,1126.8048095703125,1085.8981616210938,1122.1668986150235,1104.4071562161093,1129.2090532871205,1116.9948362411283,1127.8082774932466,-0.019861505980269256,0.01071044020604127,0.01977816854649731,-0.019861505980269256,-0.014602024162525318,0.012150534205560337,0.01254454039747177,9926267.3,2.7309285737247877,1,10.192058692941146,7.340358240847081,16.083368264739242,0.01426461581769433,0.004753373098119232,0.020910603681267417,-0.0213906015431569,0.023638940838884473,0
2023-06-01,1124.4652099609375,1134.3484659204855,1122.068625138698,1132.1800927726736,14592692,45.49338280145206,10.931033979528365,12.108573395998874,-1.177539416470509,1152.145065763484,1127.1528869628905,1102.1607081622972,1127.1528869628905,1088.0651501464845,1122.3857854098724,1105.1937465590438,1128.4792312369386,1117.5481972574103,1128.3664146481685,-0.002692473589528843,0.010714424982594803,0.010920605344663404,-0.002692473589528843,-0.022752601371067382,0.009549359821473757,0.011996366242263079,10224140.25,1.4272781518230837,0,10.234372392571686,7.469612919208657,15.952944363883537,0.014187139115168999,0.0018526825429331035,0.01743718100278279,-0.024024627301774695,0.02023706854495843,0
2023-06-02,1120.7904052734375,1133.412563645759,1118.8731857024295,1128.003101699598,15800644,42.82397362563047,9.507974120708468,11.588453540940794,-2.080479420232326,1151.9512534455846,1127.4598815917968,1102.968509738009,1127.4598815917968,1090.1842053222656,1122.2338444444977,1105.805380234118,1127.2963349348615,1117.788360814153,1128.5470429476147,-0.0032680465833422323,0.0107108365446017,0.012972432557345462,-0.0032680465833422323,-0.025695016880921795,-0.020466838031791834,0.005425885291294286,10576843.2,1.4938903509508397,0,7.029352644618484,6.258320845477556,15.967615049212343,0.014246744952564746,-0.001286219604056462,0.013551231805498058,-0.027050492005579525,0.0161581181856785,0
2023-06-05,1130.8563232421875,1133.8235582589482,1122.274114564264,1126.268543700321,10908682,55.237930272423746,9.08766741263662,11.08829631527996,-2.0006289026433404,1152.117711989456,1127.5819946289062,1103.0462772683563,1127.5819946289062,1092.7040686035157,1123.0550329014204,1106.787770156003,1127.844025443681,1118.7563580310443,1128.6796196049263,0.008981088632976197,0.010280380046170712,0.01021300713212774,0.008981088632976197,0.002975914655007461,-0.017198228702960172,0.009063295038421071,10664588.2,1.0228882536692792,0,4.47521786894049,5.2368548319293495,15.28614338855654,0.013517316987476238,0.006946489808796275,0.021746312829958335,-0.018454180962598606,0.025212039192681446,0
2023-06-06,1131.8148193359375,1135.6265579862757,1123.8946668621782,1133.6865172838243,7493309,59.470270365972254,8.731265350683998,10.616890122360768,-1.8856247716767705,1152.1097925059732,1127.5774291992188,1103.0450658924644,1127.5774291992188,1094.6181579589843,1123.8892982761363,1107.7692230650202,1128.4549168117205,1119.7236514610365,1128.6855691108285,0.0008475843253030746,0.010101853460425686,0.0103655570890836,0.0008475843253030746,0.006536093166684465,-0.016111475206650128,0.010103731483446454,10716017.6,0.6992624760153436,0,2.2838815503209844,4.3046717610084215,14.950294402649092,0.01320913469874938,0.0070518698522689695,0.02170632273424869,-0.017615485348745984,0.026082119700336723,0
2023-06-07,1140.3970947265625,1141.241598708449,1128.733545665894,1135.3071289198083,10312545,64.24444032440553,9.037157323611837,10.300943562610982,-1.2637862389991454,1152.2206334087352,1127.6128051757812,1103.0049769428272,1127.6128051757812,1096.640897216797,1125.461469366653,1109.0487474439042,1130.2921749524653,1121.2550176288535,1128.6109420400771,0.0075827558042227405,0.010187225994419425,0.01096815582957437,0.0075827558042227405,0.017493627141054624,0.011437788908511548,0.02372729835944054,10688032.1,0.9648684531926135,0,3.294570751629635,4.641591227794834,14.870403087337015,0.013039671142710646,0.013270667869522308,0.028265977807475886,-0.010261523131376257,0.03390022580621003,1
2023-06-08,1141.081787109375,1148.9335976883085,1137.133121023714,1143.9805586437908,12071109,63.197599457847396,9.228448064294298,10.086444462947647,-0.8579963986533485,1153.3208878185214,1128.0544677734374,1102.7880477283534,1128.0544677734374,1098.9402697753906,1126.9491186754838,1110.3049450778442,1131.9521152842976,1122.7236672200033,1129.014850444563,0.0006003982174092037,0.010185006985688241,0.010341481914708186,0.0006003982174092037,0.00904223079185762,0.014777315475162478,0.024467789199303924,10763694.55,1.1214652128901224,0,4.563333265611391,5.111198518800393,14.829642364225217,0.012996125721883743,0.0125406446481821,0.027719269528582547,-0.01061205154473219,0.03472447807165064,1
2023-06-09,1133.001708984375,1145.144501301207,1131.1984746215855,1144.4369244051345,5877018,56.035828203810645,8.628587591161931,9.794873088590505,-1.1662854974285732,1153.215646048397,1127.999688720703,1102.783731393009,1127.999688720703,1101.4843237304688,1127.525555847759,1111.1950142506494,1132.1135912381558,1123.4850036469938,1129.176307513422,-0.007081068347842723,0.010384092235273892,0.012308919367935111,-0.007081068347842723,0.001048660636139953,0.010895260749451463,-0.00979456881941354,10709778.4,0.5487525306779457,0,5.291711403261388,5.389634016531318,14.728568527383134,0.012999599568641298,0.004856788485382544,0.019624543355633482,-0.017528323634254377,0.027401544592243286,1
2023-06-12,1134.0059814453125,1136.311281503828,1125.264025708016,1130.057315904061,6391969,56.57777297107142,8.140392857344978,9.4639770423414,-1.323584184996422,1152.9583273174508,1127.8832763671876,1102.8082254169244,1127.8832763671876,1103.7357641601564,1128.1427392380022,1112.0895619837734,1132.404728193103,1124.264335335758,1129.0316379614842,0.0008863821236755332,0.010379997664458965,0.009741796759953564,0.0008863821236755332,-0.005604287586143286,0.002785197498913705,-0.01446093166761564,10687709.7,0.5980672360515181,0,5.087706336581732,5.30179182777033,14.978014411676927,0.01320805591570792,0.005197252088215933,0.01970742304463687,-0.016438014647271813,0.02828937553180976,1
2023-06-13,1150.759521484375,1151.946463788879,1134.9647365494957,1138.959165682283,11248016,66.28944481373995,9.001600828469464,9.371501799567014,-0.36990097109755027,1156.1809011537348,1129.4136840820313,1102.6464670103278,1129.4136840820313,1106.226865234375,1130.2967184995614,1113.606030983797,1135.2285425456064,1126.226941717137,1130.0077916141706,0.014773766905276542,0.010803656277808766,0.014756973044618859,0.014773766905276542,0.0084811925703554,0.01673834078224279,0.00035718621307911924,10814249.05,1.040110686187683,0,6.407420223425106,5.836807918776685,15.263332690193026,0.013263703150163569,0.018103921430451846,0.03336322673087127,-0.0046890410176728264,0.043634161912747105,0
2023-06-14,1164.910888671875,1166.3488637759135,1149.0019986007082,1150.827933567815,13277380,70.11861629704843,10.702638064923576,9.637729052638328,1.0649090122852485,1161.9971437270506,1131.9826171875,1101.9680906479493,1131.9826171875,1109.122421875,1133.59330613502,1115.617986187251,1139.7950573342632,1129.0924192693396,1132.3801297792136,0.012297414814561813,0.011088713846003304,0.014891152056259495,0.012297414814561813,0.028163399432206804,0.02149584040389918,0.03317949419736155,11038169.7,1.2028606517980966,0,8.131836768366838,6.569238743346887,15.427997037751165,0.013243928945793234,0.027626823806530927,0.04418439205438766,0.002507531933752205,0.05711853052561236,0
2023-06-15,1165.23046875,1169.7954267696327,1157.4471223513988,1164.888030487722,11813494,60.848038017582624,11.938885728606238,10.097960387831911,1.8409253407743265,1166.4882228327165,1134.6873596191406,1102.8864964055647,1134.6873596191406,1111.1447021484375,1136.6063692412085,1117.5635737387315,1143.708197552069,1131.7693118234627,1134.9620001459587,0.00027433864790227247,0.008677340925438115,0.010597306498070376,0.00027433864790227247,0.02753467602074844,0.02116297176366233,0.03625301914896828,11102567.85,1.064032587740502,0,9.65725056572478,7.258628660887325,14.058514361058737,0.012065007514041404,0.025183828177824424,0.042652513137845204,-0.00107823984683028,0.05652800405809806,0
2023-06-16,1176.574462890625,1178.856942021871,1168.72265257123,1168.72265257123,24171579,62.735403908439345,13.676334163181082,10.813635142901747,2.8626990202793348,1173.2285718823016,1137.778985595703,1102.3293993091045,1137.778985595703,1113.3902099609375,1140.4128543506768,1119.877726254492,1148.764546065693,1135.0882119025118,1139.778440439752,0.009735408097244713,0.008900273043308577,0.008613385527459941,0.009735408097244713,0.02243295921023636,0.03845780069061733,0.049772069206443614,11908624.45,2.029754074577438,1,12.887298502917702,8.682712003842653,14.265566042494243,0.012124660607919703,0.03170922565629777,0.05062761345004969,0.0028518662846365337,0.06735288347390021,0
2023-06-19,1164.88818359375,1179.5874324568545,1160.7113056227922,1179.5874324568545,6798554,56.42270302682578,13.949488472420171,11.440805808805433,2.5086826636147386,1176.4496660318312,1139.9884399414063,1103.5272138509815,1139.9884399414063,1115.4531201171876,1142.7438380881122,1121.6428422285805,1151.245105685394,1137.2956172129739,1141.250167908232,-0.00993246043107543,0.009418604453877731,0.01620423925653383,-0.00993246043107543,-1.9490828307766606e-05,0.027232838850706598,0.03009388518427558,11876806.85,0.572422713096492,0,14.60109885011002,9.553280244807183,14.852482506850508,0.012750135777864711,0.019378223506929443,0.03855535803112311,-0.009827434842221578,0.055604401026628926,0
2023-06-20,1167.3074951171875,1170.457299404325,1157.2189687814275,1162.9480481347905,6921096,71.4566392900053,14.197523241101862,11.992149295264719,2.2053739458371435,1179.52408653853,1142.3291320800781,1105.1341776216263,1142.3291320800781,1117.4219921875,1145.0832339956432,1123.4336129300946,1153.7162425210545,1139.5187192799526,1142.4298386521903,0.0020768615885293773,0.007272152820044952,0.011340911180878334,0.0020768615885293773,0.0017825026232070051,0.014380044938900216,0.031359083813794264,11918259.95,0.5807136300966484,0,14.786515496081847,9.827581946297641,13.875904120224602,0.011887102737082642,0.01940842417541572,0.03905338213324669,-0.010357220815382932,0.05625861434252731,0
2023-06-21,1170.5943603515625,1173.1278723617306,1163.1534517577868,1167.2618659292657,6961603,74.79755889494061,14.492257414849973,12.49217091918177,2.000086495668203,1181.883010661069,1145.1605651855468,1108.4381197100247,1145.1605651855468,1119.6081567382812,1147.5128650771594,1125.2830540054463,1156.3128760334403,1141.8206186185903,1144.0935956671728,0.0028157664095569412,0.0071166161654795,0.008520817237619552,0.0028157664095569412,-0.005082638394488415,0.004878889651522833,0.026479605888719338,11860727.4,0.5869457045273632,0,13.919558942139474,9.665067818195212,13.711231250378628,0.011713050835355775,0.020114367321582127,0.04026658553581748,-0.00955141093295886,0.05607551701469661,0
2023-06-22,1157.4471435546875,1174.702723824018,1155.8494202932393,1166.8053921892115,7619166,67.88414718396089,13.509239744789511,12.69558468430332,0.813655060486191,1181.3065137122653,1147.3414794921875,1113.3764452721098,1147.3414794921875,1121.4263818359375,1148.4589868369242,1126.5443908505144,1156.4873787290167,1142.9781389842271,1146.3012408579953,-0.011231231964013988,0.007920310990603491,0.016288695026606126,-0.011231231964013988,-0.006387771928552333,-0.006679644417178721,0.014341966220291491,11667292.55,0.6530363378948615,0,11.852617595715628,8.980817111782926,14.01936879233928,0.012112318796073721,0.007826275749313813,0.02743145583534636,-0.020197442306992407,0.03958292675376909,0
2023-06-23,1147.9749755859375,1156.4885999942844,1146.719569774206,1154.4343325060674,6628570,58.400544397640296,11.829503216667717,12.522368390776201,-0.6928651741084835,1181.463441368454,1147.5297912597657,1113.5961411510775,1147.5297912597657,1122.9611254882811,1148.4128905273064,1127.3848059381783,1155.177778245466,1143.3482750287983,1146.9868004947277,-0.008183672162911604,0.008137188183150628,0.00850979370442471,-0.008183672162911604,-0.016561634027124295,-0.024307418023015614,0.013215572829969213,11367408.05,0.5831206173688821,0,8.000036176629692,7.507079683686243,13.854684563408616,0.012068803639501855,-0.0003813218616588945,0.018263657217399407,-0.02834490227114241,0.030871905140874525,1
2023-06-26,1139.210205078125,1148.271658359126,1136.0832218598148,1144.437098137329,12641159,53.37084215692056,9.679477198665154,11.953790152353992,-2.2743129536888382,1181.0556021769687,1146.9580322265624,1112.860462276156,1146.9580322265624,1124.2397729492188,1147.536444294051,1127.8485470809214,1152.7212285274136,1143.0417513287484,1146.535325326314,-0.007634983944958318,0.00846691251897075,0.010699023275055087,-0.007634983944958318,-0.026810444622347163,-0.022043298985493065,0.004589238256203609,11498950.8,1.0993315146630593,0,4.79260620593891,6.205704852340887,13.887294947352448,0.012190283132514673,-0.007255751446785875,0.010073744410638836,-0.035430505576293445,0.02367749030105286,1
2023-06-27,1139.62109375,1145.578264166708,1135.1474200849475,1139.666736088607,9689466,49.617827732107884,7.917453891164087,11.146522900116013,-3.2290690089519263,1180.6319670541739,1146.4216552734374,1112.211343492701,1146.4216552734374,1125.4175366210939,1146.7826013850938,1128.310215577748,1150.7058231770422,1142.7883692858782,1145.9816160322005,0.00036067853855548115,0.008218456295718659,0.009152905416516293,0.00036067853855548115,-0.015401178277516081,-0.023718173217424643,-0.009679196675259738,11416298.9,0.848739690934336,0,1.6993673894505719,4.876602647653499,13.73892287872429,0.012055693733708841,-0.00624486945166772,0.010024617357966779,-0.03473637377996902,0.024644372148933148,1
2023-06-28,1154.708251953125,1158.519990797568,1140.2600374666351,1147.1760589375283,11354006,55.877149939242564,7.650257892759555,10.447269898644722,-2.7970120058851666,1180.9730280112592,1147.7820190429688,1114.5910100746785,1147.7820190429688,1127.144462890625,1147.5374252487159,1129.345432690508,1151.3215814502857,1143.6713235575262,1148.0125480049942,0.01323874951584103,0.008952832962044887,0.01581347782008757,0.01323874951584103,0.005865351170874389,-0.013570976365943288,-0.008758298010573262,10628602.85,1.068250094602039,0,0.024560171556458954,4.062378685061731,14.245952906079538,0.012337274702924568,0.006248882647862174,0.022457981879108163,-0.022239945735563232,0.035992791540422196,1
2023-06-30,1164.1805419921875,1167.1021346662303,1156.511421596289,1162.423070452648,11151555,63.28797824953724,8.109358149059972,9.979687548727773,-1.870329399667801,1181.8176717657275,1149.7677856445312,1117.7178995233348,1149.7677856445312,1128.95447265625,1149.1224839861893,1130.711515408221,1153.2998830721167,1145.1905249230567,1150.2592410885065,0.00820318900730177,0.00883781284203352,0.009097139737293772,0.00820318900730177,0.02191898984292373,0.005817456524900733,-0.0009010464332767087,10456546.0,1.0664664029594475,0,0.6634971492651403,4.167124557706529,14.13508547989982,0.012141660996765462,0.013103962559120169,0.029599969689778207,-0.01492373163382194,0.04156920318504987,1
2023-07-03,1194.058349609375,1196.934300105854,1166.5087289327182,1167.7413136446191,12154387,70.53869565761951,10.760052596831201,10.135760558348458,0.6242920384827428,1188.1715222276218,1153.4311828613281,1118.6908434950344,1153.4311828613281,1131.4163623046875,1153.4020902360164,1133.1957049847367,1159.5704163855412,1148.81036378871,1154.355078700089,0.025664238955634522,0.010853660076239616,0.025480807686734205,0.025664238955634522,0.047767855612645294,0.04014318691913665,0.014859991670901351,10274233.15,1.1829970006082644,0,4.989199708709975,5.810899046558461,15.685549931175144,0.013136334531982064,0.03524899054503988,0.05370885572272625,0.004954526574342022,0.06737116563757332,1
2023-07-04,1181.7557373046875,1198.3037415268395,1174.6799673322105,1198.3037415268395,8061643,60.93400266803772,11.732780853863915,10.455164617451551,1.2776162364123635,1191.2072752180216,1155.9761535644532,1120.7450319108848,1155.9761535644532,1133.6052661132812,1156.1024375758898,1135.1000199776759,1162.9835426807945,1151.2507618269306,1156.9365638771371,-0.010303191890674523,0.01096261332403687,0.019990403641711472,-0.010303191890674523,0.02342365294940363,0.03734651606605377,0.014479976660850102,10131881.2,0.7956708967333728,0,8.5659932818387,7.2514728967544215,16.091499349108176,0.013616603534169571,0.022189469457903264,0.04110273676845608,-0.007934419231618759,0.05443763180442448,1
2023-07-05,1179.8155517578125,1190.9997357239995,1175.8440646341217,1190.9997357239995,10248062,55.753313247618784,12.206410346616167,10.805413763284474,1.4009965833316933,1193.2147501910417,1158.3761901855469,1123.537630180052,1158.3761901855469,1135.6731958007813,1158.3608294027395,1136.8535702435636,1165.5730825387973,1153.366672192181,1159.1645476044364,-0.0016417822106792324,0.010577335477530574,0.012845797012335817,-0.0016417822106792324,0.013430055907711624,0.0352700193320834,0.01071530568675838,10269618.85,0.9979009104120744,0,11.578228017645642,8.543354665815514,15.934985485870502,0.01350633619138932,0.01852162280568075,0.03779025077525559,-0.011229494465337383,0.050089930293426566,1
2023-07-06,1204.5804443359375,1207.1824197013011,1175.958111582341,1175.958111582341,19117987,62.77792091963135,14.413930179402087,11.527117046507998,2.8868131328940887,1200.9775960417342,1161.5853576660156,1122.193119290297,1161.5853576660156,1138.071630859375,1162.7626974916154,1139.5095260903233,1171.5742151229726,1157.1602849435706,1163.5211391342536,0.02099047816519084,0.011846877025566093,0.025921314151977227,0.02099047816519084,0.008812044009411046,0.04319029702823762,0.029033186162086055,10709890.95,1.7850776529148507,1,15.225272242899564,10.164093399815329,17.2832714644938,0.014347959528781611,0.03596412830798058,0.05710432142579237,0.0029999296457135084,0.07341635198916939,1
2023-07-07,1202.2294921875,1216.5406584496827,1199.6730384312104,1202.8686056265724,13375267,58.84757481662098,15.791666855021276,12.380027008210654,3.4116398468106226,1206.7338778380292,1164.6427429199218,1122.5516080018144,1164.6427429199218,1140.5504052734375,1166.5214398436044,1141.969132603938,1176.2904115944384,1160.4987447394171,1167.350824650087,-0.0019516771665121224,0.011704156871107707,0.014030283010094052,-0.0019516771665121224,0.01732486184455384,0.03268303224704461,0.03869062089114439,10775098.85,1.2413126957067313,0,17.398955857415103,11.257617195717103,17.514781946393896,0.014568584500888526,0.030610712434640693,0.052768816479439505,-0.0037327083736136057,0.07097926154817533,1
2023-07-10,1248.541015625,1258.1046546175523,1221.1284462814797,1227.4736968882496,33240016,73.28752971752549,20.385494702956294,13.981120547159783,6.404374155796511,1224.292269081794,1170.4197082519531,1116.5471474221122,1170.4197082519531,1143.8189208984375,1174.3328280132612,1146.1484221341757,1187.4058891376017,1167.0203944346454,1178.3965183263706,0.03852136695901098,0.014787820196432171,0.029615533549422843,0.03852136695901098,0.058251023869615226,0.04562814374477475,0.08760298976703096,12143248.75,2.737324803628024,1,20.930737777244758,12.952717149438968,20.157570203250334,0.01614490028840564,0.06319178502169985,0.08933624259602005,0.019806338041644438,0.11821611698855325,1
2023-07-11,1262.0760498046875,1264.495455649915,1249.7050458386786,1256.6894093813987,20069348,74.84437543442391,24.832052071621547,16.151306852052137,8.68074521956941,1241.7774938522261,1176.8232116699219,1111.8689294876176,1176.8232116699219,1146.9614428710938,1182.6893253267303,1150.6946036114507,1198.8936061633071,1174.0615540916856,1185.8427618652672,0.01084068045046327,0.014836960345812182,0.011719111390732078,0.01084068045046327,0.047730814275709355,0.06796693256018549,0.10785177676505864,12827117.7,1.5646030908408988,1,26.58688775084056,15.594583633774846,20.35157801768014,0.01612547676570651,0.06712390378261489,0.09679496700833266,0.01634637127259525,0.13509426905767555,1
2023-07-12,1263.468505859375,1279.103541836806,1260.683840337917,1262.806571231475,18733835,74.59200527508331,28.143914856885658,18.549828453018844,9.594086403866815,1256.7744231563643,1182.4586608886718,1108.1428986209794,1182.4586608886718,1149.9441918945313,1190.3825806155537,1155.1171095819575,1208.8282061165482,1180.6842912596626,1193.3565814278295,0.0011033059813654322,0.01486952013143056,0.01457867878262662,0.0011033059813654322,0.050937873400899836,0.07090341704423841,0.10867420126618299,13201408.65,1.4190784859917203,0,32.02175121281425,18.26353933839391,20.954812367319082,0.016585148161699703,0.06139700499147773,0.09380122186626635,0.005326399534929012,0.14016748871620208,1
2023-07-13,1252.1702880859375,1277.734103452716,1249.54549133918,1270.8410235059798,14682934,75.32962341063936,29.51666844339252,20.74319645109358,8.773471992298937,1266.8275924717143,1186.821630859375,1106.8156692470359,1186.821630859375,1152.8922509765625,1196.2671241841617,1158.9231165821136,1215.4962187272235,1185.979550283831,1198.697116103126,-0.008942223506990254,0.014681973292972599,0.02251180401079873,-0.008942223506990254,0.002906810761936107,0.03950740191223634,0.0844040353638773,13271686.35,1.1063352171519636,0,33.5044266925463,19.413590491790274,21.62162012323032,0.017267316058330245,0.046731338487548076,0.08046018771187141,-0.01157008615290645,0.13132685313154813,1
2023-07-14,1251.1202392578125,1260.3414396091937,1243.9988277461352,1255.365580017741,15124144,78.88271028484625,30.1720507662651,22.628967314127888,7.543083452137214,1275.3511428808022,1191.1161193847656,1106.881095888729,1191.1161193847656,1155.5645825195313,1201.4912303816523,1162.5386900203762,1220.9768372703911,1190.804786504126,1203.2050139859136,-0.000838583088990319,0.014271918230532294,0.01306238309497189,-0.000838583088990319,-0.00868078476615608,0.04066673408697863,0.07467887851557009,13437218.85,1.125541242487094,0,34.969790538047846,20.5695574164381,22.02269427198582,0.017602380315620253,0.04130617654229207,0.07619664618291863,-0.018999397740967375,0.1303113260356768,0
2023-07-17,1276.6842041015625,1285.060901535764,1245.3228457945552,1253.9963391795925,22220040,85.1851412139545,32.38097655358706,24.579369162019724,7.801607391567337,1288.2464079008278,1196.1216064453124,1103.996804989797,1196.1216064453124,1158.8052563476563,1208.6524659740246,1167.0149846902266,1229.5472013982637,1197.1662248446767,1211.267622328575,0.020432860121354146,0.014141010831016406,0.031125986844314123,0.020432860121354146,0.01045985569161334,0.022540860191504697,0.06919750154522841,13339641.9,1.6657148794976273,1,34.31963796076343,20.866562556050894,23.99052421783566,0.018791275196138615,0.05628726208961375,0.0939741313094164,-0.008975149263645645,0.15642019825715112,0
2023-07-18,1287.52587890625,1295.286283587151,1274.995004828538,1285.9509768018002,25867313,85.93605967889849,34.607465385012574,26.584988406618297,8.022476978394277,1301.6626558427727,1202.2534912109375,1102.8443265791022,1202.2534912109375,1161.9874926757811,1216.1642195866175,1171.740902110463,1238.466997937954,1203.8595325529413,1219.0438700764316,0.008492056821770566,0.013957280845608837,0.01575989973564685,0.008492056821770566,0.02823544940868783,0.02016505194397822,0.0895025412297128,14293079.85,1.8097788070497627,1,33.47489425988715,21.04629849901221,24.69484098046798,0.01918007349215084,0.05867765074020088,0.09881448756055436,-0.010860553518276736,0.16745931214064358,0
2023-07-19,1297.294921875,1303.7543992835303,1276.8210735612868,1291.8854597114334,39122156,85.56296947613527,36.736775271699116,28.61534577963446,8.121429492064657,1315.283983679775,1208.752862548828,1102.221741417881,1208.752862548828,1165.2952685546875,1223.8909531378922,1176.6645891600526,1247.5174477744226,1210.7806725027235,1229.2703854732172,0.007587453680580669,0.01390199913459508,0.02076114325901811,0.007587453680580669,0.03690667065267772,0.026772662601999064,0.09957435290809191,15903132.85,2.460028245315199,1,33.508372522338504,21.547479578095135,25.26872874294481,0.019478014071328927,0.05997590598158264,0.10251887736424348,-0.013676941275029407,0.17698179334239936,0
2023-07-20,1295.7239990234375,1301.2137583797864,1276.0149599670335,1276.0149599670335,38717624,84.15482958147177,37.86106951075408,30.464490525858388,7.39657898489569,1326.6782299106962,1215.009344482422,1103.3404590541477,1215.009344482422,1168.41595703125,1230.7321956031824,1181.3335856252834,1254.9338402742712,1217.0727707635172,1237.3010623143036,-0.0012109219153436657,0.014139970361646693,0.019447658939515496,-0.0012109219153436657,0.014913472619702217,0.0347825781779858,0.07566414938584343,17490933.9,2.213582431982091,1,34.46507141902066,22.41046904316977,26.183365578633925,0.020207517649104154,0.05280742931113669,0.09683159337047624,-0.02333213147647896,0.17436462008672554,0
2023-07-21,1255.6134033203125,1293.2755748788927,1248.1205739980844,1290.3576048302098,30249238,65.17613634653641,35.110756000809715,31.393743620848653,3.717012379961062,1329.544456692728,1219.917657470703,1110.290858248678,1219.917657470703,1170.8832543945311,1233.1018344333854,1184.2465196525395,1255.0383884352007,1219.927632434391,1241.1318924392426,-0.030956126253241845,0.01652371690634829,0.03596250307730194,-0.030956126253241845,-0.024785890605202532,0.0035913127463795824,0.04440409379383836,18622437.5,1.6243436445953974,1,31.610604051733162,21.70782963216334,27.24405607232583,0.0216978060287365,0.018256050115496927,0.06026353675813392,-0.05560630409931591,0.13088691489440854,0
2023-07-24,1230.216796875,1243.8424839995955,1221.2649818512405,1227.0515368964086,23727866,61.22323550381908,30.529889277998564,31.220972752278634,-0.6910834742800702,1328.3347705656,1224.0297485351562,1119.7247265047124,1224.0297485351562,1172.80564453125,1232.8270689516346,1186.0492756220478,1251.2196820413235,1220.689792763325,1242.1059315176203,-0.020226453762084984,0.017363185843722234,0.018352458042929086,-0.020226453762084984,-0.05170614936428719,-0.0363969469327482,-0.014676505233452208,19477402.3,1.2182253893272,0,24.174602977609993,19.03429093182126,28.010102306214613,0.022768427790423564,-0.0021173059404465473,0.03723919584183178,-0.0738653958812067,0.0986778873011005,1
2023-07-25,1229.425537109375,1239.0203294862108,1226.556952345633,1233.4810641733905,12026020,61.550787882508565,26.529851730071186,30.282748547837148,-3.7528968177659614,1324.9012660176138,1228.5405151367188,1132.1797642558238,1228.5405151367188,1174.667470703125,1232.5031135380862,1187.750305484296,1247.8667366671775,1221.3368849371063,1245.0632115953879,-0.000643187255803146,0.01734462839575403,0.010137561620756467,-0.000643187255803146,-0.051167117352175606,-0.0451255720360596,-0.025870479596190155,19446645.35,0.6184110309802096,0,16.338893951468663,16.009403373833038,27.817795595550333,0.022626661604049258,-0.00249701310682819,0.035087536018848925,-0.07206252371938598,0.08589251983095669,0
2023-07-26,1249.4063720703125,1259.6936470475673,1229.029726310642,1229.029726310642,12911012,60.67471386927346,24.68749744604247,29.163698327478215,-4.476200881435744,1321.125253698723,1234.0297790527343,1146.9343044067455,1234.0297790527343,1177.2525708007813,1234.1129476840124,1190.1681904484535,1248.1036036522753,1223.4161062062328,1247.6885538436725,0.016252171732105358,0.01701139988232334,0.024542792018992243,0.016252171732105358,-0.004943425447344163,-0.03691415806628873,-0.011129785763435263,19607722.65,0.6584656581726996,0,10.221994546120186,13.503601288400887,27.777767925404987,0.022232772736204474,0.012392240446873504,0.04977294982109892,-0.054286208993145006,0.08934432187602145,0
2023-07-27,1237.7838134765625,1255.06933898356,1231.6758304667376,1253.2889256301971,17226898,58.10873338155237,22.035562806392818,27.738071223261137,-5.702508416868319,1316.868557050335,1238.1835571289062,1159.4985572074772,1238.1835571289062,1179.7376025390624,1234.4625539499696,1192.0354697828893,1246.5159436252427,1224.4803808188499,1250.1745922952325,-0.009302464637258923,0.017278923913068157,0.01889951077249685,-0.009302464637258923,0.006150961863619742,-0.04471645627505816,-0.011489231733302074,19901367.25,0.865613793444267,0,3.7303583467871704,10.701884157605946,28.24390281814429,0.022818122608030927,0.0026904497961203803,0.03837834095826488,-0.06005515368285136,0.06751647579245511,0
2023-07-28,1250.2225341796875,1257.6412248805652,1236.7204929547063,1242.4081558253793,20827852,50.453577085055166,20.698981332199537,26.33025324504882,-5.631271912849282,1313.1325075387933,1242.4856567382812,1171.8388059377692,1242.4856567382812,1182.5193408203124,1235.963504448038,1194.317315445509,1247.0861883259263,1226.3872069937267,1252.4688542928789,0.010049186754339967,0.014052155014905822,0.016733606501170395,0.010049186754339967,0.016916028212013767,-0.004293414777486015,-0.0007175210263223875,20385182.1,1.0217152781774756,0,2.8616700146526455,10.07079579296942,25.747157782130476,0.02059405991991981,0.011536772469683312,0.046809351259656296,-0.04790832075052206,0.06688951402252924,0
2023-07-31,1260.8065185546875,1263.1062644351005,1245.3261593927457,1250.222567835286,8551174,49.65201330379908,20.260222733248384,25.116247142688735,-4.8560244094403515,1313.061568029336,1245.823065185547,1178.5845623417579,1245.823065185547,1185.4406323242188,1238.3295057915286,1196.9247351752808,1249.1970083611204,1228.936785627872,1254.5565413518286,0.008465680377409468,0.01392744725019201,0.014102167763803125,0.008465680377409468,0.009124450410385343,0.024865309722149398,-0.012436658569022208,20205021.45,0.42322023865013025,0,5.502436839894017,10.875459553232986,25.87756242623332,0.020524610275570114,0.018151075830815957,0.053371595975958884,-0.0397963437107323,0.06976330663076127,0
2023-08-01,1242.9769287109375,1265.628689467438,1239.0697997346808,1263.6503718598296,9536632,44.847427473797744,18.26327680370514,23.74565307489202,-5.4823762711868795,1309.0433932536187,1248.8841247558594,1188.7248562581,1248.8841247558594,1187.8861889648438,1238.7721174981389,1198.7307035492283,1248.240073030323,1229.9767962266178,1255.8154848840663,-0.014141416292952513,0.014423255051844781,0.02136716226929561,-0.014141416292952513,0.004195494542612588,0.011022539545928467,-0.034600430892431255,20278770.9,0.4702766280573741,0,6.269003960052714,10.980398064932388,26.45893301436677,0.02128674507402701,0.0033943379523998277,0.03691089669323057,-0.05046927006634471,0.045638881165161745,0
2023-08-02,1229.697509765625,1242.383422770223,1218.4458286875906,1240.998576334311,12748214,44.405002938864925,15.431262648981829,22.082774989709982,-6.651512340728154,1303.0128733361005,1251.37822265625,1199.7435719763996,1251.37822265625,1190.0702661132811,1237.9078691426614,1199.9450881067341,1245.3873709896002,1229.9561083406184,1256.8627183682531,-0.010683560280627447,0.01450364750191308,0.019466245879602342,-0.010683560280627447,-0.016417096839107637,-0.015774581229347495,-0.05210643391070657,20403778.5,0.6247967257633188,0,3.7949214586490143,9.776897658280632,26.197682150781834,0.021304167848380046,-0.0066324478434107255,0.024794819324469287,-0.05626603164922411,0.024966950012393668,0
2023-08-03,1224.529052734375,1236.893537376658,1215.700883147937,1224.2323775511124,10168350,43.512687537486656,12.62429472869735,20.191078937507456,-7.566784208810105,1300.8798037121703,1252.3756530761718,1203.8715024401733,1252.3756530761718,1192.281533203125,1236.633696151396,1200.9091651509555,1242.1783989503347,1229.5541042216373,1258.9887564195715,-0.004203031225325504,0.014525153731032532,0.017306779436059776,-0.004203031225325504,-0.02877322197056753,-0.010708461847597439,-0.054946073656674366,19956296.65,0.5095309103856202,0,2.1711422014263917,8.873695368066137,26.54411374832916,0.021676997935701173,-0.009788382327517485,0.01966833817980771,-0.05869162605178588,0.017159265131145702,1
2023-08-04,1241.1717529296875,1244.3617658987637,1222.4024889169664,1235.8550243989196,22885610,40.94191978319243,11.60885953916977,18.474635057839922,-6.8657755186701515,1297.1447106361109,1254.3227661132812,1211.5008215904516,1254.3227661132812,1194.8283911132812,1237.0658920350427,1202.488090161886,1242.0235303317736,1230.4146707926038,1259.4296447366075,0.013591102765711627,0.013831347592558415,0.017692375716708158,0.013591102765711627,-0.001452300311898913,-0.0072393362002057815,-0.011501669504670686,20431813.8,1.1200968364345607,0,1.102387587004614,8.170774716377082,25.27420097979976,0.02036317771504388,0.0033190316870594897,0.03216968474306773,-0.04315089692573668,0.024491053419414207,0
2023-08-07,1248.244384765625,1250.494624650405,1238.9215138972052,1246.834785043854,5982870,39.784135844954704,11.245194513897331,17.028746949051406,-5.783552435154075,1297.1385154111038,1254.3079345703125,1211.4773537295212,1254.3079345703125,1196.9091040039064,1238.1305103903362,1204.2824546561503,1242.9805848600583,1231.735390346161,1260.6847727133375,0.005698350626529347,0.01368893822190329,0.009271510366435903,0.005698350626529347,0.0150824693493401,-0.009963569829463559,0.014653992642938096,19068956.5,0.3137492080387304,0,-0.19899540119240555,7.357719480869491,24.65147469369882,0.019748916954533284,0.008168665815448051,0.0365046671065442,-0.037693839219616936,0.030348921441178327,1
2023-08-08,1240.7264404296875,1253.486611833248,1236.225840784307,1250.2965991690858,9844072,35.11404527118316,10.232399353180199,15.669477429877166,-5.437078076696967,1296.3193332586134,1253.2404541015626,1210.1615749445118,1253.2404541015626,1198.7107250976562,1238.3777418226553,1205.711630568838,1242.633793409232,1232.401394056052,1260.3325827852816,-0.0060228144646122805,0.013427048699737706,0.013911826561029267,-0.0060228144646122805,0.013227442549561097,-0.0018105631965220637,0.00919201934497238,18557692.7,0.5304577545892869,0,-0.39437567548361585,6.98092701960968,23.960577931320067,0.01931173315128358,0.0018965930408078977,0.029040783030623983,-0.0428851837680918,0.025256846786411265,1
2023-08-09,1248.911865234375,1250.7912910864598,1227.1009863432985,1238.8472469851745,11486586,38.09582937288177,9.975258691987165,14.530633682299165,-4.555374990312,1295.3551256565222,1252.5126220703125,1209.6701184841029,1252.5126220703125,1200.6819897460937,1239.3809916713906,1207.405757418467,1243.5996506131,1233.6243919211129,1259.3804338783139,0.006597284089354005,0.013671286366756609,0.018968756245033733,0.006597284089354005,0.006236133143070255,0.015625269886422766,-0.00039579343197848615,18195330.25,0.6312930758703871,0,1.4731225287291636,7.460669311732772,23.852828383492092,0.019098888438389357,0.007690027220872079,0.03437627124178334,-0.03585368946497082,0.032440039768402214,0
2023-08-10,1254.475830078125,1261.177404750792,1240.6276075945868,1248.788167272386,15470598,49.64905766390427,10.103966096628255,13.645300165164983,-3.5413340685367274,1295.4789306166238,1252.6278991699219,1209.77686772322,1252.6278991699219,1203.2214868164062,1240.8185953291747,1209.2516426208065,1245.2729089923346,1235.1689428957063,1259.0537600778555,0.0044550500308568886,0.011029554031327613,0.016381182214507375,0.0044550500308568886,0.004992167710548223,0.02445575078588691,0.013485405464044309,18234713.45,0.8484146483804493,0,4.184899177778789,8.34247746985102,21.920426392838667,0.017473773401814788,0.01100663287958475,0.03739849164835891,-0.03165092041981883,0.036948104685641504,0
2023-08-11,1259.767822265625,1265.55449762201,1242.5565564009414,1252.4975295128647,22179330,60.407527338449924,10.511813541471156,13.018602840426219,-2.506789298955063,1296.0216273754506,1253.0602783203126,1210.0989292651745,1253.0602783203126,1205.9275390625,1242.6232836088366,1211.2326692735446,1247.502895649764,1236.9910821082929,1259.163446967966,0.004218488758902961,0.009396668664648281,0.018255698244227354,0.004218488758902961,0.015346962243621753,0.014982672053277746,0.0076348712529010765,18587472.75,1.1932407540449521,0,5.557391573793893,8.744579111658595,21.109677803695572,0.01675680028541366,0.013797052479973752,0.04007087508726964,-0.027973148243862676,0.041045316047516545,0
2023-08-14,1274.6546630859375,1277.1523130180672,1248.81289137336,1255.737002454242,9575812,64.4904711435801,11.899113644418549,12.794705001224685,-0.8955913568061362,1295.6941922908254,1252.9588012695312,1210.223410248237,1252.9588012695312,1209.00482421875,1245.6738911780844,1213.7198062857954,1251.6800906399444,1239.7809769955259,1258.7589864197678,0.011817130551516453,0.009737701842462655,0.02223301923683201,0.011817130551516453,0.020612181346144398,0.021157938816020794,0.01098356038571624,17955261.35,0.5333150998662572,0,7.5433807877482195,9.437351629645036,22.243680982561955,0.01745075087923032,0.023265135532739453,0.050205044429994065,-0.01623803620489292,0.053239139395332376,0
2023-08-16,1273.6160888671875,1277.3996937112483,1261.672044700447,1261.672044700447,10203112,58.82775013130837,12.767578019369694,12.789279604853688,-0.021701585483993924,1293.0378042556436,1252.2633117675782,1211.4888192795129,1252.2633117675782,1211.86001953125,1248.3350528627611,1216.0686801125166,1255.0548595979817,1242.287281578612,1257.072657846149,-0.0008147887022478262,0.008936200256465137,0.012348814645385177,-0.0008147887022478262,0.015257574781548877,0.026508380385695363,0.024649822091247664,17172051.3,0.5941696668469654,0,9.957311040105878,10.357049543678613,21.176804430695956,0.016627305995742858,0.020251803349149167,0.047322498881680185,-0.015020222397624678,0.051281752335628206,0
2023-08-17,1255.2425537109375,1275.0752365265755,1252.695518025622,1269.6348629683328,13673744,56.0673808388497,11.836804249167699,12.598784533716492,-0.7619802845487929,1285.0734154235274,1250.160693359375,1215.2479712952227,1250.160693359375,1214.32857421875,1248.992910086397,1217.6049104497095,1255.0837356153595,1243.2469313661918,1252.8679624169488,-0.014426274382724147,0.009496022049397639,0.017828999211977923,-0.014426274382724147,-0.0035921448974216563,0.0050689633534504175,0.020773437160315433,15899630.7,0.8600038741780336,0,9.611918415006357,10.199153031242531,21.10439085813388,0.016812998249415536,0.005003746277557539,0.030911211788171078,-0.023213352135806522,0.03291063499829441,0
2023-08-18,1264.5406494140625,1274.827925208279,1240.6771930744892,1251.9041214413387,18639978,55.086973039832216,11.714401616362466,12.421907950245686,-0.7075063338832202,1277.1521808354146,1248.6015258789062,1220.0508709223977,1248.6015258789062,1216.8114453125,1250.4736471652222,1219.4455276639978,1256.5386454305446,1244.8242438141822,1248.3614876817248,0.007407409568482626,0.009328050559101379,0.027006432849441413,0.007407409568482626,-0.007934708878237662,0.008023127344996883,0.032675089733756435,14895748.4,1.251362301473889,0,9.655051836047505,10.193885043191358,22.04939087298609,0.017436680175685056,0.01124933922496458,0.03698002143355274,-0.009874728799431397,0.036465511030723714,0
2023-08-21,1250.74267578125,1268.3374245054663,1248.5836072167706,1260.6443643964944,9221746,46.50432703111816,10.384311610078612,12.014388682212273,-1.6300770721336608,1276.7394008237454,1248.3579895019532,1219.976578180161,1248.3579895019532,1219.0046630859374,1250.4992689381772,1220.6728668058508,1255.6469577921916,1245.262646182113,1246.7212614276643,-0.010911451236625624,0.009546802650823047,0.015793670169890778,-0.010911451236625624,-0.01795942536049633,-0.007164134791237786,0.007711199379917488,13844373.8,0.6661006220447471,0,7.875985329340665,9.440197532306229,22.1903703191533,0.01774175515782457,0.00019464772920614614,0.024633798123229512,-0.020361809955674964,0.02521859693977312,0
2023-08-22,1250.44482421875,1259.6517042081298,1240.319812990251,1249.204008079304,7713044,52.9537126000029,9.200118328259805,11.45153461142178,-2.2514162831619746,1276.4402132688178,1249.3693908691407,1222.2985684694636,1249.3693908691407,1221.353525390625,1250.4940837268034,1221.8403945475332,1254.8466295501237,1245.6465112218639,1248.1817755466855,-0.0002381397614932279,0.008708276785841558,0.01546001138431434,-0.0002381397614932279,-0.0038221533184991108,-0.018993253285227496,0.0017628274398671095,13043632.7,0.5913263718319821,0,4.820192548718978,8.120588261737794,21.674156139519123,0.017333156745289142,-3.9392036071537255e-05,0.02341093795790695,-0.02036553594899413,0.023027316300084158,0
2023-08-23,1251.8345947265625,1262.0838090060652,1249.228880766707,1252.8272476636505,9517952,59.66467525407831,8.27835179950057,10.816898049037539,-2.538546249536969,1275.8883576092535,1250.48984375,1225.0913298907467,1250.48984375,1223.71009765625,1250.6217514410662,1223.016637691809,1254.3832395772681,1246.1048877777675,1249.178882957847,0.0011114208967042405,0.008095943157337571,0.010268871217899163,0.0011114208967042405,-0.01004796065147251,-0.017102087772775,0.008952943964850135,12918229.3,0.7367845684547494,0,2.2866985783050495,6.947957579292279,20.840143869234208,0.01664768169614797,0.0009697922526125781,0.023563013083077535,-0.018852560836719823,0.021829609093879362,0
2023-08-24,1230.7904052734375,1260.6195534341234,1226.4227081001463,1260.6195534341234,14140020,52.40079794130395,5.7830910949583085,9.810136658221694,-4.0270455632633855,1276.4456206521293,1249.5590454101562,1222.672470168183,1249.5590454101562,1225.3107153320314,1248.733051806054,1223.321491322461,1250.7535727612942,1244.970481666336,1248.795511585402,-0.016810678936159063,0.009358579060191751,0.027784458822117455,-0.016810678936159063,-0.015952338473898875,-0.019480018714479463,-0.014509798862017198,12979679.7,1.0893966821076486,0,-0.2598582803429963,5.716580872751592,21.769014662466784,0.017687020120725178,-0.014368680725368664,0.006105438352842353,-0.03576745819799731,0.006639501013822447,0
2023-08-25,1225.1075439453125,1243.2978613921046,1212.32713678729,1218.9778633049934,22222400,43.27529009694767,3.3088769202679487,8.509884710630946,-5.201007790362997,1277.5237343069139,1248.9252319335938,1220.3267295602736,1248.9252319335938,1226.5146484375,1246.4830034383644,1223.3915326017886,1246.808029866528,1243.49915294626,1247.4318228994048,-0.004617245392697478,0.008621317027560183,0.025280004810905768,-0.004617245392697478,-0.02026261357774639,-0.0311837389229217,-0.023410802686396504,13229454.8,1.6797668789797746,1,-3.9906437268577974,3.9460049377908035,22.412689492682293,0.018294466966144788,-0.01714861689576894,0.001402667337311397,-0.04102952372155994,0.003917651125089721,0
2023-08-28,1212.897705078125,1232.87484375,1206.6192242506277,1226.9189266304347,12580826,35.81353191906325,0.35867779205636907,6.879643326916031,-6.520965534859662,1279.8631803916337,1247.0589904785156,1214.2548005653975,1247.0589904785156,1227.4679931640626,1243.2844035945323,1222.980009953802,1241.5910568221582,1241.2323790301018,1245.8990621479516,-0.00996634044703304,0.00871571529354709,0.021647018861892596,-0.00996634044703304,-0.031103861334765615,-0.03025799905602955,-0.03720536146351683,12817103.5,0.981565452756155,0,-7.214865343644988,2.3071431479511375,23.461440117408902,0.019343296651631234,-0.024440665730668294,-0.008244047158266994,-0.05232237034353743,-0.001117636501532163,0
2023-08-29,1201.2838134765625,1217.7121468384466,1195.228533637356,1217.0173382536789,16876644,34.67352367508329,-2.883283564838848,4.927057948565055,-7.810341513403904,1282.032323955874,1244.0828552246094,1206.1333864933447,1244.0828552246094,1227.9621801757812,1239.2843473928208,1222.1291787194004,1235.389942461297,1238.273226026136,1242.9349362635844,-0.009575326553045493,0.008891340259762221,0.018716320780201214,-0.009575326553045493,-0.023973693384715444,-0.03931481804717152,-0.05756135503536641,13233377.0,1.2753089404163427,0,-11.209736333982619,0.28878417186729166,23.834500271133884,0.0198408569263544,-0.030663288853928463,-0.01705659729414252,-0.06298476954945391,-0.004020760117487177,0
2023-08-30,1200.142333984375,1212.525656094156,1198.628513903965,1207.066064519438,12168946,29.951826575672428,-5.4814820396763935,2.8453499509167655,-8.32683199059316,1284.6853502106933,1241.9411254882812,1199.196900765869,1241.9411254882812,1228.6672631835938,1235.5565365920165,1221.2669495141054,1229.9672334648476,1235.448715504524,1240.9273104375231,-0.0009502163263850338,0.008534094135975877,0.01157957835222215,-0.0009502163263850338,-0.020377974231176488,-0.04129320355895627,-0.05768909134004696,13364992.7,0.9105089896532454,0,-15.065214849049653,-1.749688177703547,23.134988660207423,0.019276870755322112,-0.028662551294757446,-0.017297295679814334,-0.06580834459772808,0.000788388644018481,0
2023-08-31,1194.6578369140625,1203.5917135507275,1191.133870437995,1202.599060591098,21638600,25.39394968009006,-7.8921503313868016,0.6978498944560521,-8.590000225842854,1287.6576707388372,1240.189141845703,1192.720612952569,1240.189141845703,1229.2142700195313,1231.6614223369731,1220.223454902339,1224.5350186108808,1232.4271689422676,1237.9398029904212,-0.0045698721851635815,0.008280415461653248,0.010427959142604791,-0.0045698721851635815,-0.015038257626918017,-0.029357206722250728,-0.04826534650037584,13809512.0,1.5669344434473862,1,-17.07162946908079,-3.098036420122071,22.556991942816516,0.018881550219503686,-0.030043634355860136,-0.020951587092974396,-0.07222403588945567,0.0016242059879371252,0
2023-09-01,1197.4619140625,1203.9141576589248,1192.0023233270636,1194.4343955405525,18112842,23.835003813945093,-9.467224458847113,-1.335164976204581,-8.132059482642532,1289.6123583974663,1238.8357849121094,1188.0592114267524,1238.8357849121094,1229.75162109375,1228.4043263108329,1219.3308454576393,1220.3699256034377,1229.8371500622848,1235.8182837087365,0.002347180139612881,0.0081613214082228,0.009947568429503702,0.002347180139612881,-0.0031815124545812035,-0.02256588004819815,-0.05304593045913086,14206736.6,1.274947407696712,0,-18.07867712753159,-4.0606871441493695,21.76512716501598,0.018176049617457793,-0.02518911044644372,-0.01793519082749967,-0.07145592529019872,0.0079143383977098,0
2023-09-04,1196.494140625,1202.921543874001,1193.8140262826475,1197.4619529612137,9347626,12.831821933886957,-10.670569596927635,-3.202245900349192,-7.468323696578443,1290.7640208168493,1236.601904296875,1182.4397877769009,1236.601904296875,1230.5325610351563,1225.3652610074203,1218.4352884053787,1216.6967279144474,1227.367297511375,1234.4894361863037,-0.0008081872384706479,0.006933639545176546,0.007611836349316323,-0.0008081872384706479,-0.003039800577039342,-0.013524276931555779,-0.04337305842895689,13529837.4,0.6908897515649375,0,-17.919142587111992,-4.54472154842324,20.39141973263356,0.01704264069524144,-0.02356123622982766,-0.01800764307236547,-0.07303417098052625,0.011885893043672576,1
2023-09-05,1202.89697265625,1208.033879307401,1197.362859390741,1201.1101487589583,8675876,18.00290957453271,-10.980992211484363,-4.7579951625762265,-6.2229970489081365,1290.2140022668823,1234.3345336914062,1178.4550651159302,1234.3345336914062,1231.6310009765625,1223.2254240215943,1217.8259426897268,1214.5736886439554,1225.5546808554398,1233.2327839036334,0.005351327527525873,0.007367158863979465,0.008871100484271885,0.005351327527525873,0.006896648971449482,0.0013428626620872741,-0.038024749786306544,13664487.7,0.6349214248259011,0,-16.058923371226456,-4.303236029673599,20.09228328060497,0.016703245362931603,-0.016618728621998837,-0.012258705870975514,-0.06767639279779779,0.020740635993545774,0
2023-09-06,1205.4281005859375,1209.125708635972,1199.745186611218,1201.6560920331103,8200370,23.689436316417925,-10.897147961130713,-5.9858257222871245,-4.911322238843589,1289.8121718164566,1232.5696166992188,1175.327061581981,1232.5696166992188,1232.9553588867188,1221.530440837246,1217.3397528033038,1213.166675096568,1224.0638230576988,1232.0021157715678,0.002104193449001812,0.006884548624328268,0.007781900903251024,0.002104193449001812,0.00665255940910181,0.004404283102000139,-0.0370707874156182,13582302.6,0.6037540350485197,0,-14.026095754770495,-3.9271967108015815,19.163769246590714,0.015897894894996677,-0.013182103133076134,-0.009784985818409359,-0.06542353458463654,0.025610776768332608,0
2023-09-07,1207.06591796875,1210.1679582595823,1196.6430625915527,1201.9537313347682,13652572,16.970815976923276,-10.576621900132068,-6.903984957856114,-3.672636942275954,1288.261288063904,1230.4773193359374,1172.6933506079708,1230.4773193359374,1234.3042553710939,1220.1528672307227,1216.936857319596,1212.2280970769039,1222.804718977036,1230.206432379342,0.0013587018437817289,0.006360039164125106,0.011204769736841917,0.0013587018437817289,0.008835628178026633,0.010386305326334222,-0.019275814308462036,13690601.9,0.9972221893326692,0,-11.50855510625047,-3.2865975827430702,17.69049521332212,0.01465578221535049,-0.01072566365530494,-0.008111299523450594,-0.06302709772268364,0.02931078899949339,0
2023-09-08,1215.1064453125,1218.9778160313297,1202.5742018862825,1211.0365924741222,23109288,28.06961663972308,-9.563556600986658,-7.435899286482223,-2.127657314504435,1285.5278243667904,1228.5088500976562,1171.4898758285221,1228.5088500976562,1235.5122192382812,1219.6722556194634,1216.8650764565725,1212.67091988238,1222.2344764833667,1227.5264845263634,0.0066612164456441025,0.00647493507650715,0.013499734289392662,0.0066612164456441025,0.010150056849248523,0.014734941498171894,-0.008163445472391118,14072536.4,1.6421551412721873,1,-8.732070691369472,-2.4657690010667466,17.451194988775796,0.014361865214440299,-0.0037434731223302616,-0.0014452145748101647,-0.054780128223967196,0.03723170842866274,0
2023-09-11,1228.20947265625,1229.326207160582,1216.9924464989117,1216.9924464989117,13271074,38.179439524041904,-7.61560232949364,-7.471839895084507,-0.14376243440913328,1282.0216636958191,1226.9309326171874,1171.8402015385557,1226.9309326171874,1236.7927978515625,1220.4853239086813,1217.309954738913,1215.0614664629754,1222.677068792469,1225.0819312177532,0.010783439915323711,0.007325431893767914,0.010042066061415486,0.010783439915323711,0.01889898871549356,0.0265068845340799,0.012624121155492496,13627123.6,0.9738719915918279,0,-4.879937098738992,-1.125333666465849,17.086042890933168,0.01391134270767442,0.006328751846709357,0.008953773749163845,-0.04197447871858816,0.0481032064300959,0
2023-09-12,1210.4658203125,1232.3785847782628,1209.026400892418,1232.3785847782628,16255666,31.26543049491464,-7.418087889740264,-7.461089494015659,0.043001604275395344,1274.4088317565459,1223.7214904785155,1173.0341492004852,1223.7214904785155,1237.120947265625,1219.5310854709498,1217.041557310426,1214.3544439782868,1221.772531868027,1223.1951019712353,-0.01444676395906297,0.008079961872854926,0.019291898617852864,-0.01444676395906297,0.00281666667340863,0.00629218281224575,0.00764349501169459,13961116.3,1.1643528820113045,0,-3.6943385506444884,-0.7843853793008293,17.835846865682225,0.014734696813725506,-0.007433402285886864,-0.005403050502612186,-0.05017464556951617,0.031910129076401915,0
2023-09-13,1216.52099609375,1222.278310335504,1204.2120756300535,1211.0365644667,12803338,42.522730209334135,-6.695769529722611,-7.30802550115705,0.6122559714344389,1265.83014758012,1220.8667358398438,1175.9033240995677,1220.8667358398438,1237.8162524414063,1219.2444102921688,1217.0211431450664,1214.687759688358,1221.3835292180806,1221.0657171635619,0.005002351722485532,0.007127509802565367,0.01485073809943379,0.005002351722485532,0.0011641373368620478,0.009202453055823456,0.013647266366314303,14091127.6,0.9086098971951684,0,-2.2860305450772103,-0.31860965823739207,16.683660392216048,0.01371423957809795,-0.0022336901243338145,-0.00041096003478123056,-0.03895400309483383,0.03454167631109021,0
2023-09-14,1217.6376953125,1223.8417758931353,1213.5181615722684,1220.9630582690309,9209636,45.88902041348287,-5.96446410166368,-7.039313221258377,1.0748491195946972,1260.9417032668443,1218.9864929199218,1177.0312825729993,1218.9864929199218,1238.5726953125,1219.0913898179147,1217.0453216614364,1215.141595938226,1221.1060600398896,1219.0059877477522,0.0009179448791560851,0.0070531440796898414,0.008478395799185086,0.0009179448791560851,-0.008607470939697603,0.008758243594136239,0.019235514712561574,13867922.2,0.6640963128564422,0,-1.061477412808017,0.10846434184054488,15.20886680050551,0.01249046975061185,-0.0011924409585337044,0.00048673097091806,-0.03434259319217727,0.03449900893945211,0
2023-09-15,1219.89599609375,1224.9336610195687,1215.7516218263509,1224.9336610195687,25468592,54.3252255786583,-5.143383557509878,-6.6601272885086775,1.5167437309987992,1252.845160772298,1216.7542602539063,1180.6633597355146,1216.7542602539063,1238.8790063476563,1219.168018987042,1217.1571128156447,1215.873042115999,1221.0164256735088,1216.4226154315693,0.0018546574157023432,0.006508088781762543,0.0075269032955430845,0.0018546574157023432,0.007790534538856697,0.00394167177676219,0.018734693577969752,14209352.9,1.7923822554931406,1,-0.5042366324214527,0.29203635907219905,13.989325350065899,0.011467637728840293,0.0005971097464588306,0.0022502298587972996,-0.02629947076479661,0.03322931641329501,0
2023-09-18,1209.274658203125,1216.4962329024152,1207.0908701058952,1211.061482045193,7516300,55.00000763814735,-5.288758990744327,-6.385853628955808,1.0970946382114812,1247.1312407976902,1214.680859375,1182.2304779523097,1214.680859375,1239.0199096679687,1218.2257941504784,1216.847996948487,1214.8579061294029,1220.1466651201472,1214.9887408414952,-0.008706756907667312,0.0064087465129881735,0.007777689487428358,-0.008706756907667312,-0.005956607336735642,-0.015416600241793144,0.01068163824976942,14124080.6,0.53216207219888,0,-2.259529758202916,-0.4619577904259131,13.29800483483476,0.010996678665700659,-0.007347682170525182,-0.006223734405902616,-0.030354930865456785,0.022875556632288293,0
2023-09-20,1182.3240966796875,1204.882232531632,1168.8488809798134,1202.623922773179,57081884,41.57270416852859,-7.4922887082163925,-6.6071406448079255,-0.885148063408467,1242.1830290061068,1211.2748229980468,1180.3666169899868,1211.2748229980468,1237.6955712890624,1214.806584867546,1215.4941185065732,1209.8527046756005,1217.344993383817,1209.073878224243,-0.022286551149168776,0.008850188713153349,0.03047671247926933,-0.022286551149168776,-0.029001729142221988,-0.023248672668466863,-0.01710277475479327,16592522.6,3.440217342238244,1,-4.72450060340384,-1.547438803852856,15.192907337200527,0.012850036110967088,-0.026738814715430746,-0.0272893314100444,-0.04818849632353579,0.0016583658513592832,0
2023-09-21,1173.7127685546875,1186.269851496792,1171.330377450607,1178.7504333612094,12226182,40.37842117776891,-9.820262226654904,-7.249764961177322,-2.5704972654775826,1236.3820446360066,1207.3687316894532,1178.3554187428997,1207.3687316894532,1235.9283056640625,1210.8928880758453,1213.8556341947344,1204.2927145031524,1214.1129767298073,1206.6165810974778,-0.007283390526491962,0.00896264703361074,0.012728390153394465,-0.007283390526491962,-0.03785833192907151,-0.03518905771172032,-0.026310430307567634,16727934.1,0.7308841562210602,0,-8.351522216323474,-3.1655089503319687,15.370166689589983,0.013095339082420344,-0.03070471375898364,-0.03307054357141695,-0.05068763037542259,-0.0039399404580029865,0
2023-09-22,1168.823974609375,1182.4729522811776,1166.367182863141,1179.2716708437545,19176786,37.09176543087606,-11.922250543272412,-8.18426207759634,-3.7379884656760716,1235.871709720017,1204.27041015625,1172.6691105924829,1204.27041015625,1234.0354150390624,1206.8863248885625,1212.0896867600145,1198.8359852887252,1210.7582358319976,1203.3331914598843,-0.004165238784385572,0.008931930987145606,0.013779465315484607,-0.004165238784385572,-0.03345036904507381,-0.04008887117329041,-0.03168173567830379,16979772.4,1.1293900500103289,0,-12.205064929352147,-4.955634901421945,15.669733481459664,0.013406410051348017,-0.03153764318499672,-0.035695140898600694,-0.05425137138694713,-0.0032789607472180605,0
2023-09-25,1161.6273193359375,1171.6779308453931,1158.9720452955405,1166.5657437194718,14254884,35.11972301322106,-14.007333541998605,-9.348876370476793,-4.658457171521812,1236.4184070984365,1201.0963989257812,1165.7743907531258,1201.0963989257812,1232.2245556640626,1202.57594340736,1210.110770390443,1193.1115751421426,1207.1189086841412,1200.0665046915813,-0.0061571762983752,0.009005400640127158,0.01093800510573058,-0.0061571762983752,-0.017505164110139138,-0.047765282404725995,-0.04401188569352765,16581396.6,0.8596913965618553,0,-16.592075579681932,-7.0463424252018285,15.92675976420961,0.0137107310572847,-0.03405075936859281,-0.04006530000461213,-0.06049011186918104,-0.0035573533353302927,0
2023-09-26,1162.644775390625,1166.4664650387544,1159.2201711598177,1160.684310036077,10087782,31.993687475427024,-15.40015325980653,-10.55913174834274,-4.84102151146379,1237.3524292169132,1198.5837524414062,1159.8150756658993,1198.5837524414062,1230.4550463867188,1198.7729750248138,1208.2493588218226,1188.4243751803706,1203.8245284401771,1198.2586109021468,0.0008758885382182946,0.0087986673640241,0.006232594883937901,0.0008758885382182946,-0.009429899256946483,-0.03856020838292262,-0.053382341306836056,16456744.4,0.6129877061224819,0,-19.45281912566452,-8.598638126664355,15.620085135390728,0.013434959211976587,-0.030137649402248997,-0.0377443473056482,-0.06037702118027004,0.002439785258956986,0
2023-09-27,1175.747802734375,1177.1872222950064,1160.6595255350553,1163.1411580463557,11722778,37.87018144266123,-15.27063771488588,-11.501432941651368,-3.7692047732345113,1237.3618741909063,1197.306951904297,1157.2520296176876,1197.306951904297,1228.436318359375,1196.5801014733436,1206.974787994864,1186.4741332656022,1201.744770980488,1196.9417659909552,0.011270017825820933,0.00947404768472479,0.014057178522055108,0.011270017825820933,0.005923756079108555,-0.00556217534919623,-0.028681534823644994,16199051.1,0.7236706599437791,0,-18.226483394202432,-8.519330511709086,16.130597616476248,0.013719436752475457,-0.017409865593885326,-0.025872110644801598,-0.049794706578315966,0.015982493565206937,0
2023-09-28,1158.4757080078125,1182.7460248832851,1153.959088482433,1182.7460248832851,14518346,32.39212577665991,-16.372971978792066,-12.475740749079508,-3.897231229712558,1238.8341107053707,1195.2236206054688,1151.613130505567,1195.2236206054688,1225.8553149414063,1192.9511116194835,1205.0728632894895,1182.1666832259423,1198.5396552047343,1195.2689087739182,-0.014690305766588474,0.010025532795854167,0.024848977153224972,-0.014690305766588474,-0.002713100213523445,-0.012981933020663972,-0.04771416874211043,16316521.1,0.8897942098698969,0,-17.941776456361822,-8.782770905244888,17.22074338310644,0.014865001712224343,-0.02889925938781276,-0.03866750028249802,-0.06486615278279954,0.005959099736239428,0
2023-09-29,1163.8856201171875,1175.847137006539,1158.475709840611,1162.2973995824232,12342014,31.07810359397928,-16.618477664252396,-13.304288132114086,-3.3141895321383092,1239.4953952099947,1193.685009765625,1147.8746243212552,1193.685009765625,1223.18712890625,1190.1829695716458,1203.4576772827327,1179.3542119784415,1195.972689642694,1194.050812075531,0.004669853732779838,0.00989294549187313,0.014925373134328233,0.004669853732779838,0.0010672603987280649,-0.004225062626592613,-0.04414455580854637,15851691.8,0.778592856568155,0,-16.703355316916713,-8.632009477281827,17.289873015512107,0.014855302545770135,-0.022095215716221243,-0.03288196827568899,-0.06100044855753374,0.013948383783986622,0
2023-10-03,1150.5592041015625,1159.2201982891547,1149.492150617653,1156.4158809171215,8859056,21.361857228653662,-17.68451698414424,-14.180333902520118,-3.50418308162412,1240.9783273525786,1191.3398742675781,1141.7014211825776,1191.3398742675781,1220.2838330078125,1186.4092776221141,1201.3832273540593,1174.924210766614,1192.6087277507581,1192.6516065452624,-0.011449936132283511,0.009270608470709665,0.00845506049303927,-0.011449936132283511,-0.021423470725807636,-0.009528112028823754,-0.05683828147170911,15389002.5,0.5756744792263176,0,-16.16666578524587,-8.727543036383622,17.302280704901573,0.015038148965495792,-0.0302172902696824,-0.04230458865688695,-0.07286116224439658,0.00775840579212904,0
2023-10-04,1148.5738525390625,1150.981084388904,1139.1189302205564,1146.0178196869251,10286386,24.171454362619187,-18.476575641647514,-15.039582250345598,-3.4369933913019164,1242.0404641148561,1188.9438598632812,1135.8472556117063,1188.9438598632812,1218.1430419921876,1182.8059038046806,1199.3122714789613,1170.8703095008368,1189.3468851424843,1190.9505098856473,-0.0017255535877011008,0.00884644181131954,0.010327724370640057,-0.0017255535877011008,-0.008547313854148753,-0.01210251243492233,-0.05019604541639744,15435940.5,0.666391918263743,0,-15.96707122013322,-8.937087342861332,16.481564296508914,0.014349590372507964,-0.02894139364328953,-0.04230626180229897,-0.07525246904286884,0.01120449678817279,0
2023-10-05,1148.5491943359375,1156.1428927957072,1146.017880733707,1151.1052273242312,10953682,20.13084334738393,-18.888542188469046,-15.809374237970287,-3.079167950498759,1241.8204694221383,1186.2264709472656,1130.632472472393,1186.2264709472656,1216.5096899414064,1179.5433600457527,1197.3215625713917,1167.43629178316,1186.324833971629,1189.1869410708825,-2.1468539502689232e-05,0.008563422102427129,0.008815479660716016,-2.1468539502689232e-05,-0.013176918346758049,-0.023133029324131527,-0.02856653470786885,15549830.8,0.7044245137381173,0,-17.03674142759087,-9.65322542347235,15.914334107691031,0.013856031753948774,-0.02627641065150245,-0.040734561006910884,-0.07510850189931492,0.01584663655057197,0
2023-10-06,1150.4847412109375,1153.8597853939605,1147.5316229908371,1150.0132553057874,5431026,20.701522664209676,-18.841651359756952,-16.41582966232762,-2.425821697429331,1240.490142561525,1183.4793029785155,1126.468463395506,1183.4793029785155,1214.9308740234376,1176.7758725376752,1195.484824478825,1164.828360925895,1183.6700122856519,1188.0929898745644,0.0016852102500659605,0.008600135912377278,0.005500431406384961,0.0016852102500659605,-6.471886918946179e-05,-0.006897828535927464,-0.01979021440854989,15411363.6,0.35240398844395576,0,-16.175239081808286,-9.588038810664557,15.62894468499506,0.013584660556684034,-0.022341664152275533,-0.037641701798686894,-0.07255632129791274,0.021319973524193854,0
2023-10-09,1140.6822509765625,1147.4818990309532,1139.0691900320726,1145.5711149238573,7576878,17.57405680695011,-19.37215889031995,-17.00709550792609,-2.3650633823938634,1239.086549912782,1180.1601196289062,1121.2336893450304,1180.1601196289062,1212.7563916015624,1173.3383847699504,1193.3357039493244,1161.1135747798437,1180.4857336701637,1186.2004322024052,-0.008520313119544265,0.008502417057098125,0.007375155519145046,-0.008520313119544265,-0.006870782880051385,-0.019936124941803746,-0.024076956191985688,15107578.9,0.5015282759833873,0,-16.84458480169542,-10.121973333408278,15.788481255398422,0.013841261439705549,-0.027831812388708802,-0.04412291763206798,-0.07941680824728993,0.01734568075892638,0
2023-10-10,1145.719970703125,1150.435072150941,1143.4121010954177,1144.8018394410435,10236032,22.73782145535128,-19.1651639700915,-17.43870920035917,-1.726454769732328,1235.1223913887159,1176.6907958984375,1118.2592004081591,1176.6907958984375,1210.9151147460936,1170.708059620729,1191.4684202926107,1158.7453279988101,1177.9104919689016,1182.717877271967,0.004416409321920778,0.008752410020409556,0.006129744819943575,0.004416409321920778,-0.0024633020916864368,-0.004205983821768067,-0.0136940207655466,14463916.1,0.7076943705446411,0,-15.701218001385087,-9.914807061448528,15.570459483007264,0.013590109172533423,-0.02134442375471419,-0.03839669504480065,-0.07238345066764665,0.024556713045546883,1
2023-10-11,1163.910400390625,1166.2182699823193,1148.0031129607796,1148.722762099973,9814118,41.45947347621426,-17.3334936276608,-17.417666085819498,0.08417245815869734,1226.8269925012619,1173.4758422851562,1120.1246920690505,1173.4758422851562,1209.1888720703125,1170.0606635035763,1190.3877136297879,1159.5399545206278,1176.8734481482886,1179.9605280636247,0.015876854862132417,0.008495475463786126,0.01564996499337611,0.015876854862132417,0.01166956735606628,0.013352687611388081,0.001088574108609297,14291068.3,0.6867308863116972,0,-12.745240301104332,-8.924557849173425,14.147068201284599,0.01215477428205525,-0.005256362601350269,-0.022242596202901792,-0.051283997250795875,0.03909003045071279,0
2023-10-12,1166.0693359375,1171.0078811502246,1160.485663265934,1163.3148210249558,12554450,46.22917055603399,-15.528668801473714,-17.039866628950342,1.5111978274766287,1221.74454789486,1171.2560180664063,1120.7674882379526,1171.2560180664063,1207.2941284179688,1169.6805370687118,1189.4340517595022,1160.5444747386082,1176.073143540082,1177.181868644408,0.0018548984063984086,0.008332265704170845,0.00902366399664481,0.0018548984063984086,0.022256053286708877,0.015254149920580717,-0.008231754100978317,14106007.5,0.8900073248933122,0,-9.862822977040878,-7.88751081188957,13.83154990400645,0.011861687360885892,-0.0030873396767477305,-0.019643557192127865,-0.0455702561171988,0.04042037994050842,0
2023-10-13,1166.019775390625,1170.0896281233202,1156.0187245288932,1161.4039150831682,10150316,48.54720140852909,-13.941620918012859,-16.420217486762848,2.478596568749989,1214.520329843479,1168.73095703125,1122.941584219021,1168.73095703125,1205.7549853515625,1169.3318930993703,1188.5158448430757,1161.3868286850723,1175.3284496030851,1175.0024425383024,-4.250222979673701e-05,0.008262828693267159,0.012067465656586361,-4.250222979673701e-05,0.017717946100775483,0.013503033654610919,0.006512063507819077,13973356.4,0.7264050031673135,0,-7.44397943830495,-6.968979635749292,13.686202345177175,0.011737538791391595,-0.002832487276102907,-0.018927866675114396,-0.03993391733434752,0.038361916396179974,0
2023-10-16,1163.4140625,1168.6254903286665,1159.418610263332,1163.885548402189,5929036,50.971908478452285,-12.747191599818052,-15.68561230937389,2.938420709555839,1205.619235374792,1166.019775390625,1126.420315406458,1166.019775390625,1204.42931640625,1168.7682901851445,1187.5314612217787,1161.6987108104458,1174.445902410264,1173.3174972123832,-0.002234707288520932,0.00810815234190403,0.007913674384810367,-0.002234707288520932,-0.000426439948004953,0.019928259165930218,-0.00040515804047824844,13809326.4,0.42935012384094273,0,-4.570094584805929,-5.80424272754567,13.436273381997305,0.011549003759783336,-0.004581085686621673,-0.020308850341502368,-0.03500705001747223,0.03284186780686136,0
2023-10-17,1168.972900390625,1171.18152891328,1162.0491704758838,1169.3451452373686,7928180,53.28015732606434,-11.222677953549464,-14.793025438209005,3.570347484659541,1193.9953041957958,1163.4736206054688,1132.9519370151418,1163.4736206054688,1203.318193359375,1168.7877768713809,1186.803674522518,1162.8178168997042,1174.0404948532537,1168.5202944110229,0.00477803910903396,0.008201911466343801,0.007812292683897658,0.00477803910903396,0.002490044428439253,0.020295473834875954,0.016004127578503224,12932305.8,0.6130523143057752,0,-1.920282749348189,-4.66474577009285,13.570992279030131,0.011609330100377208,0.00015838933543579957,-0.015024198622461024,-0.0209568695264044,0.03179390245837217,0
2023-10-18,1153.4627685546875,1174.8048077319042,1151.9737890772074,1168.9729714451066,8918320,38.7298823965182,-11.137640138359075,-14.06194837823902,2.924308239879945,1182.5520444202568,1160.6830261230468,1138.8140078258368,1160.6830261230468,1201.564013671875,1167.328252269791,1185.4961880139756,1161.3785786927785,1172.5162188311376,1167.0043710260377,-0.013268170571580029,0.00832565359239899,0.019793459552495677,-0.013268170571580029,-0.010769119959162632,-0.008976319682710177,0.004256509936054531,13002406.8,0.6858976293527441,0,-2.732411233785342,-4.89152561581227,14.021229557226254,0.01215577124764516,-0.011877964649740072,-0.027021107096896427,-0.0245987278131427,0.012863172237244702,0
2023-10-19,1144.603271484375,1152.37085365543,1142.0472385636656,1147.5068298823098,12032556,42.3318745116456,-11.65083090256985,-13.579724883105186,1.9288939805353351,1179.269229785971,1158.7969848632813,1138.3247399405916,1158.7969848632813,1199.49119140625,1165.1639683854655,1183.892544228501,1158.797762199178,1170.4485931017477,1160.9767007107516,-0.007680782866891889,0.00764345625592789,0.009019382828057313,-0.007680782866891889,-0.016168612381393666,-0.01840890913735127,-0.003435571476626209,10749940.4,1.119313740567343,0,-4.516568683246305,-5.541507531001116,12.780414813666946,0.011165803149498872,-0.017646183248852858,-0.033186519279694765,-0.029396135696585265,0.005515589113973815,0
2023-10-20,1141.104248046875,1148.846868358942,1139.7145096810816,1141.5508934053469,8913312,37.13560946019535,-12.199254813674315,-13.303630869219013,1.104376055544698,1177.8301419085963,1157.1665588378905,1136.5029757671848,1157.1665588378905,1197.4987475585938,1162.8725664484568,1182.2145718292218,1156.0756830988237,1168.274937912498,1159.2976394434456,-0.003056974870395357,0.0074930296940675534,0.008003088844416601,-0.003056974870395357,-0.02384028948356065,-0.0213680143935836,-0.008153513756461561,10584296.9,0.8421260367327753,0,-6.459326650913454,-6.3012730138539155,12.191909790747932,0.010684308477175265,-0.018719435843314047,-0.034773995146022786,-0.031180976403107977,0.004048623169318277,0
2023-10-23,1123.2860107421875,1144.6528889030683,1119.340239652529,1136.5875839948085,7853962,35.342687547890705,-13.911306667891722,-13.425166028953555,-0.48614063893816706,1179.7534296750214,1154.8896606445312,1130.025891614041,1154.8896606445312,1194.98623046875,1159.102418285955,1179.9036478650244,1151.0311181208797,1164.9424247887714,1156.8448246935068,-0.015614907520662857,0.007989609968347005,0.022534464961256467,-0.015614907520662857,-0.026161882841101214,-0.03449163376243147,-0.01525073281317535,10018155.7,0.7839728424264758,0,-9.66587189918937,-7.627813356754359,12.971851201533989,0.01154812850643721,-0.030900123214937108,-0.047984966590520844,-0.047863746366381466,-0.0059643596858004804,0
2023-10-25,1120.680419921875,1132.2200112886635,1113.2603628260954,1116.7594889591046,11620688,35.108630624595136,-15.301977825176436,-13.800528388198133,-1.5014494369783034,1181.7797326356463,1152.8423156738281,1123.90489871201,1152.8423156738281,1192.310322265625,1155.4431803465188,1177.581168337842,1146.3617799364174,1161.6637577615938,1154.2776140169858,-0.0023196147689855673,0.007991433962894546,0.01691797958234144,-0.0023196147689855673,-0.020900561931363137,-0.04131189050884976,-0.021854861066865516,9886445.9,1.1754161321006167,0,-13.344596524862027,-9.222506184675922,13.478815079692595,0.012027349492402332,-0.030086083864563927,-0.04832002238646741,-0.05170110048977186,-0.002868996116869158,0
2023-10-26,1105.07080078125,1120.7050833883056,1101.993601137725,1117.2307983645155,15222534,30.099843000094978,-17.462365269308066,-14.532895764420122,-2.929469504887944,1185.498087288946,1149.9636169433593,1114.4291465977726,1149.9636169433593,1189.2163818359375,1150.6458108641123,1174.7376245120934,1140.009321604853,1157.4716868741612,1150.4766532518927,-0.013928698015187257,0.008604275701589866,0.016932383189703595,-0.013928698015187257,-0.03157769969509816,-0.041953645226081804,-0.050553375577387705,10143183.5,1.5007649225709068,1,-16.682441405678674,-10.758563501882236,14.092134378876917,0.012752245710332972,-0.039608200588360315,-0.05930415633003859,-0.06784261178490886,-0.008397434547627003,1
2023-10-27,1124.5765380859375,1128.3982276638756,1109.761144511754,1111.7712909465938,11771084,39.7847599245312,-17.399961968817024,-15.106309005299503,-2.2936529635175216,1182.4886317789046,1147.4050537109374,1112.3214756429702,1147.4050537109374,1186.2148193359376,1148.1630229804766,1172.7705230836166,1137.6350472173276,1155.0350091861446,1147.5644433380937,0.0176511199924001,0.010151728274793709,0.016572534212604455,0.0176511199924001,0.001148885797035204,-0.017496659233260714,-0.0355834739605797,10145598.8,1.1602157972183957,0,-17.000945404988897,-11.122021144884457,15.30636755598422,0.013610783292737114,-0.020542801346547276,-0.041094130564401074,-0.048974757250600964,0.011017554467231105,1
2023-10-30,1147.7550048828125,1153.9590859902871,1126.6362885582769,1128.6464350717906,16813304,52.52260504904146,-15.30378582687149,-15.1458043696139,-0.1579814572575895,1181.565868990335,1146.8690185546875,1112.17216811904,1146.8690185546875,1183.69759765625,1148.1241641140325,1171.7895223698597,1139.1919637812484,1154.49574960812,1145.934894847572,0.020610839735573316,0.011513438613179067,0.02380542652027028,0.020610839735573316,0.024159059513884307,0.0058283516578971906,-0.015664203037803248,10260346.7,1.6386682138138666,1,-14.748402334424327,-10.425049459362072,16.589724464947412,0.014454064146417072,-0.00032153249862559716,-0.020510951009733488,-0.02861530194369478,0.03199400037491676,0
2023-10-31,1135.5452880859375,1155.448028104718,1133.0636557231696,1155.448028104718,12808438,46.54766648248919,-14.461074966387287,-15.00885848896858,0.5477835225812928,1179.532070878309,1145.452001953125,1111.3719330279412,1145.452001953125,1181.30365234375,1146.9261759208807,1170.3681798489217,1138.6309367512006,1153.0920117175879,1144.441278850324,-0.01063791204998632,0.01181878288852007,0.019712443542678357,-0.01063791204998632,0.027576954601590264,0.01091376303676217,-0.02395430424330336,10283667.9,1.2455126054780512,0,-12.176242365074359,-9.53546801610264,17.491978122602404,0.0154040339087547,-0.009922947155517985,-0.02975379232155763,-0.037291722606251694,0.021750913748681638,0
2023-11-01,1140.2603759765625,1150.236586425296,1129.2419526519689,1136.1656826268284,10309190,41.167728412013716,-13.259900472266963,-14.659066885628256,1.3991664133612929,1179.0034319529784,1144.937060546875,1110.8706891407717,1144.937060546875,1178.818046875,1146.2913378309456,1169.187481657849,1138.8816197089486,1152.1415201812156,1143.8459467186804,0.0041522675846532575,0.01094677504592787,0.01841214008278295,0.0041522675846532575,0.01394643882338098,0.017471489379686345,-0.024562181385443527,10356174.6,0.9954631317243339,0,-9.151842515573207,-8.393686679992925,17.527430586469045,0.015371428277035307,-0.005261281888245905,-0.02474120372916529,-0.032860850890178823,0.026456442791305396,0
2023-11-02,1151.57666015625,1153.6116471680004,1145.4966608528323,1148.4746196953226,10562104,44.93410115753937,-11.26497584319759,-13.980248677142125,2.7152728339445353,1179.2473995990329,1145.0872009277343,1110.9270022564358,1145.0872009277343,1176.8347265625,1146.794701861927,1168.496861206806,1140.8347028546873,1152.0996786978849,1144.0530031636054,0.009924298360359796,0.011337367842678,0.007046848547683384,0.009924298360359796,0.003329678596198038,0.0420840541095846,-0.0016351705922860171,10369960.5,1.0185288555342136,0,-3.8511090021852397,-6.240763305287373,17.729505822693845,0.015395853733513706,0.004169846866713829,-0.01448031365106198,-0.02346474493154825,0.03659075512364855,0
2023-11-03,1151.3284912109375,1158.897469898072,1149.3680258840427,1155.0509397455935,8850156,44.871798149516415,-9.593421866279641,-13.10288331496963,3.509461448689988,1179.4681779924915,1145.2261657714844,1110.9841535504772,1145.2261657714844,1174.8523999023437,1147.2264913237377,1167.8235917952034,1142.449131832572,1152.0425536988516,1144.1173047783134,-0.00021550362550659674,0.011336533729577554,0.008276911486839324,-0.00021550362550659674,0.013899228230345617,0.023788468120215844,0.0058755901665743515,10264784.2,0.8621862698292284,0,-0.9365316567389073,-4.946931288413225,17.405115852665435,0.015117419559694197,0.0035755798163853865,-0.014124650932003553,-0.02385794488279374,0.03631405320366456,0
2023-11-06,1160.9075927734375,1161.4039192346488,1154.256866662586,1157.5822297180116,10647304,49.16569758701198,-7.410328205688529,-11.96437229311341,4.554044087424881,1180.6374242774086,1145.7473083496093,1110.85719242181,1145.7473083496093,1173.0338598632814,1148.5294533665665,1167.552376147291,1145.2888950542435,1152.699223259932,1144.6948642113432,0.00832004213882076,0.011585290666549154,0.006156435375694621,0.00832004213882076,0.018107457938448368,0.011459403648575561,0.017354544740726396,10525598.1,1.0115628488608168,0,0.40528925253397574,-4.237146222568754,17.4671549925495,0.015046120036841198,0.010777380911380413,-0.005691207957436575,-0.01671116898233721,0.04505565674243988,0
2023-11-07,1153.3634033203125,1160.9572220726066,1151.2540159543112,1158.4507493206686,6960204,44.872005665645126,-6.217294687746062,-10.81495677203994,4.597662084293878,1181.3447465545362,1146.381365966797,1111.4179853790577,1146.381365966797,1171.4853198242188,1148.9898295526377,1166.9959458403507,1146.5311270951772,1152.7484217829233,1145.125377715882,-0.006498527100767593,0.011612636195158997,0.008412965150759691,-0.006498527100767593,0.0015515625019875134,0.01569124139857858,0.026776254925717557,10494764.4,0.6632072655199387,0,2.0636536317570062,-3.372234008571013,17.507929826899435,0.01517989020329365,0.00380645124541932,-0.01168173939989265,-0.023686009791665793,0.037740452730706024,0
2023-11-08,1159.3690185546875,1161.9003321646271,1152.3460470752768,1157.4333936812943,7884494,52.069546054927834,-4.732649038892305,-9.598495225410414,4.865846186518109,1182.502445117167,1147.063818359375,1111.625191601583,1147.063818359375,1170.1705493164063,1149.9783237433091,1166.6968506526775,1148.5061873197174,1153.2388363586097,1145.5407085107838,0.005207045079708594,0.01113876676449165,0.008240935316057534,0.005207045079708594,0.006983695274745738,0.016758139615050238,0.034522418653044395,10377187.5,0.7597910320113229,0,3.686985912363525,-2.490631005171508,16.559591715088963,0.014283279482259036,0.008165975494921141,-0.006280836443409168,-0.019563110975375147,0.042949572674146674,0
2023-11-09,1146.787109375,1159.3689122452763,1143.6353879313751,1159.344192861405,14513610,50.745760959643036,-4.519216866359329,-8.582639553600197,4.063422687240868,1180.748601751387,1146.2076538085937,1111.6667058658004,1146.2076538085937,1168.8483374023438,1149.674398565375,1165.9160764849255,1148.2417137897608,1152.76093065612,1145.201087445932,-0.010852376575814171,0.011346560739020673,0.01371965571053197,-0.010852376575814171,-0.01216331384714553,-0.004159124569787731,0.037749896716353204,10612162.1,1.3676393050950475,0,2.879696703447962,-2.580784721880491,16.86802747453828,0.014708944089658777,-0.0025113973086448643,-0.01640681305947566,-0.028762678461793163,0.03159256576083814,0
2023-11-10,1148.9461669921875,1149.6659373563402,1140.5831381668131,1144.3055869187945,7734954,52.702678824605435,-4.128264364384222,-7.6917645157570025,3.5635001513727804,1178.6459363212734,1145.351495361328,1112.0570544013826,1145.351495361328,1167.8015844726563,1149.6050431774522,1165.2505898381514,1148.3500912055188,1152.478355569903,1143.9956884508447,0.0018827013309943297,0.011314388407741216,0.007905330511093375,0.0018827013309943297,-0.003829873841504461,-0.002069195921873157,0.021670049197120678,10371187.3,0.7458118126938079,0,2.378551853714498,-2.573001957051929,16.86448751108591,0.01467822252737502,-0.0005731326503610449,-0.013992203040402275,-0.02519821128114459,0.03317196041768035,0
2023-11-13,1148.79736328125,1153.7606282722284,1147.3579437297892,1152.9167762849927,3854810,60.011727271943364,-3.786787180354395,-6.910769048676481,3.123981868322086,1176.3959415919448,1144.4903747558594,1112.584807919774,1144.4903747558594,1166.7746850585938,1149.5281212825757,1164.6053652672927,1148.4189022940927,1152.2056894744471,1143.098518890792,-0.00012951321411958094,0.010326484436922228,0.005573380255810731,-0.00012951321411958094,-0.009118455905106515,-0.010431691176431945,0.0009081715122156719,10056412.0,0.38331862298402253,0,0.9986679160092535,-2.947010879998288,15.513775746221606,0.013504362250545576,-0.0006357025876934638,-0.013573698402475163,-0.023460280110578567,0.03254813035707676,1
2023-11-15,1169.5684814453125,1172.2982770196893,1154.9516911953865,1161.4039352802763,12220648,66.79161079819175,-1.8191385110569627,-5.892442941152578,4.073304430095615,1177.578854856014,1144.798095703125,1112.017336550236,1144.798095703125,1166.2728979492188,1151.4367270123603,1164.7999972742737,1151.6726837019728,1153.4918222130298,1143.8323110381841,0.018080750207099205,0.011130566870985568,0.014831611914563975,0.018080750207099205,0.01986538903696644,0.014050279450820602,0.029961987175979754,10370992.6,1.1783489267941432,0,2.4468974597225497,-2.1959485660770497,15.83815183735526,0.013541876417345838,0.01574706973261031,0.004093822271804151,-0.006802409348358209,0.05175381984026883,0
2023-11-16,1171.6778564453125,1178.353423134986,1164.8533675821152,1166.9131951067154,13134910,75.21607040692683,-0.08853327430210811,-4.731661007782484,4.643127733480376,1178.1534415032884,1144.9333435058593,1111.7132455084302,1144.9333435058593,1165.757216796875,1153.3644536250224,1165.0697172417654,1154.7504025855635,1154.8389358598656,1144.6705802291335,0.0018035497993185157,0.010016197894551984,0.01152198573917574,0.0018035497993185157,0.019784816822735918,0.010616842173313934,0.027552900311775597,10631329.1,1.2354908663301563,0,3.3861298817132592,-1.6271334109121653,15.46590707323313,0.013199794626275753,0.01587824452429681,0.005671883069102088,-0.005496385131051542,0.05393891921244325,0
2023-11-17,1169.121826171875,1177.9067803474445,1167.384683548377,1167.8064883385834,7758634,69.34683650606996,1.0644630947822407,-3.572436187269539,4.63689928205178,1180.4848609085057,1145.7162963867188,1110.947731864932,1145.7162963867188,1165.2097705078124,1154.8651557723417,1165.2286234743187,1156.9613908296114,1155.8969277348292,1145.003990347268,-0.002181512827418408,0.009353419233548353,0.009000000310934694,-0.002181512827418408,0.017691947718763368,0.019475904999531668,0.015235777714741383,10573344.8,0.7337918271614484,0,5.190757206966737,-0.6874530106067596,14.551240638693262,0.012446299703718007,0.012344878818340321,0.0033411492123734867,-0.009625735249061658,0.05236438460456375,0
2023-11-20,1166.0445556640625,1170.5362129509904,1159.61703140789,1165.6474702823514,4490186,59.623878173423535,1.7101969264069794,-2.5159095645342355,4.2261064909412145,1182.7153772361728,1146.7883605957031,1110.8613439552335,1146.7883605957031,1164.4727221679686,1155.9298605239342,1165.260620815093,1158.3588008041424,1156.6486038777355,1145.3742131210308,-0.00263212134007329,0.007902780879453597,0.009364291861799351,-0.00263212134007329,-0.0030130136346485648,0.014881801396001482,0.01278181211136964,10196226.3,0.4403772403521487,0,6.32481734648195,0.01003097694160715,13.232428755746891,0.011348133046434937,0.00875026719661327,0.000672754948520536,-0.014095379068349893,0.04967605724072515,0
2023-11-21,1180.7109375,1185.227556641674,1171.4296571663483,1174.3083747965666,8214450,73.16700540860042,3.366592104177471,-1.3394092307918943,4.706001334969365,1187.6235195690165,1148.7686950683594,1109.9138705677024,1148.7686950683594,1163.97837890625,1158.2899630930833,1165.8665155870503,1161.7975910650437,1158.4309989608662,1146.8327388341265,0.012577891440507694,0.007669301735698837,0.011686094400498193,0.012577891440507694,0.007709526133823585,0.027779985608251234,0.017058502201068304,10161283.2,0.8084067571308318,0,8.761841810507576,1.2611503197576894,13.003759369751394,0.01101349954230554,0.019356961660139047,0.012732522732651795,-0.005820516312715857,0.06378609080368203,0
2023-11-22,1185.3267822265625,1188.4288224829827,1177.3855591701267,1178.7752974396924,8534814,73.13965878179334,4.9941874255846415,-0.07268989951658722,5.0668773251012285,1192.0433513344196,1151.8707336425782,1111.6981159507368,1151.8707336425782,1163.5435961914063,1160.8648982486527,1166.6296632984038,1165.4174666283543,1160.4232792027697,1149.05973581464,0.0039093774606135945,0.007666323097649862,0.00931664033787534,0.0039093774606135945,0.013860793368085877,0.013473602470696289,0.027713189801439553,10195325.8,0.8371300895553528,0,9.428171236292428,1.8296660241301197,12.292947194003448,0.01037093515335232,0.021072119602215892,0.016026610257188628,-0.005634500708668315,0.06623080962304019,0
2023-11-23,1188.9500732421875,1191.1835423841578,1185.3268657327444,1185.3268657327444,8531542,70.83566418813434,6.501492588325846,1.2421465980518993,5.259345990273946,1195.8972573433828,1155.2842163085938,1114.671175273805,1155.2842163085938,1163.02046875,1163.5396768194655,1167.5049734922777,1169.0378676458672,1162.5363750575414,1152.2975224009992,0.0030567865924862048,0.007390119960924326,0.004925923117564257,0.0030567865924862048,0.019643775588901402,0.014741438273209395,0.025514787970077668,10040868.5,0.8496816784324982,0,10.175223194443106,2.4352562505123387,11.757624977300404,0.009889082175871478,0.021838874022913665,0.01836831554195656,-0.005809181397930482,0.06663749778057812,0
2023-11-24,1188.1558837890625,1192.474021001291,1186.7414260587238,1187.0144298509326,6749486,70.40701748689767,7.544984453604911,2.502714169162502,5.042270284442409,1195.1234772119249,1159.4384704589843,1123.7534637060437,1159.4384704589843,1162.2193969726563,1165.8840774832368,1168.3148131117596,1171.9791008986665,1164.4341164450616,1156.996136748223,-0.0006679754440481744,0.007402988780356915,0.004824783532852414,-0.0006679754440481744,0.00630547753273647,0.016280645174089114,0.03607363047236256,9617216.1,0.7018128666153192,0,11.018921710895029,3.086189637440839,11.486421472195973,0.00966743642725183,0.019102933761565136,0.016982640684369162,-0.005830019705676687,0.057310097065796865,0
2023-11-28,1188.404052734375,1191.034607263244,1178.899449291774,1188.155889499075,13792174,66.99384225861306,8.296349284391681,3.661441192208338,4.634908092183343,1196.560725325959,1162.6298461914062,1128.6989670568532,1162.6298461914062,1161.7781616210937,1168.0288370309643,1169.1026264302936,1174.5060165656987,1166.209667281307,1161.2475644981077,0.00020886901180094952,0.00720850148353675,0.010211306452168636,0.00020886901180094952,0.0025961368240006166,0.019175508312869516,0.03434267581525052,9718270.6,1.419200449100481,0,12.098976507030102,3.8420056152006055,11.633545039893013,0.009789216902387385,0.01744410331101319,0.016509608196686558,-0.006816764430707933,0.05289726261839875,0
2023-11-29,1191.5308837890625,1197.1145563492605,1190.2156671664848,1195.1540911072586,12531306,74.95132119076348,9.039913959206388,4.737135745607948,4.302778213598439,1200.3207211611846,1164.8186401367188,1129.3165591122531,1164.8186401367188,1161.278359375,1170.2671271984022,1169.9821659345591,1177.1252269077547,1168.0853129485483,1164.9709925809273,0.0026311177982716316,0.006812068874714464,0.005789937362628245,0.0026311177982716316,0.0021706635164564503,0.009163924840039472,0.03719848414846205,9504170.7,1.318505990217537,0,11.977164105318934,4.11565034750879,11.56263771822088,0.009704018482048696,0.018170002469064726,0.018417988309497577,-0.007322907300657793,0.05509024389557838,1
2023-11-30,1179.9913330078125,1191.530923348677,1176.2440439527552,1188.5529645510346,28439984,62.57184955870753,8.59892594741791,5.509493785969941,3.08943216144797,1200.3225107583162,1167.0409423828125,1133.759374007309,1167.0409423828125,1160.5254321289062,1171.1932420373937,1170.3746822903731,1177.5661663077635,1168.9672403603456,1168.8772105272303,-0.00968464262088975,0.007463108795807294,0.01295507769277887,-0.00968464262088975,-0.00687161583142859,-0.004501247503011507,0.008911706948206977,10285748.0,2.7649893814236943,1,10.328343788740995,3.7450189919693457,11.972108740118854,0.01014592938543184,0.007512074570302118,0.008216728252032927,-0.016938095860302788,0.04077757596578474,1
2023-12-01,1188.3544921875,1189.3967050711567,1180.0658643673892,1180.2643464861462,14342842,76.71457486702336,8.822575662516783,6.17211016127931,2.6504655012374734,1201.5074790397755,1169.4456481933594,1137.3838173469433,1169.4456481933594,1159.8946020507813,1172.8276468135941,1171.0797728745742,1179.2259087507998,1170.403333088283,1171.4675146132952,0.007087475090490347,0.006721980028579712,0.007851900056010648,0.007087475090490347,-4.170344821774474e-05,-0.0005009302476960409,0.014233123593187846,10487430.6,1.3676221132752955,0,9.287969994128616,3.5747993822965327,11.5200902715497,0.009694153005088356,0.013238812553651938,0.014751103821495106,-0.010947070311028888,0.044813961710349216,1
2023-12-04,1201.2093505859375,1215.9999042684665,1190.4887710727894,1215.9999042684665,15590990,79.52893302986413,9.922716415105015,6.922231412044452,3.0004850030605628,1205.7978617662372,1171.9272827148438,1138.0567036634504,1171.9272827148438,1159.7332958984375,1175.530666220484,1172.2613249416866,1182.6079767254364,1172.6852603103314,1174.7694753383223,0.010817360041088797,0.0070672446033320895,0.021237874299956962,0.010817360041088797,0.008122715851138995,0.010986325089976434,0.02744583472462292,10738874.9,1.451827136937781,0,9.646588737247157,3.946511829926976,12.845991192366796,0.010694215114210237,0.021844333885405645,0.024694174437334567,-0.003805373459178767,0.05549165232206457,0
2023-12-05,1209.919921875,1211.458582489934,1201.929016778731,1210.5403299982054,12693624,81.48808685327913,11.366431051558038,7.81107133994717,3.555359711610868,1211.2661047401475,1174.8568542480468,1138.4476037559461,1174.8568542480468,1160.2852124023439,1178.805833425676,1173.7381326645618,1186.8098144407538,1175.4433833891958,1177.5587628194087,0.007251501401328131,0.007074620388893558,0.007876195390216577,0.007251501401328131,0.025363397196231263,0.01810484329056239,0.03762752117645318,10931048.3,1.161244891763949,0,10.77699639471166,4.635506234268178,13.120744575335184,0.010844308237360127,0.026394583032308877,0.030826117175131805,-0.0011113849053311928,0.06278050731825835,0
2023-12-06,1221.5091552734375,1227.3905513904704,1208.5549856031337,1214.560584514323,16422442,79.5538083265034,13.29251178083041,8.907359428123819,4.385152352706591,1219.1689841708871,1177.8869323730469,1136.6048805752066,1177.8869323730469,1161.2411401367187,1182.872816458796,1175.611506100204,1192.148174568859,1178.8556627880287,1181.4901502551957,0.009578512750230361,0.006037049769197578,0.015419913723954291,0.009578512750230361,0.027899640472521803,0.025159458216512443,0.03455394244066401,11219805.2,1.4637011701415281,0,12.605689260393774,5.629340165644862,12.787505435970713,0.010468612028624707,0.03266313865450752,0.0390415106819492,0.0019194805092108075,0.07469990332547491,0
2023-12-07,1219.4989013671875,1221.4345260102064,1212.0291642243994,1220.9630401277734,8142096,77.24050076628032,14.489705638527312,10.023828670204518,4.465876968322794,1224.7378635316045,1181.1937072753906,1137.6495510191767,1181.1937072753906,1162.254638671875,1186.3610150215,1177.3325804243996,1196.355978691679,1181.8662730531516,1183.6069116114036,-0.0016457133354845777,0.006164191370498372,0.007712480737180255,-0.0016457133354845777,0.015225947727037337,0.033481236051683405,0.028829281218496483,11278899.8,0.7218874308999536,0,15.16777298410625,6.957898134026436,12.500357971411225,0.010250405274983847,0.02793237971081425,0.03581513129245774,-0.004277619170938449,0.07194601384467222,0
2023-12-08,1218.8536376953125,1229.2516522307412,1213.5181285411948,1222.8739302715144,10204894,78.9593477441872,15.211079158470511,11.061278767857717,4.1498003906127945,1229.523786599178,1184.1679382324219,1138.8120898656657,1184.1679382324219,1163.3991650390626,1189.4555505142441,1178.9608571801218,1199.8171569999304,1184.6060778414599,1186.151107751113,-0.0005291219788321477,0.006075015522490041,0.012908460214547533,-0.0005291219788321477,0.007383724872029651,0.025665023112480645,0.025151236478399674,11394919.8,0.8955652324994863,0,16.627903700649995,7.881084305547574,12.872602749302587,0.010561237503169731,0.02471558282977328,0.03383723918587728,-0.008678277736601432,0.07028512301716826,0
2023-12-11,1220.6405029296875,1224.7351961410227,1217.1909371644088,1218.9777608532804,7066138,82.27685130926022,15.745454166769605,11.998113847640095,3.74734031912951,1232.420873624721,1187.8606079101562,1143.3003421955914,1187.8606079101562,1164.5590795898438,1192.4255459823817,1180.5953530918696,1203.0207486814315,1187.275294514662,1189.6481153579493,0.00146602116867256,0.005878461784472041,0.006180574017089222,0.00146602116867256,-0.0007111304405701402,0.016176324580117196,0.027340368030691842,11022546.2,0.6410622257133294,0,16.894879761897755,8.33402815018303,12.63153685169641,0.01034828585597411,0.02366181858680401,0.0339194540559078,-0.009558723766488812,0.0676464074047002,1
2023-12-12,1203.1201171875,1223.4198198791,1201.184371389843,1220.9630282642331,9197124,62.81572267506639,14.587051060883141,12.515901290288705,2.0711497705944364,1231.6173136415252,1190.5693054199219,1149.5212971983185,1190.5693054199219,1165.1065258789063,1193.4440765733452,1181.4786771740512,1203.0360361439036,1188.4489850830205,1191.9676569443725,-0.014353436331283831,0.006919544922148977,0.018481486737364432,-0.014353436331283831,-0.01343074943431699,-0.005620045231557458,0.01238304802080159,11095654.7,0.828894215678864,0,14.6382431476693,7.740544509489382,12.849568816813953,0.010680204439480263,0.008107661518532924,0.01831724975791557,-0.023138028459317065,0.046627078697728974,1
2023-12-13,1208.03369140625,1210.2176004047435,1194.3103140708777,1202.102614795848,10031182,62.94192050962008,13.90520211433818,12.7937614550986,1.1114406592395802,1230.2035627892942,1193.5311218261718,1156.8586808630494,1193.5311218261718,1166.097685546875,1194.8335637002886,1182.5200502811963,1203.8049061842646,1189.8997040699264,1193.2148072249463,0.0040840263150419,0.006924638237226897,0.013167916132660554,0.0040840263150419,-0.008877149769615955,-0.011031815692098546,0.01385008801845622,11404473.3,0.87958310183426,0,11.960747241492527,6.908544180992294,13.196999032600372,0.010924363390261066,0.011047670660574582,0.021575652031427896,-0.018021303183984847,0.044236181471208426,1
2023-12-14,1223.0228271484375,1228.3831772791464,1212.3518080035872,1217.9851619285064,16972354,67.19247759811373,14.408240667113432,13.116657297501568,1.291583369611864,1233.3119509908092,1196.203839111328,1159.095727231847,1196.203839111328,1167.2804296875,1197.518255457255,1184.1083944720685,1206.761509409522,1192.3532687424085,1196.7075876932038,0.012407878893459401,0.007524014079894614,0.013107988599801893,0.012407878893459401,0.0019517001222162378,0.0028896506403566224,0.03646763576723666,11642058.6,1.4578481850280327,0,11.157240435755057,6.775814047668973,14.232193726550447,0.011636899500669005,0.021297856274803878,0.032863910819345934,-0.008342677482453433,0.055152562825213164,1
2023-12-15,1238.63232421875,1240.8161121066785,1225.9511593183302,1229.8969303201395,15932152,72.15679718452647,15.883364762023575,13.66999879040597,2.2133659716176055,1239.3280811736338,1199.5515625,1159.7750438263663,1199.5515625,1169.0418920898437,1201.433881053588,1186.246587795468,1211.6647116878648,1195.7813469258413,1200.703616823429,0.012763046382958443,0.007992926630487337,0.012001101939370248,0.012763046382958443,0.02951675940243259,0.016227285960959348,0.04230878274268113,11781920.7,1.3522542211644661,0,11.978330539343915,7.2857306153462105,15.093671584812862,0.012185756248798838,0.030961706467393012,0.04416091642517271,-0.0005613985234845277,0.06799359997626374,1
2023-12-18,1251.239013671875,1258.1379030406688,1236.3243792186838,1238.6323699765337,14165188,74.88200547192977,17.86374359888896,14.508747752102568,3.354995846786391,1247.0012770481112,1203.657421875,1160.3135667018887,1203.657421875,1171.0951953125,1206.1772270172344,1188.7953103788566,1217.7530658392511,1199.8893222403622,1204.4417637075164,0.010177910915635469,0.008166746026066369,0.017433538743306283,0.010177910915635469,0.035764997758738426,0.025067585967160078,0.04164941195432226,12102248.4,1.1704592016141397,0,13.751681034852709,8.199957286987,15.784983431278224,0.012615482141142442,0.03735917545556244,0.05252687552503741,0.0033983418475683693,0.07836282327408754,1
2023-12-19,1269.6527099609375,1277.4945707453207,1253.3234974409622,1268.1140495332209,16820604,77.59460158675405,20.680645883322086,15.743127378346472,4.937518504975614,1257.6720158986923,1208.8378295898438,1160.0036432809952,1208.8378295898438,1173.517265625,1212.2225111071107,1191.9661887938403,1225.7376264733566,1205.0569805900345,1209.25594064257,0.01471637000434134,0.008666448069870459,0.019037547129799114,0.01471637000434134,0.03812674774126723,0.05530004180211767,0.0493692078343253,12718769.3,1.3225024845760822,0,18.77843453376545,10.487511619789075,17.0382015354611,0.013419576394229332,0.04737595476706368,0.06517510471140865,0.00952608781207889,0.09452476060317103,0
2023-12-20,1254.2913818359375,1289.8780864366483,1250.742696068458,1276.080186427869,17736722,75.55470279820103,21.426538638837428,16.879809630444665,4.546729008392763,1263.469654710475,1212.5168518066407,1161.5640489028065,1212.5168518066407,1175.5933984375,1216.2290702241419,1194.4103140111774,1230.1305119137537,1208.7039732749163,1213.9385340611395,-0.012098842466514048,0.008990116630907236,0.031201195300335226,-0.012098842466514048,0.012642216185553057,0.03829172212559717,0.026837479212475923,13194882.9,1.3442121566687038,0,21.395506523853328,11.890263729981143,18.74166660490885,0.014942035699453031,0.03129534768049988,0.05013441957283675,-0.007264339780792502,0.07982972012668582,1
2023-12-21,1271.8614501953125,1277.2962009364337,1249.8741628164655,1254.2170195322976,13765454,77.01067098570596,23.16835136611371,18.137517977578476,5.030833388535235,1272.5495097203218,1216.8435852050782,1161.1376606898345,1216.8435852050782,1178.216982421875,1221.527392126158,1197.447613469379,1236.550656264763,1213.3823048986492,1217.577494881949,0.014007963870131368,0.009332476283830184,0.021560554505175973,0.014007963870131368,0.016481612464207762,0.03993271586005109,0.04293775809836409,13456414.9,1.0229659312897672,0,24.00913666890301,13.339218997310354,20.028571323239134,0.015747447428462794,0.0412058365564315,0.06214370957768543,-0.0005406937174181255,0.09535802106332224,0
2023-12-22,1273.102294921875,1280.9689971307214,1264.4661412408368,1270.3973397701047,16541784,75.1431237827541,24.36797742560134,19.38360986718305,4.984367558418288,1280.4745254180361,1221.0511962890625,1161.627867160089,1221.0511962890625,1180.76462890625,1226.439287630512,1200.4144637224178,1242.173985288934,1217.8060078633328,1221.7718765176037,0.0009756131270208801,0.009222734022017367,0.012962710031794654,0.0009756131270208801,0.0027169515993421545,0.027829057928765444,0.04450793397075903,13856927.0,1.193755585202982,0,25.00540657692386,14.167875926949819,19.232674452447572,0.01510693565565193,0.038047547695178874,0.06055227873051135,-0.005757420666962763,0.09596397513630178,0
2023-12-26,1279.554443359375,1286.453332624264,1271.935783794956,1274.5663382448713,7465664,74.74416320808406,25.544858943854024,20.615859682517247,4.928999261336777,1288.3582042314697,1225.6211242675781,1162.8840443036866,1225.6211242675781,1183.077509765625,1231.4978738904035,1203.5179923356318,1247.9248249920788,1222.3799660482248,1224.1110555569196,0.0050680518472365765,0.00918555118610652,0.01134578438975465,0.0050680518472365765,0.020141302004689887,0.022629912732984314,0.048264775983007935,13892735.9,0.537378962195632,0,25.320646873169153,14.722681956775205,19.537554232826956,0.015269029257975582,0.03902286028083573,0.0631784913129396,-0.006833317662106488,0.10032848900730126,0
2023-12-27,1283.9222412109375,1290.3992050276352,1277.0977519092014,1281.5150092423955,9204156,73.37786800545024,26.52423592843479,21.797534931700756,4.726700996734035,1295.6954487898045,1230.3970336914062,1165.098618593008,1230.3970336914062,1185.4345678710938,1236.4906707780735,1206.6711001346634,1253.4628890257495,1226.9386530973147,1228.0395442673737,0.003413530291134226,0.009046548177596573,0.010360014564346534,0.003413530291134226,0.00948278683481818,0.011238924737489109,0.06716047954740079,13663335.0,0.6736390493243414,0,24.26815967096286,14.704911340823173,19.142260470762462,0.014909205445890824,0.03835982879111995,0.0640200474409745,-0.009086400349606292,0.10198589262891994,0
2023-12-28,1293.2034912109375,1296.4047727896043,1283.922210219302,1285.38634910855,12302636,76.18121332692738,27.729668199220896,22.983961585204785,4.745706614016111,1303.7998096585775,1235.4806640625,1167.1615184664224,1235.4806640625,1187.9782421875,1241.8918917716796,1210.064527235694,1259.5768278234707,1231.8471596242498,1232.494698005312,0.007228825626734547,0.008960933179974196,0.009652434945573577,0.007228825626734547,0.015789144650230957,0.03102318164543494,0.07050283482205111,13651901.5,0.9011664785304816,0,25.66282154753776,15.654213224516525,19.356729865138472,0.014968046403132661,0.04131728355682947,0.0687062235971569,-0.008127258777875429,0.10799017166889326,0
2023-12-29,1282.97900390625,1297.3973111899322,1280.1748079960485,1295.958012986606,10864584,71.32709791671911,27.542458960298063,23.89566106022344,3.646797900074624,1306.8312644356515,1240.6300476074218,1174.4288307791921,1240.6300476074218,1190.369541015625,1245.8049500702102,1212.9239184776766,1263.1771626054367,1235.6347036451386,1240.362289823032,-0.007906325163964278,0.009465506747479547,0.013423838692174148,-0.007906325163964278,0.002676369547734092,0.008741167293992769,0.04902294170388011,12773131.5,0.8505810810763202,0,24.277557944052205,15.476305008297686,19.46308554401971,0.015170229196862147,0.029839385237588553,0.057757196771664424,-0.018251981857582814,0.09242805547871184,0
2024-01-01,1285.609619140625,1293.848686885263,1277.1223881648043,1280.7952766903763,4030540,71.48712251075715,27.29176052729963,24.57488095363868,2.7168795736609503,1309.786301121911,1245.4928039550782,1181.1993067882454,1245.4928039550782,1192.702275390625,1249.5958709340591,1215.7743381115179,1266.6283097646965,1239.3365492373969,1244.288950335266,0.002050396168889357,0.009456130276494546,0.013010402591448861,0.002050396168889357,0.0013142368560388196,0.009824288486981025,0.03792674710915955,12257516.4,0.3288219137116553,0,23.156583303547222,15.359874389100014,20.11894552572291,0.015649342713514827,0.028820316267247265,0.057440989532303685,-0.01845849354247884,0.08839347581085004,0
2024-01-02,1296.255859375,1297.8937610136477,1277.0480485996618,1283.0039664322292,7448800,82.26991809948856,27.63359988735283,25.18662474038151,2.446975146971319,1314.8068535234065,1250.2451293945312,1185.683405265656,1250.2451293945312,1195.5581372070312,1254.0396793570058,1218.930476200282,1271.1863943201276,1243.5527944327748,1248.4827648350035,0.008281083212096307,0.007934966003659647,0.016081479796771617,0.008281083212096307,0.002360315437444749,0.013052524730230886,0.035977814958805476,11850406.9,0.6285691337737948,0,22.541805466602227,15.412483864650312,20.019678663203536,0.015444233882079562,0.033664150116557795,0.06343707429135818,-0.014109292249803645,0.09325630570377261,0
2024-01-03,1282.16015625,1307.3238832997818,1279.132516403198,1295.412048372221,9037536,74.14707973526029,26.462066374433107,25.441713067191834,1.0203533072412725,1316.9869840210463,1253.8571411132812,1190.727298205516,1253.8571411132812,1198.3092749023438,1256.7178200134815,1221.4100714963497,1272.8746653862618,1246.4125990118287,1252.2875262802268,-0.010874167335911844,0.009050043823528042,0.02198739896818858,-0.010874167335911844,-0.0006382393271884279,-0.0013724234259511192,0.00985107674794583,11667602.5,0.7745838101700843,0,20.22714923540798,14.738971361686254,20.897112989111957,0.01629836404387329,0.020245066817183792,0.049737664828017475,-0.026444321920868527,0.0767874039524228,1
2024-01-04,1288.7860107421875,1295.337616733607,1280.0755785995668,1284.4928354763,9612778,72.65723701586543,25.771194420674647,25.5076093378884,0.26358508278624626,1320.2629349034419,1257.2209838867188,1194.1790328699958,1257.2209838867188,1201.26291015625,1259.7719334162155,1224.052265192265,1275.322564671789,1249.5513702511143,1256.2077984310845,0.005167727650784659,0.00875313357678745,0.011842181717390887,0.005167727650784659,0.0024707279365923096,-0.0034159206178863144,0.027501288301733595,11327119.3,0.8486516072978944,0,17.880041644535822,13.987737956570982,20.53372386490795,0.01593260921033971,0.023031214266928814,0.05288478882047955,-0.023841405623915707,0.07922344578837624,1
2024-01-05,1294.2705078125,1300.3009471094986,1289.456165302221,1291.888116528752,8086406,70.60654833488557,25.37373388791775,25.480834247894272,-0.10710035997652056,1323.4483642159441,1260.9595642089844,1198.4707642020246,1260.9595642089844,1204.6826000976562,1263.0575119301475,1226.8059217656075,1278.2376328472828,1252.863898959365,1258.967234661576,0.004255552919257832,0.008368663775699328,0.008379068936374611,0.004255552919257832,-0.0015316046968205654,0.008801004437228643,0.017619102783362317,11324334.8,0.7140733776256774,0,17.25256185993726,13.882003287930957,20.085270394127242,0.015518603161308363,0.02471225228268048,0.05499206096902277,-0.022046841563577054,0.07993498587699095,1
2024-01-08,1284.1702880859375,1306.3063750382337,1275.0378087074926,1295.4120337021336,7734652,62.427388319665525,23.96745829132624,25.178159056580668,-1.2107007652544297,1324.2263677985104,1264.2253967285155,1204.2244256585207,1264.2253967285155,1207.9523974609374,1265.0682525164132,1229.0555047585617,1279.150349037845,1255.1828907465188,1261.7375543903527,-0.007803793461718667,0.00858837054611443,0.024349236717933324,-0.007803793461718667,0.0015677696940892272,-0.0011195708504807556,0.00869371864948354,11200822.7,0.6905432044737214,0,15.472381582354046,13.281166647043847,20.76063057332411,0.01616657133865629,0.015099608682399134,0.044843201233782076,-0.03024866494628485,0.06638784326575926,1
2024-01-09,1280.7705078125,1293.8239187379374,1279.132606160338,1290.448874370277,5403074,54.73174958930927,22.321334445502544,24.606794134365046,-2.2854596888625025,1323.9748452910283,1267.2318969726562,1210.488948654284,1267.2318969726562,1211.4663916015625,1266.5637054017548,1231.0835440940104,1279.3996042339459,1257.0782697884433,1263.5916929160687,-0.0026474528378201967,0.007812577528800149,0.011470683067719653,-0.0026474528378201967,-0.006219421116366308,-0.01194621528651485,0.0009503811732560763,11117669.5,0.48598980208936776,0,12.524026044749007,12.153067893728348,19.934613109335096,0.015564547268801921,0.011216808400678775,0.04036035081197971,-0.0326322948145071,0.058060471544452215,1
2024-01-10,1315.3148193359375,1319.7320764251056,1278.0654937339266,1279.0333061103788,11102740,72.32611317047028,23.532933668501755,24.39202204119239,-0.8590883726906355,1324.8864203415376,1272.8416320800782,1220.7968438186188,1272.8416320800782,1215.2811572265625,1271.2066686335818,1234.3867313583999,1284.9250219419446,1261.3920882734428,1267.8395750965346,0.02697150762976075,0.009666058853820625,0.03167803029256157,0.02697150762976075,0.016259592872130968,0.025858441259714926,0.02445052910322043,11212950.3,0.9901711595029543,0,14.48884862010027,12.976659862050155,20.115412560977138,0.015293230385051693,0.034697859750663126,0.06556137223581388,-0.007224469100628761,0.07742318142113566,1
2024-01-11,1349.9088134765625,1352.489686993197,1318.7394856296971,1319.7321386109766,23725852,75.39153779556953,26.97364559895277,24.908346752744468,2.0652988462083037,1333.4418829993942,1279.9353881835937,1226.428893367793,1279.9353881835937,1219.3242333984374,1278.7021109995799,1238.9170090885239,1294.9225283318858,1267.948882732933,1277.755690020375,0.026300923271046495,0.011144922393116718,0.025001837921614426,0.026300923271046495,0.051191439328976074,0.04742664975015942,0.04384872346155433,11897683.8,1.9941572157094978,1,18.93017758336441,14.864743896258915,20.81204324221223,0.015417369702634047,0.05568670127659312,0.08958776380808248,0.012349192482336136,0.10068249433498881,0
2024-01-12,1360.6541748046875,1363.2350482099334,1335.8626919019084,1349.9087552154865,15012164,76.8247646930781,30.219147922786533,25.970506986752884,4.248640936033649,1344.7249628440388,1286.8169555664062,1228.9089482887737,1286.8169555664062,1223.8264111328126,1286.5070694572094,1243.691015587197,1305.0350893277016,1274.815941404915,1286.6217521981202,0.007960064576844506,0.011140018109045321,0.020117056056476755,0.007960064576844506,0.06237156969567126,0.051290411541853986,0.06054282311864978,11799674.3,1.272252404458316,0,23.44955752706187,16.885093821589408,21.58843612922226,0.015866218271311395,0.05763443288248822,0.09404519108973985,0.011845702579179489,0.10720503475816162,0
2024-01-15,1383.88232421875,1386.1901939086483,1355.9639593887296,1364.897836134336,8610594,78.98507766397613,34.27050043263512,27.63050567592933,6.639994756705786,1362.0940069136934,1294.0794555664063,1226.0649042191192,1294.0794555664063,1228.6988500976563,1295.7809032440227,1249.1887139649048,1317.1654331570935,1282.8949327244584,1293.5499640814887,0.01707131014197394,0.01161254610342208,0.021841621929077338,0.01707131014197394,0.052130108985946055,0.07764705121891091,0.0764405489932598,11433596.4,0.7530958500511702,0,30.71265072760957,20.133209206343054,22.710485107123027,0.016410705382731074,0.06799098578638021,0.1078248696518638,0.015996192035545132,0.12871865058411794,0
2024-01-16,1364.5255126953125,1386.0413130880693,1360.4308194226976,1379.7627106993225,9069024,70.67203476322561,35.50995688796729,29.206395918336924,6.303560969630368,1371.502224930045,1299.7437805175782,1227.9853361051114,1299.7437805175782,1232.9578271484374,1302.3280089060504,1253.7117256798226,1324.4515992398965,1288.9416423519292,1299.5145365460128,-0.013987324778040766,0.012748992619987215,0.018768790636082663,-0.013987324778040766,0.010827915984270131,0.06539423290270974,0.05266680403144264,11178788.2,0.811270760099024,0,35.76430350429564,22.62818158581217,23.589702289047164,0.017287842601382386,0.04775870853112322,0.08838857031140977,-0.005086912808390367,0.11119039664046422,0
2024-01-17,1351.5712890625,1376.0898877655304,1345.0694854389078,1349.511582817391,12197382,64.6925753097846,35.04298377100349,30.37371348887024,4.669270282133251,1377.6875453045232,1303.8397094726563,1229.9918736407894,1303.8397094726563,1236.9626831054688,1307.0178451114266,1257.5493556163983,1328.6238592126047,1293.5808754416012,1305.2604853371054,-0.00949357378245308,0.013240823558305049,0.022951362297833004,-0.00949357378245308,-0.006675381526309754,0.027564860665728164,0.05413608625580002,10947627.1,1.114157605897994,0,35.81117647784481,23.16262425799846,24.91383370021291,0.018433236856854267,0.0340878620117655,0.07476599866731755,-0.018956588764290842,0.09884570624180967,0
2024-01-18,1357.8995361328125,1360.92717605878,1341.3222805612156,1341.4712027363942,10279438,69.23663275163125,34.782588830033774,31.25548855710295,3.5271002729308236,1382.769099947413,1309.0201171875,1235.2711344275872,1309.0201171875,1240.9025219726564,1311.8637204467966,1261.4846568131204,1333.127809508021,1298.3452206779873,1310.9782528844664,0.00468214079532725,0.012847321102818434,0.014437662710599073,0.00468214079532725,-0.018775287198357526,0.005919453652332818,0.05362684325757372,10574762.9,0.9720726693550736,0,33.16160944721673,22.567647724596554,25.084004579047246,0.018472651261436063,0.0350919192050962,0.07642968846189878,-0.01798533378822704,0.09927245791431057,1
2024-01-19,1357.4031982421875,1365.890429247957,1349.015329468004,1365.890429247957,10422704,68.6380267933935,34.1425990151497,31.832910648712303,2.3096883664373955,1387.8895996344654,1313.2972045898437,1238.704809545222,1313.2972045898437,1244.9833178710937,1316.2008135701672,1265.2461682417113,1336.8624846978928,1302.719885682743,1316.2562593353446,-0.00036551886013491686,0.012893662990819408,0.012431899233629263,-0.00036551886013491686,-0.005219627179455566,-0.0023892746758864547,0.048778589984554754,10407625.4,1.0014488031054614,0,29.693744112957802,21.55515265451436,25.094633226153974,0.01848723596544569,0.03130402613888358,0.07283723303311408,-0.021966013291192073,0.09582459661276727,1
2024-01-23,1318.8138427734375,1361.671682300463,1312.8332056966303,1361.671682300463,20055420,55.11419520924211,30.173739903244723,31.50107649961879,-1.3273365963740673,1387.7513651691804,1315.582781982422,1243.4141987956634,1315.582781982422,1248.1722143554687,1316.4496734942882,1267.3468613606026,1334.085770555669,1303.9120306524242,1321.0558409316934,-0.028428808417957585,0.015431539904313743,0.03703212312446348,-0.028428808417957585,-0.02423656565817134,-0.047018796545469255,0.02697738376982417,10583307.2,1.895004994280049,1,20.668770250265425,18.158147395697824,27.094116382571606,0.020544306939934188,0.0017958675722665935,0.04061002002054971,-0.04967570137273024,0.06063920136250984,1
2024-01-24,1334.00146484375,1339.5851376107455,1314.1980872328545,1325.4149927095905,21919128,61.69521136441746,27.931922816583437,30.787245763011722,-2.8553229464282843,1388.8405719778814,1318.3051330566407,1247.7696941354,1318.3051330566407,1251.9165014648438,1318.1212726704275,1269.9607673795495,1334.072800446143,1306.1408776295596,1323.2294204777577,0.011516122729174016,0.015226810242637187,0.019030751499860277,0.011516122729174016,-0.017599292623018514,-0.02236971574922708,0.04156166675181039,11305980.4,1.9387197947026336,1,15.793263764377116,16.24904169972683,26.89380805980784,0.02016025376925495,0.012047595697435527,0.05042730382635584,-0.03948553076616539,0.06910872343962597,1
2024-01-25,1343.1337890625,1354.1274927557365,1325.390118278632,1333.0831783387705,11808872,62.12355643419845,26.585705403554357,29.94693769112025,-3.361232287565894,1390.6864827394872,1321.2657104492187,1251.84493815895,1321.2657104492187,1255.80025390625,1320.5034170887202,1272.830297641626,1335.4667986948132,1308.8810932912588,1325.7273355860348,0.00684581273665974,0.01525225555609845,0.02139576467446562,0.00684581273665974,-0.01051228492622247,-0.006242733970660552,0.021150046602993022,11436216.2,1.032585585431657,0,13.485571977293603,15.28094202522766,27.856332084312434,0.020739804412005746,0.017137685280415555,0.05523398645611785,-0.03419368367147287,0.07292344931937468,1
2024-01-29,1437.4111328125,1441.8283899094502,1350.1817560391485,1354.474931519067,23893438,72.87073112504662,32.748705445727865,30.507291242041777,2.2414142036860873,1413.76678556521,1328.476092529297,1243.1853994933838,1328.476092529297,1261.572529296875,1331.6374852528897,1279.2844480404838,1351.1505424052266,1318.4018369594987,1335.855773475027,0.07019207209119882,0.023564314397387206,0.06375812165235006,0.07019207209119882,0.08992724082244608,0.05855484486439266,0.06482091120701972,12015756.3,1.9885088714723682,1,19.77376480609314,17.799791227363357,34.08345097571522,0.023711692638017968,0.07943126318610871,0.12360557107860051,0.016724361817452914,0.15623231530732748,0
2024-01-30,1397.2830810546875,1449.2484377227322,1394.1066401470152,1449.223597164783,14093978,66.49057640670515,34.00296396594422,31.20642578682227,2.7965381791219492,1421.9289813911705,1334.1912963867187,1246.453611382267,1334.1912963867187,1266.1268212890625,1337.889446757823,1283.9118454135898,1358.2478560436052,1324.244892077661,1342.5378715373372,-0.02791689228070482,0.025146970805092355,0.03946358352388781,-0.02791689228070482,0.04743744132121286,0.029379540923539782,0.026920070454535372,12177226.0,1.1574046502873478,0,21.688633187655796,18.665677171878542,35.78868177892779,0.025613050257442482,0.044393529256693244,0.08830141730219576,-0.017332722420757073,0.12100688569160371,0
2024-01-31,1416.1435546875,1423.7125336444733,1392.195801594125,1393.684781061071,15130226,68.88455751281079,36.102686185073935,32.1856778664726,3.917008318601333,1432.5634805382997,1340.7179931640626,1248.8725057898255,1340.7179931640626,1271.0161352539062,1345.3422189416017,1289.0974026400177,1367.1548866042044,1331.0522004191305,1347.489292967057,0.01349796178636642,0.025073418106485234,0.022255322877420502,0.01349796178636642,0.0543577759859355,0.07380094806207071,0.02331211975480829,12732210.3,1.1883424514280918,0,28.892545447313523,21.750541279415074,36.9904974555527,0.026120584550282672,0.05262700802001044,0.0985543464654394,-0.011461918493573319,0.1339376502582921,0
2024-02-01,1416.1683349609375,1432.745590517861,1407.631543948549,1424.4569627393994,13349362,65.56847141079379,37.338317846545806,33.21620586248724,4.122111984058563,1441.931916835802,1346.7136169433593,1251.4953170509166,1346.7136169433593,1275.9570654296874,1352.0875633243954,1294.0805764565243,1374.6954171206248,1337.357099274079,1352.777644272095,1.7498419108363805e-05,0.024490425301092363,0.017733800388923908,1.7498419108363805e-05,-0.014778512122692322,0.061594287774497714,0.0378467253159791,13027238.4,1.024726929078077,0,33.96629065396792,24.11980907697489,35.80817344684791,0.025285252157424925,0.047393950935386044,0.09434324316861022,-0.017867405231864548,0.1315810100656743,0
2024-02-02,1446.9901123046875,1464.063815224382,1422.6453963923934,1422.6453963923934,19652588,65.16275235346873,40.33961471590078,34.64088763316995,5.6987270827308265,1455.0558771673402,1354.9551147460938,1254.8543523248475,1354.9551147460938,1281.5759765625,1361.1259013225185,1300.0770288427268,1385.817677918173,1345.4780632022723,1361.5378295865814,0.021764204567248813,0.024223488109608834,0.02862384371515826,0.021764204567248813,0.035574059347001086,0.07732388544456059,0.07059843902749185,13557991.0,1.449520655383235,0,40.62248423379833,27.24673120110083,36.57393149014685,0.025275868286268984,0.06308322462950726,0.11300336841789788,-0.005543268124077067,0.15311399257122818,0
2024-02-05,1428.452392578125,1459.6961190035065,1421.007495677393,1450.0177530325548,8814432,60.33751410372524,40.7525549662289,35.86322109978175,4.889333866447153,1462.0898320103595,1361.9384338378907,1261.7870356654219,1361.9384338378907,1286.5308056640624,1367.5379481087666,1305.1113568323503,1392.3768647889349,1351.624309822706,1366.5903348705444,-0.012811227643454104,0.024675933021175177,0.02708429313229455,-0.012811227643454104,0.00869180094763844,-0.006232552420020521,0.051957346304308594,13518073.7,0.6520479319475821,0,35.90046285587687,25.826908791866572,37.38223627715316,0.026169745993203375,0.04454314745239785,0.09450613934211484,-0.0230064108892566,0.1320867564824913,0
2024-02-06,1417.309814453125,1431.2565145548228,1409.3933108861847,1431.2565145548228,9047984,55.29187869249601,39.72280044051763,36.63513696792893,3.0876634725887016,1465.826935645076,1368.090399169922,1270.353862694768,1368.090399169922,1291.1704663085939,1372.2781258558484,1309.5112963468905,1396.2127031988102,1356.4899027582926,1370.4920513122279,-0.007800454661908263,0.024538492582355534,0.01542584651971391,-0.007800454661908263,0.0008060337630828585,0.014332624269178806,0.0441332511139767,13566152.6,0.6669528396724654,0,34.38867909802548,25.59945093330066,36.78487693063312,0.025954012704573502,0.032815278294399446,0.08231965497888961,-0.03309880587683412,0.115681115375698,1
2024-02-07,1431.554443359375,1438.8504181404362,1418.7491963623445,1425.3752031215413,9296568,60.78587667548104,39.599654893629804,37.22804055306911,2.371614340560697,1468.6747407506264,1375.4596069335937,1282.244473116561,1375.4596069335937,1296.0225537109375,1377.9234894276128,1314.2973021120858,1401.6498939927433,1362.0502390991135,1374.8335909707478,0.010050469389959238,0.02417360439272696,0.01404153497014122,0.010050469389959238,-0.01066743221951072,0.01088229270321106,0.08548636428386769,13644248.4,0.6813543500131528,0,32.581270486011135,25.199899472068182,36.4941705036288,0.025492687807240712,0.038921576084054124,0.08921660347233158,-0.025274689052171975,0.11644422992123211,1
2024-02-08,1439.4708251953125,1448.752105824393,1417.0368932886952,1439.3467435794869,14694634,64.37734631476089,39.68340146467699,37.71911273539069,1.9642887292863023,1469.41195472041,1383.3946228027344,1297.3772908850588,1383.3946228027344,1301.0488525390624,1383.7851404531082,1319.2060677231927,1407.4684987931385,1367.7850973284615,1379.6995740809361,0.005529920201540195,0.02387464872570205,0.02203254972631673,0.005529920201540195,0.007713545564721924,0.01645460476633076,0.07906240220202165,14108826.4,1.0415206469618195,0,31.697577128712737,25.125491266668405,36.543799804277036,0.025386968019528038,0.040241568661425677,0.09116449690053635,-0.02037626645741731,0.10952367927861513,0
2024-02-09,1450.0177001953125,1461.160204582695,1440.2896534634558,1443.31729322881,12556798,64.86226303317535,40.138128533563986,38.20291589502535,1.935212638538637,1474.7859670404446,1390.1297668457032,1305.4735666509619,1390.1297668457032,1306.2811254882813,1390.093003285699,1324.335935663276,1414.0145297780884,1373.8764012445245,1385.7822984962586,0.007326911261691604,0.023884365743822415,0.014393307830951366,0.007326911261691604,0.023077442496091116,0.0020923348852763812,0.07957800779281787,14181529.3,0.885433279752135,0,28.96710196318054,24.2589068205491,36.69269151069261,0.02530499559126087,0.04310840840718727,0.09490172481734445,-0.016794482317211274,0.1107216087991437,0
2024-02-12,1441.679443359375,1450.2659153474915,1431.7529141646626,1450.017752117624,6674430,63.26148399169725,39.371821520468075,38.4366970201139,0.9351245003541777,1480.140155190966,1394.7182983398438,1309.2964414887217,1394.7182983398438,1311.2840966796875,1395.00599757843,1328.9376418474367,1418.2706703290555,1378.8988488085874,1391.211546333744,-0.005750451759874653,0.02401967552011989,0.012841274298598774,-0.005750451759874653,0.007072731356440709,0.00925970711377877,0.0029694430837776675,13328958.2,0.5007465624732772,0,27.468049469663356,23.82628501508634,36.80968446804089,0.0255325028303571,0.033457523381236184,0.08483603591452878,-0.02598450673519415,0.10111002953626651,0
2024-02-13,1454.3358154296875,1468.1337156942295,1443.3173918995335,1444.8063713272154,7715594,73.22051410763214,39.332381928689074,38.61583400182893,0.7165479268601445,1487.2003734841417,1399.4023803710938,1311.604387258046,1399.4023803710938,1316.770986328125,1400.6564564214068,1333.8552172820348,1423.8191541906913,1384.4867722620022,1395.315427856947,0.008778908604551328,0.022066171344574833,0.017063681944299754,0.008778908604551328,0.010326704768301331,0.026124140677632468,0.040831192439499064,12964129.7,0.5951493990375614,0,28.37833056555837,24.343920935144297,35.21081273454245,0.024210923200113393,0.038324429064803114,0.09032509419811932,-0.02209827178664611,0.10882201184918756,0
2024-02-14,1470.4912109375,1472.749520552248,1446.7916226083244,1446.7916226083244,7117888,73.3090318110068,40.14199919012685,38.92106703948851,1.2209321506383404,1496.699157945545,1403.7328247070313,1310.7664914685176,1403.7328247070313,1322.413720703125,1407.3073854229397,1339.2134915430333,1430.9994706132773,1390.8574714231504,1397.86080932271,0.011108435435896347,0.022060350243859748,0.01765253525546363,0.011108435435896347,0.014119490223760467,0.027198942910444668,0.038377222471625005,12889494.4,0.5522239879323738,0,29.38389599532684,24.916189430947497,35.25158756068764,0.0239726611750459,0.044896961508925526,0.09802598332787799,-0.017510497596604228,0.12185596786963536,0
2024-02-15,1459.7952880859375,1473.8165098910026,1455.750276105359,1472.4516121931645,10006782,69.81703131978898,39.46562001716734,39.02997763502428,0.43564238214305817,1502.757965867962,1408.4963134765626,1314.2346610851632,1408.4963134765626,1327.585439453125,1412.306233295606,1343.9421894466768,1435.429596378302,1395.9639763611347,1401.3497904417534,-0.0072737074332756,0.022398072182886253,0.012375867995389802,-0.0072737074332756,0.012565792492920114,0.014119398972790798,0.03080633286875689,12936382.3,0.7735379001593049,0,28.521092842497865,24.736121723484075,34.48936322558328,0.023626164234853256,0.033625182464511336,0.08620393016083476,-0.028589219793095623,0.11075695331348581,0
2024-02-16,1449.843994140625,1466.1483668657747,1447.8339689108675,1465.6271998466532,9767498,52.959916023825805,37.69210724479876,38.76240355697918,-1.0702963121804174,1505.3953901912412,1413.4099487304688,1321.4245072696965,1413.4099487304688,1332.3839208984375,1415.8812581379887,1348.0952013954593,1437.6471960340439,1399.955088789245,1405.4626701341695,-0.006816910580907831,0.012924821557965423,0.012631978356928562,-0.006816910580907831,-0.003088572282554547,-0.0001197958167435953,0.0019722884155661813,12814888.1,0.7621992423016164,0,25.788254852289583,23.759265732183394,28.747920161865927,0.019828285165884942,0.023986994536039273,0.07547596982753299,-0.03690153192481816,0.0971826132816823,1
2024-02-19,1463.17041015625,1468.630001238923,1442.8458657695369,1451.30825618237,6729828,67.9804974119362,36.93613917373614,38.397150680330576,-1.4610115065944385,1509.3224702609798,1418.6734924316406,1328.0245146023015,1418.6734924316406,1337.2171459960937,1420.3849869016326,1352.6079546801961,1441.5738443605371,1404.637705186801,1408.9854129499756,0.009191620663659084,0.010103272598875534,0.017622100126144943,0.009191620663659084,-0.004978472993784622,0.014906896880486187,0.024304637493353543,12637407.6,0.5325323209484831,0,25.37898932320263,23.670312832759464,26.650944297128003,0.018214518358310693,0.030122413042359523,0.08174020793940598,-0.030577998415904827,0.10176460906252185,0
2024-02-20,1460.2174072265625,1464.659505178025,1451.0602075132597,1464.1880192365334,7117496,63.17120416747227,35.687364648754965,37.85519347401546,-2.167828825260493,1511.4440301029395,1423.8142028808593,1336.1843756587791,1423.8142028808593,1342.0315161132812,1424.178550742102,1356.8279332114262,1444.4420848014643,1408.7547201527093,1412.5563212918314,-0.002018222149101634,0.009748519361248056,0.009313200621676553,-0.002018222149101634,0.0002891632436889946,0.004044177235047464,0.0302739685676936,12472147.2,0.5706712634052299,0,23.52209432069526,22.97271592939137,25.37112755530065,0.017374897347299016,0.025305012819973688,0.07619939970606854,-0.03389250402668769,0.09282628492541035,0
2024-02-21,1456.916748046875,1477.5888193115914,1446.8414171157522,1463.170510366537,12720292,61.94356725208969,34.03898598779733,37.09195197677184,-3.052965988974506,1504.1212966223925,1430.7193481445313,1357.31739966667,1430.7193481445313,1346.7927783203124,1427.2964742949375,1360.7529847736007,1446.3612637622966,1412.3222777744993,1421.8196501111643,-0.002260388873158603,0.009807218864017957,0.021104433205987084,-0.002260388873158603,0.004878286170673318,-0.009231243811359313,0.0177166190256679,12105390.8,1.0507956504799498,0,19.989088871997865,21.53949323056736,25.77351010005259,0.017690448088131493,0.020752712758272198,0.07066952220521774,-0.03138347198561615,0.07337955617799087,0
2024-02-22,1470.8634033203125,1474.0398440634356,1447.2878974462733,1457.3633484018678,18493728,57.76558318310687,33.47216624973953,36.36799483136538,-2.8958285816258496,1497.2333061529534,1437.5624450683595,1377.8915839837655,1437.5624450683595,1351.797236328125,1431.4457056306876,1365.0710404028837,1450.1308236942991,1416.6586574445596,1433.5927955548714,0.009572719437904942,0.008358508637089543,0.0181879204804285,0.009572719437904942,0.005257756110063072,0.0075819639402230354,0.021808415686883187,11934120.8,1.5496514833334014,1,19.139472335081564,21.12885095620686,24.26325769674671,0.01649592861034891,0.02753698413748614,0.07749952917190707,-0.017612420672364515,0.06747397285622903,0
2024-02-23,1482.6512451171875,1486.5474563697878,1472.4517119404402,1478.556551746289,14438584,68.43971542841479,33.58696817950499,35.81178950099331,-2.2248213214883137,1488.2018114382222,1444.5383178710938,1400.8748243039654,1444.5383178710938,1357.3878588867187,1436.3224236770209,1369.6820288230524,1455.1339654516667,1421.5469972721617,1440.939240205717,0.00801423284464442,0.007479712052451763,0.009507120758013134,0.00801423284464442,0.015363354648150862,0.022628124894229495,0.02250561832278275,12065606.4,1.1966728833455067,0,20.441165539032227,21.586827427593107,22.620074105558274,0.015256503631621341,0.03225516825223942,0.08247842485836503,-0.0037297134557782437,0.05837525194576418,0
2024-02-26,1476.3974609375,1483.5446346905887,1471.607959051116,1482.5768223248915,7513106,70.79474784897917,32.79527786878202,35.20848717455105,-2.41320930576903,1492.2423342967072,1446.4876342773437,1400.73293425798,1446.4876342773437,1362.7551342773438,1440.1390938923048,1373.8669477295016,1458.4052724494873,1425.6099945807052,1445.4568757713348,-0.004217973849401924,0.007147116033260778,0.008085001468299062,-0.004217973849401924,0.01337119153633215,0.009039993352406128,0.024081648481597107,11246589.8,0.6680341448925255,0,19.7541069906722,21.258993049305445,21.911036389189317,0.014840879213701703,0.025176989638687388,0.07462914322048708,-0.010618163682291517,0.05401781083958177,0
2024-02-27,1474.73486328125,1488.9297276070065,1467.1907251784094,1472.1291493159845,10826044,66.67307695933422,31.668643449126648,34.500518429466176,-2.831874980339528,1491.453105819878,1450.3602233886718,1409.2673409574656,1450.3602233886718,1367.789375,1443.4339290722044,1377.8225522609428,1460.9175171928352,1429.2488737437086,1449.024058802025,-0.001126117932493731,0.006912803551883091,0.014740956472832254,-0.001126117932493731,0.002632100269948978,0.00994198259987944,0.014026366974628557,11083193.1,0.976798283880843,0,19.255378330102303,20.994619049516587,21.925207727852598,0.014867220050029557,0.021685048119358626,0.07033729478536888,-0.011209365197866954,0.04645500567642849,0
2024-02-28,1444.930419921875,1480.3185210789975,1439.5205099276588,1472.1042938560004,8647950,51.803280539246394,28.047494009627826,33.20991354549851,-5.162419535870683,1489.7420074177578,1451.7995666503907,1413.8571258830236,1451.7995666503907,1371.9153369140624,1443.5764520102684,1380.4542333456852,1458.4579637665338,1430.410469756906,1451.9569740658699,-0.020210035106284052,0.009039659975501777,0.02823527734542714,-0.020210035106284052,-0.025441468666038913,-0.00822718809504297,-0.017382484727215042,10759079.3,0.8037816023904573,0,16.279977715330915,19.701248572084523,22.57397905754122,0.015622883113473212,0.0009379260168182134,0.04670650067110485,-0.030080099287498045,0.02197767615270501,1
2024-02-29,1450.0675048828125,1468.1088998815817,1443.8385832706604,1454.2365988812116,23628976,50.017059937246195,25.30057750537003,31.628046337472814,-6.3274688321027845,1487.5662591769988,1453.4945251464844,1419.42279111597,1453.4945251464844,1375.8919067382812,1444.1946475219393,1383.1841655628275,1457.167123938269,1431.866546432899,1454.1319372214807,0.0035552472908801924,0.008868995524816417,0.016737370177040647,0.0035552472908801924,-0.01783392125178007,-0.014138565410326764,-0.006663799563211281,11273060.0,2.096056971221656,1,12.748941891251661,18.11312515994382,22.758331716365415,0.015694670516876823,0.0040665275771173525,0.048354616098984685,-0.02520812371405397,0.021589560178013705,0
2024-03-01,1481.1622314453125,1488.979373154373,1451.7548888255135,1452.7475417409498,12132926,61.70025430381166,25.340600283311915,30.370557126640637,-5.029956843328723,1491.270326968318,1455.2031311035157,1419.1359352387135,1455.2031311035157,1380.1220971679688,1447.7153698003558,1387.0264426562583,1460.8586789393526,1435.5180786560406,1456.0986383701968,0.021443640697963895,0.010356643801604943,0.025131942699170757,0.021443640697963895,0.004358321162735379,-0.0010042912497316703,0.021601108416668513,10897076.9,1.1134110653105513,0,11.392946123334923,17.344413833205863,24.215393651274812,0.01634891380375364,0.023103202703145382,0.06786877733114967,-0.006778177866352851,0.04370708588685377,0
2024-03-04,1496.3250732421875,1501.337897909408,1476.2982516112518,1479.524373681886,10024420,62.26087836787768,26.292746816397994,29.55499506459211,-3.2622482481941155,1496.7766151762316,1458.5967651367187,1420.4169150972057,1458.5967651367187,1384.9627709960937,1452.3448653662444,1391.3126634635496,1466.3150472936347,1440.0223004772367,1458.5026342848462,0.010237124249434348,0.01043728342969902,0.016734095248368133,0.010237124249434348,0.035568946858417716,0.013497457718488315,0.022659467998944027,10957576.3,0.914839169315207,0,12.205771473939649,17.445715734048008,24.11434893436779,0.016115715338591245,0.030282207018959208,0.07547721841129428,-0.0003016762350946932,0.053440759074448986,0
2024-03-05,1489.1778564453125,1496.3250301461744,1475.1319146195472,1494.7119691573153,7107668,55.75950210054156,26.1689497765708,28.877786006987847,-2.708836230417049,1497.4229856210577,1462.190167236328,1426.9573488515985,1462.190167236328,1389.3090991210938,1455.8527692785367,1395.1505141687169,1469.832402547739,1443.6634527711683,1461.0633193954063,-0.0047765134225737915,0.010242579811862794,0.014231419997887629,-0.0047765134225737915,0.02697140059397496,0.009793620211789866,0.01983297081340485,10860560.5,0.6544476226618322,0,12.418840206332334,17.327961907774124,23.77401041141898,0.01596452049600567,0.02289042399753816,0.067395841037711,-0.00550621250970415,0.04360362111999249,0
2024-03-06,1491.9573974609375,1497.9133152152726,1467.6373999640691,1482.4775132325713,7805676,60.42139337959579,25.99546591155263,28.301321987900806,-2.305856076348178,1499.7342476270512,1465.2103149414063,1430.6863822557614,1465.2103149414063,1393.686201171875,1459.2913052959084,1398.9468625331176,1473.2362479190003,1447.2407820074477,1463.310541770924,0.0018664936519132702,0.009965555063265514,0.020292747837658148,0.0018664936519132702,0.007288307645470393,0.03254618830822675,0.024051236600195258,10786015.9,0.7236848223077439,0,15.714853285639947,18.492629187432385,24.646130516101834,0.016519325925824314,0.02238490152478859,0.06648610995803139,-0.005185485480790087,0.04282630768356808,0
2024-03-07,1468.059326171875,1492.056638756749,1464.7091224345347,1491.9325571368477,8315726,55.41301735996239,23.656902029444836,27.372437996209612,-3.715535966764776,1498.9743867873308,1466.6397399902344,1434.305093193138,1466.6397399902344,1397.456298828125,1460.1263549031432,1401.6571552248336,1472.4397984194427,1448.7828963899979,1465.7537366703987,-0.016017931430034826,0.010829560659392713,0.018628345486231723,-0.016017931430034826,-0.018890111230354,0.012407574977357116,-0.001906415743370582,10467070.5,0.7944654619456323,0,15.931707381203978,18.472989662006057,25.29135325662376,0.017227746049319224,0.005433071762654398,0.04737404628479934,-0.020624142005330946,0.023533509808287226,0
2024-03-11,1455.82470703125,1478.060156044582,1452.7475073010382,1478.060156044582,11277130,47.8028333576749,20.579118520513248,26.01377410107034,-5.4346555805570915,1498.736250728811,1466.9300903320313,1435.1239299352517,1466.9300903320313,1400.8943481445312,1459.716674153439,1403.781372942732,1469.883630513567,1449.3045119930537,1466.482941415545,-0.00833387242770911,0.010816098266368318,0.017387154250982556,-0.00833387242770911,-0.02239702213520478,-0.0171065153270471,-0.01809362665312242,10403087.1,1.0840176470309473,0,12.001304353083242,16.754930286473837,25.257675633349322,0.017349393447824726,-0.0026662483145547308,0.03707367478414392,-0.028631818091204384,0.01442438291509241,0
2024-03-12,1464.5850830078125,1477.0676458601297,1454.2614676999044,1455.8248476863198,9432678,51.26254963040959,18.632063216540473,24.537431924164366,-5.905368707623893,1497.6225574384102,1468.075372314453,1438.5281871904958,1468.075372314453,1404.3219799804688,1460.1803321395698,1406.1658321609705,1469.0684693588355,1450.436406142295,1467.2296301709941,0.006017466206097666,0.010930802412880048,0.015571767338629666,0.006017466206097666,-0.01834657913135329,-0.021211961760155384,-0.008000811598650959,10540999.5,0.8948561282068176,0,7.835466773325379,14.85316869742087,25.9153099544536,0.017694642841255378,0.003016580056100666,0.04154506496368524,-0.02205994712519974,0.018113580289453243,0
2024-03-13,1421.6527099609375,1472.2034859914554,1417.2850129833478,1468.9029635812572,13522134,41.70656686783756,13.469456644542788,22.32383686824005,-8.854380223697262,1502.158824652313,1466.4412170410155,1430.7236094297182,1466.4412170410155,1407.0954541015626,1456.511034789224,1406.7731607021458,1461.7737371437743,1448.3042804992315,1465.7718326138706,-0.029313676306674474,0.01350135070821684,0.03863002027380979,-0.029313676306674474,-0.03161085889624626,-0.04534390985745551,-0.03599437067772704,10831326.5,1.2484282511472626,0,0.6582655106872153,11.622646533428906,27.64181501247278,0.01944343707770394,-0.02393275711318649,0.010577077864753306,-0.053593610322802715,-0.006340078131789767,0
2024-03-14,1420.9578857421875,1437.882667347047,1415.0268084821887,1429.1224321842872,18571102,37.48296162216379,9.215753761344558,19.702220246860954,-10.486466485516395,1504.9766261640896,1463.96455078125,1422.9524753984103,1463.96455078125,1409.8024194335937,1453.125020594268,1407.3294244292063,1455.494375389684,1446.2786216283394,1462.497060832107,-0.0004887439906255953,0.01311962808157944,0.01608482495800376,-0.0004887439906255953,-0.023949876053528274,-0.04758816293252022,-0.016590787936337947,11403987.2,1.6284744689997548,1,-6.166284701640279,8.382561896088646,27.363523030165343,0.019257096431026854,-0.022136522595231054,0.00968391698234318,-0.05582727263748307,-0.0014017261227676494,0
2024-03-15,1407.80517578125,1422.694969713975,1402.5193474045138,1415.4733954219128,19223818,31.35515755121304,4.728838699147445,16.707543937318253,-11.978705238170807,1509.4675631312557,1461.3650451660155,1413.2625272007754,1461.3650451660155,1412.0334057617188,1448.80884489779,1407.3480813449728,1448.1575754499247,1443.4287367507773,1458.2994238039043,-0.009256227853697174,0.012876580432985984,0.014331260217355668,-0.009256227853697174,-0.0387685958878905,-0.04104340289008912,-0.029145077011416776,11864839.0,1.620234206296436,1,-11.317510005353142,5.690926120139238,27.684349405878624,0.019664900997764426,-0.028301641904617723,0.00032479131661611885,-0.06734983237342057,-0.003861527008951867,1
2024-03-18,1428.8990478515625,1431.1325169373013,1406.1177116464064,1409.5671563330236,9169392,38.98231368949089,2.8422615511931326,13.93448746009323,-11.092225908900097,1510.3497243753166,1460.3177978515625,1410.2858713278085,1460.3177978515625,1414.96818359375,1446.9126737505303,1408.1932172864076,1445.1947250501767,1442.3524634989835,1457.047456505682,0.014983516493044968,0.013797208281490406,0.017506348911426703,0.014983516493044968,0.005097122412423882,-0.0184951244814322,-0.03528525267806204,11834933.7,0.7747734150804749,0,-12.804000402908741,4.4118443436755115,28.61850152383735,0.020028357893349447,-0.012449698054185145,0.014703827792222348,-0.05392835527377092,0.013198158545139034,0
2024-03-19,1414.778564453125,1427.0378036957163,1406.8373411480031,1418.252849649116,8275764,36.852449081420474,0.205363269003783,11.188662621875341,-10.983299352871558,1511.8743519265802,1457.8982055664062,1403.9220592062322,1457.8982055664062,1417.4880346679688,1443.8522823888725,1408.4514661949065,1440.5153157275533,1440.3099524585496,1455.5961918573369,-0.009882072088765459,0.013940334898214652,0.014278179677907099,-0.009882072088765459,-0.004348701218428452,-0.03400725511446567,-0.05449785627956516,11912230.5,0.6947283298455315,0,-16.328049750697346,2.2856340339360486,28.641551829191794,0.02024454748525472,-0.020136213579719273,0.004492237333041988,-0.0642221275529452,0.007732982878715474,1
2024-03-20,1433.142578125,1434.3833942099568,1413.5625245390722,1417.458614341769,8488806,47.27854922092884,-0.3979874371657388,8.871332610067126,-9.269320047232865,1511.6225443068854,1456.5444641113281,1401.4663839157708,1456.5444641113281,1420.2654760742187,1442.8323105542179,1409.419745094126,1439.3810484040837,1439.7790358412494,1454.4935855557758,0.012980132816030832,0.013582149861972821,0.014528121617965467,0.012980132816030832,0.017997804511330262,0.008082049915255407,-0.03762833168502078,11980796.0,0.7085343912040569,0,-13.67872423500603,2.646584391980241,27.214613152016504,0.01898946662210103,-0.006715771720897963,0.01683163096972909,-0.051917700273430574,0.022602179098098807,1
2024-03-21,1440.3145751953125,1447.1887452733042,1434.060934378195,1441.8532357214951,13006936,47.769307484669156,-0.2940375126052004,7.038258585532661,-7.332296098137862,1511.2672036166116,1455.71435546875,1400.1615073208884,1455.71435546875,1423.3883618164064,1442.5925262343221,1410.6313070588785,1439.5246679104266,1439.8187054230318,1453.4202763501744,0.005004384894973679,0.013620890450660512,0.009114544226096576,0.005004384894973679,0.00798903698684228,0.01362228229798279,-0.034614140024046613,11995128.2,1.0843515619949773,0,-10.532494359945986,3.3018826296722636,26.484316761829568,0.018387869718140003,-0.00157906754512023,0.021042541724330968,-0.04694909560103101,0.02867745446827359,1
2024-03-22,1444.3348388671875,1449.2732629085035,1436.716179238339,1439.321893152815,19527608,40.386159690001534,0.11146038516426415,5.652898945458983,-5.5414385602947185,1509.6840229739616,1454.3879272460938,1399.091831518226,1454.3879272460938,1426.6596484375,1442.7584607707854,1411.9530141886162,1440.2646942114668,1440.1532338263025,1451.794536756223,0.0027912400118077496,0.012153602960132688,0.008694025327266357,0.0027912400118077496,0.020891095721037756,0.025947953391821876,-0.01616044180350107,12046822.2,1.6209758619995238,1,-6.0503841270046905,4.6049328436433825,24.60183214744414,0.01703333014298797,0.0010926140024574344,0.022934066752341366,-0.043286663376115794,0.032337410833044505,1
2024-03-26,1430.983642578125,1441.7291835759677,1428.4276096750873,1434.3835274360674,11415906,32.77965048233848,-0.6371647309265427,4.394886210181878,-5.03205094110842,1506.3637275597582,1451.8045471191406,1397.245366678523,1451.8045471191406,1428.9730249023437,1441.6370495143417,1412.6993133411459,1438.8368401140297,1439.4740048449562,1449.1818177366185,-0.009243837322053361,0.011788051295318715,0.009295405974673245,-0.009243837322053361,-0.0015064345863616824,0.0014588817381444574,-0.017063224942638455,11895688.3,0.9596675460973535,0,-5.275624236188605,4.5060960547382365,23.949516639868712,0.016736401400591957,-0.007389798243466075,0.012942831545472518,-0.050041091406087944,0.024146278602306885,1
2024-03-27,1481.8819580078125,1488.9794509587407,1436.368843691532,1437.3614966588375,16326644,48.437526142314574,2.8438312349710486,4.084675215139712,-1.2408439801686635,1507.2105376931925,1452.0787719726563,1396.9470062521202,1452.0787719726563,1431.6124877929688,1445.4698979422913,1415.412358230035,1445.4591659438424,1442.6153347088714,1449.6456456036733,0.03556876117604446,0.015650522881794054,0.035502562793825,0.03556876117604446,0.028859933467564325,0.04743031541520848,0.011810085464258213,12336365.2,1.323456604543452,0,1.6176155534187728,6.960892035128381,26.578277336866954,0.017935488851350757,0.025190465825235025,0.046961296749519314,-0.016804938030851164,0.06080041073538281,0
2024-03-28,1474.933349609375,1494.8856495085238,1467.786296896486,1481.90676076149,21854364,46.41812734074702,4.98439400000143,4.264618972112056,0.7197750278893738,1507.2377027413102,1452.0886962890625,1396.9396898368148,1452.0886962890625,1433.8980712890625,1448.275940958204,1417.746514754715,1449.9936557385397,1445.0092617385383,1451.0047347579323,-0.00468904311904772,0.015680771314634107,0.01837327267650086,-0.00468904311904772,0.021185191908952516,0.02916023298885606,0.03747795736266801,12887781.2,1.69574294138389,1,5.4436304039861625,8.32676966058898,26.351380005497976,0.017866149689053368,0.01840630497081513,0.040336431272803314,-0.021432819171907095,0.0558318017162725,0
2024-04-01,1473.8663330078125,1482.9986918329437,1471.6080232736622,1481.509712382751,5013880,51.351656988093055,6.519552745128749,4.7156057267153955,1.8039470184133535,1509.4072841341122,1453.5354919433594,1397.6636997526066,1453.5354919433594,1435.6977514648438,1450.7131211534047,1419.947291941111,1453.666375318428,1447.1468225732992,1451.3676618667544,-0.0007234337753940778,0.015052096903315354,0.007728427133575834,-0.0007234337753940778,0.029967282052524524,0.023294742961238235,0.03723435282389809,12706077.7,0.39460485905890536,0,8.120594919082578,9.315984882232442,25.211605165288493,0.01710576095040964,0.015959883120102752,0.03797256515979024,-0.02354629628456319,0.0545214369298524,0
2024-04-02,1476.025146484375,1483.0233977342266,1464.1629930776332,1473.0968689675983,8910166,54.93331695671565,7.820228589211865,5.33653029921469,2.483698289997175,1511.5653184112948,1454.8333740234375,1398.1014296355802,1454.8333740234375,1437.927744140625,1453.1237902325447,1422.1464234918271,1457.1061862670351,1449.2859576778233,1451.9647256887506,0.0014647281291491066,0.014841749024155849,0.012777834240504249,0.0014647281291491066,-0.003952279391613023,0.02194110864350729,0.04845838889977583,11970137.2,0.744366238341863,0,10.365329461759302,10.193409303210956,24.750730587649173,0.016768501977490653,0.01576008624025443,0.037885496248873066,-0.02351216417446896,0.0557353817091124,0
2024-04-03,1460.7880859375,1473.5436523631188,1458.1079713887636,1471.186101560143,7008292,49.10113885605796,7.534665191643626,5.776157277700477,1.7585079139431485,1509.273392533336,1453.8146667480469,1398.3559409627578,1453.8146667480469,1440.112080078125,1453.8537231568262,1423.6617828034223,1457.6726323701837,1450.13796717854,1451.1897500891762,-0.010323035879955644,0.01506499662424236,0.0105666804945557,-0.010323035879955644,-0.009590442629574647,0.020827941335288758,0.022317208576690284,11713905.5,0.5982882480996624,0,12.216673642484466,10.962469462276431,24.401516083033894,0.01670435042422568,0.004769642688410842,0.026078035936997597,-0.032124932988086864,0.044646819272465145,0
2024-04-04,1452.1768798828125,1468.878217464342,1439.3467919062653,1468.878217464342,14490272,58.627990333216935,6.538134238284329,5.928552669817248,0.6095815684670809,1503.330260816849,1451.6072570800782,1399.8842533433074,1451.6072570800782,1441.997626953125,1453.6940237973963,1424.7800219045748,1456.8271319875112,1450.2889977492268,1449.6429704481227,-0.005894904358534014,0.012680873315583239,0.020335970064789825,-0.005894904358534014,-0.014716024539848882,-0.020045508999201544,0.0264340416015163,11937198.1,1.2138754738433972,0,8.224125855105058,9.367663674539926,22.588155550888832,0.015554686115586448,-0.0010436473492686374,0.019228833614339233,-0.034026708746115304,0.03735496446553778,0
2024-04-05,1449.3724365234375,1459.9938949751336,1445.3025839763254,1450.1417667351743,7442298,57.93702535789106,5.459151437174796,5.834672423288757,-0.375520986113961,1498.2222689079329,1449.6169860839843,1401.0117032600358,1449.6169860839843,1443.83701171875,1453.2824440570191,1425.744430321001,1455.680255762269,1450.2211043250943,1448.5955470168126,-0.0019311995654422986,0.012704919272590095,0.010136325645910391,-0.0019311995654422986,-0.018057083935473228,-0.017330215695988693,0.011324664165425435,11953929.6,0.6225817157230038,0,5.006503098815074,7.997915566285883,22.004973560456683,0.015182414820333756,-0.002690466364312739,0.016572399442666492,-0.032605197104767655,0.03451843632060343,0
2024-04-08,1475.057373046875,1480.0206375610207,1450.265891033407,1452.226356281804,8357118,67.55636596321808,6.600522795016559,5.987842497634317,0.6126802973822416,1494.7970844786532,1448.7719848632812,1402.7468852479092,1448.7719848632812,1446.9618823242188,1455.3562468179578,1427.6782712122117,1458.6613507291315,1452.060827934115,1448.0748352224543,0.01772141919922743,0.01299239222774593,0.020171924883269136,0.01772141919922743,0.009768211588484732,0.0008081058725535328,0.024121673452378367,11981501.7,0.6975017163332707,0,4.643125664553054,7.73097927110075,22.753014898179686,0.015425172819672168,0.013536978504055268,0.03318611958311496,-0.013205612746202898,0.05154920574725518,0
2024-04-09,1452.896484375,1478.8543827139297,1451.7549092714803,1478.060211901015,7071414,56.22988858346543,5.6517198018939325,5.9206179584862415,-0.268898156592309,1493.1929853697927,1448.0138427734375,1402.8347001770824,1448.0138427734375,1449.3397827148438,1455.1219837281524,1428.6672207480074,1457.7744482131113,1452.1227284112174,1447.52603526076,-0.015023746924568426,0.013405913435340382,0.018652033186044154,-0.015023746924568426,0.0004955350151598648,-0.015669558316444232,0.005927742845646122,11919286.1,0.5932749613250747,0,1.9981934956076657,6.520797256180231,22.901919766147866,0.015762939763736647,-0.001529424596727241,0.016959347337938444,-0.026986800359776134,0.035686160451832455,0
2024-04-10,1468.7044677734375,1476.0749645358123,1455.5766564963697,1455.5766564963697,9138330,63.87791633183525,6.104984282919304,5.9574912233728545,0.14749305954644942,1494.6653447228846,1448.6578308105468,1402.650316898209,1448.6578308105468,1451.8511962890625,1456.4155536372273,1430.2373088666516,1459.4559896839307,1453.3510054010114,1447.5700409229291,0.010880323249758295,0.0132241685372941,0.013956727503197574,0.010880323249758295,0.01333820815329645,0.0054192541082076495,0.02636006735014318,11812346.1,0.7736253173279439,0,2.561830480401113,6.57552606322929,22.981689298808792,0.015647592693477087,0.008437780072809646,0.026895647783980733,-0.01736902313357664,0.04709238651961328,0
2024-04-12,1456.3707275390625,1475.553696376268,1452.3255942645226,1465.031599863232,15551012,56.169283171994245,5.406645446986886,5.847322068095661,-0.4406766211087749,1493.8003704270732,1448.2471130371093,1402.6938556471455,1448.2471130371093,1452.2303881835937,1456.411284485021,1431.2621488145894,1458.9813339693355,1453.5746885223487,1447.7682686144171,-0.008397700493873339,0.013186951381813318,0.015949305813771453,-0.008397700493873339,-0.012668419445416856,0.0028879730247381996,-0.01721542686372024,12118262.8,1.283270734151763,0,2.71726068762473,6.4821269100145855,23.15363447315599,0.015898173476941824,-2.7847179152338766e-05,0.01754296286342003,-0.025056656584781574,0.0382669901032344,0
2024-04-15,1454.062744140625,1471.2356878788278,1435.6986653849476,1450.2658952456557,12902062,53.748291843916626,4.6137870514724,5.6006150647710085,-0.9868280132986085,1493.71126099729,1449.8676147460938,1406.0239684948974,1449.8676147460938,1453.3659814453124,1456.187613976031,1432.1562898077673,1458.2246278418415,1453.6108407903691,1448.6827129051314,-0.00158474992307589,0.0131593911122218,0.024439813644275114,-0.00158474992307589,0.0008027135987782597,0.0032360954982957324,-0.014150202430691095,12087259.2,1.06741005438189,0,2.905169919011769,6.411859486766389,24.688695569268557,0.016979112950081105,-0.001459200596826986,0.015296133870834823,-0.02654362853915514,0.03416639881121765,0
2024-04-16,1454.9810791015625,1460.366269889981,1440.265047408789,1442.6721581376476,9366184,52.95252346066868,4.01328041880538,5.283148135577883,-1.2698677167725032,1493.2776815939496,1451.5687744140625,1409.8598672341755,1451.5687744140625,1454.1427319335937,1456.0727058927482,1433.0513795839947,1457.7256203433371,1453.7123399245318,1450.7326190664446,0.0006315648789145811,0.013146377394936418,0.013815452839843215,0.0006315648789145811,-0.00934387344288512,-0.013610517334551542,-0.012813410200984587,11627013.3,0.8055537357990292,0,0.716459074790464,5.373108371783019,25.22756262719908,0.017338756489381203,-0.0007497062384095845,0.015302800604353638,-0.025646002056033342,0.03200404020004102,0
2024-04-18,1453.56640625,1475.082206281391,1448.6279823176308,1452.7475160786112,19005692,56.70692800524379,3.3842112293400533,4.9033607543303175,-1.5191495249902642,1490.1227831756296,1453.8568359375,1417.5908886993702,1453.8568359375,1454.890693359375,1455.834010688677,1433.8558904336421,1457.0857412520545,1453.7015300227145,1454.7036883589249,-0.0009722963905730575,0.012852335598867276,0.018199528999853935,-0.0009722963905730575,-0.001925554555604947,0.00046109401612892675,-0.015215689439890379,11616107.0,1.6361498736194493,1,0.7120269605245539,5.18866968563475,25.980919396603376,0.0178739129391622,-0.0015575982028364925,0.013746511032148996,-0.02453245956532762,0.025377926620025797,0
2024-04-19,1459.323974609375,1463.1705049395248,1432.42310285773,1446.0720814485835,15741778,40.8459592832311,3.3120774459846416,4.585104092661182,-1.2730266466765405,1489.7384159660326,1455.3780822753906,1421.0177485847487,1455.3780822753906,1455.1373706054687,1456.1663882049338,1434.8546388326904,1457.4300848454886,1454.118007399504,1455.7550983548645,0.003960994375364457,0.008330169537183458,0.02106962032884097,0.003960994375364457,0.003618296727531778,-0.006386916748665872,-0.0010022749652872642,11944726.3,1.317885199261535,0,-0.24916543229346644,4.617329966038824,24.034604660973304,0.01646968396267647,0.0021684241787325244,0.017053529406011018,-0.020415960970527218,0.02695689484721573,0
2024-04-22,1468.9774169921875,1471.930535229808,1457.0160218672338,1461.6317610616636,10350362,47.634997251631326,3.9878930770728402,4.465661889543514,-0.47776881247067404,1487.0989114264332,1458.0880249023437,1429.0771383782542,1458.0880249023437,1455.94787109375,1457.3864861846723,1436.1927869958079,1459.2065974834422,1455.2187044063694,1457.5519121212433,0.006615009792733995,0.008497815654565066,0.010152990229837835,0.006615009792733995,0.009619601307301995,0.008656236502657233,0.011569208504910833,12048456.2,0.8590612629691098,0,0.9752016996512793,4.930638181218455,23.164259000297324,0.015768968761771317,0.007953230606562956,0.022827457631894744,-0.012185803039061806,0.02792031132707992,0
2024-04-23,1448.603271484375,1482.527235777458,1444.8561033979945,1468.1337674689391,14605554,41.30210938189521,2.846644222435316,4.141858356121875,-1.2952141336865592,1485.8249081979232,1458.8610595703126,1431.897210942702,1458.8610595703126,1456.573740234375,1456.5499895465487,1436.6794726620262,1457.5753165605088,1454.7286723380735,1458.6661614436846,-0.013869611113239366,0.009246820251947997,0.026005141035517636,-0.013869611113239366,-0.0034144534052827913,-0.003754633476615643,-0.0005306883308112686,12354293.6,1.1822249391903719,0,0.36237557051777003,4.523182854258948,25.041434987453176,0.017286606678578995,-0.005455849863860575,0.008299553970973875,-0.025051159465816375,0.011667080858879799,0
2024-04-24,1439.5205078125,1457.7605053579202,1438.8504186169605,1452.7475596039474,10462776,38.00366814665526,1.195512043724193,3.552589093642339,-2.357077049918146,1485.9022747634303,1458.821356201172,1431.7404376389136,1458.821356201172,1456.7330615234375,1454.928134143306,1436.7908858051821,1454.7976536761998,1453.6021416324757,1459.0626888856864,-0.006270014606944763,0.00930658876009602,0.013136378841657192,-0.006270014606944763,-0.013570301825662767,-0.01062596037235708,-0.024091852889064347,12227085.6,0.8557048132549264,0,-1.1445717494423207,3.739506221187412,25.04498370776506,0.017398143042660432,-0.010589956967103568,0.001899804650965731,-0.03121454737547579,0.0054339948562300445,0
2024-04-25,1449.2484130859375,1457.189636393573,1430.9091747445573,1431.9018276580116,15943926,46.06530561278641,0.6642811330000313,2.9749275015138776,-2.3106463685138463,1485.6797014972801,1459.0670349121094,1432.4543683269387,1459.0670349121094,1456.92861328125,1454.3872083283184,1437.2794162867804,1453.943924354621,1453.279643221621,1459.449918412621,0.006757739970109977,0.009214980765040877,0.01813385573633699,0.006757739970109977,-0.013430433768441552,-0.0029706198117238625,-0.0025108955306143432,12047901.5,1.3233778513212446,0,-1.4468023603585607,3.423525853138244,25.642361318722514,0.017693558321117152,-0.003533306132613356,0.008327536499534037,-0.02452163031818155,0.01172396491667214,0
2024-04-26,1441.878173828125,1454.2366552962403,1439.346860190818,1453.1943211694756,9413848,46.45846853646476,-0.3474348903614555,2.310455023138811,-2.6578899135002665,1484.1708506399418,1459.6117614746095,1435.052672309277,1459.6117614746095,1456.7658227539061,1453.1958717092523,1437.4597597197744,1452.0876550428525,1452.435089933214,1460.116251203393,-0.0050855596537233705,0.00918119106225608,0.010326666549012624,-0.0050855596537233705,-0.004642470294409118,-0.011954714021552237,-0.018265277007008307,11947798.6,0.7879148548754412,0,-2.9705164956815224,2.605120887084013,24.59653057210434,0.01705867459440183,-0.007788143430255816,0.003073765424370514,-0.0284958276828986,0.00475627247037862,0
2024-04-29,1454.2613525390625,1457.1152296530197,1439.3467183436048,1439.3467183436048,7247974,51.57729576284403,-0.14829860248892146,1.8187042980132646,-1.967002900502186,1480.518218452156,1458.230731201172,1435.943243950188,1458.230731201172,1457.0174609375,1453.297346073996,1438.1186457126878,1452.4220700422695,1452.5703686447584,1459.1684859200918,0.008588228142784482,0.009477988396603208,0.012218237993048492,0.008588228142784482,0.010240107484792205,-0.010017896996168285,-0.0014483777791691743,11493865.1,0.6305950119425014,0,-4.089140110676226,1.9258587168799295,24.81633059429053,0.017064560335707572,0.0006633236258709311,0.011224878332882523,-0.017734915778709087,0.01275684722641448,0
2024-04-30,1456.2218017578125,1472.178648628076,1452.1271085524606,1457.2144546560796,11474262,42.824724453533996,0.1657989807015383,1.4881232345509194,-1.3223242538493811,1478.1557419442777,1457.2951538085938,1436.43456567291,1457.2951538085938,1457.0551806640624,1453.575865662931,1438.828573400732,1453.006644152353,1452.8408451716514,1457.226521344023,0.0013480721435161769,0.008065510556072665,0.0137695645343388,0.0013480721435161769,0.004811727657528575,0.005259224815660435,0.0014848448774908984,10974860.0,1.0455041795521764,0,-2.9741238836177217,2.1491007387057834,24.05942623986425,0.01652181433544121,0.001820294459604854,0.012088464657030586,-0.014838720686911236,0.013775243619004037,0
2024-05-02,1455.7752685546875,1466.4710074185996,1453.368036621592,1461.185178797564,14512646,51.314046022535415,0.3743765014055498,1.2653738879218457,-0.8909973865162959,1475.7398635555626,1456.3906005859376,1437.0413376163126,1456.3906005859376,1456.7608618164063,1453.785332605003,1439.4931496812792,1453.4325863680967,1453.0582098666912,1456.89514418055,-0.00030663818010823185,0.006965343443799085,0.009000682371817201,-0.00030663818010823185,0.009638189258157848,0.011291788240577638,0.0005458417738430921,11449798.3,1.267502327966773,0,-1.1428015383028196,2.7022638760970494,23.059676050904127,0.01584013449671945,0.0013687962762141122,0.011311008237179428,-0.01352853270004751,0.013036459319569569,0
2024-05-03,1423.46435546875,1464.1134460205978,1405.745524232649,1460.1925152681529,17226958,32.053538136721755,-2.0439831972221327,0.60350247089305,-2.647485668115183,1475.9524676085302,1453.7625610351563,1431.5726544617823,1453.7625610351563,1456.0342431640624,1450.8976204967885,1438.864569516082,1448.8220893066587,1450.8660725038808,1454.3658096252477,-0.02219498694878652,0.008492751059607,0.04100413302497361,-0.02219498694878652,-0.021177071794242885,-0.017791330585130383,-0.020709099117741103,11865637.9,1.4518358090128471,0,-3.4895878315298887,1.585153229301568,25.573207595699596,0.01796547099858941,-0.018907788282570417,-0.01070303235870998,-0.03556219681303569,-0.005663910223320636,0
2024-05-06,1409.095703125,1429.4202480421582,1407.5818831415145,1424.9533097670264,7394208,31.5442644669059,-5.061633482004481,-0.5295247196864563,-4.532108762318025,1480.739748169423,1451.1779418945312,1421.6161356196394,1451.1779418945312,1455.21927734375,1446.916485508999,1437.6971629909415,1442.7103375864035,1447.771971068408,1452.8642466140989,-0.010094142707927745,0.008599436292364617,0.015498141717565379,-0.010094142707927745,-0.0323618960902291,-0.022735950441699848,-0.034418862677713435,11884933.7,0.6221497053870818,0,-6.279386200253384,0.23740327116706794,25.47394065204948,0.018078218956707515,-0.026138884146236153,-0.019893939142538106,-0.04838395479893983,-0.008807182319425582,0
2024-05-07,1391.17822265625,1410.311631866643,1381.772860502106,1405.571689953147,14517472,28.11742297451825,-8.797521651554916,-2.1831241060601485,-6.614397545494768,1488.0330370134852,1448.1280090332032,1408.222981052921,1448.1280090332032,1453.77943359375,1441.6080795230228,1435.8728908209534,1434.7823199048414,1443.5798415563963,1449.258463547198,-0.012715588039204029,0.009030025446914398,0.020514101572152624,-0.012715588039204029,-0.04437295185167578,-0.043378124415307306,-0.052961463829195976,11886293.7,1.2213623831287292,0,-11.689266550973343,-2.24575489173435,24.974065571382116,0.01795173699865558,-0.03498166913954742,-0.031127175985020152,-0.06508915591795257,-0.012103735435368933,0
2024-05-08,1408.1279296875,1422.4220356245855,1387.2325360419566,1387.2325360419566,9439002,35.332507392577384,-10.27212952376317,-3.8009251896007528,-6.471204334162417,1489.781024335436,1446.0657836914063,1402.3505430473765,1446.0657836914063,1452.7376440429687,1438.4194938244016,1434.7848531294455,1430.6816444867889,1440.953774010552,1447.4809827904614,0.012183706411740047,0.009885943735220065,0.0249902717222848,0.012183706411740047,-0.010774014623077588,-0.03302647440950146,-0.027940943247629302,11986128.9,0.7874937837519835,0,-15.156371838529367,-4.043720271286475,26.0517996500562,0.01850101762830439,-0.02105892214820017,-0.01857903879024332,-0.054808789556411504,0.004119787786846041,0
2024-05-09,1383.88232421875,1413.2896685063718,1379.787630710347,1402.6186490602306,11009612,30.913551748718433,-13.244510150222595,-5.689642181725121,-7.554867968497474,1491.1117459216748,1441.50703125,1391.902316578325,1441.50703125,1451.2769555664063,1433.2254776714824,1432.7886755251045,1423.4817490609366,1436.7262592111592,1444.2524083480596,-0.017218325805192114,0.01064385726250052,0.02420873307630244,-0.017218325805192114,-0.017893304798484166,-0.04938464465556813,-0.038650497364777325,12118753.6,0.908477254624601,0,-20.559854933520683,-6.704474156174683,26.55521492378937,0.019188925574853858,-0.03442804654358971,-0.03413368080148369,-0.07191239824661495,-0.005761893104173017,1
2024-05-10,1397.0845947265625,1399.6406275450738,1377.8766636438304,1386.4879762578594,10505096,33.62063703679907,-14.36919122559766,-7.425551990499629,-6.943639235098031,1491.7821686613695,1438.7164367675782,1385.650704873787,1438.7164367675782,1449.8013793945313,1429.7834888195853,1431.3885154937893,1419.4206483941098,1433.7898396197074,1441.5127431898948,0.009540023943340525,0.01103974492981749,0.015578128900278267,0.009540023943340525,0.00424558979872125,-0.018532083814280398,-0.035993703969839586,12290437.7,0.8547373377922904,0,-21.114131677203204,-7.476054022292601,25.91354076803571,0.018548297551808243,-0.02286982214350415,-0.023965485537930927,-0.06347949179455777,0.008251639329131673,1
2024-05-13,1392.394287109375,1396.6379028351903,1373.8317248456565,1389.614931468387,8456620,29.30522962961986,-15.460755738723265,-9.032592740144358,-6.428162998578907,1489.8289454982246,1434.900927734375,1379.9729099705255,1434.900927734375,1447.996240234375,1426.2226124662318,1429.8593300669497,1415.2627466579966,1430.7235023967198,1438.7113837698632,-0.0033572108910882026,0.010684045825090442,0.0163791091364499,-0.0033572108910882026,-0.01117344684841004,-0.011852577492490912,-0.034319048319715106,12256352.2,0.6899785402707341,0,-20.69387304276711,-7.837832923991755,26.509137662202274,0.01903852802874933,-0.02371882556143229,-0.026201908236539964,-0.06539989619832882,0.009001174623866202,1
2024-05-14,1409.6414794921875,1416.590049599915,1389.738862101979,1390.6818338615062,7188300,39.290514853863804,-14.763934745663164,-10.17886114124812,-4.585073604415044,1487.622463812404,1432.5644653320312,1377.5064668516584,1432.5644653320312,1446.6611206054688,1424.643456944894,1429.066473181665,1414.3979363247952,1429.1618710704583,1436.2063924072168,0.012386715848007324,0.011071127647195905,0.019048238781685652,0.012386715848007324,0.018613689056242055,0.013271668960346927,-0.030682155562321123,11838216.6,0.6072113936486008,0,-16.964622578128683,-6.806417639288384,25.736284456378876,0.01825732629948586,-0.01053033822573254,-0.013592785258078213,-0.05241987548397917,0.023328393306185243,1
2024-05-15,1405.86962890625,1419.468926315315,1402.6435067088078,1410.063563528233,5046534,40.47215486325592,-14.35063076940105,-11.013215066878708,-3.3374157025223425,1485.4689928973953,1430.1548095703124,1374.8406262432295,1430.1548095703124,1445.2838159179687,1422.855473322166,1428.1567930140018,1413.0858890296345,1427.4365197990355,1434.6297512606284,-0.002675751700564555,0.011003171155698068,0.011967980003663083,-0.002675751700564555,0.0062881189964068,-0.0016037610884908071,-0.03457726892344437,11445440.2,0.4409209180089028,0,-15.564020502235508,-6.628060115443759,25.58737966106084,0.01820039293470442,-0.011937856468483422,-0.015605544304919517,-0.05358534198407426,0.0225691633420869,1
2024-05-16,1414.8778076171875,1417.012035618308,1387.75361519461,1408.1278405018506,14711774,40.228547948704424,-13.14467601026763,-11.439507255556492,-1.7051687547111385,1482.574890094524,1428.1496459960938,1373.7244018976635,1428.1496459960938,1444.682763671875,1422.0956956359776,1427.6360484886366,1413.3615688123348,1426.5062448226024,1432.1767861414507,0.006407549125266865,0.010983011879649176,0.020679114667133305,0.006407549125266865,0.01614738060617049,0.022397484855466665,-0.028093251630867178,11712719.7,1.2560510604552417,0,-11.129782035504832,-5.152627036467948,25.800091002109575,0.018234854531756217,-0.005075529052608615,-0.008936620005466758,-0.0456618299214689,0.02995754145640471,1
2024-05-17,1425.15185546875,1426.6408349602225,1402.8668442157614,1412.5948920294334,10916476,45.321999595776404,-11.230460618112147,-11.397697928067625,0.16723730995547825,1479.8278626204099,1426.7289184570313,1373.6299742936528,1426.7289184570313,1444.1844506835937,1422.386758477194,1427.5386291545235,1415.1754590671678,1426.40591968528,1429.2412915910375,0.007261438264315689,0.011180450945752185,0.016681724584810338,0.007261438264315689,0.011003064397729023,0.02008987920139571,0.0011854880619361907,11308258.9,0.9653542686398876,0,-7.396730342391265,-3.8498863392658222,26.43467640489806,0.018548673464838152,0.0019439839235541696,-0.0016719503325714556,-0.03694754540899247,0.03750783117672627,1
2024-05-21,1425.57373046875,1431.231803864575,1415.1260338425998,1415.1260338425998,11176128,41.401369434978186,-9.569082910661336,-11.031974924586368,1.4628920139250319,1475.8756212367127,1425.04140625,1374.207191263287,1425.04140625,1443.0726806640625,1422.6902796192471,1427.461574304101,1416.7751931289497,1426.344276039611,1427.3847213482384,0.0002960210860205592,0.010861369477325612,0.011297746077770045,0.0002960210860205592,0.014015596579769252,0.023829057377315,0.011694044135686532,11079976.4,1.0086779607220102,0,-3.532332846984673,-2.3977557628486466,26.31590917008095,0.018459872406198088,0.0020267593662582507,-0.0013225181464316589,-0.034082743860090435,0.037379035368198345,0
2024-05-22,1449.9185791015625,1457.9838844507517,1425.722663053995,1425.722663053995,10281604,48.33423875524059,-6.216345124591953,-10.068848964587486,3.852503839995533,1472.0904301865066,1424.0884643554687,1376.0864985244307,1424.0884643554687,1442.14455078125,1425.2834509985153,1428.3422411589033,1421.8741755862748,1428.0905207108667,1426.3780058355737,0.01707722870623285,0.011925248242733154,0.022250367614950747,0.01707722870623285,0.02476593476534039,0.028572584018941027,0.04222345885572909,11076538.5,0.9282325881862822,0,0.6399940536211943,-0.7242320227617256,27.198667306251405,0.018758754938573843,0.01728437110933164,0.015105860010940329,-0.01506147355508253,0.05365366251053369,0
2024-05-23,1475.1319580078125,1481.2615172416956,1444.3100355832012,1447.8340020088174,14608260,54.52330312663309,-1.5073910475477987,-8.356557381179549,6.84916633363175,1477.5567504496703,1425.4148986816406,1373.2730469136109,1425.4148986816406,1441.8636328125,1430.0309278565435,1430.1771320157234,1430.0676805742037,1431.5750716217515,1426.9216903895003,0.017389513638671694,0.012822167038610477,0.025049610957109208,0.017389513638671694,0.03507001892273687,0.0492665377197512,0.04758376487510074,11076673.8,1.3188309291910356,0,7.1754545343774225,2.020339001721595,28.90213236778618,0.01959291317016746,0.0315384998133365,0.03143304768740694,-0.0016410824431074091,0.07417236602955721,0
2024-05-24,1469.37451171875,1477.5638984586112,1465.2549777906745,1472.724715385057,7094776,62.248401926416314,1.7398552182171443,-6.337274861300211,8.077130079517355,1482.354276238378,1426.9075988769532,1371.4609215155285,1426.9075988769532,1441.4119750976563,1433.7779358434202,1431.71428416094,1436.1148853656723,1434.3750301474552,1427.4612940046618,-0.003903004241625929,0.01108945442555825,0.008376979843987347,-0.003903004241625929,0.030725019908719675,0.03851689793151891,0.06177706442508635,10908273.8,0.6504031829490748,0,11.682240207442646,4.078235672303435,25.612203716356735,0.017430684629473902,0.0248271193086746,0.026304289881329837,-0.00875618246440072,0.07139364211342046,0
2024-05-27,1455.4774169921875,1473.990419113941,1450.8119965034373,1469.3497180106694,6629010,62.405422930176705,3.155566471404427,-4.438706594759283,7.59427306616371,1483.2608927393687,1427.2190490722655,1371.1772054051623,1427.2190490722655,1441.1603369140626,1435.8445530956838,1432.6461717229497,1439.093736385136,1435.9381699137316,1427.0983898217976,-0.009457830264325784,0.01103580360035553,0.01592496203644508,-0.009457830264325784,0.003833896586158403,0.021278828222458523,0.04179619651239053,10442528.0,0.6348089274934192,0,13.457794618489743,5.107542568426197,25.707922124203883,0.01766287942641564,0.013673390935094789,0.015936415927304753,-0.01873134785875003,0.061480172843243634,1
2024-05-28,1445.5010986328125,1467.6373066821805,1442.0764946111178,1457.2144512745626,7820162,65.17397735494954,3.4329494192061247,-2.8643753919662016,6.297324811172326,1483.6645268499801,1427.4001953125,1371.13586377502,1427.4001953125,1440.9538647460938,1436.7642240992197,1433.1502865037287,1440.07948442324,1436.646535004034,1427.2079943612098,-0.006854327138920202,0.010518434289828939,0.01768301116840286,-0.006854327138920202,-0.020086921182981388,0.01397849001995155,0.03814064163800035,10362843.7,0.7546347533930287,0,14.073944479972624,5.688712199627616,25.495210746098564,0.01763762806559781,0.0060809382548972805,0.00861794624429409,-0.025722410643728016,0.05423622619938603,0
2024-05-29,1430.1895751953125,1447.287997987601,1427.8815843874524,1435.87248908715,7383556,56.219385539341026,2.389718241766559,-1.8135566652196498,4.203274906986209,1481.0538232431313,1426.1966064453125,1371.3393896474936,1426.1966064453125,1440.2659545898437,1436.1380670607523,1433.0341801779084,1438.557959926636,1436.1682416848694,1426.684702960617,-0.010592536700236299,0.010713523785118837,0.013569119742393896,-0.010592536700236299,-0.0266677665979127,-0.013606973653979226,0.014576823966990116,10369622.8,0.7120370858619852,0,10.854616062237028,4.691939019005076,24.367847461635684,0.01703819401585829,-0.00414200556469767,-0.0019850224244077406,-0.03434328128361942,0.04291438428159385,0
2024-05-30,1414.3814697265625,1429.817270893488,1409.6663684202383,1424.9532474164846,13206858,59.02745209126272,0.2840931708608423,-1.3940266980035516,1.678119868864394,1477.3068791657206,1424.10458984375,1370.9023005217796,1424.10458984375,1440.1205297851564,1434.0660101717817,1432.302701336679,1434.8384998958554,1434.5544067249946,1424.295808408883,-0.011053153891567913,0.010002944192121532,0.014247148244345599,-0.011053153891567913,-0.028235372659063063,-0.04118308735124576,0.006054502242099469,10456252.6,1.2630584307039407,0,4.035082315238242,2.1255693209557194,23.440788102996358,0.016573172517261616,-0.013726383796559884,-0.012512181673183902,-0.042594677061744926,0.03171573144799181,0
2024-05-31,1419.8907470703125,1431.653659822201,1411.800601617005,1420.7841589242364,31069832,57.07248896130247,-0.9293640985340517,-1.3010941781096519,0.3717300795756002,1473.393653209463,1422.3103637695312,1371.2270743295994,1422.3103637695312,1440.0991870117186,1432.715985114499,1431.8159580321158,1432.5388456150026,1433.4682097135367,1421.655931132509,0.003895184900022164,0.009769519459922563,0.013982102669630894,0.003895184900022164,-0.01771728266877337,-0.033676754465106096,0.0035430193520156195,11284111.9,2.753414028090239,1,-1.061950728921147,0.10167387117576254,23.304294838992973,0.01641273801317261,-0.008951696063586253,-0.008328731702497044,-0.03631270300547739,0.03548914228119732,1
2024-06-03,1499.228515625,1503.3728901534053,1448.2806515244756,1472.1043222829317,21527942,72.64599031216362,4.459451362553864,-0.14898506997694871,4.608436432530812,1487.6969256084378,1426.0985717773438,1364.5002179462497,1426.0985717773438,1441.9276538085937,1439.050511829785,1434.4595877416407,1442.79879484731,1438.3393434847562,1426.7488706599352,0.055875967019565875,0.017450322635183698,0.036747058940486285,0.055875967019565875,0.04827257982233535,0.03005962038437282,0.05197808210542254,11499161.1,1.8721315244465964,1,3.2059587341011593,1.8134160186909867,27.60638578200631,0.01841372779018796,0.041817853717099486,0.04515214540503652,0.007751303251397116,0.09873820165564644,0
2024-06-04,1387.0091552734375,1487.0437791255476,1349.3131842665357,1487.0437791255476,36709098,46.57968101324857,-0.32133394654829317,-0.1834548452912176,-0.13787910125707556,1488.6341703419744,1424.9942443847656,1361.3543184275568,1424.9942443847656,1441.0898559570312,1434.0941921577519,1432.598786468378,1434.2157733744066,1434.5371073209549,1424.3892591376882,-0.07485140469382034,0.02747333247934349,0.09930042230460943,-0.07485140469382034,-0.01935285143294252,-0.040464821102313975,-0.0270519681803002,12964905.6,2.831420384580355,1,-2.670031941467869,-0.5515000353507276,36.39668177204406,0.026241125830830405,-0.032832597148636226,-0.03182302793046989,-0.06826728627705167,0.018845084265434683,1
2024-06-05,1410.3116455078125,1420.6352601794422,1373.9308915121778,1411.5524616660985,17464890,50.63388248098562,-2.204413427044983,-0.5876465616419708,-1.6167668654030123,1488.0059705841195,1425.9509155273438,1363.895860470568,1425.9509155273438,1441.000517578125,1431.8291877149006,1431.7247809405128,1430.5382152410846,1432.7426286681296,1424.5322768068468,0.016800530945147996,0.027861354663508316,0.03311634617499557,0.016800530945147996,-0.006746365227229489,-0.013898807565273619,-0.027316660510890434,13112276.5,1.331949490235353,0,-4.308879345851665,-1.3093992373956098,38.530892419241,0.02732083546354546,-0.015028009200894012,-0.014956181326018413,-0.05221371863569065,0.034031766194546655,1
2024-06-06,1421.0819091796875,1433.0929853880773,1410.9072166555904,1424.4569533735907,17855722,50.88090455989091,-2.7954727450392056,-1.029211798321418,-1.7662609467177877,1488.1386741042445,1426.598614501953,1365.0585548996617,1426.598614501953,1440.7593041992188,1430.8056373782135,1431.3074134204805,1429.0833989239466,1431.8788716689858,1424.9938546648532,0.007636796949228142,0.027883019578127208,0.015611885978686109,0.007636796949228142,-0.05212454647898335,0.004737363714486742,-0.03664082290042747,13533112.5,1.3194098549021889,0,-3.2603727935681945,-0.9952879161985493,38.06824380899577,0.02678821225088318,-0.006795981190250022,-0.007144170528926799,-0.045060830748801343,0.041040989838083415,1
2024-06-07,1459.1500244140625,1461.1850112482905,1416.0193060772324,1418.004611799037,18558696,54.474174854479635,-0.18992344277626216,-0.8613541272123868,0.6714306844361246,1490.0819625715603,1430.3619995117188,1370.6420364518772,1430.3619995117188,1441.1360131835938,1433.5051028101993,1432.3992805182681,1433.7090336147337,1433.89895705751,1427.651525275651,0.026788121774310447,0.028713570312428636,0.03095343481846213,0.026788121774310447,0.05201181900374907,0.027649505727644463,-0.006958394352932995,13910566.7,1.334143777190616,0,0.7891176957002699,0.5833224861523831,39.596223410895554,0.02713649915936221,0.017889661887906538,0.018675479846733414,-0.020758548143295398,0.064574108781387,0
2024-06-10,1460.5894775390625,1482.3781598703026,1457.2888339961758,1459.150058153404,9251760,54.59577984655793,1.9684538774326938,-0.2953925262833707,2.2638464037160646,1492.5562819615534,1433.5372436523437,1374.518205343134,1433.5372436523437,1441.4611059570314,1436.084567070091,1433.5047784406522,1437.8444865261688,1435.876032648736,1430.327628283897,0.0009865011142895508,0.028710872847645584,0.017177534317445384,0.0009865011142895508,0.03565015731905574,-0.02577261417004839,0.003512291216059671,13847899.9,0.6680984168581403,0,-2.9659447596939117,-0.9548093009884724,40.23790597176352,0.027549086578084966,0.017063695990387654,0.018894041726092232,-0.021417486770066285,0.06261923040476695,0
2024-06-11,1445.9727783203125,1462.847878399236,1443.9874724286744,1458.20717740815,11774902,49.46854651648387,2.471053220517433,0.25789662307679007,2.2131565974406433,1492.1555895962395,1436.2161682128906,1380.2767468295417,1436.2161682128906,1441.760888671875,1437.026301474874,1433.9937196124035,1439.094992956037,1436.6239397355196,1432.4819783146581,-0.010007397316991185,0.028537781162603342,0.013043403204637316,-0.010007397316991185,0.01751543593640781,0.0425113437951683,0.00032630877136385905,14013814.0,0.8402353563419637,0,2.9321093171220127,1.394933144025572,39.27006682808922,0.027158233831833658,0.00622568761355064,0.008353634011135558,-0.030950399273324776,0.047596274907675436,0
2024-06-12,1452.5738525390625,1465.1557773484808,1444.48382780751,1446.7916974833406,10081742,46.801312182763965,3.3632489031133446,0.8789670790841011,2.4842818240292432,1493.2943039052032,1438.3627868652343,1383.4312698252654,1438.3627868652343,1441.1747265625,1438.5070206238443,1434.7223522761942,1441.1686636611178,1437.8054147580044,1433.9400439307421,0.00456514418370868,0.028146351943498595,0.014231255440015564,0.00456514418370868,-0.004506851087941244,0.029966573108763273,0.015651265910460177,14158486.1,0.7120635588292169,0,6.677832908943628,2.997571335681414,38.10724310540896,0.026234289594844667,0.009778771819353245,0.012442477274119826,-0.027268872090150057,0.0499790515234849,0
2024-06-13,1454.4847412109375,1461.433311890669,1449.3725542618724,1461.1851486521073,9181160,47.86537869897249,4.176370555290077,1.5384477743252964,2.637922780964781,1493.9446291575637,1440.7935424804687,1387.6424558033737,1440.7935424804687,1440.7657543945313,1440.0287082988057,1435.497347920694,1443.2172909764747,1439.0409204211846,1435.0484607579365,0.0013155191170037828,0.028135602157206882,0.00829211698622249,0.0013155191170037828,-0.00417963871574023,0.023505212342426862,0.028353928796965855,14365217.4,0.6391243337535567,0,9.223070920592136,4.18993450021344,38.089517174041816,0.02618763614001906,0.01003871160958286,0.013227048672536107,-0.0264132198586755,0.04816967449216996,0
2024-06-14,1466.6944580078125,1468.8038455887872,1446.518713499826,1459.199879544848,8157998,51.615910875015125,5.739832214663238,2.378724662392885,3.361107552270353,1496.2673927095123,1443.384375,1390.501357290488,1443.384375,1440.6223168945312,1442.5683035091874,1436.7207640025417,1446.8291628274499,1441.0893306127866,1437.286513334719,0.008394530689067148,0.028095772690230527,0.015194120334531588,0.008394530689067148,0.014330615346418218,0.005170430365293965,0.03296289593693813,14037528.6,0.581156287011946,0,9.063200698988112,4.321483484273585,38.02571070821735,0.025926129672479342,0.016724445171806313,0.020862574521278196,-0.019764471808844053,0.05479541628480925,0
2024-06-18,1470.1439208984375,1476.4720837189377,1460.5399547367645,1476.4224025999808,7196766,53.61804704246152,7.174526198727108,3.3378849696597297,3.836641229067378,1499.076221863015,1445.6339782714845,1392.191734679954,1445.6339782714845,1440.5046923828124,1445.194552784354,1438.031476037675,1450.4160486845249,1443.2415224857978,1438.8630507006844,0.0023518619517457484,0.028007378642100955,0.010837121968600719,0.0023518619517457484,0.012095817592105984,0.006541498145990587,-0.019399707531868593,13851543.1,0.5195642065323394,0,9.109985714263075,4.526697597022803,37.337947630439544,0.02539747782490676,0.01726367433783586,0.02233083586545999,-0.01930008664177273,0.05599242135739567,0
2024-06-19,1447.9332275390625,1476.571240472528,1445.3026730272272,1476.571240472528,8725874,52.553386140367024,6.445020007160338,3.9593119771598517,2.485708030000486,1499.3561840940886,1446.751953125,1394.1477221559114,1446.751953125,1440.2475952148438,1445.4553789514691,1438.4197800181216,1450.0340762006074,1443.589056193447,1440.0326797179976,-0.015107836072132064,0.028183765179020746,0.0215953103710766,-0.015107836072132064,-0.0045043536630164915,0.0013557995338109308,0.043924780189078305,13729030.4,0.6355783144015764,0,8.42907747659524,4.42606040571809,38.18524433366469,0.026372241210711855,0.001714233883435958,0.006613818617553367,-0.03429669154037327,0.03857948804734775,1
2024-06-20,1462.8726806640625,1471.9554798675892,1439.446094050177,1448.280730003189,16113776,56.99557836618622,6.991773297161899,4.5658042411602615,2.4259690560016374,1500.484861214753,1447.399658203125,1394.314455191497,1447.399658203125,1440.4615112304687,1447.1141695907638,1439.3787172983548,1452.009246118062,1445.0174728209001,1440.9050879388042,0.010317777671551509,0.02804416645875159,0.02222297691871233,0.010317777671551509,-0.002605707905204091,0.0070900547376631096,0.0372690924900676,14020639.0,1.1492897007047966,0,8.607148966919567,4.656365022160571,39.041399979545986,0.02668817354755943,0.010889611479483407,0.016322294531216055,-0.02506668445840943,0.04916984487774646,1
2024-06-21,1443.515869140625,1463.8652545834836,1429.9909727182371,1462.7982011333013,31170360,53.27733187114945,5.796329818260119,4.811909356580234,0.9844204616798855,1497.2851610020455,1445.8188537597657,1394.352546517486,1445.8188537597657,1440.3443798828125,1446.7714743097984,1439.5409585470713,1450.7025727369178,1444.9062429186577,1440.1391265888653,-0.01323205483244827,0.028363666934193052,0.023466511584256475,-0.01323205483244827,-0.01811254760795089,-0.007541414330122342,0.015786535467112728,14848744.0,2.0991916892095386,1,6.742766010992682,4.043610626377358,40.04291595526388,0.027739851574408263,-0.0022502552939305635,0.0027612348019368177,-0.035911189973615865,0.0352588896874959,1
2024-06-24,1430.88427734375,1438.8503408924523,1426.9385064042085,1434.9045699529108,8878386,38.36599058101474,3.7860254128943325,4.6067325678430535,-0.820707154948721,1494.5236581881015,1443.8943420410155,1393.2650258939295,1443.8943420410155,1439.46091796875,1445.2584079320795,1439.2014808528236,1447.653604214892,1443.8675788019978,1439.1774346632164,-0.008750573559260566,0.02372303292661302,0.008324806329102015,-0.008750573559260566,-0.011774679847833314,-0.0244155696290711,-0.01937137826637325,14937924.5,0.5943520466983214,0,2.690104422892091,2.4807168502818513,35.26400307335843,0.024644902199094293,-0.009945716634090707,-0.005779040405200999,-0.042581715247990974,0.027000786462492064,1
2024-06-25,1443.46630859375,1445.2282918111714,1430.412898092634,1432.3982039886682,7045386,64.54415949936319,3.1715498056942124,4.319696015413285,-1.1481462097190729,1493.6286831804332,1443.2937866210937,1392.9588900617541,1443.2937866210937,1439.272314453125,1445.0877318046196,1439.3687289995266,1447.0094048885626,1443.8378550828684,1438.7263538323787,0.008793185758779076,0.011774647145996315,0.010263761357181189,0.008793185758779076,-0.013265933752692027,-0.018146258965165973,-0.011723464538552775,14958743.3,0.47098782689853363,0,-0.10682097973449345,1.3372529618516182,25.614007527649374,0.017744790699412295,-0.0011220240648259832,0.002846789367913737,-0.0335842335860013,0.036259087681874615,1
2024-06-26,1502.9013671875,1507.8149506909176,1434.5075565031482,1435.425808927042,22014882,70.10885097506699,7.395238265586386,4.934804465447906,2.46043380013848,1503.136666163817,1446.163800048828,1389.1909339338392,1446.163800048828,1439.9562524414061,1450.5937923172748,1441.8602050068982,1455.6081683191683,1448.2129300535819,1441.4235308626583,0.0411752309284259,0.015268880379303892,0.04877724898537782,0.0411752309284259,0.04113948403090939,0.037963173026882346,0.03937044301298509,15668479.3,1.405042670605564,0,5.138413365805718,3.4404249887766127,27.51422363625688,0.018307404755207892,0.03605942280137954,0.04233500721403829,-0.00015653864456479337,0.08185371101700284,1
2024-06-27,1519.304931640625,1526.2038207675607,1494.9352546835423,1502.6283145931025,28383030,70.82279008405789,11.92866612340822,6.333576797039969,5.595089326368251,1515.6951230383995,1450.6195678710938,1385.544012703788,1450.6195678710938,1441.2149365234375,1457.1377103480702,1444.8972531101817,1465.407670368623,1453.4790042452148,1447.6793829527164,0.010914598130828956,0.01534300299582105,0.02058083629745937,0.010914598130828956,0.061794413214894206,0.03857632432574065,0.04593988731445098,16718453.0,1.697706719634885,1,10.023540757306364,5.5185358118269505,28.12045407938214,0.01850876245693233,0.042663930012287424,0.05149686482570207,0.0023816191972625563,0.09654036083329634,0
2024-06-28,1553.89892578125,1569.3842873036351,1519.7764812043604,1519.7764812043604,28957336,70.38658668744068,18.104192711285805,8.687699979889135,9.41649273139667,1535.0491313100767,1457.595440673828,1380.1417500375794,1457.595440673828,1443.21166015625,1466.353064198849,1449.1718285090474,1479.0217096628735,1460.9175169515877,1457.0719087444745,0.02276961880408601,0.014934023667661648,0.03192473157437414,0.02276961880408601,0.07650515743251773,0.07646819754488732,0.06835010485400139,17505976.9,1.6541399640485075,1,19.581589889050747,9.630869961976032,28.471429114521566,0.01832257468110872,0.05970312588410085,0.07226685974150429,0.012279603360373249,0.12589806499146874,0
2024-07-01,1548.6875,1567.7960689891884,1544.2454023527885,1551.0450507194453,7724306,68.65278479200191,22.320526383497054,11.414265260610719,10.906261122886335,1549.311660676521,1464.0352783203125,1378.758895964104,1464.0352783203125,1445.0857885742187,1474.194439037054,1453.0744038616338,1489.739523560893,1467.418997177396,1462.7718866787384,-0.0033537739776928754,0.015059468738629402,0.015206855247685482,-0.0033537739776928754,0.03046516146178191,0.08232896574622806,0.05590328752149065,16338700.6,0.4727613406417399,0,28.936031104974518,13.872923008810176,28.361524883255356,0.01831326518955913,0.050531367498309734,0.06580055080749384,-0.00040286321491206085,0.1232475123339621,1
2024-07-02,1553.6756591796875,1561.9394466769938,1545.5606726889605,1557.968834801107,7749246,73.7729591891723,25.76747256969452,14.284906722427479,11.48256584726704,1559.879966980477,1466.757635498047,1373.6353040156168,1466.757635498047,1447.0879736328125,1481.7640790506384,1457.0195511290085,1499.5758521176306,1473.808379547936,1463.5892944493742,0.0032208945831146973,0.014497492825347244,0.010541951848998548,0.0032208945831146973,0.02262266568301552,0.07635048350612728,0.05681874889514349,15649765.8,0.49516689891934357,0,36.67634724601885,17.650822129481867,28.184265455931918,0.018140379099980685,0.048531059124555506,0.06633823683133322,-0.003977426425188038,0.13106852644056954,0
2024-07-03,1541.019287109375,1563.4283787351976,1531.440162014497,1554.8170660210362,9049620,69.01404458851124,27.16479990005564,16.860885357953112,10.303914542102529,1565.2556817214045,1474.4581420898437,1383.660602458283,1474.4581420898437,1448.7218798828126,1487.4074321990895,1460.3136584223562,1505.9517651932836,1478.786965293228,1473.359547631231,-0.0081460837695011,0.014934526949509608,0.02075783021554761,-0.0081460837695011,-0.008288594874598765,0.025362888579447018,0.06428891733393227,14266791.9,0.6343135908500915,0,36.81363988181465,18.453453415457943,28.99257025448404,0.01881389188117687,0.03604382615664486,0.05526595483206588,-0.015483984434654964,0.11372636062016978,1
2024-07-04,1542.6075439453125,1555.983518377374,1539.4062623766438,1545.5606622734106,6837176,68.97100143694624,28.07670020676619,19.10404832771573,8.97265187905046,1571.468995876994,1481.0729370117188,1390.6768781464434,1481.0729370117188,1450.194482421875,1492.6645856987298,1463.540869619335,1511.5911157705189,1483.5144155637527,1479.7280129472288,0.001030653444264562,0.014939147796952521,0.010746256276131511,0.001030653444264562,-0.003925876624359281,0.015337679631911794,0.05450567526153738,13735406.2,0.49777748837162167,0,35.526875350659566,18.643616509153162,29.31517728105072,0.019003652222570735,0.03345892890143434,0.05402423394335598,-0.018365906045492673,0.10924943686513944,0
2024-07-05,1576.9532470703125,1586.755694667964,1536.6267221432645,1542.4088769403463,12269710,71.6709917158673,31.211017788014715,21.525442219775528,9.685575568239187,1584.2258709178761,1488.86650390625,1393.507136894624,1488.86650390625,1452.7614819335938,1500.692077257928,1467.9884138330988,1521.6468282781793,1490.4358104901646,1487.5472271539559,0.022264705796238182,0.01567258002587136,0.031788496341175546,0.022264705796238182,0.014982269789123981,0.014836435566407014,0.09243914859704816,13456105.6,0.9118321723039986,0,34.33901305907898,18.816585324051402,31.30402302646059,0.019850951881178264,0.05081733352769424,0.07422731147631684,-0.004590648329300411,0.13164346655912434,0
2024-07-08,1589.13818359375,1596.9801663885871,1570.898185044045,1577.3255888697254,9500806,72.61147412835268,34.28301632461762,24.07695704074395,10.206059283873671,1599.5117475529319,1495.3659118652345,1391.220076177537,1495.3659118652345,1455.7538354492187,1509.1155159565778,1472.7393851962618,1532.0301137113443,1497.7470973867266,1494.1360185455803,0.0077268850843073,0.01566054460566551,0.016412657888289557,0.0077268850843073,0.03122536939471776,0.026119332398401918,0.11059867576697235,13003211.1,0.7306507544125005,0,34.921076919523784,19.66498133462801,32.02901248091551,0.020154957455294185,0.053026204283936784,0.07903557110477939,-0.006485456562011638,0.14226225656547822,0
2024-07-09,1578.5911865234375,1588.7410386525216,1568.887979750272,1585.8623208770043,6960002,75.97941937751335,35.45780724854512,26.353127082304187,9.104680166240936,1610.3685685360247,1501.2659973144532,1392.1634260928818,1501.2659973144532,1458.3406909179687,1515.732246486755,1476.8904362287,1539.1933556824356,1503.7355484338905,1497.403214956451,-0.006636928858169577,0.014942471184767952,0.012576440988481869,-0.006636928858169577,0.02332650499432587,0.01603650491435582,0.09361138332444252,12888623.2,0.5400112868533545,0,33.96816743611657,19.870885099691577,31.24198650935674,0.019791055959308617,0.041471005306102246,0.06886140488148493,-0.019732986990348287,0.13391226700572562,0
2024-07-10,1572.5855712890625,1585.7630632323037,1551.6654591589945,1583.281430895477,7134578,72.61836813786925,35.49506949505053,28.18151556485346,7.31355393019707,1617.8772494423565,1507.5966369628907,1397.3160244834248,1507.5966369628907,1460.9548388671874,1521.1468488488795,1480.643186623224,1544.3306196219166,1508.835550126866,1501.6110067380569,-0.003804414522040611,0.01512538470804369,0.021682511079736712,-0.003804414522040611,-0.0027696926268196975,0.02048402926799131,0.046366451999420466,12656607.0,0.5637038425859316,0,33.73941664978997,20.3295282008678,31.355430670492233,0.01993877550637191,0.033815750582600904,0.062096246750389356,-0.027994508340422594,0.1254330042271098,0
2024-07-11,1569.036865234375,1592.463449956501,1558.9614138424097,1575.8365135146928,11940946,77.68164711329825,34.83667368387523,29.512547188657816,5.324126495217417,1623.7664444759414,1513.4197875976563,1403.0731307193712,1513.4197875976563,1463.2503491210937,1525.7078027903553,1484.1096053922888,1548.1315804853716,1513.2949068014964,1506.8564977399387,-0.002256606012083995,0.014356780513055929,0.021351975123342342,-0.002256606012083995,-0.01264919474398185,0.01713288735867824,0.03273334572806719,12749567.2,0.936576576497436,0,33.04321709162559,20.568735772953914,31.328841688266866,0.019966925177113105,0.028399318902856407,0.05722438527014162,-0.033705327159430226,0.11828587611104231,0
2024-07-12,1584.9937744140625,1593.3569240772113,1562.9320865975435,1572.8586162043875,12924784,83.49511369021056,35.19675321157479,30.64938839324121,4.547364818333577,1631.0503983202032,1519.9452392578125,1408.840080195422,1519.9452392578125,1465.8257885742187,1531.354085802137,1488.0658473147114,1553.8026872436317,1518.605934032057,1512.368330887291,0.010169875248472238,0.013731492101095356,0.01919555645631173,0.010169875248472238,0.004055887265356883,0.0050987734472711654,0.020010856637396213,12936748.4,0.9990751617307483,0,30.662008544208902,20.077433481612616,32.31794702707053,0.020389952029318075,0.03502761974467099,0.06513685350299676,-0.028237400851361647,0.12503455622458304,0
2024-07-15,1585.4901123046875,1594.0517441522056,1573.8512804915936,1592.6620057625546,5329688,82.57994057836683,35.117358106756,31.542982335944167,3.5743757708118338,1637.7030668998173,1525.8850219726562,1414.0669770454952,1525.8850219726562,1468.4200854492187,1536.5098978499989,1491.8864067260831,1558.6776757145633,1523.5603176078073,1515.517859105289,0.00031314816413607893,0.013852716618138354,0.012740832316669842,0.00031314816413607893,0.008205938838067084,-0.0022956287418710586,0.02376374336635867,12795332.9,0.41653375036455675,0,27.39438189342104,19.14702152982136,32.70259488007586,0.020626173967454753,0.031877578220111336,0.06274184492639487,-0.031881820123820875,0.12122702675467197,0
2024-07-16,1564.669189453125,1588.24469666931,1557.5965372882697,1581.792452589091,9386838,67.22011301250053,32.99402783297842,31.83319143535102,1.1608363976273992,1640.4829301713876,1530.6112854003907,1420.7396406293938,1530.6112854003907,1471.2441821289062,1539.1917351455347,1494.7406334996926,1559.5994470589574,1526.605419225979,1518.801186756271,-0.01313216821093699,0.010745656951786264,0.01958762886597925,-0.01313216821093699,-0.0027836667691026884,-0.008819254275055921,0.007075820624776963,12904836.5,0.727389145922151,0,23.45948865877972,17.850197270992567,29.65550667959521,0.018953211886251972,0.016552489027743717,0.04678307017700187,-0.04621428197996673,0.10130606953429541,0
2024-07-18,1575.0177001953125,1582.1895936713806,1546.379565062024,1564.4210812674708,12298374,66.07474561764985,31.779971890415936,31.822547526364005,-0.04257563594806868,1641.2623448392217,1536.965509033203,1432.6686732271844,1536.965509033203,1474.5626220703125,1542.6037318169422,1497.888753762266,1561.9714860030122,1530.1915141125962,1523.181184736323,0.006613864970271832,0.010559836332967604,0.02273627058598508,0.006613864970271832,-0.0062940778568281175,0.0015465796905769214,0.022062289142215308,13083461.5,0.9399938999323688,0,21.4568829680627,17.245567139042123,29.979896859976503,0.019034641233719975,0.021012504838291698,0.051491772162198725,-0.040362008457824276,0.09935934918397926,0
2024-07-19,1543.7242431640625,1578.293333314245,1541.3915329908289,1574.3475621142547,13140390,47.0073109063269,27.970279387164055,31.052093898524017,-3.081814511359962,1639.3081399710914,1541.0080871582031,1442.708034345315,1541.0080871582031,1477.6135424804688,1542.7104471833345,1499.6862239348854,1559.164217873943,1531.193938486779,1528.8248210234135,-0.019868638319029297,0.010451764853092755,0.023904399044599553,-0.019868638319029297,-0.02634256045905803,-0.01613258593929301,0.0007239036416832878,12934792.2,1.015894944180085,0,17.002644392979164,15.576618542596634,29.038642907148365,0.018810770793901577,0.0006571524699135666,0.02936482213834694,-0.05830746183491436,0.0700184697207898,0
2024-07-22,1489.6495361328125,1526.203933085127,1488.2597977476694,1525.9557698439748,19674376,36.5121188711922,20.353076102782552,28.912290339375726,-8.559214236593174,1633.8399391479115,1543.3147705078125,1452.7896018677134,1543.3147705078125,1479.243974609375,1537.6570270832847,1499.2926283348042,1548.4696514522307,1528.116575349448,1537.1098921997905,-0.03502873474372403,0.013971679950847655,0.02547185389387758,-0.03502873474372403,-0.04794601557057121,-0.06015432982788638,-0.05536226968028013,12359993.0,1.5917788950204097,1,6.302941281147696,11.226781020092858,31.318198534290737,0.021023870228962703,-0.031221195692472146,-0.006431761231762935,-0.08825246559359906,0.025371832382136972,0
2024-07-23,1476.96826171875,1494.6870915999891,1452.2511804820083,1489.9719903646578,18052044,33.07044017227341,13.141626270275992,25.75815752555578,-12.616531255279789,1625.855968675861,1545.6189697265625,1465.3819707772639,1545.6189697265625,1481.105693359375,1531.8771446676146,1498.4171629773118,1537.4694376470798,1524.3278113768038,1536.343135295907,-0.008512924756103102,0.013942318560027806,0.028731769136730194,-0.008512924756103102,-0.06225291211927564,-0.06844687944990635,-0.0705853795680208,12818675.9,1.4082612073841416,0,-4.632753182384249,6.530756251228695,33.17942261500127,0.022464546784769994,-0.03584418185231082,-0.014314372384752633,-0.09157496717151953,0.007906669504975943,0
2024-07-24,1484.7109375,1498.4095963901725,1465.552808673545,1474.0895996286229,11913362,37.29705436227786,7.9595171900896275,22.198429458462552,-14.238912268372925,1618.4215748809413,1547.681201171875,1476.9408274628088,1547.681201171875,1482.8582202148436,1527.3851249373656,1497.879663938986,1529.3527453167599,1521.3932281266702,1536.5118577477162,0.005242276345356123,0.014059205687819513,0.022130090704358014,0.005242276345356123,-0.03822788035193847,-0.051102336833942275,-0.05947090660641008,13062074.7,0.9120574084605412,0,-11.806610208169104,3.139030439293265,33.241463400424614,0.022389182002253965,-0.02793937608834287,-0.00879157835974354,-0.08261792814445006,0.0052609487751376265,0
2024-07-25,1481.4351806640625,1489.4508041915794,1466.2227025912728,1470.1189136102262,12519876,36.30403102995532,3.547439534198247,18.46823147360969,-14.920791939411444,1620.7772770572474,1546.607891845703,1472.4385066341588,1546.607891845703,1484.6390380859375,1523.0089397684796,1497.2347822419301,1521.980812293268,1518.4333727590697,1538.4430855263831,-0.0022063263314091586,0.01402213158247475,0.01567945861113851,-0.0022063263314091586,-0.005514287266570661,-0.05941680497917268,-0.05796211811245555,12587324.4,0.9946415617921153,0,-19.594792048462523,-0.653971520335972,33.71652380039437,0.022759364864874298,-0.0272971208630837,-0.010552521064338098,-0.08597239013998292,0.0061100507690940355,0
2024-07-26,1497.9381103515625,1501.3131545447015,1479.4002684339398,1481.4352554076795,9859940,30.773009998277175,1.3667298981386011,15.047931158515475,-13.681201260376874,1621.9466089145142,1545.53955078125,1469.1324926479858,1545.53955078125,1486.404970703125,1520.6212417287734,1497.2623637364256,1518.2819350714672,1516.9152051733286,1539.5548037885844,0.011139825692611405,0.012750369034005804,0.01462869924954299,0.011139825692611405,0.014197900643044159,-0.029659528257880652,-0.045313629308634584,11661169.9,0.8455360898223427,0,-22.089205454561124,-2.4238601984598063,31.70108905654167,0.021163150091095217,-0.014917015989742944,0.0004513214460627528,-0.07645658487238628,0.019607229332772435,0
2024-07-29,1508.9317626953125,1516.2774189432153,1500.6679751498336,1500.8416167163412,7538550,30.369320914879978,0.5196079497513892,12.142266516762659,-11.62265856701127,1621.292315075165,1543.291192626953,1465.290070178741,1543.291192626953,1488.4662133789063,1519.5079580113008,1497.7199872250094,1516.8434470135971,1516.3238390638458,1537.3422240763216,0.00733918996237426,0.012724296762306648,0.0103446982688597,0.00733918996237426,0.01631349549838723,0.012944136251374472,-0.0479888394179141,10590230.6,0.7118400235779568,0,-18.14906907198383,-1.5726411097948585,31.148041002763858,0.020642445054722697,-0.0069602763580325295,0.007485895605276924,-0.06930308084180578,0.029783654038717383,0
2024-07-30,1502.03271484375,1513.795627121447,1498.9058340677934,1505.8792447159435,8228208,30.92148131563529,-0.7003644361441275,9.573740326181301,-10.274104762325429,1621.0428038305643,1540.9584533691407,1460.874102907717,1540.9584533691407,1490.2093115234375,1517.8436491382008,1497.8891137982935,1514.5648728336205,1515.2652372697646,1535.4947014395357,-0.004572140385751489,0.012698532558689288,0.00991309503881383,-0.004572140385751489,0.013903770106535873,0.0169702042857931,-0.05263823269110324,10615425.7,0.7751180435467605,0,-14.033495529413813,-0.5280491790183532,30.76515451777641,0.020482346498675814,-0.010416708139489814,0.0027662935842756343,-0.07341575972305633,0.02817396232441317,0
2024-07-31,1494.364501953125,1499.3524857083617,1490.1208866802615,1492.9499231376883,10057346,30.667357764319206,-2.2599111863269172,7.207010023679658,-9.466921210006575,1620.4518402695433,1537.9928955078126,1455.533950746082,1537.9928955078126,1491.593564453125,1515.6075398824792,1497.750893725934,1511.4571234673904,1513.7170346537173,1532.9206310583702,-0.005105223617864252,0.012705933662203876,0.006177608619606877,-0.005105223617864252,-0.0023856849450200057,0.006501982446077914,-0.04493262088491212,10730830.7,0.9372383444647954,0,-11.777585054886458,-0.12877021305189373,29.180456238503503,0.01952700040744064,-0.014016186493108469,-0.0022609846450398307,-0.07780998804348613,0.02667787390815528,0
2024-08-01,1504.1671142578125,1506.8472288436842,1493.2479314401046,1500.8913109431162,10764222,34.447956949345595,-2.674049553915893,5.230798108160548,-7.904847662076441,1619.9603964955159,1536.1502868652344,1452.340177234953,1536.1502868652344,1493.1654321289063,1514.5179755372728,1498.0025102173804,1510.3355835889936,1513.0096331429095,1530.8355713985552,0.006559719728269409,0.01299088033219745,0.009041081456091926,0.006559719728269409,-0.0031576301561769826,0.015344534739319737,-0.04498399346795534,10816560.8,0.9951612346135011,0,-8.490964231206817,0.7677279754502706,27.758832044895517,0.018454619690706577,-0.0068344261650564965,0.0041152160950234514,-0.07147908213571187,0.03568512242189054,0
2024-08-02,1488.3092041015625,1498.2357327232485,1482.3037269895096,1493.9425575637474,10268248,26.80958114128576,-4.23306191074289,3.3380261043798605,-7.571088015122751,1619.842358269335,1533.435369873047,1447.028381476759,1533.435369873047,1493.9332446289063,1512.021902067205,1497.6223805657796,1506.9469098216964,1511.1799717324393,1528.437861198048,-0.01054265181437275,0.01255614246602661,0.0107047686662372,-0.01054265181437275,-0.00913662572496976,-0.006428106864668881,-0.03589698050535228,10988114.4,0.9344868124052294,0,-8.599339661568365,0.36001682935398094,27.147299886940882,0.018240362830604616,-0.015682774127294723,-0.006218641351165399,-0.08120120670773451,0.028527997897784492,0
2024-08-05,1436.6912841796875,1472.9976360481728,1422.7197433328895,1469.1262655731218,17046704,21.338496178654268,-9.523939142358131,0.7656330550322625,-10.289572197390394,1620.3945384961144,1526.4222717285156,1432.4500049609169,1526.4222717285156,1493.1644311523437,1504.847557506489,1495.2329258055408,1496.138352030618,1505.6622911729762,1519.9427138164035,-0.03468225539398906,0.014822170693769269,0.03499561337144928,-0.03468225539398906,-0.038593808738135116,-0.04787524545615385,-0.035550812905031814,11226964.1,1.518371649553952,1,-14.660400504811832,-2.487061419468546,30.389371108945234,0.02115233205879491,-0.045291147921810423,-0.039152188676098515,-0.11336946030867369,0.00296085671687113,0
2024-08-06,1445.3524169921875,1466.6447748995176,1440.6620347326757,1444.4590050773538,10236186,25.887788173152302,-12.869761830035259,-1.961445921981242,-10.908315908054018,1614.9865665814846,1519.2329833984375,1423.4794002153903,1519.2329833984375,1492.6839892578125,1499.181353647984,1493.2768274207035,1488.325131255475,1501.1948930855103,1514.032790077187,0.006028527428176833,0.015085827180780418,0.017976750764296397,0.006028527428176833,-0.039101172142462004,-0.03773572791818902,-0.02140590664404063,11263733.1,0.9087738415960869,0,-18.66229549021682,-4.612286377589953,30.339751918858788,0.020991248613259683,-0.035905553737587255,-0.032093453503389956,-0.10503749882475455,0.01536588219926997,0
2024-08-07,1454.062744140625,1461.6814036613468,1450.7622216985117,1458.207118491354,8174568,25.393815469322945,-14.649628017029272,-4.499082340990848,-10.150545676038425,1608.7033999747512,1513.0065612792969,1417.3097225838426,1513.0065612792969,1492.6556958007814,1494.8843432187118,1491.7390202332494,1483.0539947762675,1497.7036227932967,1509.931819312033,0.006026438290091196,0.015050189871662503,0.007509429704347867,0.006026438290091196,-0.023010312552364298,-0.02696916164685781,-0.020642532216393117,11324461.4,0.7218504890660848,0,-20.72319666376734,-6.011873492684572,28.948248923130418,0.01990852804652478,-0.027307530019474117,-0.025256613644612822,-0.09612751227886587,0.025931538442973072,0
2024-08-08,1438.478271484375,1454.2366377811502,1435.3018303695276,1446.816580877676,12387192,27.127663807762815,-17.12036854047733,-7.023339580888145,-10.097028959589185,1603.2064920005378,1506.3011962890625,1409.3959005775873,1506.3011962890625,1492.5152392578125,1489.5123363868702,1489.650363419568,1476.1961911928993,1493.3165597333766,1504.4871750961358,-0.010717881823910314,0.014573264572545642,0.013163081978349013,-0.010717881823910314,0.0012438213583982893,-0.04367123981822307,-0.028996819935403262,11587092.1,1.0690509657725082,0,-25.005639150402658,-8.352146797812338,27.664892286573735,0.019232054341721934,-0.034262264001310105,-0.03435174668619886,-0.10274922247265171,0.020634635658347927,1
2024-08-09,1463.46826171875,1465.6520496932055,1445.3026646483625,1449.2732763644294,6249776,43.48685357301853,-16.867526498379675,-8.992176964386452,-7.875349533993223,1594.9960906865062,1501.0227661132812,1407.0494415400563,1501.0227661132812,1493.1808129882813,1487.0319483232397,1488.6236143332615,1474.2380481968764,1491.105574695256,1499.5609373734312,0.017372518396532755,0.012879216894551161,0.013904903561723999,0.017372518396532755,0.012533859917889023,-0.01669071340441519,-0.02301153057967298,11302533.6,0.5529535430887814,0,-24.989953743965316,-8.998766232518165,25.644130343176407,0.017522846934212986,-0.015846119937812934,-0.016898396862915728,-0.0824627908091894,0.04009725494574073,0
2024-08-12,1449.8936767578125,1462.1777566892652,1447.0397996020206,1459.199797918004,8184584,43.29442723503472,-17.560081231530376,-10.705757817815236,-6.854323413715139,1582.0445522497723,1494.2677612304688,1406.4909702111652,1494.2677612304688,1493.8910571289061,1483.4949700789134,1487.1047932518713,1470.4927602831742,1488.0528415147046,1493.1176701038723,-0.009275626479931298,0.01291415058397517,0.010440735986307204,-0.009275626479931298,-0.0028671853395683122,0.009189442939833148,-0.039125749352670436,11065523.6,0.7396472409132091,0,-21.3525874275756,-8.128132553669502,23.78645541451559,0.01640565497720205,-0.022650089146789298,-0.0250225247493748,-0.0835317028866428,0.03085885900862272,1
2024-08-13,1452.8717041015625,1459.2742672925806,1447.28803114191,1450.0178268110735,6265064,41.92375551081604,-17.665002773027254,-12.09760680885764,-5.567395964169615,1565.9215681718763,1487.6368408203125,1409.3521134687487,1487.6368408203125,1494.5506762695313,1480.578468557261,1485.7623191675455,1467.7818285629262,1485.4468313359534,1489.8002498492458,0.0020539625708344555,0.012818759052080228,0.008250030692202537,0.0020539625708344555,0.01000601323114525,0.005202390102908572,-0.032729653792728186,11112292.4,0.5637958194836558,0,-18.60288509072302,-7.514508253158056,22.295701731232953,0.015345953581648376,-0.018713472500175646,-0.022137198286473685,-0.07219382270996691,0.0308791466780447,1
2024-08-14,1451.1097412109375,1461.1851932386814,1443.0195951522678,1452.7973239887267,6267466,42.2482085999683,-17.686451131309013,-13.215375673347914,-4.471075457961099,1552.8417620525784,1481.9588684082032,1411.075974763828,1481.9588684082032,1493.58830078125,1477.7719230957064,1484.4033945417962,1465.2168920472357,1482.9033431785447,1485.2697020004568,-0.001212744997132864,0.012817120009606156,0.012518417849813768,-0.001212744997132864,-0.00844467955410133,-0.002030863483427403,-0.02894525444471796,10956323.8,0.5720409614034956,0,-17.11242012300545,-7.335625691453288,21.93409433738345,0.015115393215594882,-0.018042149446793977,-0.022428979516808303,-0.06551344981034601,0.028371092104951957,1
2024-08-16,1467.339599609375,1469.5235088888628,1447.337738823352,1457.8598362701878,9416902,42.1674714915748,-16.207010843121225,-13.813702707302578,-2.3933081358186463,1532.4693658544963,1476.5749633789062,1420.680560903316,1476.5749633789062,1495.1949096679687,1476.7783684779604,1483.7342261130736,1465.5434624414108,1481.750473284532,1479.5330123507263,0.011184445901998963,0.012820482959722863,0.015119724207958993,0.011184445901998963,0.01203255323560981,0.020063791506018225,-0.024483658962726973,10812250.2,0.8709474740049948,0,-12.73396790890979,-5.91613730649442,21.95358604843695,0.014961489524498134,-0.006391459321220583,-0.011049570883491388,-0.04249988136552756,0.032842737480965854,0
2024-08-19,1482.4791259765625,1492.3397678065596,1474.6105280885963,1476.6025720306277,13797742,43.36945506528349,-13.655498418889465,-13.782061849619957,0.12656343073049214,1519.8027774444126,1473.5127075195312,1427.2226375946498,1473.5127075195312,1496.6382592773436,1477.3212977635415,1483.685006499877,1468.1489491391264,1481.804447558016,1475.2228437511956,0.01031767040923448,0.013000044166199978,0.01195918337553955,0.01031767040923448,0.02037855220899143,0.012990281207386989,-0.003917249257703426,10845117.8,1.2722537693412606,0,-9.710650559698252,-4.938607833384367,22.42936173454637,0.015129630725674695,0.0034913381542859235,-0.000812760470067263,-0.024558220330805566,0.038716095811819874,0
2024-08-20,1489.9990234375,1497.942395948273,1484.0976661921163,1491.268975771349,8411808,46.993027043844826,-10.900954147534549,-13.205840309202877,2.3048861616683283,1519.8461572862875,1473.5301818847656,1427.2142064832437,1473.5301818847656,1498.0166015625,1478.5287002086802,1483.932615007235,1471.5104990311838,1482.4114531787184,1473.353408144066,0.005072514903698089,0.01306204233000173,0.00929177102694759,0.005072514903698089,0.02679968380207387,0.02766088805171507,0.03710451914396473,10281989.4,0.818110938725535,0,-4.966269870233191,-3.1721782446363704,22.470324371550436,0.01508076449587887,0.007757930723428536,0.004088061930113619,-0.019638259902620737,0.04399116591542517,0
2024-08-21,1492.7132568359375,1501.8766102174725,1484.072717714687,1487.30978907883,7769996,49.576912899793385,-8.402087975543282,-12.245089842470959,3.8430018669276773,1521.4082290893582,1474.317431640625,1427.226634191892,1474.317431640625,1498.6878662109375,1479.879610363657,1484.2769539024782,1474.7724617703766,1483.1745497459199,1474.0118691456485,0.0018216343472330365,0.01300501804174668,0.011927201973488073,0.0018216343472330365,0.017292286825297598,0.02742262281101593,0.032767676095432074,9767887.0,0.795463338181533,0,-0.6988581936038827,-1.4853652650672302,22.89118611007164,0.015335286938225126,0.008672088176907,0.005683779507105091,-0.01886079732235715,0.0458838288714565,0
2024-08-22,1492.1654052734375,1500.5070892244864,1484.720165407205,1497.0210123494212,10445782,46.77178498442335,-6.392239811868876,-11.074519836350543,4.682280024481667,1522.2430662024713,1474.6901550292969,1427.1372438561225,1474.6901550292969,1499.319384765625,1481.0496860693506,1484.5863049366335,1477.4482992323858,1483.8405390442547,1474.4604095646494,-0.0003670172821144124,0.012867311863369875,0.0105798752346684,-0.0003670172821144124,0.006533838572933881,0.02829259765580483,0.026204275768946905,9694508.0,1.0774948042747503,0,3.2777629736442577,0.18291039483733584,23.047445139621768,0.015445636963683897,0.007505297971189317,0.005105193488314916,-0.019758776766228454,0.04556545748999516,0
2024-08-23,1494.008056640625,1505.3128818837536,1492.4642955105633,1497.768063961028,9249654,51.657872738158744,-4.597734277568861,-9.779162724594206,5.181428447025345,1523.5743882099578,1475.318798828125,1427.0632094462921,1475.318798828125,1500.2800903320312,1482.283816599948,1484.9557853956135,1479.9959542182687,1484.5936884958376,1475.26628416705,0.001234884122548019,0.012540683203213535,0.008600078370448141,0.001234884122548019,0.002690628074289547,0.01817470000697141,0.03860314490461403,9530996.9,0.9704812725308933,0,5.505448121987683,1.221559282539829,22.42488009262271,0.01500987895811387,0.007909578388010678,0.0060959870549949545,-0.019405899572826332,0.04691091939810276,0
2024-08-26,1506.5828857421875,1516.941539085057,1497.021098650585,1500.9802618699923,8816114,76.30879539176098,-2.1362665456983905,-8.250583488815044,6.114316943116654,1525.004265813504,1475.7510375976562,1426.4978093818086,1475.7510375976562,1501.3602709960937,1484.5980136611138,1485.803906977832,1484.0862513757947,1486.2225179214931,1475.8186976318807,0.008416841559635069,0.007594998466305546,0.01322226650985663,0.008416841559635069,0.009291556059232153,0.01625908880824678,0.02946058015142894,9478805.6,0.9300870143385999,0,7.2767158975723305,2.118900477954867,19.37802449803407,0.012862235912422354,0.014808636330354246,0.013985007487711205,-0.012079559699781996,0.05614104405465919,0
2024-08-27,1494.481201171875,1507.4544123852302,1493.485179145279,1504.4912711730517,6251156,68.0262791324733,-1.1487978149907576,-6.830226354050187,5.6814285390594295,1522.6284871842058,1475.0285095214845,1427.428531858763,1475.0285095214845,1502.1602001953124,1485.5392696145195,1486.1441930246572,1485.6854744213456,1486.8342722363363,1475.2573360279364,-0.008032538192779826,0.008134819932794964,0.009347212416588006,-0.008032538192779826,0.0015519699694506173,0.0030081749476817965,0.030752271789864727,9414435.9,0.663996873142447,0,7.0105694058393055,2.211578017422198,18.23629182089985,0.012202423025863515,0.00601931685028818,0.005609824528702046,-0.01848598410527807,0.046974449379821155,0
2024-08-28,1492.33984375,1501.4782728482842,1487.0608784010917,1499.0131426615155,9610286,64.75590817968772,-0.532868799628659,-5.570754843165882,5.037886043537223,1521.173667820315,1474.5438659667968,1427.9140641132788,1474.5438659667968,1502.6731079101562,1486.1869433417082,1486.3871597197688,1486.7092235488308,1487.2420923484594,1474.9016226525716,-0.001432843330646083,0.008124789170457374,0.00966093246626986,-0.001432843330646083,-0.0011166023390637436,-0.0002501572785177375,0.027165605563805872,9483539.8,1.0133648619263451,0,6.307332978051136,2.1102058172905345,18.09974951933079,0.012128436826995888,0.004140058177645475,0.004004800493132294,-0.018954985009457075,0.04511880739596822,0
2024-08-29,1514.874755859375,1530.885760314005,1488.0568158159556,1497.1205913811584,38335358,77.95306258084341,1.7534260536065176,-4.105918663811402,5.85934471741792,1524.86077225727,1475.5693786621093,1426.2779850669488,1475.5693786621093,1503.567724609375,1488.9191159624384,1487.5043203526945,1491.0423823658375,1489.288956312231,1480.3893704385712,0.01510038896552457,0.00797202022763611,0.028272267613141996,0.01510038896552457,0.005503759664110763,0.015219057153905924,0.04394224147046666,10897440.4,3.5178313982795446,1,7.869429893087727,2.9180154160610527,19.8064735969327,0.013074660806329606,0.017432538556776404,0.0184002393352315,-0.0065488053595296305,0.062117463580052074,0
2024-08-30,1503.6197509765625,1533.599989641746,1497.3447635789732,1527.89778785993,41620730,66.33284703718527,2.626865494365802,-2.7593618321759616,5.386227326541764,1524.767111000634,1475.542010498047,1426.3169099954598,1475.542010498047,1504.681455078125,1490.319176439974,1488.1362980242188,1492.9773621521028,1490.350496657737,1484.6873312201246,-0.007429660332829102,0.007446174738725184,0.024111964503808907,-0.007429660332829102,0.006114864340562853,0.00643349565165674,0.024725122512093245,12440265.8,3.34564636070718,1,8.035359840025876,3.1805126286053564,20.455148443642866,0.013603937052807248,0.008924648321549843,0.010404593297603766,-0.013869239355637398,0.05419752120960885,0
2024-09-02,1510.2183837890625,1520.7264647058682,1500.6316718721823,1504.8647654458696,11240852,76.01538876207643,3.807635018529254,-1.4459624620349185,5.2535974805641725,1527.9881195412515,1476.637469482422,1425.2868194235923,1476.637469482422,1505.628369140625,1492.214339044649,1489.00226217186,1495.6298270193274,1491.8221920007982,1485.6475123366483,0.004388498360848425,0.006720179018665827,0.013305885459604249,0.004388498360848425,0.011980206863697163,0.0024130753649733716,0.018711398579880356,12488896.0,0.9000677081465007,0,7.616325383535241,3.198355194027954,20.71702920913976,0.013717902941402267,0.012065320827797495,0.01424854894864749,-0.011629498636104612,0.05958910389686885,0
2024-09-03,1503.1217041015625,1516.941509382377,1501.5031683479538,1515.1984708784903,10923800,70.92719648935866,4.123230596366284,-0.33212385035467795,4.455354446720962,1528.9708921921265,1479.9589904785157,1430.947088764905,1479.9589904785157,1506.8204858398437,1493.253135716736,1489.5559657769463,1496.7824234935174,1492.6591928971511,1489.5175059053802,-0.004699108263862328,0.007023923695291183,0.010270852315083158,-0.004699108263862328,-0.007758431324010773,0.0057816069703064965,0.00880717400323383,12182750.8,0.896661203970453,0,7.713866102216571,3.4117727522891528,20.963608129407817,0.013946713743940027,0.006608771244997024,0.00910723640889877,-0.01690626566049489,0.050438353663344544,0
2024-09-04,1508.525146484375,1511.463362707152,1493.534966971581,1494.7301447200666,11983304,73.20741497303511,4.754547542914679,0.6852104282991935,4.069337114615486,1530.8651241560674,1483.117626953125,1435.3701297501825,1483.117626953125,1508.3733032226562,1494.7076129327015,1490.2998552164534,1498.5889962613417,1493.834448718427,1491.860878559193,0.003594813625582116,0.006947951021213433,0.011884717849982972,0.003594813625582116,0.003262390976592755,0.010845587754129804,0.010592717372895466,12270106.7,0.9766259000828412,0,8.520669590993293,3.9126954966845915,20.94666510434763,0.013885525974269591,0.009244305329095561,0.012229278023565653,-0.014593041097600247,0.05096596008091981,0
2024-09-05,1487.035888671875,1519.7054581926027,1481.1345314015284,1513.0072347057646,16264168,57.63659081443338,3.4807434157899024,1.2443170257973355,2.236426389992567,1530.5253022039167,1484.7662841796875,1439.0072661554584,1484.7662841796875,1509.2446948242186,1493.9769725269086,1490.1718565284307,1496.8115950937315,1493.3308516779416,1493.2962846249043,-0.01424521020586289,0.007852020587361994,0.025938127710907734,-0.01424521020586289,-0.015350425717255423,-0.0183770091090516,-0.0034376327070941848,12674586.7,1.283210915271896,0,5.057856564470285,2.6675361757361316,22.117033441887884,0.014873234472936224,-0.0046460447400963,-0.0021044336885152077,-0.02841469753516525,0.033376219596675735,0
2024-09-06,1458.997802734375,1491.0448575756725,1455.8105811316243,1486.5627588054049,19394228,41.723682455544036,0.206425709600353,1.0367387625579392,-0.8303130529575862,1527.9607165971288,1485.7922607421874,1443.623804887246,1485.7922607421874,1508.3666235351564,1490.6456230228578,1488.9493446149384,1490.9940885769074,1490.787662867307,1493.8662239645878,-0.018855016312041895,0.008974488346899005,0.02414964325375543,-0.018855016312041895,-0.029354842822631566,-0.029676351493259312,-0.02343377851989159,13024938.5,1.489007260955589,0,0.32644658288381834,0.813046590719523,22.84804117380671,0.01566009292884893,-0.02123094838886296,-0.020115890435687865,-0.04513395738101097,0.010649587375244038,0
2024-09-09,1456.63232421875,1464.07768593117,1449.809597840599,1460.666261949736,9010298,37.79601385862771,-2.5499744911917333,0.31939611180800476,-2.869370602999738,1528.4827727628372,1485.4504638671874,1442.4181549715377,1485.4504638671874,1507.1131713867187,1487.4062612319904,1487.6820104817546,1485.707663291037,1488.2576377822288,1493.447079055892,-0.00162130368612734,0.008796763435985651,0.00979525708261587,-0.00162130368612734,-0.03439970648587565,-0.03548232503690474,-0.03315487119636995,13162964.6,0.684518896297875,0,-4.8080778126586665,-1.3202516901053514,22.762671039439592,0.015626916045302044,-0.020689664831551057,-0.02087118486628051,-0.04700769274240007,0.009854402621196084,0
2024-09-10,1455.7110595703125,1466.1942153054945,1451.7766997689328,1454.6901127162012,10768260,36.28645520416362,-4.753978956745414,-0.6952789019026789,-4.058700054842735,1527.8299815674336,1485.7413330078125,1443.6526844481914,1485.7413330078125,1505.1494140625,1484.387670597545,1486.4282477009137,1481.0928011801564,1485.8467801369018,1493.2510767324118,-0.0006324620380312451,0.00874807302403232,0.009904105242435537,-0.0006324620380312451,-0.02106528116785389,-0.0315414542960033,-0.025942207617708046,13292148.4,0.8101218611131366,0,-8.865465119191185,-3.127718076032579,22.520786970423615,0.015470643588481877,-0.019318815155402465,-0.020665099831163793,-0.04720349964799928,0.008352684306980796,0
2024-09-11,1445.7259521484375,1462.9073318760024,1441.7917138302157,1457.2300550346945,9760202,33.91410754484983,-7.223119469602125,-2.0008470154425684,-5.222272454159556,1528.749501504586,1485.3840454101562,1442.0185893157263,1485.3840454101562,1503.0901831054687,1480.7056021738204,1484.8320792478755,1475.6517474829689,1482.874866952571,1492.6218032171887,-0.006859264657110176,0.008840385883148255,0.014605546794264589,-0.006859264657110176,-0.009096552826237336,-0.04162953099077682,-0.031235439968170797,13466905.3,0.7247546323801652,0,-14.00201075888117,-5.4677759685778256,22.901407986745426,0.015840767022762874,-0.02362363590306494,-0.026337070464726747,-0.05430814484285182,0.0025709535648014113,0
2024-09-12,1473.913330078125,1480.088617533546,1440.1232367942907,1451.2039809867947,22349376,44.11378527631054,-6.826750754861223,-2.9660277633262995,-3.8607229915349235,1527.2117954745472,1486.5242248535155,1445.8366542324839,1486.5242248535155,1501.4949365234374,1480.0587191170875,1484.4038930059246,1475.3842986514544,1482.2110494063156,1491.3331079091047,0.01949704083806436,0.010567847922062373,0.027115149801336676,0.01949704083806436,0.011863670448645003,-0.008824641485600027,-0.02703948007768664,14271000.8,1.5660692836622923,1,-13.91825340982109,-5.767963522506079,24.816972567383946,0.016837470739252028,-0.004152125155296887,-0.007067189042839388,-0.03489919705594004,0.01941898191849724,0
2024-09-13,1466.766845703125,1477.2500011980833,1463.6542770635715,1470.526852936648,8711328,37.95386339244627,-7.008497657786847,-3.774521742218409,-3.2339759155684384,1527.2407778908246,1486.495587158203,1445.7503964255816,1486.495587158203,1500.0098876953125,1478.792826410996,1483.7122440920893,1474.0585366594037,1481.0670343171905,1491.6466580360318,-0.004848646273265755,0.010256905570458453,0.009269178788939965,-0.004848646273265755,0.007594766873637582,0.005324917525022732,-0.024509458092381697,14235722.1,0.611934395656684,0,-11.852796611861777,-5.237100522849005,24.149989830961072,0.016464777549143658,-0.008132295811210978,-0.011420946653529539,-0.0395968553637078,0.014536706563943324,0
2024-09-16,1465.4969482421875,1475.0090069946318,1458.9232273463058,1471.6723576050656,5481774,40.61591238741142,-7.172325397330042,-4.454082473240735,-2.7182429240893065,1527.4384476715613,1485.6464782714843,1443.8545088714072,1485.6464782714843,1498.46767578125,1477.5265522996808,1482.9979187646422,1472.741369210601,1479.9136946079311,1491.5719529978437,-0.0008657800417685158,0.010102966465724656,0.010976331044305726,-0.0008657800417685158,0.013675479826843473,0.006085697726220696,-0.029612562015482236,13819923.7,0.3966573274207006,0,-9.87970893230954,-4.684091717112324,24.30117171727357,0.01658220561047362,-0.008141717682683918,-0.011801075578739374,-0.040552533900006196,0.014989349160738597,0
2024-09-17,1466.4432373046875,1471.5975781970765,1460.790763828237,1468.1364260685732,5935328,41.550196164339916,-7.143457115378396,-4.991957401668268,-2.1514997137101286,1527.0641604718396,1484.4686889648438,1441.8732174578479,1484.4686889648438,1496.2574755859375,1476.470998490634,1482.3487155701341,1471.7724258404605,1478.915882955839,1491.0512675530974,0.000645712066227766,0.010116928130108858,0.007369405166136753,0.000645712066227766,-0.005068203551046979,0.007372464242693111,-0.024401528297270048,13696099.7,0.4333589948969195,0,-7.916672106910937,-4.079532130779626,24.043273140248353,0.016395638459514958,-0.006791708876230992,-0.01072991671823261,-0.039697692301560644,0.017040346924647624,0
2024-09-18,1457.6282958984375,1476.10455198121,1454.7399294679983,1464.1522884024148,8574714,29.484194583925017,-7.742618805910524,-5.542089682516719,-2.200529123393805,1526.7459212657227,1482.7144409179687,1438.6829605702146,1482.7144409179687,1493.6272778320313,1474.6764553866153,1481.3792873477148,1469.59640584938,1477.3390246552906,1490.118317637614,-0.006011103043068844,0.009013226387073317,0.014657112909600365,-0.006011103043068844,-0.0062304038514769955,0.00823278003159067,-0.03373947773065156,13736335.6,0.6242359133974567,0,-6.029146787205036,-3.452791900160719,22.510107284188525,0.015442968106154925,-0.011560610075454354,-0.016033025203019722,-0.04527120354772876,0.01316852694266567,1
2024-09-19,1463.82861328125,1470.6264144806405,1449.7598031867433,1460.4171894563085,16955902,35.2037134040778,-7.629200295807777,-5.959511805174931,-1.6696884906328462,1525.8689363642566,1481.2976013183593,1436.726266272462,1481.2976013183593,1491.3320263671876,1473.6433275670565,1480.6910256196181,1468.7090531465908,1476.3382534423986,1488.3000424987038,0.00425370267595615,0.009083237424877077,0.014254818565900006,0.00425370267595615,-0.00113840903110618,-0.006842136909325891,-0.015606398989705839,14061841.6,1.2058094865753572,0,-6.415391550031018,-3.7128673863064705,21.410920514983122,0.014626658012230953,-0.006660169460415056,-0.011388204592725071,-0.04065901179614568,0.018863960132854067,0
2024-09-20,1480.0140380859375,1489.0528890965668,1465.5218693608433,1468.136427109257,30897320,39.516023788661236,-6.16225218756631,-6.000059881653208,-0.16219230591310208,1524.7666409306366,1480.597900390625,1436.4291598506134,1480.597900390625,1489.480595703125,1474.250061902188,1480.6644770888854,1470.448281598798,1476.6105337863644,1486.995676386498,0.011056912440321032,0.009597283468031268,0.015899186852413583,0.011056912440321032,0.009254228487011185,0.009031559733995831,0.014404569569724579,15144224.9,2.0402047779942833,1,-4.542764508807977,-3.047767003203944,21.777312156528183,0.014714260538158271,0.003909768317263882,-0.0004392885849647213,-0.0293504603546314,0.030342518415497014,1
2024-09-23,1487.434326171875,1495.5270047691104,1483.026880271187,1485.0687739665293,8832314,44.5670913132478,-4.350776959865698,-5.670203297295706,1.3194263374300084,1522.2398365815486,1479.6404724121094,1437.0411082426701,1479.6404724121094,1487.848544921875,1475.5057061183486,1480.9299613666496,1473.0615192254254,1477.412296185291,1486.4664573294565,0.005013660610634352,0.009690996149963126,0.008403816073072692,0.005013660610634352,0.020448306579467168,0.014969241632335484,0.021146037638321236,15145034.9,0.5831821490223176,0,-2.0208461813322174,-2.0679573979925863,21.782642560010295,0.014644439876596799,0.008084428277073447,0.004392081310329432,-0.02286466926777805,0.03506734611846265,0
2024-09-24,1483.4501953125,1494.530939532627,1481.9561623839436,1482.5786761041754,17137444,41.2297345531739,-3.199770887516479,-5.176116815339861,1.976345927823382,1521.1616293249833,1479.0889221191405,1437.0162149132977,1479.0889221191405,1485.8176733398439,1476.2623241368392,1481.0287940704086,1474.6597770849753,1477.8595479724918,1486.237048137689,-0.002678525558589717,0.00962164790638372,0.008476710029374699,-0.002678525558589717,0.013404289172396444,0.011597419917235285,0.01905538572357579,15689349.3,1.0922979450779389,0,-0.20867435379477683,-1.319921499725524,21.40024123237546,0.01442599239259754,0.004868966076109477,0.0016349454188777182,-0.024791207775348503,0.03231277414778778,0
2024-09-25,1488.0069580078125,1490.546862638843,1474.3116560624171,1477.9970102640052,7069002,50.38527816066123,-1.898018440465421,-4.520497140364973,2.6224786998995517,1520.7016078349384,1478.8722778320312,1437.042947829124,1478.8722778320312,1483.8680102539063,1477.3808606959794,1481.3024475581499,1476.7131895346427,1478.611207975108,1485.9646348222107,0.003071732849347697,0.008894823686457144,0.010910706088472968,0.003071732849347697,0.005400570343381261,0.020841158335672016,0.029245519039443613,15562285.1,0.4542393327571155,0,2.7044053093641196,-0.07683978956492865,19.80483264561487,0.013309637121677282,0.007192524009568674,0.0045260915221700055,-0.021499714117928823,0.03546450038648991,0
2024-09-26,1491.9910888671875,1498.017070530802,1482.1305684499498,1484.7202013028073,18818998,66.17827158661161,-0.5386746776068776,-3.724132647813354,3.1854579702064765,1516.5550593351438,1477.728094482422,1438.9011296297,1477.728094482422,1482.4144482421875,1478.7723109979993,1481.7216099624259,1479.0636355858035,1479.6023102634103,1482.9453082393002,0.0026774947777858937,0.007035532719728737,0.010647853193891471,0.0026774947777858937,0.0030635051344014563,0.0192389159020534,0.012265143696138736,14586467.1,1.2901683369237504,0,5.128983430942753,1.0305843428077424,18.422848762529433,0.01234782761103299,0.008939021762090662,0.006930774874115553,-0.016197216393003987,0.0368961828886395,0
2024-09-27,1520.1038818359375,1527.3747692811155,1486.06478230705,1493.0369361114394,20597478,74.84886398284146,2.775092948095562,-2.424287528631571,5.199380476727133,1520.284595342897,1478.5523010253905,1436.820006707884,1478.5523010253905,1481.316171875,1482.7086510778029,1483.2267970947205,1485.3775196242857,1482.6024266761901,1480.7001610973896,0.018842467075386393,0.00831875913334604,0.027175765727387256,0.018842467075386393,0.024708403854243333,0.027087475333576583,0.03636367721909095,13535304.5,1.5217594846129985,1,8.458589175614861,2.5623200058350903,20.354412968493325,0.013390146036539196,0.025220889303472726,0.024862741701707533,-0.00011886820896112019,0.05796402801968065,0
2024-09-30,1470.701171875,1518.9086621673466,1468.5348969230115,1513.3558880158446,27008814,54.25380160634278,1.3987677240770608,-1.6596764780898448,3.0584442021669056,1515.653543099939,1476.5764404296874,1437.4993377594358,1476.5764404296874,1479.8557104492188,1481.5650816299167,1482.735596105712,1483.1196199705494,1481.7208522464723,1480.0340730926362,-0.03249956174131363,0.012647299955873591,0.03425152995568331,-0.03249956174131363,-0.011630178232487576,-0.011249676037758394,0.0035511664756824324,14323702.6,1.885602818924766,1,6.059375511568078,1.8056347390622705,23.00808935251934,0.01564429932641332,-0.007332725298145489,-0.008116365630068763,-0.02965873792832547,0.023096938720900143,0
2024-10-01,1458.997802734375,1482.0308103038055,1457.0057588364782,1474.7599230273088,16431642,53.729830755709,-0.6290922287403191,-1.4535596282199397,0.8244673994796206,1512.0960046008784,1474.3702453613282,1436.644486121778,1474.3702453613282,1479.24267578125,1479.4158169731984,1481.8047022480125,1479.408571164984,1480.0376633937244,1478.2290045140253,-0.007957679890677194,0.012701804934472915,0.017152220120158324,-0.007957679890677194,-0.022113594631361422,-0.0164834604190901,-0.005077206114023958,14599094.7,1.1255247217486712,0,3.1534928363591916,0.7759081776039238,23.287334596915098,0.01596118551602424,-0.01380140323266078,-0.01539129919012788,-0.035115628706735964,0.015559393314444624,0
2024-10-03,1401.3780517578125,1443.634334423912,1396.4975195620746,1430.8602791168494,37757294,32.50874696586402,-6.807149623194846,-2.524277627214921,-4.282871995979924,1515.686752090241,1469.012890625,1422.3390291597589,1469.012890625,1477.7308715820313,1471.9836488574474,1478.6507159542791,1467.403875871573,1474.211025494768,1469.586556473544,-0.03949269208533057,0.015477732426241274,0.03363604475088753,-0.03949269208533057,-0.07810376086582416,-0.05821807874203855,-0.038590252603427966,15887794.2,2.376496921139626,1,-5.39721183853203,-2.6517316038707577,24.896970484989748,0.017766062807791475,-0.04796629171420411,-0.052258902905678466,-0.07541710064747127,-0.01473697688963016,0
2024-10-04,1381.0093994140625,1411.711728297617,1376.2782950115372,1398.34020617394,37072876,30.55999070233355,-13.194783385608389,-4.658378778893615,-8.536404606714774,1523.8960886870082,1463.7115661621094,1403.5270436372107,1463.7115661621094,1475.6568408203125,1463.319434624744,1474.821644717408,1454.1124179550332,1467.3072013406415,1459.5684176917946,-0.014534730523430572,0.01575733038525559,0.02565763368526922,-0.014534730523430572,-0.0609857217605867,-0.07438495462958106,-0.0565771246140242,16928229.6,2.190003141261742,1,-15.452876373255322,-6.899965245017938,26.456806852958884,0.019157586374273797,-0.05624884988409191,-0.06360921379162487,-0.09376406326763205,-0.016043612643753685,0
2024-10-07,1365.272216796875,1390.9447078848398,1355.9594355150189,1387.9566419173104,22181340,28.678922687557687,-19.30435963746754,-7.587574950608401,-11.71678468685914,1533.6248511855292,1459.0252868652344,1384.4257225449396,1459.0252868652344,1473.3335815429687,1453.981604355423,1470.5255887205244,1440.444694699932,1459.7490543373995,1453.2811757324166,-0.011395420352580121,0.015838211572577785,0.02562512584625899,-0.011395420352580121,-0.0642397032825166,-0.10185597635081445,-0.07752752226421789,17067585.2,1.2996179447810814,0,-28.727046722379782,-12.701208374196085,27.806770618779947,0.02036719877301732,-0.061011354815506486,-0.07157534199403379,-0.10977432600841956,-0.013834982575197621,0
2024-10-08,1391.791259765625,1395.4267642320656,1359.669551595401,1367.513224520688,17020808,35.67742573116563,-21.755592764494622,-10.421178513385644,-11.334414251108978,1536.2276193778275,1455.7832336425781,1375.3388479073287,1455.7832336425781,1471.21064453125,1448.05871439449,1467.437967977195,1432.9595508638845,1454.715143628379,1449.7310140520513,0.0194239966524532,0.017092160479117265,0.025691505378964755,0.0194239966524532,-0.006840974839132374,-0.05365461972725061,-0.06430069867514832,17468110.7,0.9743931838032147,0,-33.50636723542675,-15.297628128516862,29.588941923624606,0.021259611824698,-0.03885716378040191,-0.05155019146454691,-0.09402015547064521,0.011962442479778516,0
2024-10-09,1369.1318359375,1395.4019165531051,1367.040214025334,1391.9656892391697,14310610,33.87772330270464,-25.235736941309142,-13.384090198970345,-11.851646742338797,1540.7466162117425,1451.4542724609375,1362.1619287101325,1451.4542724609375,1468.4146459960937,1440.5418688271577,1463.582825544266,1423.1399024136715,1448.3756393549806,1446.5403828760004,-0.01628076313106086,0.01742136217914213,0.02071509973205075,-0.01628076313106086,-0.008600639127874121,-0.06159431263601156,-0.07706248564072482,17645228.2,0.8110186979616393,0,-38.873948146040675,-18.221876703746602,30.088733353235984,0.021976505522299107,-0.04957164691630757,-0.06453409261046925,-0.11138416821332664,0.0051167978494065305,0
2024-10-10,1365.595947265625,1380.4864268287754,1363.9774115920343,1374.5352199766685,22358646,31.928542555580506,-27.9568240742758,-16.29863697403144,-11.658187100244362,1544.6617305680838,1447.447772216797,1350.23381386551,1447.447772216797,1465.6859106445313,1433.4041620117737,1459.7402028666722,1414.286986237049,1442.2438103113248,1441.763286759628,-0.0025825772062730845,0.017257558646969165,0.012089238599307224,-0.0025825772062730845,0.00023711789104563508,-0.025533512849943985,-0.08226507953032358,18275150.4,1.223445252740574,0,-38.57948684567373,-18.910513087606887,29.777476492010546,0.0218054810074934,-0.047305719170635224,-0.0644938430935618,-0.1159255646455379,0.01137738756233307,0
2024-10-11,1366.6417236328125,1377.7723178051706,1363.3797273571677,1364.5501018082973,7980122,27.913041575742128,-29.686709906148963,-18.976251560454944,-10.710458345694018,1544.8296227566234,1442.0841918945312,1339.338761032439,1442.0841918945312,1463.131455078125,1427.0458345471106,1456.0892821124032,1406.9569458363972,1436.6436557425461,1438.655191104469,0.0007658021900851519,0.016741187154754037,0.010531355950222622,0.0007658021900851519,-0.0180699052076585,-0.010403749451195599,-0.08401482164987195,17556687.7,0.45453459880134456,0,-36.27360007763332,-18.73236260500471,29.003784680059557,0.021222668808150814,-0.042328080466643235,-0.06142999579656668,-0.11534469335579481,0.020385404644995782,0
2024-10-14,1367.0650634765625,1374.5849563155427,1362.8070452852592,1373.962442591221,12221432,25.892682077708457,-30.669952779412597,-21.314991804246475,-9.354960975166122,1544.3769769772055,1437.099102783203,1329.8212285892007,1437.099102783203,1460.3894140625,1421.3333801594395,1452.5981362835466,1400.8197331656534,1431.489685945066,1435.4747102684214,0.0003097665148292794,0.016559194918629904,0.008615472185596895,0.0003097665148292794,-0.0015095496333428216,0.001313178908667556,-0.10067655256201247,17732192.9,0.6892228202638152,0,-32.64822419598363,-17.927452436977774,28.736994990567464,0.021020941693504217,-0.038181272205673064,-0.05888281877176257,-0.11481129034161977,0.028006647876176228,0
2024-10-15,1338.678466796875,1366.243302159234,1335.3666207605413,1353.1207855156183,33762794,23.587143695808848,-33.35524248329034,-23.723041940055246,-9.632200543235093,1545.6875515168954,1430.7581787109375,1315.8288059049796,1430.7581787109375,1457.3967993164063,1413.461483648719,1448.1306982644617,1391.2595383396874,1424.6147808229778,1427.2091039466188,-0.02076462740368623,0.016990043361069268,0.023065046734166778,-0.02076462740368623,-0.019711160188083277,-0.03816146465648451,-0.08976854550935653,19146243.9,1.763416060943421,1,-34.59723074577096,-19.307269712733387,30.10297110252017,0.02248708099006709,-0.05290771465438067,-0.07558173554276673,-0.13392686284939498,0.017365223188118464,0
2024-10-16,1348.6884765625,1358.574043806933,1332.3039628645522,1334.6695151768993,20034438,25.077967537728156,-34.28046591689622,-25.83452673542344,-8.445939181472777,1544.0874625108152,1424.8704406738282,1305.6534188368412,1424.8704406738282,1455.6367431640624,1407.2926258309838,1444.2310032957573,1384.7101442201201,1418.9906101370163,1422.553467174795,0.007477531023245998,0.017233451773981782,0.019478242306434884,0.007477531023245998,-0.01313676200561853,-0.014931622242938758,-0.07560623187035598,19851199.4,1.0092306059854501,0,-33.24924299617396,-19.351822248508597,30.81974784294552,0.02285164319153823,-0.04164318649355456,-0.06615460166360354,-0.12654657892926616,0.03296055224517175,0
2024-10-17,1351.0291748046875,1363.0062419523483,1346.6715786036464,1360.2671814831224,15543660,24.634841530361925,-34.4279731242832,-27.553216013195396,-6.874757111087803,1542.076497576729,1419.5404846191407,1297.0044716615523,1419.5404846191407,1453.7502783203124,1401.9342019237174,1440.5760296294409,1379.5284566177459,1413.956429742029,1419.044540331704,0.0017355366215876522,0.01719515618167091,0.012090533389897656,0.0017355366215876522,-0.011730157620365445,-0.010666971068642228,-0.03592811867573498,20199646.7,0.7695015774706595,0,-31.46996008805627,-19.164173237231353,30.85175936207765,0.022835746212910433,-0.03631056796330287,-0.06216045039135318,-0.12388965338117773,0.04165344401158911,0
2024-10-18,1353.8927001953125,1362.9814005892638,1335.98910817891,1346.796043723323,12082452,17.102003933450277,-33.9227704992029,-28.8271269103969,-5.0956435888059985,1538.0687303666255,1414.0436889648438,1290.0186475630621,1414.0436889648438,1451.7468774414062,1397.3588208067265,1437.1766833771221,1375.5844940912175,1409.5072645904204,1415.1836547441976,0.002119514103785969,0.015790972253592078,0.019936803268427238,0.002119514103785969,0.01136511401041762,-0.009328723993301202,-0.01963541973737115,19955974.2,0.6054553828797794,0,-29.687013740384145,-18.912598735281108,29.8290668932411,0.022032076019715567,-0.03110591207083091,-0.057949717766159654,-0.11974499353316376,0.04951405373318676,0
2024-10-21,1363.7532958984375,1368.5342502099145,1352.3239675798943,1361.686598848784,14067408,24.903566368624254,-32.35377197048069,-29.53245592241366,-2.8213160480670325,1530.1164572660687,1408.2306518554688,1286.3448464448688,1408.2306518554688,1450.2523779296876,1394.1582946249848,1434.2973348485464,1373.7643097538669,1406.1180817243476,1408.116792427661,0.007283144152932186,0.014600936752050228,0.011886521322275433,0.007283144152932186,0.0111699770538074,-0.002422538375534855,-0.001112540693167463,19114478.6,0.7359556226660559,0,-27.175085534454638,-18.300801435000267,27.30344530160497,0.020020809763555896,-0.021808856887894478,-0.04918369241588106,-0.10872581663808785,0.060177058793764365,0
2024-10-22,1338.006103515625,1370.5262455038624,1334.8935348258,1363.7532474009167,15831960,23.363654149207647,-32.809702749507096,-30.187905287832347,-2.621797461674749,1520.5032975058953,1400.7592407226562,1281.015183939417,1400.7592407226562,1447.743134765625,1388.810466900284,1430.5212081296083,1368.2630472556757,1401.0727500051828,1403.8366751133851,-0.018879655477459623,0.015040298167060179,0.02663120189395022,-0.018879655477459623,-0.009639370882531195,-0.0005022589799765775,-0.03864455669814837,19464460.9,0.813377780218922,0,-24.65101674843504,-17.60949013485333,28.061135245228893,0.020972352197421197,-0.03658120715208194,-0.06467230551230058,-0.12002420138754266,0.0444888712411259,0
2024-10-23,1333.2003173828125,1352.0748848775756,1329.689315659354,1332.1793705575924,17214742,30.442833371618107,-33.17638128213662,-30.785600486693205,-2.390780795443412,1509.9616029155013,1393.2467468261718,1276.5318907368423,1393.2467468261718,1445.409267578125,1383.5142621843343,1426.704702610126,1362.868781121389,1396.0451624035256,1397.2953758939366,-0.0035917520257832125,0.011558861886678129,0.016790852002020594,-0.0035917520257832125,-0.015283620932083353,-0.011483867067036302,-0.026244016545042048,19468325.8,0.8842435747608045,0,-23.778363646649495,-17.526300685631213,25.195798534223268,0.018898734275494922,-0.03636676988214388,-0.06553870962663073,-0.1170634307464443,0.044392488003773954,0
2024-10-24,1334.4703369140625,1338.3547254831988,1317.8616212723591,1329.9633130042932,22155934,35.00723589001447,-32.98427451424391,-31.225335292203347,-1.75893922204056,1496.0737311758685,1385.5699157714844,1275.0661003671003,1385.5699157714844,1443.041240234375,1378.8434121585942,1423.0876686612608,1358.4997897048772,1391.4840642191211,1392.1010202569082,0.0009526096826493191,0.011154966999971832,0.015356732663110042,0.0009526096826493191,-0.021472328662702433,-0.012256462110093791,-0.022792693852003776,20222672.4,1.0955987201770623,0,-23.09078976512319,-17.48836096818013,24.128632171706126,0.018081055460178404,-0.03218137378998329,-0.06227116831850782,-0.10801833552333723,0.04658914273531337,0
2024-10-25,1322.5677490234375,1339.002111534351,1316.7410448137834,1338.1555171764887,18597496,35.8940571455299,-33.40736853620956,-31.661741941004593,-1.7456265952049677,1478.884164255698,1377.0987487792968,1275.3133333028957,1377.0987487792968,1440.470400390625,1373.483825193341,1419.145711028405,1352.9717834461942,1386.3791519824038,1384.4738075170867,-0.008919334931152934,0.011019973943128947,0.016831702373662636,-0.008919334931152934,-0.011538328899713624,-0.023136952557138435,-0.03224983830598804,20211597.3,0.9201398446623513,0,-23.87499561338541,-18.030972348717114,23.21976033961659,0.017556575348795313,-0.03707075047843122,-0.06805359115307535,-0.10569889042725149,0.037053180960759685,0
2024-10-28,1329.0418701171875,1347.6177038778262,1316.8406011796387,1331.6813526124563,10824350,26.109224693001337,-32.84168759965905,-31.89773107273549,-0.9439565269235644,1446.0112587735616,1367.5456481933593,1289.080037613157,1367.5456481933593,1437.7044458007813,1369.2512580432312,1415.6122270711023,1349.2902583186547,1382.1319459183137,1376.3947230651409,0.004895114899429842,0.00938931636080122,0.02315736124662027,0.004895114899429842,-0.0031191466214082197,-0.02545286298163052,-0.02781374081982524,19722940.9,0.54882028267904,0,-24.907036581753573,-18.685107777444045,22.864038201153935,0.017203399467872228,-0.029365967487593295,-0.06115400481742705,-0.08089106356999047,0.031000272549424734,0
2024-10-29,1334.66943359375,1337.856655249044,1315.0478495098762,1322.8167478889227,12008361,34.923752581988126,-31.575303595972855,-31.83324557738296,0.2579419814101058,1423.588227674502,1360.7440612792968,1297.8998948840917,1360.7440612792968,1434.748251953125,1365.9577509528044,1412.437999875912,1347.0409006686693,1378.6162042646422,1367.0960820056819,0.004234301118042572,0.008780059872173443,0.01708947936100741,0.004234301118042572,0.0001491952830872112,-0.0024937628558703295,-0.002994769321058577,18972918.25,0.6329211374744631,0,-22.85271594747951,-18.083208253696284,22.467402716253705,0.016833683420588764,-0.022905772405647024,-0.055059808847534766,-0.06246103497638846,0.028330026725937863,0
2024-10-30,1338.553955078125,1344.62966480214,1320.0776988278842,1329.6893351932274,11984423,38.20593089495821,-29.91341351916367,-31.449279165739103,1.5358656465754343,1397.941908153268,1354.7218688964845,1311.5018296397009,1354.7218688964845,1431.7193505859375,1363.3478656314064,1409.5405863544304,1345.7352167316624,1375.648630250826,1361.7177331825606,0.0029104745988790537,0.008863924511046175,0.018342156385338128,0.0029104745988790537,0.012087249266808042,0.0040156288785035965,-0.007514353136764074,18750557.3,0.6391502294174477,0,-20.166396552927836,-17.164116255695717,23.04189919750476,0.017214023469199577,-0.018186048607483338,-0.05036153762688159,-0.04248241842437981,0.020626830117237392,0
2024-10-31,1326.7510986328125,1337.6574904459744,1320.8745447599274,1334.6694245700712,9331650,34.09457281031703,-29.212007693720807,-31.001824871335447,1.7898171776146405,1389.923585261145,1350.9905212402343,1312.0574572193236,1350.9905212402343,1428.400107421875,1359.8624592505878,1406.293939777112,1342.8145831779932,1372.026590871714,1355.1435414521443,-0.008817617250717169,0.00905260302991889,0.012649656520609983,-0.008817617250717169,-0.0017236262723407947,-0.005784495966467573,-0.017970060620922435,17329275.1,0.538490499236174,0,-18.98095290800643,-16.793728884148777,23.276672045375808,0.01754411363922133,-0.024349051179795612,-0.05656203080623847,-0.04545033072193203,0.011198931367403285,0
2024-11-01,1333.3248291015625,1336.6116286385318,1327.6972806767253,1327.7471304089104,2127335,37.175870593213425,-27.805172691166263,-30.362494435301613,2.5573217441353506,1385.5905688184944,1348.6062927246094,1311.6220166307244,1348.6062927246094,1425.2232958984375,1357.3350659030616,1403.4324060251297,1341.3546210123884,1369.1597937035547,1350.8824063751072,0.004954757886030059,0.009230124763016755,0.006685803614572487,0.004954757886030059,-0.0010074438346632242,0.008133481317738056,-0.015191655210773258,15581998.05,0.13652517431806507,0,-16.148759290279486,-15.713305003275309,23.13971625790693,0.01735489788598568,-0.017689248148558386,-0.04995436661045139,-0.03772091185746115,0.016546544809142496,0
2024-11-04,1296.9700927734375,1334.6695017714562,1279.9878687625326,1332.5280301195803,19796890,35.05268472024996,-29.2861763969222,-30.147230827625734,0.8610544307035326,1387.871169097068,1345.1911865234374,1302.5112039498067,1345.1911865234374,1421.2825366210936,1351.5860208430975,1399.2574133485928,1334.5262320525496,1363.8124084494718,1346.4500534441713,-0.02726622615482377,0.010355688254918134,0.04216105931324337,-0.02726622615482377,-0.031066257842598866,-0.024131502599629928,-0.04897014975205127,15462775.55,1.280293433477407,0,-17.665237200133788,-16.35481372250956,24.78137270739996,0.019107127331215123,-0.04040876956953981,-0.07310114607888286,-0.06549676825030505,-0.004254175441689901,0
2024-11-05,1300.1075439453125,1304.340637375998,1281.0336986406933,1287.8564249120311,16267479,31.687665822160426,-29.86248033049128,-30.090280728198845,0.22780039770756488,1381.8844500337427,1340.607000732422,1299.3295514311012,1340.607000732422,1417.1530297851561,1346.6833087575942,1395.3691831759152,1329.2310492668207,1359.093529597312,1341.7678361909395,0.002419062081197243,0.010076233988626867,0.017926931386443204,0.002419062081197243,-0.020081803372882567,-0.025895468030144086,-0.028324653729705496,15425109.1,1.0546103041825488,0,-19.274442195210213,-17.068816699996887,24.56971969260881,0.018898221002586774,-0.0345855365618595,-0.0682698459871268,-0.059177817715825226,0.0005987645808212388,0
2024-11-06,1320.0777587890625,1323.0160966964434,1295.0277806900112,1304.7888451117578,21625209,39.70173477643511,-28.38062176862354,-29.748348936283787,1.3677271676602452,1378.1033448867329,1338.154296875,1298.2052488632671,1338.154296875,1413.6649609375,1344.1494468558292,1392.4165782979994,1327.822850731781,1356.2034725004046,1338.1727968150888,0.015360433017062691,0.011127167035876276,0.021202020729526143,0.015360433017062691,-0.009935366103867027,-0.013803101637381632,-0.00984290089242612,15790839.05,1.3694781468879578,0,-19.198418775577238,-17.124008056430966,25.40212345387525,0.019242899355547963,-0.017908490847557194,-0.051951995283882106,-0.04210539529779571,0.016848267979926414,0
2024-11-07,1300.4561767578125,1318.7331565363688,1297.4182609581876,1318.7331565363688,9611974,34.00419780550655,-28.461449988814138,-29.49096914678986,1.0295191579757201,1376.030199977845,1334.8973083496094,1293.7644167213737,1334.8973083496094,1409.8272875976563,1339.9881830369704,1388.8102880415217,1323.6125931973245,1352.0740431861386,1334.788219924038,-0.014863959263467397,0.011606391175338173,0.016390322072460543,-0.014863959263467397,0.0026878676723534056,-0.019819031544120347,-0.025488884402561585,15153505.45,0.6343069616278126,0,-19.87427621361735,-17.48365173559023,25.092638126769625,0.019295258521766164,-0.029501757388309183,-0.06361856046465843,-0.05492177658691602,0.005172317270401463,0
2024-11-08,1278.6431884765625,1296.4720058402277,1269.9279963447846,1292.4879180085577,19814406,26.224281294842356,-29.940497374774623,-29.580874792386812,-0.35962258238781075,1375.9338060401979,1330.497381591797,1285.060957143396,1330.497381591797,1405.10265625,1334.145802602646,1384.4900096272097,1316.6942232402841,1346.6347206150588,1330.5729329243975,-0.01677333590404584,0.011776814193554759,0.020759512688656268,-0.01677333590404584,-0.016509676886893643,-0.041011492047175246,-0.03321157693381549,15745219.65,1.2584394781688548,0,-23.189263300415632,-18.942396397919993,26.11534511127018,0.020424263271120437,-0.04160161057195488,-0.07645184899466895,-0.07070879219373799,-0.004994135594236594,0
2024-11-11,1267.6370849609375,1280.884225507143,1261.9598084895413,1273.8622221377802,9056552,28.577937092016356,-31.636072702630827,-29.991914374435616,-1.6441583281952106,1375.6335544336303,1325.5259826660156,1275.418410898401,1325.5259826660156,1400.3830029296876,1327.8116390177213,1379.9075419932383,1309.1469711973077,1340.7830438999385,1327.3445842538592,-0.008607642550177097,0.011115270974370355,0.014928891906144246,-0.008607642550177097,-0.039725443049832165,-0.02261656454218952,-0.04620229545577492,15586975.65,0.5810333064836731,0,-23.774381825376167,-19.34987135535448,24.92189556409442,0.019660118704133995,-0.045318592101888246,-0.08136085470634447,-0.07850671359725343,-0.0061009985985557985,0
2024-11-12,1269.1810302734375,1284.1712099692156,1262.4578817905294,1270.4759075040322,10671091,30.116062870800633,-32.4808261373887,-30.489696727026235,-1.9911294103624684,1377.6557730681982,1322.0511108398437,1266.4464486114891,1322.0511108398437,1395.562255859375,1322.2277715182656,1375.5653258473637,1302.9983649013277,1335.4791910387164,1323.02487159444,0.0012179710824313794,0.011196032312251076,0.017108141124681158,0.0012179710824313794,-0.024049365940456036,-0.02378765804098426,-0.049067133532816,14432390.5,0.7393848579693018,0,-24.455537239328578,-19.80385732855143,24.873878346984743,0.019598369148036993,-0.040119215756538304,-0.07733859931980498,-0.0787386406062633,0.002159255659760836,0
2024-11-13,1247.0693359375,1270.3761523895544,1244.5294313213271,1265.196886863478,14633633,25.96550661529382,-34.53641397617821,-31.299040176856632,-3.2373737993215776,1380.3533950272392,1316.9701538085938,1253.5869125899483,1316.9701538085938,1390.4412084960939,1315.0698252724785,1370.526267419526,1294.3938989068924,1328.9303128830707,1317.7963539372151,-0.017422017670066903,0.011705600262013107,0.020725969537849817,-0.017422017670066903,-0.024693247360650372,-0.05530615326670962,-0.06834585844937824,14162350.25,1.0332771568052415,0,-29.079621583350672,-21.89031087847343,25.256279551083853,0.020252506274718984,-0.051708653052615676,-0.09007994550478406,-0.09655792463719703,-0.005199142226989879,0
2024-11-14,1262.5574951171875,1267.537605244334,1246.1231316976048,1248.613186761178,12612633,33.81684877501522,-34.51781723182239,-31.942795587849787,-2.5750216439726046,1378.228700902824,1312.5465698242188,1246.8644387456136,1312.5465698242188,1385.52185546875,1310.0686509719746,1366.2921979174735,1289.4959906315532,1324.0138078633756,1313.1555147518457,0.012419645590951989,0.012486007281827487,0.016961186820835833,0.012419645590951989,-0.00400713256500107,-0.029142605739403526,-0.048384059061096774,14015798.9,0.8998868412702468,0,-29.919532064995792,-22.518090124048285,25.195808610095405,0.019956167309241463,-0.03626615736475899,-0.0759242444320477,-0.08392743940818001,0.012586016477750886,0
2024-11-18,1255.7347412109375,1267.8364328732807,1238.951794764919,1262.55746761959,13620611,30.268141827864568,-34.65414696330345,-32.48506586294052,-2.1690811003629236,1374.961160895349,1307.638671875,1240.316182854651,1307.638671875,1380.8958325195313,1304.8939928994948,1361.9566113799622,1284.3019522591508,1318.9560992224542,1308.6848934012785,-0.005403915411881233,0.012271485890414728,0.02300218124132453,-0.005403915411881233,-0.01059446110662643,-0.017916215776286437,-0.058192937082637064,14092706.85,0.9665006974866578,0,-29.25180970315114,-22.533398247247533,25.060632567964994,0.01995694770999039,-0.03767298489843202,-0.0779921102342596,-0.08671257274407186,0.01243115148332568,1
2024-11-19,1236.710693359375,1276.4021442257297,1230.236550606767,1255.734688515481,14183746,25.40638048000706,-35.883626815576235,-33.164778053467664,-2.7188487621085713,1370.2692920274542,1301.2865417480468,1232.3037914686395,1301.2865417480468,1376.4500903320313,1298.4003453242453,1357.0450067517038,1276.9802201207237,1312.8638469363,1302.9846167764927,-0.01514973443612555,0.012367258978947759,0.0373293397290513,-0.01514973443612555,-0.008306388650265228,-0.024396881385428615,-0.046461672285136424,14098523.75,1.0060447640838992,0,-29.411293693475955,-22.862535241534488,26.728974559378912,0.02161295661378401,-0.04751204217329808,-0.08867378222065568,-0.09746886940045596,0.003576148934414502,1
2024-11-21,1218.1348876953125,1239.0014996478671,1212.407761281373,1236.7107220331202,19433843,21.844451535454127,-37.91979493724716,-34.115781430223564,-3.8040135070235976,1371.3135601067358,1295.2929809570312,1219.2724018073266,1295.2929809570312,1371.6801416015626,1290.756016026252,1351.5975511024337,1267.927092055276,1305.8468869925232,1295.0688104768842,-0.015020332373453904,0.012373483024869396,0.021831521808565013,-0.015020332373453904,-0.03518462136867029,-0.04021974908270365,-0.06305067348601434,14278617.9,1.3610451050728096,0,-31.4717554920137,-23.96777474493001,26.87481544453879,0.022062265612788925,-0.05626247519226161,-0.09874438089819125,-0.11170214957948839,-0.0009329450173135416,1
2024-11-22,1260.3662109375,1263.8024380613526,1217.586994857739,1224.509420421979,20471957,36.41182811228041,-35.71406844986609,-34.43543883415207,-1.2786296157140171,1367.001032612314,1291.6512756347656,1216.3015186572172,1291.6512756347656,1367.7732446289062,1287.8617488749424,1348.0198514881226,1266.7638795756181,1302.4779480254842,1289.1016579649358,0.03466883977199631,0.016541085654052497,0.03666826578065523,0.03466883977199631,0.003688254831666349,0.010662498561079481,-0.04523335648525528,14441478.65,1.417580394373259,0,-27.20807639753616,-22.506415931403353,28.91310350778279,0.02294024011186107,-0.021349758979534922,-0.06502399831416351,-0.07800639438511384,0.036228428234579266,1
2024-11-25,1281.8802490234375,1299.260783408558,1277.3483005192684,1284.868314871977,28923341,40.07684526590213,-31.86271766856862,-33.920894601035386,2.0581769324667647,1361.7031204712819,1289.0217712402343,1216.3404220091868,1289.0217712402343,1364.4963305664062,1287.292082222418,1345.4261415875467,1269.0894748752826,1300.9521925438512,1285.7315121132863,0.017069672210535236,0.017317953809432282,0.01709401709401711,0.017069672210535236,0.036523946875048674,0.015304454633534581,-0.014284162793310684,14779849.0,1.9569442827189913,1,-22.776568749556645,-20.866056329926778,30.986963683878407,0.024173056498440402,-0.00420404450063684,-0.04723105237804261,-0.058619878479986065,0.05388279944358841,0
2024-11-26,1290.545654296875,1292.687125909721,1279.0914013187908,1289.7986377983043,9247557,48.61258519595267,-27.790912303362347,-32.69489814150078,4.903985838138432,1358.3809472624462,1287.4206665039062,1216.4603857453662,1287.4206665039062,1360.8289770507813,1287.6019462295092,1343.2739656153635,1272.3904255555276,1300.18133785889,1283.1637714481417,0.0067599179252813,0.015932458454975255,0.010534865268550037,0.0067599179252813,0.059443964156188134,0.02772154973778007,0.009308668694738564,14312352.05,0.6461241987126777,0,-17.292046669985666,-18.682645764598647,28.05225593973603,0.02173674046039051,0.002286194173584396,-0.03925357943964417,-0.04993834248211451,0.0609023272928976,1
2024-11-27,1288.0555419921875,1298.6632001168684,1280.8842325588682,1288.3543972122054,9572746,47.38996507264108,-24.48268728879293,-31.052455970959212,6.569768682166281,1353.5847171891896,1285.3713500976562,1217.1579830061228,1285.3713500976562,1357.2547509765625,1287.6451458259546,1341.1085372379841,1274.8004434688598,1299.2831307576528,1281.5433665703233,-0.0019295034595612215,0.015919066007664105,0.013802951020654076,-0.0019295034595612215,0.02196927433820317,0.04151726746482676,0.016107494229611552,14249771.85,0.6717824047126761,0,-10.755199498290722,-15.936469513719658,27.65740085564284,0.021472211371309478,0.00031871837327483477,-0.03955906160664624,-0.04841158027631835,0.058248444307092126,0
2024-11-28,1265.7447509765625,1291.442044503892,1264.0017125526565,1284.818474176107,15027412,38.35149236232078,-23.391546320917314,-29.52027404095083,6.128727720033517,1346.5200858708622,1281.925115966797,1217.3301460627317,1281.925115966797,1353.25970703125,1285.5593939355363,1338.153094639497,1273.4072600085065,1296.7988063294238,1279.1490568400732,-0.017321295773564005,0.015802580454307845,0.021679198693152334,-0.017321295773564005,-0.01258736770393909,0.039084229310045515,-0.002707477668599134,14400724.4,1.04351778303597,0,-5.196622090715664,-13.444456462936614,27.618259137414515,0.02181976983598482,-0.01541324582313881,-0.05411065740758284,-0.059988213872099974,0.03977113773976633,1
2024-11-29,1287.0595703125,1294.3305794929802,1270.177046170391,1274.9081506356404,13202307,47.14859028714939,-20.56976599939094,-27.730172432638856,7.160406433247918,1338.299753708216,1279.3503967285155,1220.401039748815,1279.3503967285155,1349.6720336914063,1285.7022678761996,1336.1494270188305,1275.5076154398903,1296.0773814392812,1277.0737128667556,0.016839745390603067,0.016219646742114575,0.018766445531907098,0.016839745390603067,-0.0027012480905019842,0.021179050297726265,0.03206737045213037,14461618.6,0.9129204251037294,0,-2.1594809987427652,-11.870424469292175,28.04156847209614,0.021787312039712046,0.0010556895404271855,-0.036739795500162,-0.03828752359382689,0.05462018499869906,0
2024-12-02,1303.9422607421875,1306.133460567327,1271.9699779978705,1282.876370557777,11024152,55.500236198321666,-16.777788835720003,-25.539695713255085,8.761906877535083,1334.101386904744,1278.2099548339843,1222.3185227632246,1278.2099548339843,1346.5983129882814,1287.4394100539128,1334.8864008903347,1279.8821762556283,1296.6599650913483,1276.0684648758277,0.013117256434050262,0.01589350345285209,0.026200149805721433,0.013117256434050262,0.012333877097744361,0.017210665142518122,0.03277851961993927,14546243.7,0.7578693322730459,0,0.14732783149474926,-10.539740697211982,28.30123291184103,0.021704360510359042,0.012818351340964214,-0.023181103745987867,-0.022606322471884134,0.0667777968335462,0
2024-12-03,1318.035888671875,1321.5219654799555,1301.8006823317874,1311.760901783446,16869482,60.811982173599475,-12.491388672233825,-22.930034305050835,10.43864563281701,1330.509651530373,1277.4455078125,1224.3813640946269,1277.4455078125,1343.6824584960937,1290.3533603984806,1334.225596489611,1285.7519781658202,1298.243366838054,1277.7570169468415,0.010808475462453115,0.015788844106976865,0.014962629862863888,0.010808475462453115,0.04131254556257735,0.021301249036383307,0.04961330240880235,15283351.05,1.1037816212433331,0,2.7514141689714506,-9.048369125752515,28.35815192116721,0.02151546264020355,0.021453447654714984,-0.012134160714898314,-0.009375176530399858,0.0764913019127021,0
2024-12-04,1303.742919921875,1323.1156203515295,1298.8625094957515,1320.7251432865569,19608540,57.02996857096461,-10.130925781500082,-20.370212600340686,10.239286818840604,1331.4558937931934,1277.7841491699219,1224.1124045466504,1277.7841491699219,1340.1570361328124,1291.6285565435658,1333.0301974085235,1288.5198153590593,1298.6507411405594,1278.0424664707355,-0.010844142312697147,0.016211375002540294,0.018602678860362546,-0.010844142312697147,0.012962375630620082,0.01217911605381894,0.05420202713733735,15273933.55,1.2837911030456197,0,3.98341071761115,-8.078339829460674,28.53956496953091,0.02189048510517787,0.009379138698146789,-0.02197045314020971,-0.020814038227257144,0.06505163666298745,0
2024-12-05,1316.7908935546875,1324.6593698468237,1300.9541199209712,1309.1214514378748,16858723,64.72444087191859,-7.1252441296580855,-17.721218906204168,10.595974776546083,1334.2342784964442,1278.6183166503906,1223.002354804337,1278.6183166503906,1336.7441674804688,1294.0249695922441,1332.393361963275,1292.8692120045405,1299.9944561341986,1279.120655577865,0.010008087816572253,0.015310533613573863,0.018002288777878774,0.010008087816572253,0.009853682328837765,0.040328938783859236,0.08098939358516377,15303495.75,1.101625620407677,0,8.46557565670787,-5.759732676222029,28.386602745075574,0.02155741119111609,0.017593110254755795,-0.011710106680205478,-0.013073704688065518,0.07668712850954015,0
2024-12-06,1306.3326416015625,1318.6334884089777,1304.7887589399247,1318.6334884089777,9037514,59.44551090245527,-5.523442488382443,-15.281663622639822,9.75822113425738,1331.698874113461,1277.9310607910156,1224.1632474685703,1277.9310607910156,1333.20181640625,1295.1971288312268,1331.3713729294823,1294.9405088656208,1300.4639513540033,1277.5942183233735,-0.007942226821521237,0.0154161240256771,0.010598165450477691,-0.007942226821521237,-0.00887930834880779,0.014974498254484825,0.036470694203926124,14674111.0,0.6158815344929583,0,9.494860955027207,-4.778054089348188,27.845906739527273,0.0213160919759214,0.008597542816037808,-0.018806722028900033,-0.01904802429812468,0.06712290562791291,0
2024-12-09,1289.9979248046875,1309.7689372979064,1287.9560310594236,1297.816673231309,14650002,57.10157321337307,-5.5085788103433515,-13.327046660180528,7.818467849837177,1330.4521297779165,1277.4081481933595,1224.3641666088024,1277.4081481933595,1329.2416357421876,1294.701966542985,1329.7488847677257,1294.1801113177848,1299.6886901281282,1277.5932708303678,-0.01250425525373744,0.015809599067330822,0.016909256843793293,-0.01250425525373744,-0.010542718895847347,-0.010693982668805502,0.00633263191895983,14926012.4,0.9815080952230751,0,7.262556489072267,-5.137516122608986,27.34078303453592,0.02119443954816862,-0.003633300836684364,-0.029893583982950077,-0.030406358911975115,0.05360640239715198,0
2024-12-10,1279.73876953125,1289.7488386952923,1275.107243177966,1284.121290398709,16043729,59.254476981823224,-6.252551804514269,-11.912147689047277,5.659595884533008,1330.5145413840564,1277.4629272460938,1224.4113131081313,1277.4629272460938,1324.9965893554688,1293.276900160915,1327.78770377806,1291.9583664275488,1298.210918232063,1277.532841823501,-0.00795284633887361,0.01531699490229754,0.011441081465938028,-0.00795284633887361,-0.028138198862702524,-0.029056203605514308,-0.008373887998183949,14737478.55,1.0886345955020915,0,2.9235397624343022,-6.437892711551058,25.106860749375837,0.019618738876350617,-0.010468083538784655,-0.03618721133664101,-0.03816250801737752,0.045186985640202605,0
2024-12-11,1273.115234375,1284.8683422637005,1270.9738844056644,1279.8882324099652,11724373,62.46610148381258,-7.292555652246392,-10.9882292816871,3.6956736294407087,1330.6311785059295,1277.736834716797,1224.8424909276644,1277.736834716797,1320.05681640625,1291.3567415146372,1325.6436853700968,1289.059423034849,1296.3519786870954,1277.7094939505337,-0.005175693128900094,0.014659994565193638,0.010913747226390816,-0.005175693128900094,-0.025427985314550483,-0.023492120324389076,-0.011599117530351144,14870869.6,0.7884120643489471,0,-0.2718150289285859,-7.386512038426645,24.199769284485974,0.019008310191469955,-0.014125846524982435,-0.03962486418847293,-0.04322455768360247,0.039411388651919725,0
2024-12-12,1257.876220703125,1273.1152845047754,1255.5853214463157,1264.9479526569407,20906813,49.356681767204456,-9.23991524862754,-10.638566475075189,1.3986512264476492,1330.6888465211223,1277.1715942382812,1223.65434195544,1277.1715942382812,1315.8003173828124,1288.1681204849692,1322.986137736098,1284.262007291507,1293.5019225401345,1276.8552407666928,-0.0119698620049552,0.012037480127583714,0.013936159035315024,-0.0119698620049552,-0.024900585872202785,-0.044741099851109856,-0.006216522144268599,15382655.7,1.3591159685125112,0,-5.856849107274911,-9.40722422717704,22.150806416974984,0.01760968690909283,-0.02351548629416472,-0.04921436073728598,-0.05471799512587371,0.027966949141043602,0
2024-12-13,1267.78662109375,1270.1272485556606,1234.6688884780408,1254.9877622795104,28630222,46.126495235577394,-9.869752904106008,-10.484803760881352,0.6150508567753441,1330.0471483454226,1278.2074584960938,1226.367768646765,1278.2074584960938,1311.97609375,1286.2270253048532,1320.821450808947,1281.727332491852,1291.597085395958,1276.175067587425,0.007878676953671393,0.01125582540035398,0.02796871294242638,0.007878676953671393,-0.009339522035327508,-0.029507048419577964,-0.014974403410147108,16082485.15,1.7802113126776304,1,-8.970103526373578,-10.549922120535257,21.905362674586545,0.017278430226443202,-0.014336819121595264,-0.040152913690730443,-0.04681076706876489,0.03377359834944837,0
2024-12-16,1263.2547607421875,1275.904191603511,1261.511722229068,1269.9280595585296,9486781,42.32496026310459,-10.612255563604094,-10.5102941214259,-0.1019614421781938,1330.0386158224733,1278.2423217773437,1226.4460277322141,1278.2423217773437,1309.2136279296874,1284.0391905845995,1318.563933551427,1278.8853983765189,1289.497653940123,1276.5889338382628,-0.003574623896608675,0.011064043636482905,0.011393164563248579,-0.003574623896608675,-0.007745154065062487,-0.02073116828195598,-0.031203452196450154,15926192.55,0.5956716252309784,0,-10.66277595838551,-11.184951216298714,21.962273016266018,0.017385466256515623,-0.01618675659965584,-0.0419465233363918,-0.05021196699540018,0.03001251761403258,0
2024-12-17,1240.34619140625,1258.8721754853295,1237.8561365143116,1256.033537225462,17462791,37.964849915903145,-12.900515251677689,-10.988338347476258,-1.9121769042014307,1331.1017386581839,1277.4728942871093,1223.8440499160347,1277.4728942871093,1306.4003637695312,1279.8779525676139,1315.4965711143611,1272.956289611862,1285.8568048635398,1275.8622607661266,-0.018134560064890004,0.011929762367706223,0.016943688074045556,-0.018134560064890004,-0.013936211694244527,-0.030781733790427368,-0.058943537071596275,16118301.55,1.0834138414540333,0,-13.398947593301045,-12.291132663698818,22.506534206971423,0.018145364869024593,-0.03088713348179617,-0.05712700538964614,-0.06818077432865495,0.013483859721626693,0
2024-12-18,1248.2645263671875,1254.9378248920182,1235.714673937889,1235.714673937889,12670179,45.2451820270683,-13.914634836598907,-11.573597645300788,-2.3410371912981187,1330.0549353202894,1278.0505859375,1226.0462365547107,1278.0505859375,1304.0602099609375,1276.867150072335,1312.8600203399621,1269.1575568049889,1283.0721916415878,1275.936375938834,0.006383971681293232,0.011351890270496198,0.015399901661929024,0.006383971681293232,-0.015398565028017397,-0.01951960618868276,-0.042553169575802574,16042623.2,0.7897822470828836,0,-14.489591442302071,-12.78366503013467,21.919592707178108,0.01756005417455104,-0.022400626175970818,-0.04920211825480662,-0.061494008090279356,0.018121902053964918,0
2024-12-19,1225.55517578125,1239.947766097918,1224.1109925687356,1234.0712121990753,14244653,33.39607867950046,-16.36217376227728,-12.531312868696087,-3.8308608935811925,1328.7034854189128,1278.4216003417969,1228.139715264681,1278.4216003417969,1300.73548828125,1271.980295377946,1309.4363009455028,1262.4494981859523,1278.8116719482296,1277.1055059088612,-0.018192738883663018,0.010988161446766795,0.012922122024483337,-0.018192738883663018,-0.02984321621617181,-0.025694932768351553,-0.06928641306680516,15783163.7,0.9025220336528601,0,-16.187825107023173,-13.549836790595236,21.60300022732341,0.017627113535343054,-0.03649830092918355,-0.06405895812089896,-0.07763079631355244,-0.0021044344151625624,0
2024-12-20,1200.50537109375,1234.5692750261348,1196.7204388413884,1219.1309339507775,20312896,23.255198848088156,-20.09157273880851,-14.04336484271857,-6.048207896089938,1336.2562676330185,1275.4285583496094,1214.6008490662002,1275.4285583496094,1297.362958984375,1265.1731597318321,1305.164499774846,1252.9196324794596,1273.011205218268,1274.7607176161991,-0.02043955684943488,0.010757249581534373,0.03152741928198401,-0.02043955684943488,-0.03212072612351091,-0.05306985330224956,-0.08101096699081822,15775210.65,1.2876465773216157,0,-21.053865573021085,-15.656951034100985,21.8662397712727,0.018214195702723864,-0.05111378481328928,-0.08018845800598376,-0.10159046571188869,-0.011605028914056004,0
2024-12-23,1217.437744140625,1222.3181546925216,1208.3738466363206,1210.166734877433,10052824,24.365498654974104,-21.433772118518846,-15.521446297878626,-5.91232582064022,1338.202791740998,1272.2064331054687,1206.2100744699394,1272.2064331054687,1294.399794921875,1260.6269296755268,1301.7242348480138,1247.4608804273312,1268.89465254585,1271.65900763906,0.014104370921263154,0.011177307129259222,0.011453816117754815,0.014104370921263154,-0.024695712787959567,-0.03626902349819294,-0.05624829255058572,14831684.8,0.6777937999329651,0,-23.412260909072756,-16.839698703413205,22.01563266060152,0.018083579851667975,-0.034260084818288176,-0.06474988208023175,-0.0902442053967456,0.009308220772090236,0
2024-12-24,1217.8858642578125,1228.6429501715868,1216.1428258096823,1217.4377030050357,6734917,26.46093975382651,-22.205345844060275,-16.858226207114956,-5.347119636945319,1338.2178665699548,1268.5734436035157,1198.9290206370765,1268.5734436035157,1291.424677734375,1256.5563520166968,1298.4364556091825,1242.910877939713,1265.1162237837732,1270.0002692509595,0.0003680846263756088,0.011174092706310213,0.010263789677468759,0.0003680846263756088,-0.006257826391658394,-0.01810811151278091,-0.04833244623517452,14706052.8,0.45796904795554655,0,-23.321600550917083,-17.0601155051786,21.176133625324837,0.01738761754840607,-0.03077497296227145,-0.062036606414888756,-0.08991959031347457,0.015811481158962068,0
2024-12-26,1211.7105712890625,1222.8161189414398,1209.419672133533,1219.3798917928575,10016178,20.062378015783693,-23.049418762215737,-18.096464718135113,-4.952954044080624,1338.1714497598102,1264.7561950683594,1191.3409403769085,1264.7561950683594,1288.317587890625,1252.2853252807317,1295.0354405378055,1238.1108307626898,1261.1602495249056,1267.4941493283238,-0.0050705022120551835,0.01033239999362893,0.011055814090699239,-0.0050705022120551835,0.009333735995786352,-0.02928382110201244,-0.04823181863508408,14728224.4,0.6800669060962976,0,-24.581824791603367,-17.824579802156677,20.439790545471574,0.01686854190248334,-0.03240056652630132,-0.06434176752270163,-0.09450274738221796,0.01709807010049497,1
2024-12-27,1216.1927490234375,1223.0154756156849,1212.1588111658666,1213.4536884394554,7000397,23.413622518416105,-23.090505374413624,-19.095272849390817,-3.995232525022807,1338.8308945419205,1262.2785949707031,1185.7262953994857,1262.2785949707031,1285.8678735351561,1248.8479370657512,1291.94357028234,1234.7388181874203,1257.829323561834,1265.9365036734646,0.0036990497900886155,0.010617556050055394,0.008926763013951363,0.0036990497900886155,-0.0010226355500965179,-0.007639335170564032,-0.033137975735313074,14326873.65,0.48861999980016574,0,-23.13235831219481,-17.492730663162774,20.25837446386939,0.01665720707522405,-0.026148249977526655,-0.0586332274886805,-0.09160092287864596,0.025694339192914053,1
2024-12-30,1205.8837890625,1218.3340640862093,1203.294156174512,1211.5611874241415,8818766,24.27654257570927,-23.681923254080175,-20.01260293032869,-3.669320323751485,1337.7883942981512,1258.2198059082032,1178.6512175182552,1258.2198059082032,1283.0117797851562,1244.756113446394,1288.56867690117,1230.2995829374327,1253.9815061915128,1263.3238172076435,-0.008476419522493672,0.010453079396076526,0.01247210390264053,-0.008476419522493672,-0.009854843994454798,0.004480128201217237,-0.048827484847446145,14107696.6,0.6251031794942344,0,-20.41704628543812,-16.59582287367607,19.774588869099002,0.016398420020616183,-0.0312288680199907,-0.06416801007263014,-0.09859900549133763,0.023104860148182926,0
2024-12-31,1210.6148681640625,1214.2503727116298,1201.3519366916562,1203.1945530395503,6405475,28.121037245736545,-23.497997353932988,-20.70968181504955,-2.788315538883438,1332.777566492999,1253.5534362792969,1174.3293060655947,1253.5534362792969,1280.2034936523437,1241.5045662766481,1285.5116647938326,1227.271165279991,1250.769162633924,1260.844895613382,0.003923329216690696,0.010653466374201993,0.010654450361686447,0.003923329216690696,-0.0009042614226220103,-0.005604291479708201,-0.041670052798532864,13876762.75,0.46159721221723704,0,-19.122363398878633,-16.212570054181242,19.63228561147415,0.016216788780437794,-0.024880857430291864,-0.05826224582861473,-0.09166023003402518,0.030898966679148026,1
2025-01-01,1216.391845703125,1221.4218053468785,1206.7802092584152,1210.0172807004092,5892590,31.949289358006013,-22.625270906497235,-21.09279963333909,-1.5324712731581442,1323.1912306266854,1248.4712341308593,1173.7512376350332,1248.4712341308593,1277.4534765625,1239.1128786029794,1282.8010836530204,1225.597423806627,1248.2226947131242,1256.477991034535,0.004771936716607028,0.010891309258320893,0.012036907465455634,0.004771936716607028,0.00016370487313577264,-0.0012267311728738628,-0.019312628900780227,13327918.15,0.442123813613006,0,-17.443473413717356,-15.63537195616209,19.68565262793324,0.016183644026776682,-0.018336531959437744,-0.05176892878885204,-0.08071349208759375,0.03632848826980359,1
2025-01-02,1236.860107421875,1239.4994683243335,1215.1467802555553,1216.3918076943417,15486276,43.527591309369136,-20.050877217619927,-20.88441515019526,0.8335379325753323,1315.2785287921827,1245.1270935058594,1174.9756582195362,1245.1270935058594,1274.9156127929687,1238.8983289666837,1280.9994767419953,1227.330144362819,1247.381021580439,1251.0527084647758,0.016827029703506913,0.011788892463829375,0.019689120800847254,0.016827029703506913,0.025687648047294065,0.02075539879631272,-0.009136219690951797,13121804.95,1.1801940403023596,0,-13.38699631404802,-14.035963795810176,20.17299012867027,0.016309839736620722,-0.0016451887109321724,-0.034456976854027516,-0.05962115221505146,0.052668707448896054,0
2025-01-03,1246.1729736328125,1257.0296379589822,1230.5852047154665,1238.9518139936486,15521102,43.318977064936774,-17.06249537369422,-20.120031194895052,3.0575358212008332,1303.140982217746,1241.5961975097657,1180.0514128017855,1241.5961975097657,1273.0789501953125,1239.5911522682197,1279.6337315220273,1230.2290411735871,1247.2915365472813,1246.5957709763477,0.007529441814037696,0.011768697682105613,0.021220515773525066,0.007529441814037696,0.029371938511440154,0.02465088254591885,0.016823231021336316,13054923.9,1.1889078878506523,0,-9.256784797531509,-12.309838760312687,19.529138211948553,0.015671290121962517,0.005309671138382417,-0.026148699479354776,-0.04371592127198899,0.056032779685450416,0
2025-01-06,1213.15478515625,1256.9797527645217,1210.1667191829588,1248.961727102304,14816766,36.832453291702194,-17.160655740558695,-19.528156104027783,2.3675003634690874,1291.5668968013479,1236.9373046875,1182.3077125736522,1236.9373046875,1270.6780395507812,1237.0734030194608,1277.026714017487,1227.6022325555352,1244.762888296094,1243.3505575256459,-0.026495670484899647,0.013584304777828966,0.03858784893267641,-0.026495670484899647,-0.0026611988219995553,0.006029599335938274,0.01053674091518264,13343886.5,1.1103785992184512,0,-7.682710426933227,-11.541962883683027,21.844892798171404,0.018006682300938097,-0.01933484125099609,-0.05001612586497725,-0.06071084032835676,0.02609056191932449,0
2025-01-07,1235.913818359375,1239.5493228115215,1216.3918123612464,1217.1388288273845,10070505,48.83414332170581,-15.2264635702968,-18.667817597281587,3.4413540269847864,1282.8242555402978,1234.2330993652345,1185.641943190171,1234.2330993652345,1268.7069091796875,1236.962966385167,1275.4144435995217,1228.8809380638181,1244.107401634115,1239.9262823965057,0.018760205607393887,0.013954344818042618,0.01873715635044504,0.018760205607393887,-0.0007650736383376655,0.020897604069310072,0.015176196325169755,13114911.65,0.7678667816263939,0,-4.541599891481155,-10.097221194310805,21.916029471556808,0.017732651861316222,-0.0008481644594889834,-0.030970815359959877,-0.03656809339106639,0.0424005539429036,0
2025-01-08,1260.4658203125,1265.9937909556584,1240.395953024955,1244.0314575822304,19346579,52.95110030369291,-11.578985633570937,-17.25005120453946,5.671065570968523,1278.7239855326188,1233.2694519042968,1187.8149182759748,1233.2694519042968,1267.4648706054688,1239.2013334258654,1274.828223078462,1233.7401507174616,1245.3191363510325,1238.5561314572958,0.01986546439436765,0.014875772815115353,0.02030823646162586,0.01986546439436765,0.011469392277078105,0.03623336901267904,0.03496218923653904,13280054.15,1.4568147675813505,0,0.0884548228859785,-7.972860574558354,22.691516731710685,0.01800248476875391,0.017159832154027232,-0.011266147474582638,-0.014278425545066998,0.06116348676776392,0
2025-01-09,1249.758544921875,1264.698874209644,1243.0852464738894,1261.9598138402198,12794704,56.214839082578244,-9.443462373752027,-15.688733438381973,6.2452710646299465,1274.3314934630362,1232.1016174316405,1189.871741400245,1232.1016174316405,1265.8792041015624,1240.2067821397711,1273.8450984448705,1236.204519056602,1245.647981430354,1237.5655561309613,-0.008494697133453744,0.014130537769208988,0.01729424281480362,-0.008494697133453744,0.03017237389119365,0.010428372151872312,0.03140021597099363,13333570.7,0.9595857169752736,0,1.3084531730874005,-7.154378297124822,22.510094870089443,0.018011555081222985,0.00770175015945639,-0.0189085419823813,-0.01928301126293552,0.050330469611081875,0
2025-01-10,1236.959716796875,1251.750618829338,1231.0831628192257,1248.8621307808614,8120332,59.98905543595624,-8.683702947982283,-14.287727340302036,5.604024392319753,1271.6004199928234,1231.0557922363282,1190.511164479833,1231.0557922363282,1263.925009765625,1239.8975378214,1272.3986128900472,1236.3207033243364,1245.0044062723186,1235.6132674577223,-0.01024104070102605,0.013141251184426488,0.0167082692584614,-0.01024104070102605,0.000846255153039932,-0.007393240770644627,0.01707539186540341,12694246.65,0.6396860108275901,0,0.30638555318023464,-7.2351186319801855,21.28285342904415,0.017205777310320504,-0.0023694062895607917,-0.027852039238457242,-0.02724181484317526,0.03901563773854788,1
2025-01-13,1234.9178466796875,1240.2963897717905,1221.5213994754447,1225.1070543419412,13764861,55.215421070305496,-8.152374484741813,-13.060656769189992,4.908282284448179,1266.1764989464564,1229.412353515625,1192.6482080847936,1229.412353515625,1261.8522875976562,1239.4232815221894,1270.9287789210134,1236.1048792251597,1244.2572537099015,1232.7943659929856,-0.0016507167448225335,0.012712789006283693,0.015203432638718376,-0.0016507167448225335,-0.02026867624738804,0.017939229016546765,0.02407699471585034,11950978.6,1.1517768929818015,0,2.349878502728643,-6.09793509647352,21.065868193156593,0.017058517900438643,-0.0036351058671163635,-0.028334343228814358,-0.02468743677739886,0.03544183298004724,1
2025-01-14,1233.822265625,1248.3641626627486,1222.3680125031533,1239.1509590647415,13095266,54.736537343800684,-7.73058372748028,-11.99464216084805,4.2640584333677705,1261.1891923046846,1227.9407287597655,1194.6922652148464,1227.9407287597655,1259.9937109375,1238.8898514367427,1269.473621536856,1235.753707902058,1243.4842916295383,1231.5722423393509,-0.0008871691810375948,0.012722724963600855,0.021069606931130264,-0.0008871691810375948,-0.01275148656644809,-0.001692312767528903,0.019169926019603878,12131402.85,1.0794519118619492,0,1.9268850515757094,-5.940822062665802,22.0298700358488,0.017854978508342476,-0.004090424831445496,-0.02808357362218802,-0.021699303202618307,0.03275320477873577,1
2025-01-15,1247.2186279296875,1251.999581888204,1236.90982514039,1239.9974688456068,9578856,60.11916937664286,-6.243367380790687,-10.844387204836577,4.60101982404589,1262.2078463473633,1228.2843505859375,1194.3608548245118,1228.2843505859375,1258.2715869140625,1239.6830682455945,1268.600876689516,1237.5175417524624,1243.760909133253,1231.0851700925825,0.010857611082177643,0.012849253641991543,0.012098726245663964,0.010857611082177643,0.008293650143577969,-0.010509759304324628,0.025342805721246364,11737206.1,0.8161104029688974,0,0.4817348197291267,-6.227346388945989,22.37136071122716,0.017937000145966674,0.006078617896070259,-0.01685498500964839,-0.011875396323238155,0.04425611647573812,0
2025-01-16,1261.4119873046875,1269.9280238633037,1246.3223515830243,1253.8920943102864,14117603,62.21081250708712,-3.8747861062527136,-9.450466985119805,5.575680878867091,1264.9414518074386,1228.9417236328125,1192.9419954581863,1228.9417236328125,1257.5604248046875,1241.7524891083654,1268.3189594587386,1241.1936102989584,1245.0683964052112,1231.9504040896504,0.01138000913164694,0.01308271051508081,0.018713689514492874,0.01138000913164694,0.02145417259636706,0.009324555075189256,0.01985016715753618,11809577.3,1.1954367748623822,0,1.5457069685942315,-5.526138986131855,23.249986993631232,0.0184317155914385,0.015832058617767344,-0.005445769065061286,-0.002790219656180904,0.057395910368804814,0
2025-01-17,1297.169189453125,1320.72513338128,1279.888232575373,1316.9900509904955,29366277,71.67178266141465,0.8775234523777726,-7.38486889762029,8.262392349998063,1279.6348253529288,1232.5224243164062,1185.4100232798835,1232.5224243164062,1257.5016577148438,1247.0302700935804,1269.4503410271461,1249.805237861138,1248.9277144087603,1239.9335639268118,0.028346965549963965,0.014309041364028476,0.031481553168190506,0.028346965549963965,0.05134201707410124,0.04867537061931437,0.040922261114080705,12565658.5,2.3370265076040386,1,7.132732272180419,-2.948271862901038,26.412361148266605,0.02036153908296405,0.04020665781896542,0.02183531527791061,0.013702631213838775,0.09427891107586357,0
2025-01-20,1300.2568359375,1310.764916385877,1295.07757031211,1310.764916385877,14040244,71.44899216926767,4.837150621541014,-4.940464993788029,9.777615615329044,1291.0348823918114,1237.5099975585938,1183.9851127253762,1237.5099975585938,1257.1052392578124,1252.0994668406204,1270.658438866768,1257.5670221805783,1252.7298715590373,1245.9234943659967,0.002380295885440198,0.014326566350497954,0.012064805690835878,0.002380295885440198,0.04252518910485881,0.05290958376987498,0.07179796992683962,12252025.9,1.1459528501323197,0,12.676185318430953,-0.27034005424548013,26.61156900925185,0.020466394233616625,0.038461296703842116,0.02329374768653745,0.007143070781018513,0.09820370371421458,0
2025-01-21,1268.6331787109375,1307.776892128252,1265.1471016946018,1305.2868371165837,14562976,61.12407015872999,5.361613489603769,-2.88004929710967,8.241662786713439,1294.4428403690104,1240.0697692871095,1185.6966982052086,1240.0697692871095,1256.468779296875,1253.6741060663649,1270.5790168998726,1259.2695078006336,1253.9078943110298,1249.1460671952377,-0.02432108515219722,0.016360676081133427,0.03360292884422784,-0.02432108515219722,0.00572468906188206,0.028213879791108898,0.026473820314588004,12477533.5,1.167135796509783,0,14.784254629622183,1.1053953630166689,28.610725748193772,0.022552402245434908,0.011932186022019318,-0.0015314578338329774,-0.01993881912214465,0.06994746686169409,0
2025-01-22,1272.0196533203125,1277.7966294698952,1263.6530443254642,1273.2149526536994,10273590,58.07410322782479,5.981562560319617,-1.1077269256238125,7.0892894859434294,1297.8843771150796,1242.7764587402344,1187.6685403653892,1242.7764587402344,1256.33630859375,1255.4213010429314,1270.6355124457723,1261.231068649815,1255.2495060894953,1250.7914314385125,0.0026693883355755066,0.015879578029642825,0.011118998914452635,0.0026693883355755066,-0.019388015331612496,0.01988506652742461,0.009166319960146163,12654467.15,0.8118548081259984,0,15.738232797336877,2.0346357562561934,27.881504110740398,0.021919082805019714,0.013221340329013162,0.0010893296000172037,-0.019928372858804926,0.07102243604850601,0
2025-01-23,1258.6231689453125,1272.2686211078578,1256.581275301743,1264.947884048613,8720682,52.80644983765341,5.330446268882724,0.17990771327749489,5.150538555605229,1298.6328980404323,1245.122088623047,1191.6112792056615,1245.122088623047,1256.1560302734374,1255.7262408431582,1270.1644401516367,1260.8298533106608,1255.499407041778,1252.634365918458,-0.010531664616998282,0.01613797316069593,0.012463894033716442,-0.010531664616998282,-0.032019571704208105,-0.002210870348024807,0.00709306934484033,12589692.35,0.6926842815186028,0,13.973751734792813,1.845480692898036,27.113140722354615,0.021541904988984586,0.0023069742495857933,-0.00908643860707226,-0.030809114073340034,0.05623636743714083,0
2025-01-24,1241.34228515625,1267.9360243063209,1238.5533748820974,1260.9638702056577,14235970,56.839081140636665,3.3810345557360506,0.8201330817692061,2.5609014739668448,1298.1827094260982,1246.3795654296875,1194.576421433277,1246.3795654296875,1255.5992553710937,1254.356340301548,1269.0341595635823,1257.8317659022898,1254.4507313465538,1253.4095911023987,-0.013729990211083898,0.014778551340815498,0.023670062460270598,-0.013729990211083898,-0.021512044626184168,-0.04303748867209156,0.0035430162355842842,12951471.0,1.0991778462847965,0,7.326070207967632,-0.4161814635638166,25.86811328254466,0.020838823902054212,-0.010375086191352474,-0.021821220649297157,-0.04378461048443348,0.039148490530946926,0
2025-01-27,1224.4595947265625,1235.515414368934,1215.1468135462453,1234.1708090151494,9536019,47.139309322144996,0.4684200504098044,0.7497904754973258,-0.2813704250875214,1296.6626311461555,1247.3083557128907,1197.954080279626,1247.3083557128907,1255.147060546875,1251.5090311991685,1267.286137413111,1252.6975857214086,1252.2291656709988,1253.870061019915,-0.013600350710330056,0.014439029765456558,0.01663476762353865,-0.013600350710330056,-0.03738940547782066,-0.05829405323317283,-0.008468783556124015,12987333.65,0.7342553334648486,0,-0.5904356414519043,-3.3723014536569735,25.853894279311312,0.021114534436789494,-0.0216134568734896,-0.03379390133152528,-0.05568374894537583,0.022125651461322834,1
2025-01-28,1229.4896240234375,1239.7984277662488,1213.652849353825,1233.0752790316255,10568025,41.42780604506265,-1.4176251030201001,0.31630735979384067,-1.7339324628139408,1295.3210099267267,1248.2520935058594,1201.1831770849922,1248.2520935058594,1254.485703125,1249.4119448014799,1265.803921201751,1249.1271300755668,1250.544755178587,1253.915376568731,0.004107958579064652,0.013292287573707819,0.021265391672736285,0.004107958579064652,-0.023147154478562526,-0.03085490380069822,-0.003511560556388349,13195461.15,0.800883340102138,0,-4.2621612648849805,-4.775095698121504,25.572866123321337,0.020799578641123893,-0.01594535802297604,-0.028688722297397298,-0.050822448951872636,0.023565470677951773,0
2025-01-29,1230.585205078125,1237.8063647194172,1223.1648896668228,1231.0832160878692,5928156,44.395944563137135,-2.7917437561536644,-0.3053028633956604,-2.486440892758004,1294.408120198675,1248.9617614746094,1203.5154027505437,1248.9617614746094,1253.9827124023439,1247.6189219706841,1264.422795079256,1246.2745262298065,1249.0662699859602,1254.261705280615,0.0008910860517084007,0.013158918071676998,0.011897977476224297,0.0008910860517084007,-0.008665684079851466,-0.03257374847474448,-0.01333641310278777,13197239.45,0.4491966689291222,0,-7.802379072247277,-6.2127173665162445,25.074855217381323,0.02037636655625924,-0.013652980563691219,-0.026761293874815073,-0.049306639941932746,0.022492277428037347,1
2025-01-30,1248.0654296875,1251.9996679975989,1227.497550840604,1230.635044492625,9269259,53.15955513819277,-2.442083828873365,-0.7326590564912012,-1.7094247723821636,1294.615124605575,1249.5220275878905,1204.4289305702061,1249.5220275878905,1254.2098071289063,1247.6614465151426,1263.7813297697753,1246.5500498386825,1248.992133667556,1255.2671025254372,0.014204806410186954,0.013460181075392078,0.019632077432935508,0.014204806410186954,0.019278574044094166,-0.008388324256464741,-0.01058064910712131,12886388.6,0.7193061832699971,0,-8.064794328015523,-6.383110381861343,25.34875958501579,0.02031044124935245,0.0003237923023795654,-0.012435616599224724,-0.035956396641246585,0.03623003234955114,1
2025-01-31,1260.0673828125,1261.9598488917904,1244.0314532484974,1250.8541794958078,6584612,56.77125340411392,-1.1828829661451437,-0.8227038384219898,-0.36017912772315386,1295.5202294227238,1250.216748046875,1204.9132666710261,1250.216748046875,1255.04845703125,1248.842964257748,1263.6356847910586,1248.6296395269621,1249.8125224931073,1255.9351047554144,0.00961644545190632,0.01364295547783505,0.014228124533528052,0.00961644545190632,0.02487028616719722,0.015084556354972634,-0.028602133740369462,12439564.1,0.529328194064292,0,-5.513376043800008,-5.398474772523741,25.288288538369166,0.020068997010243304,0.008987854258700368,-0.0028238376151497988,-0.02736572212849302,0.04577434547953437,0
2025-02-01,1259.5693359375,1265.495739501575,1236.06324219181,1260.0673469134033,7118453,56.95451014424707,-0.2225796709462884,-0.7026790049268495,0.48009933398056115,1294.477513104182,1252.5374755859375,1210.597438067693,1252.5374755859375,1255.03251953125,1249.8645234653434,1263.4762201301346,1250.312669743968,1250.5352494149142,1257.6619590023856,-0.0003952541600500403,0.01363689047832683,0.023367111654761064,-0.0003952541600500403,0.023553128007527846,0.028673662538271083,-0.03129189470529781,12054648.45,0.5905151883545804,0,-1.644507733825094,-3.8099172829763575,25.533741906238415,0.020271803367802377,0.007764691524525631,-0.0030921707353005886,-0.02696700159971995,0.04045266934314181,0
2025-02-03,1240.94384765625,1251.003645649064,1232.6270881824537,1246.0235355947286,9252345,48.351689227538905,-0.953462710865324,-0.7528357461145445,-0.20062696475077946,1294.3680538174492,1252.7889770507813,1211.2099002841135,1252.7889770507813,1254.2137915039064,1249.0149352930487,1262.5925976801782,1248.8713124997034,1249.8247752105688,1258.1740273350358,-0.014787187771117871,0.014009569347325406,0.014808532635314555,-0.014787187771117871,-0.005706096701222796,0.009316242617265269,-0.021826112953172716,12013740.45,0.7701469029156528,0,-0.39700950843121063,-3.211323521572922,26.159808441370014,0.021080573863819552,-0.006461962470372699,-0.01714626718365407,-0.041274354696592255,0.024548963284697255,0
2025-02-04,1280.08740234375,1283.6731787459128,1241.6409781641655,1243.085282988569,16691069,54.33727117832002,1.6073365658178318,-0.28080128372806934,1.8881378495459011,1297.0048204163759,1253.7700561523438,1210.5352918883118,1253.7700561523438,1254.0046264648438,1251.974217869306,1263.2786684512987,1253.673787860326,1252.0664512945082,1259.1051138514445,0.031543373023227295,0.016169247714106272,0.03283541460121336,0.031543373023227295,0.0158880547217759,0.040226549987233406,0.006342471991197973,11880964.95,1.4048580288085102,0,4.355295898621762,-1.1441266279573483,27.525784070611685,0.021503050510624438,0.02245508259929586,0.013305642145495709,-0.01304345042233143,0.05745566520984612,0
2025-02-05,1273.115234375,1285.366353249074,1271.6212014188793,1277.5476050956522,10112028,43.55138731077961,3.0391592202327047,0.38319081706408553,2.655968403168619,1298.970844661468,1254.937890625,1210.9049365885319,1254.937890625,1253.7058203125,1253.9876480127052,1263.664416134581,1256.6647796318143,1253.6256204115816,1260.221405943416,-0.0054466343126137184,0.014203117894014773,0.010796471096304643,-0.0054466343126137184,0.01075438886214064,0.02007090661406452,0.011514221084799603,11746831.15,0.8608302844295161,0,6.326201497562579,-0.11691363519435072,24.27092733872613,0.0190642030535761,0.01525340890925664,0.007478898764379326,-0.019904688694692228,0.05137504679907611,0
2025-02-06,1276.4520263671875,1282.8763195509282,1265.2965071593935,1268.6331564996678,9956001,43.62669448567837,4.392506140074374,1.1850538816661433,3.207452258408231,1301.092618615281,1256.9125061035156,1212.7323935917502,1256.9125061035156,1253.9199658203124,1256.127112617894,1264.1658910456636,1259.7089714372564,1255.316465297182,1261.5334437260656,0.002620966195432839,0.01420798520785417,0.01377240352821347,0.002620966195432839,0.028613848062505998,0.013002989981469648,0.02828369067160086,11838614.6,0.8409768656545337,0,7.284148360145991,0.530206254604991,24.406103504280964,0.01912026695883065,0.016180618621418303,0.009718768247544933,-0.01893838447436422,0.05254220396201243,0
2025-02-07,1261.6610107421875,1278.5933846345008,1256.979756005846,1271.073491533156,8764283,47.9484136448668,4.22285355003487,1.7926138153398887,2.430239734694981,1301.2293768630566,1258.2496643066406,1215.2699517502247,1258.2496643066406,1253.4119946289063,1256.6541505344935,1264.0676604455273,1260.0092851764766,1255.7864316264418,1263.432110406595,-0.011587600097353934,0.012969362020163092,0.017131090241062748,-0.011587600097353934,-0.014394635528656163,0.001660626965907186,0.03038190576140054,11588585.7,0.7562858166549177,0,6.789627069150129,0.5914403153926742,22.90494908963844,0.018154598497233675,0.003984278574629637,-0.0019038931052880069,-0.030408448213994882,0.038173460081976605,0
2025-02-10,1248.6629638671875,1261.461821832557,1240.5952102474196,1259.469777897567,6970972,43.49515276045838,3.0049299347613214,2.0350770392241753,0.9698528955371462,1300.6890025192877,1258.99169921875,1217.2943959182123,1258.99169921875,1252.3064086914062,1255.8930851376072,1263.463554697357,1258.2636972827397,1255.2587673479784,1264.683217609536,-0.010302329044276082,0.013200963281065264,0.016711164012194475,-0.010302329044276082,-0.019206643552432734,0.006220358983620722,0.015594551974343895,11282371.0,0.6178640996648666,0,6.878149844558493,0.8709570171788528,23.399393043233935,0.01873955880837896,-0.005756956030717742,-0.01171429977156309,-0.039998830274824815,0.025769089263993263,0
2025-02-11,1229.937744140625,1259.519670533727,1225.2066396338644,1259.519670533727,8859714,42.24138215660858,0.5227223385134039,1.7326060990820211,-1.2098837605686172,1301.533341990991,1258.1276550292969,1214.7219680676028,1258.1276550292969,1250.5444458007812,1253.4211478997993,1262.1488170284656,1253.905858337799,1253.3831359992855,1264.4631313623952,-0.014996216167547205,0.01349330925972116,0.027898185142564046,-0.014996216167547205,-0.03644029016816497,-0.039176745362312415,-0.0005261406807332003,11246413.9,0.7877812499858288,0,1.4469300304933768,-1.1298514228330987,24.729799121358788,0.020106545424083924,-0.018735445622983526,-0.02552082009130793,-0.05500865443895906,0.012526138880346153,0
2025-02-12,1211.7105712890625,1222.0193743195214,1188.6027887286011,1214.5989377224969,21131654,42.02625384409702,-2.882003639167351,0.8096841514321468,-3.691687790599498,1303.6984775079125,1255.6425842285157,1207.586690949119,1255.6425842285157,1248.703798828125,1249.44871203211,1260.1708466073126,1247.4142757149164,1250.2962793540837,1259.5873759995754,-0.014819589803139244,0.013571809393521476,0.027578025959920816,-0.014819589803139244,-0.039591014565585336,-0.04823181863508408,-0.029128968348670847,11597116.45,1.8221472631673024,1,-4.53893598059517,-3.4935695272683915,25.583535263344533,0.021113569419575026,-0.030203833402389153,-0.03845532171190673,-0.07055918819103757,0.003414976639650033,0
2025-02-13,1211.2623291015625,1223.1150152108587,1207.1786632211406,1212.2086229517822,8511216,46.10409453495043,-5.552437857274526,-0.462740250309188,-5.089697606965339,1299.131076499197,1251.3472412109375,1203.563405922678,1251.3472412109375,1246.5932275390626,1245.8119136577723,1258.2528655286558,1241.8524377744002,1247.4048756316747,1252.2239478907604,-0.0003699251274362769,0.013128255416704548,0.013156813026240714,-0.0003699251274362769,-0.02995254592143337,-0.05107101239923317,-0.038732098280334415,10554363.4,0.8064168038784792,0,-10.315198960121734,-5.913025517007782,24.85074100475263,0.020516398807833257,-0.02773258481271887,-0.03734586084757309,-0.06763655260592852,0.006396774063583637,0
2025-02-14,1212.40771484375,1219.1308629852126,1200.6546072366425,1214.1507532507958,10298145,44.83895595215702,-7.490012950633627,-1.8681947903740759,-5.621818160259551,1291.873227504228,1246.95478515625,1202.036342808272,1246.95478515625,1244.7147290039063,1242.63056138977,1256.455016482189,1237.322480400454,1244.8124933510876,1246.7903391937487,0.0009456132785348181,0.013066332339195906,0.015239308957178033,0.0009456132785348181,-0.014252777736423972,-0.0390384544493958,-0.03744265579365469,10367258.45,0.9933334882762569,0,-14.023589144723474,-7.612643963338314,24.302932243048808,0.02004518112636793,-0.024321666861483363,-0.035056807494598725,-0.06151185036475874,0.008628168438940745,0
2025-02-17,1220.02734375,1222.6169765728448,1199.7084711054922,1206.2821918357026,8166683,46.931085137638114,-8.314866197061747,-3.1575290717116102,-5.1573371253501366,1289.762864855143,1244.5244934082032,1199.2861219612632,1244.5244934082032,1243.3153173828125,1240.4778739955063,1255.0264802966128,1234.661690146538,1242.9765563435997,1243.0181437103572,0.006284708364159508,0.013202649107508206,0.018777042649666103,0.006284708364159508,0.006863662542854421,-0.02293302592118307,-0.01685531859137268,10047443.8,0.8128120109514819,0,-15.415211142100816,-8.437074400744223,24.893434415531537,0.020403997126012395,-0.016486009685635412,-0.02788716978970924,-0.0540684826686922,0.017294640043709855,0
2025-02-18,1220.525390625,1225.0074896525716,1211.2623373341316,1219.9775298877432,6673250,41.117879201141406,-8.826632195578668,-4.291349696485022,-4.535282499093646,1286.4548098043342,1241.9497802734375,1197.4447507425407,1241.9497802734375,1242.1310498046876,1238.5776374840295,1253.6734963879221,1232.486874835532,1241.3135070311107,1240.7388466264465,0.0004082259939102162,0.012514801233797406,0.011261668478196455,0.0004082259939102162,0.007647444571572182,-0.007652707269506176,-0.046529644467788844,9867426.8,0.6762908035963336,0,-14.843510415769742,-8.475320640543487,24.125079784206182,0.019766143309687595,-0.014574982070320406,-0.026440780520947657,-0.05124891964869087,0.01927491006841602,0
2025-02-19,1222.567138671875,1227.8461038341088,1212.706618273488,1214.6488125132394,6217338,37.07517052081002,-8.964125573063939,-5.225904871800806,-3.738220701263133,1284.72924309753,1240.1469787597657,1195.5647144220015,1240.1469787597657,1241.120087890625,1237.0528280733483,1252.453639222587,1230.9607615795849,1239.9248871526488,1239.1367107185736,0.0016728435660231522,0.01214566636317364,0.012383357184839367,0.0016728435660231522,0.008379544029406327,0.008959703447385836,-0.039704257979396584,9742259.6,0.6381823370832779,0,-12.395883958761715,-7.717207384725498,23.925871921158173,0.019570190596771505,-0.01170983895977516,-0.023862360741163224,-0.048385373618319565,0.0225854978188511,0
2025-02-20,1228.0950927734375,1234.4198079853766,1217.1388510698623,1219.0810452834291,7795582,39.51560762933029,-8.528716631959924,-5.886467223832629,-2.6422494081272943,1284.3846055131125,1239.484619140625,1194.5846327681375,1239.484619140625,1240.5244653320312,1236.1997104257377,1251.4984021069342,1230.5198894555622,1239.048606087522,1237.8497420077015,0.004521595523635513,0.012268835424509622,0.014071350840176586,0.004521595523635513,0.0066127608243924385,0.013896877057474777,-0.037883862922271305,9420240.2,0.8275353743103069,0,-9.612203232034517,-6.754463421721539,23.057904750140274,0.018775341490916666,-0.006556074705363812,-0.01870023109425995,-0.0438260568509285,0.02805197646620342,0
2025-02-21,1223.264404296875,1235.0672403005465,1217.2882724889691,1223.8121434284387,6904025,43.51478037212434,-8.475744985271376,-6.404322776120379,-2.071422209150997,1284.4121426739669,1239.4248596191405,1194.4375765643142,1239.4248596191405,1239.6340209960938,1234.9677765087033,1250.3911865065397,1229.4036609696102,1237.8794059548816,1238.0373897616678,-0.003933480806973422,0.011710973697770414,0.014534035118757971,-0.003933480806973422,0.0022441267448540803,0.008954652234726357,-0.03043337799804502,9288640.5,0.7432761554287735,0,-7.662784881066727,-6.0638299756492415,22.403384754178205,0.018314425463116075,-0.009476662010497268,-0.02169463644849743,-0.04760756796474284,0.02413422710249824,0
2025-02-24,1209.718505859375,1218.3838481751116,1205.68456833515,1211.7105497558396,7172498,18.218696246636966,-9.418237787179123,-7.007105778332128,-2.4111320088469954,1285.1775352912184,1238.4363037109374,1191.6950721306564,1238.4363037109374,1238.5632958984374,1232.56308406591,1248.7961794223372,1226.3751755680355,1235.7934133552146,1237.5864674980492,-0.011073565444983391,0.00733213985191971,0.010497714781125893,-0.011073565444983391,-0.010509551914226978,-0.008449677741597772,-0.031188926984107135,9118864.15,0.7865560756270286,0,-7.914789929596282,-6.230300874275599,20.606992245039788,0.01703453501391279,-0.01853420607988408,-0.031292275078098494,-0.05871486807053826,0.015124199260549202,0
2025-02-25,1199.21044921875,1216.142822671174,1196.7203942992758,1206.1826029932777,11552182,17.654821206856397,-10.887577261006072,-7.783200074866917,-3.104377186139155,1286.7206914842081,1236.8675659179687,1187.0144403517293,1236.8675659179687,1237.7405810546875,1229.3866426518948,1246.851640982981,1222.1959868989147,1233.0835641599208,1235.7470377583,-0.008686365125215811,0.007431576315113568,0.01619601328903637,-0.008686365125215811,-0.023519875394548362,-0.0174637427209402,-0.024982805079573067,9400065.45,1.2289469750447324,0,-9.19099483213472,-6.821855404941061,21.0125119980186,0.017521955392990136,-0.024545730680831313,-0.0382091904107149,-0.06801028602758903,0.010274524430727974,0
2025-02-27,1202.298095703125,1210.166693583284,1195.8738026303336,1207.975493883109,11509215,17.474848609779997,-11.668386220253979,-8.56023730394433,-3.1081489163096485,1286.429714693765,1234.57919921875,1182.7286837437352,1234.57919921875,1236.8212524414062,1226.8067810377263,1245.104443128869,1219.134772868793,1230.803159089047,1233.4225228747557,0.0025747328055609753,0.007428304054722041,0.011887976038581178,0.0025747328055609753,-0.017139637612361702,-0.016579083739130307,-0.007767923965476431,9512063.25,1.209959889617008,0,-10.246047035622041,-7.349196093718092,20.777731895262587,0.01728168078242809,-0.01997762460513137,-0.03437972425684574,-0.06539931255448923,0.016545985760188012,0
2025-02-28,1195.325927734375,1212.5073065135475,1188.5530513693543,1197.218393771922,23007298,18.761705371277998,-12.703342408393837,-9.388858324834231,-3.3144840835596057,1284.5583879395856,1231.3421264648437,1178.1258649901017,1231.3421264648437,1236.2166674804687,1223.8086045326452,1243.1523444859477,1215.4718736173443,1228.175216025738,1228.868855604495,-0.0057990343606695305,0.00714351347157848,0.020039936044553296,-0.0057990343606695305,-0.01189746048794682,-0.02668292156844232,-0.013156853791538414,10333197.55,2.226541967157107,1,-12.391105893092572,-8.346057620986585,20.94491950351533,0.01752235019549388,-0.023273800080158204,-0.038471887185596076,-0.06946547626249848,0.014599512034665151,1
2025-03-03,1166.5906982421875,1201.6506219268736,1151.4013636439431,1199.2104168056296,17944938,16.339845721289024,-15.661707103226263,-10.643428080512638,-5.0182790227136245,1285.4801973582264,1226.6931945800782,1167.90619180193,1226.6931945800782,1235.5383740234374,1218.35928012403,1240.1499269861922,1207.951692790397,1223.6133998936232,1223.463811633804,-0.02403966050217987,0.008842813684827202,0.04307359758537913,-0.02403966050217987,-0.027201022971250155,-0.0463298906234938,-0.037790106447373795,10874521.8,1.6501818038564233,1,-16.608496384673344,-10.241259520347512,23.029452202669795,0.019740815898301303,-0.042490407161812224,-0.05931478698125482,-0.09248644931315719,-0.001126369197266432,1
2025-03-04,1157.2779541015625,1169.3297956512124,1154.9373267832575,1157.576687742468,11377373,17.70693518372839,-18.543930176170534,-12.223528499644218,-6.320401676526316,1288.4939106683632,1222.5098999023437,1156.5258891363242,1222.5098999023437,1234.3351782226562,1212.5420109790332,1236.900045696599,1200.1557329921147,1218.6996631682853,1219.4417866877873,-0.007982871931567215,0.008409264216453584,0.012436484093510886,-0.007982871931567215,-0.037445074364219066,-0.0433493837647454,-0.05143277318323425,10980773.2,1.03611765699705,0,-20.021073086876868,-11.89613372573831,21.606554914676376,0.01867015165898528,-0.0455770244470534,-0.06437229254866325,-0.10183669125664462,0.0006502794034294929,1
2025-03-05,1170.9234619140625,1178.294049175979,1152.3974766666165,1156.38156474498,8664095,31.10289659665729,-19.502224779033668,-13.679267755522108,-5.8229570235115595,1281.0107843183907,1217.0517028808595,1153.0926214433282,1217.0517028808595,1233.3959301757814,1208.5783396395123,1234.312728685519,1195.6584605185683,1215.160685297602,1213.435454077892,0.011791037549914618,0.008846344898812012,0.02211636657021995,0.011791037549914618,-0.02041490546981195,-0.023588009363257,-0.04063981715737808,10579424.5,0.818957118130575,0,-20.808303012382567,-12.538912297462048,20.503813278771986,0.017510805740671733,-0.031156340048822347,-0.05135592082807319,-0.0859378576292816,0.015463493685715727,1
2025-03-06,1204.7882080078125,1209.1208794668382,1180.4355183146993,1192.2383549047067,14468014,47.709661259954046,-17.329316591131374,-14.409277522643961,-2.9200390684874122,1272.0440280689709,1213.6353515625,1155.2266750560293,1213.6353515625,1233.2574829101563,1208.2173747222075,1233.154904345217,1197.0630370553752,1214.3923536465065,1209.4464624541124,0.02892140024113332,0.012195007208298232,0.023809463739333805,0.02892140024113332,0.032742854733181836,0.002071127213447932,-0.01454229391718842,10797223.8,1.3399753740401306,0,-18.589406315518772,-11.949538783652088,22.09388939041896,0.01833840109287963,-0.0028382034442961516,-0.023003352001804346,-0.05287224229436163,0.0429019983886534,1
2025-03-07,1244.828369140625,1249.8084792402678,1207.178688153437,1211.1627762331514,16474965,58.99423344978414,-12.235323628862488,-13.974486743887667,1.7391631150251783,1264.7340180608867,1212.0541687011719,1159.374319341457,1212.0541687011719,1233.8301953125,1211.7041360953901,1233.6126872783702,1204.4115496838751,1216.6468733127376,1208.3321200899584,0.033234190762060356,0.015147372538000022,0.03424551700750573,0.033234190762060356,0.07565202009488825,0.041413341966134,0.01362539144212227,11123172.0,1.4811391031263383,0,-12.104468437255036,-9.53965720757742,23.989890496410762,0.019271645064590174,0.02733689855344951,0.009091736797064815,-0.015739000166043914,0.07370704040409243,0
2025-03-10,1233.4736328125,1252.9956391209716,1230.4855669004469,1240.0473535020744,11931051,53.65457146573026,-9.010660546378631,-12.981721504385861,3.9710609580072305,1259.0733022049485,1210.6447998046874,1162.2162974044263,1210.6447998046874,1234.3819921875,1213.7774214970195,1233.6072341620616,1208.8826393959712,1217.8932999423498,1207.7228939722447,-0.00912152760140239,0.015369549642906169,0.018249333931199253,-0.00912152760140239,0.05341952137178052,0.05733196284788766,0.008345888656421163,11281510.4,1.0575756771008251,0,-4.581858627010433,-6.542692824130654,23.961430978780204,0.019425977452103813,0.016227201928989608,-0.00010830136680603107,-0.020332151708416943,0.06131159541232768,0
2025-03-11,1242.3382568359375,1244.5294565449085,1224.858022557904,1235.0672477916655,10089838,55.67063112511369,-5.674380026364588,-11.520253208781607,5.845873182417019,1257.784613008736,1210.328564453125,1162.872515897514,1210.328564453125,1235.0164599609375,1216.4975010531068,1233.949627208096,1214.0296574636584,1219.704037490023,1207.7292614882506,0.007186715457569104,0.015459643757107571,0.01583420125619004,0.007186715457569104,0.03116734425066814,0.07350032240129423,0.02696474495394252,11437453.7,0.8821751995376385,0,3.955490074073623,-2.950418488502919,24.3847368122491,0.019628097805144976,0.021241930838707568,0.006798194547715385,-0.012280605131469498,0.0683357288542427,0
2025-03-12,1252.0494384765625,1257.9757204337957,1239.0513034201438,1252.995610693361,11977555,57.37052546644279,-2.2211385760888334,-9.660430282243054,7.43929170615422,1261.757375232472,1211.434149169922,1161.110923107372,1211.434149169922,1235.7296118164063,1219.8833998553405,1234.6594237284282,1219.8788545425666,1222.0999931186554,1208.7318265076633,0.007816857918678366,0.015555622346605943,0.015114752207131932,0.007816857918678366,0.005800855374884062,0.06928375696724576,0.04406148169592372,11593345.75,1.0331404978584375,0,11.305060215828235,0.34669504290923214,24.655089058894173,0.019691785564708512,0.026368125531535568,0.014084867789385874,-0.00769398059125341,0.0783202651524631,0
2025-03-13,1242.9359130859375,1259.1212710412997,1238.901975238559,1255.0376050433522,9505270,53.64483650160932,-0.21730027924354545,-7.771804281643153,7.554504002399607,1265.2550157476112,1212.9954162597655,1160.7358167719199,1212.9954162597655,1235.8511279296874,1222.0788773058734,1234.9839919385267,1223.4260943184697,1223.6433945977133,1210.5063802232946,-0.007278886208929469,0.015716558263957747,0.016267367922888725,-0.007278886208929469,0.007671246487743755,0.03166341173043552,0.03380011789758908,11012026.55,0.8631717292762974,0,13.861502583665924,1.8290875933098505,24.86497040798177,0.020005030143708292,0.017066849094098006,0.006438886009306732,-0.017640003306753013,0.07081723086879607,1
2025-03-17,1233.9217529296875,1252.398008503818,1228.1946267891797,1237.208673957254,16640917,52.56469385536895,0.6360565537318053,-6.0902321145681615,6.726288668299967,1267.2058834445556,1214.1283874511719,1161.050891457788,1214.1283874511719,1235.606103515625,1223.2067702224272,1234.9423355068075,1225.0408110278877,1224.4047544741559,1212.3975944338526,-0.007252312899922453,0.015820926257411688,0.019615005292817303,-0.007252312899922453,-0.006774728106406114,-0.008761542138107759,0.03228895508731,11418511.6,1.457363059472655,0,11.502634127037027,1.329648228437236,25.323857115343262,0.020523065628121957,0.008759747712410003,-0.0008264212407141509,-0.026265763874449708,0.06276284873301674,1
2025-03-18,1233.9217529296875,1233.9217529296875,1233.9217529296875,1233.9217529296875,0,56.23074036806284,1.297392459296816,-4.612707199795166,5.910099659091982,1269.0019012272548,1215.2040893554688,1161.4062774836827,1215.2040893554688,1236.0214428710938,1224.2272447659757,1234.902312660646,1226.4071097820106,1225.1097173227138,1212.4762940789776,0.0,0.015457784286729946,0.0,0.0,-0.014478410348501836,0.0003632993079598634,0.05771609081827411,10903604.35,0.0,0,10.449823268956152,1.2950784985844166,24.068154546648625,0.019505413928803717,0.007918879607654073,-0.0007940382983378019,-0.02764388947222321,0.062437647231524944,1
2025-03-19,1242.1888427734375,1248.264552564328,1233.8720835165427,1236.113132982547,16162399,61.19325071261483,2.4602309772974422,-3.1981195643766442,5.6583505416740865,1271.4251166529252,1216.3121643066406,1161.199211960356,1216.3121643066406,1236.146943359375,1225.9378731476388,1235.188058939579,1228.8350687037687,1226.3748377264712,1214.4878520314753,0.006699849341436304,0.015221003350595298,0.011586377652250606,0.006699849341436304,-0.0006010529622925143,-0.00012026842261181336,0.0733712142108458,11303390.15,1.4298718159347972,0,9.440372094531995,1.2384317314829332,23.708871737783415,0.01908636667903776,0.0132559487570718,0.005667787818373842,-0.02299488463500967,0.06974654303834173,1
2025-03-20,1264.101318359375,1267.9359786597456,1245.0773228865291,1246.8700894970418,15971477,64.6586277941008,5.09125372643507,-1.5402449062143015,6.631498632649372,1277.6053673401477,1218.4909606933593,1159.3765540465708,1218.4909606933593,1236.2196533203125,1229.572486977328,1236.3219122501591,1234.2606455738621,1229.169391847427,1217.3849557206615,0.017640212849612702,0.015740851418883876,0.018082930095258326,0.017640212849612702,0.024458248959492446,0.009625722046149088,0.07957638520027466,11768301.5,1.3571607593500217,0,9.68908712198754,1.662488521730893,24.5270320901661,0.019402742275436216,0.028081981133889544,0.022469395578904004,-0.010569812342669523,0.09032851660427617,0
2025-03-21,1271.2725830078125,1275.9041093610767,1265.0474458622175,1269.927977701306,21780769,67.99620264808024,7.666643046273521,0.3011326842832629,7.365510361990258,1284.5858714651822,1220.9262329101562,1157.26659435513,1220.9262329101562,1236.6499340820312,1233.543924694517,1237.6925267896752,1239.95478979447,1232.2881467481964,1221.925752075734,0.005673014136038379,0.015505090075804777,0.008539996570344124,0.005673014136038379,0.030270015087620727,0.022798174566797558,0.05518345428524385,12546473.05,1.7360073156176745,1,11.465047388643598,2.7085348511484426,23.659070365702423,0.018610540872143568,0.03058558155733192,0.027131177971347384,-0.010363875824186625,0.09851315955094216,0
2025-03-24,1296.920166015625,1300.8046759652354,1279.141198398433,1285.86434660882,20299319,81.34128348908195,11.642990097524716,2.5695041669315537,9.073485930593163,1296.5317017766433,1224.3674865722655,1152.2032713678877,1224.3674865722655,1237.8491430664062,1239.579757201289,1240.01517930834,1248.7186938284938,1237.075703730969,1227.2108151571297,0.02017473148609139,0.01362980555086051,0.016703786504728764,0.02017473148609139,0.044060388692583,0.051055436000184695,0.041846569508182,13171659.9,1.5411359808948604,1,16.372986978861945,5.072843801532599,22.179272842451887,0.017101494312167766,0.04625794224310221,0.04589055654869128,0.0002996180027448266,0.12560014213111056,0
2025-03-25,1280.33642578125,1302.497915186312,1277.4977874103538,1302.497915186312,13713899,78.59287525888578,13.30275862214421,4.716155057974085,8.586603564170126,1303.592611514536,1227.2210876464844,1150.8495637784329,1227.2210876464844,1238.7575146484376,1243.461344685095,1241.596404660219,1253.582960282764,1240.2802016606197,1230.2848132317167,-0.012787017018420888,0.014106581635916278,0.01952621769758937,-0.012787017018420888,0.012843201083712064,0.0376155722527467,0.03799253727207441,13512153.6,1.0149306621262801,0,19.234099919119217,6.694091999572947,22.93696276445212,0.0179147935672112,0.029655188923861295,0.031201782620845178,-0.017840071758512457,0.1125141513524061,0
2025-03-26,1267.98583984375,1288.65329608475,1263.7028966635362,1285.8643858858131,12074747,72.68916555142432,13.466316751864497,6.466187396752168,7.000129355112329,1308.1230721618774,1230.134454345703,1152.1458365295287,1230.134454345703,1239.4407861328125,1245.7970108906811,1242.6312844713377,1255.798787907531,1242.3324711556666,1232.674879410298,-0.009646359885421396,0.01473523553242057,0.019677190893778788,-0.009646359885421396,-0.002585396088922276,0.02076737141891849,0.02064460533730439,13757266.05,0.8776996066017055,0,19.85913774304231,7.443225531758799,22.869378972441513,0.018035989246740828,0.017810950547396964,0.020403924872371988,-0.030683070402385288,0.10054283029234594,0
2025-03-27,1273.115234375,1279.8882324099652,1266.242780044616,1273.0655062272906,15028056,68.45075436682302,13.850180756253849,7.942986068652504,5.907194687601345,1312.647970822034,1233.8296936035156,1155.0114163849971,1233.8296936035156,1239.9587182617188,1248.3987464606162,1243.8267334871675,1258.462856594834,1244.6126758385801,1236.0422307880158,0.004045309001149411,0.013147529278686308,0.010718159673934056,0.004045309001149411,-0.01835497069473291,0.0071306910962831704,0.01682505119292199,13931059.75,1.0787446374996705,0,18.82625948328814,7.5048212370084,21.11566717333962,0.01658582554289028,0.019798552333105516,0.02354709068337824,-0.0301167847936237,0.10225337716543888,0
2025-03-28,1270.027587890625,1290.5954658598978,1263.9518781988888,1274.9081198538831,18147129,58.50130135406714,13.746784108446263,9.103745676611256,4.6430384318350075,1316.1501254064597,1237.2161682128906,1158.2822110193215,1237.2161682128906,1240.1310302734375,1250.458636120617,1244.8542179735778,1260.2420460249557,1246.4952619165094,1239.8536006679612,-0.0024252686646160093,0.01017132388007419,0.020978747166635173,-0.0024252686646160093,-0.008051663362100059,-0.0009793297942773949,0.021796517840911633,14262955.45,1.2723259960823898,0,16.914711426099984,7.161691183902576,19.803046918236305,0.015592611614938988,0.015649419504765116,0.02022194209859001,-0.03504352324670477,0.09647508682099536,0
2025-04-01,1247.6170654296875,1272.8164693011493,1244.330265958221,1259.5693287834792,12099648,54.440253577672536,11.721382844950085,9.627273110279022,2.094109734671063,1316.3495550514517,1239.8307250976563,1163.311895143861,1239.8307250976563,1239.1399877929687,1250.1880103405283,1244.9625649326408,1258.2997413179912,1246.5783584730411,1243.9612918140442,-0.017645697364857216,0.011070202785223615,0.022832489336876365,-0.017645697364857216,-0.016063881609728714,-0.0380155246852284,0.011099012127376184,13717572.95,0.8820545765714336,0,10.608253139239196,4.94738562430075,20.229913426979415,0.016214841867373864,-0.0020564466220888886,0.002132193024768023,-0.052214466406742314,0.0724699632469596,0
2025-04-02,1246.1729736328125,1250.5554948342144,1238.9518139936486,1242.5873186806543,10142590,51.26272208376879,9.885754784683058,9.67896944515983,0.20678533952322908,1312.1300285439684,1243.8098388671874,1175.4896491904065,1243.8098388671874,1238.058310546875,1249.8056258921745,1245.0100319404908,1256.4340847510405,1246.5483299663574,1248.7723632275633,-0.001157479996779065,0.010927748023837097,0.009311452812797806,-0.001157479996779065,-0.021162468262673872,-0.0266831837792878,0.009928685246075819,13327455.55,0.7610297375930847,0,6.344281207079575,3.4136272802718395,19.65364534509094,0.015771201719932283,-0.0029065737776374665,0.0009340821860761715,-0.0502671636776322,0.060130962863933074,0
2025-04-03,1243.732666015625,1246.8204315907722,1228.145018441354,1228.145018441354,7434366,47.123664970358945,8.140258063904184,9.3712271689087,-1.2309691050045153,1303.0197266781672,1248.1325744628907,1193.2454222476142,1248.1325744628907,1237.5603002929688,1249.2272487610744,1244.9599391591235,1254.4800203302073,1246.339762266303,1252.3354695329467,-0.0019582414871938125,0.010719127661117617,0.0150156168280487,-0.0019582414871938125,-0.020704213141285344,-0.01912732229810521,0.0012428249143991987,13130305.2,0.5661990248330252,0,3.4302378703932845,2.328654687785729,19.635859354788522,0.01578784564507196,-0.004398385282500585,-0.0009857932812901444,-0.04549974144572987,0.042310863152453825,0
2025-04-04,1199.9075927734375,1240.4954871764826,1188.4036122186155,1236.162816017271,17908652,37.999950976854265,3.183919940682017,8.133765723263364,-4.949845782581347,1296.8931690379302,1249.5817810058593,1202.2703929737884,1249.5817810058593,1236.1180590820313,1244.5301386670137,1243.193180477332,1246.0842622445505,1242.9003423038685,1252.2335157918972,-0.035236730882516665,0.014149946012860787,0.04341323887905663,-0.035236730882516665,-0.03824047777017103,-0.05750276143502575,-0.05078210476771905,13592533.05,1.3175360276206942,0,-3.8686077936024503,-0.633553009835623,22.143699211522012,0.018454503784195248,-0.035854933928213546,-0.034818070420298344,-0.074783011106797,-0.0019652818651772195,1
2025-04-07,1161.062744140625,1166.590714623955,1110.415052053189,1127.6960086529814,22156106,32.57916940785154,-3.8342693053798484,5.7401587175347215,-9.57442802291457,1306.0933159385695,1247.3955078125,1188.6976996864305,1247.3955078125,1234.1668505859375,1236.580862997834,1239.972379052363,1233.0040286901003,1236.8382979954802,1246.6163135369159,-0.03237320012537581,0.016247258544122584,0.04838296883976337,-0.03237320012537581,-0.06829728399908741,-0.08579722581536875,-0.08669253183013881,13976937.65,1.5851903009669646,1,-13.877773122783083,-4.881838921214694,26.80721056906561,0.023088511541990177,-0.061070101533134614,-0.0636382198868365,-0.11104150831192665,-0.023248093735770994,1
2025-04-08,1177.4971923828125,1191.8399338970503,1158.6724733291408,1167.3378163352843,19555040,37.49173295635975,-7.978145130633948,2.9964979479009877,-10.974643078534935,1310.5489343451989,1244.0289489746094,1177.50896360402,1244.0289489746094,1232.8899487304689,1230.9538467487844,1237.5223717319886,1224.464515412056,1232.44266054269,1242.4694704659216,0.014154659879601628,0.016954679296681433,0.028167761912698097,0.014154659879601628,-0.05325539438069271,-0.05620304097293283,-0.0920819775666698,14130941.4,1.383845523554432,0,-19.234163591743936,-7.440193200652175,29.176314895344863,0.024778245828597646,-0.043427017598720266,-0.04850431856449368,-0.10152367338260755,-9.9967147353628e-06,1
2025-04-09,1180.6346435546875,1185.0670143686195,1163.3536863154889,1164.8477193030517,10223104,36.03702989905166,-10.883571451459602,0.22048406802887,-11.104055519488472,1313.6236580521966,1241.3869995117188,1169.1503409712411,1241.3869995117188,1232.0134497070312,1226.1615416826799,1235.291480430918,1217.7214582032302,1228.6050296546898,1240.2112668200782,0.0026645084100167526,0.016807033585533353,0.01839123404659344,0.0026645084100167526,-0.016062027888500086,-0.05259167985891178,-0.07787155017926273,14045544.05,0.727853898973746,0,-23.644084209494622,-9.718551509572762,29.699233395726683,0.025155312490498676,-0.037129608604030355,-0.04424610526510234,-0.10123829125816854,0.009822776576283675,1
2025-04-11,1214.1009521484375,1217.786306450343,1190.3957018139645,1190.3957018139645,11224242,39.22281714969808,-10.3661962713918,-1.8968519998552642,-8.469344271536535,1313.2301275651855,1239.9751342773438,1166.7201409895022,1239.9751342773438,1231.7056762695313,1225.0129141079901,1234.4604793218011,1217.1644572717237,1227.5306535431155,1239.0128390549758,0.02834603302253491,0.01804072341316976,0.022560401248272643,0.02834603302253491,0.04568074229878882,-0.023824825605099353,-0.04249644278515963,14102264.25,0.7959177193832544,0,-24.21433465308428,-10.49945983732232,30.513842467822933,0.025132870881804787,-0.008907630143228588,-0.016492652064931983,-0.07548499941936299,0.04061026247369946,1
2025-04-15,1235.1668701171875,1246.0235343416643,1232.1788040875913,1246.0235343416643,13378535,42.657498200233356,-8.162239967320147,-3.149929593348241,-5.012310373971906,1312.1889874820868,1239.131005859375,1166.073024236663,1239.131005859375,1231.7973095703126,1225.9799575374375,1234.4881809216201,1219.9340592479489,1228.096299215269,1238.5038346127099,0.017351043116696552,0.018716295001224393,0.011208793393850926,0.017351043116696552,0.04897648852790315,0.029384993941285575,-0.029807485790115607,14172313.25,0.9439909183491975,0,-18.55018112957623,-8.704999555711765,31.950970410074724,0.025867735917369083,0.007493525912285948,0.0005497737491991828,-0.05869742704722304,0.05925344677770484,1
2025-04-16,1234.3701171875,1235.9637280756608,1224.111041920754,1229.1907298200806,8248464,35.84949949518716,-6.406035233822422,-3.8011507214430775,-2.6048845123793445,1311.7672100308705,1238.7027160644532,1165.6382220980358,1238.7027160644532,1231.5234033203126,1226.779020361253,1234.4835509712625,1222.154991238649,1228.5610264724714,1238.0128476150564,-0.0006450569141414064,0.017623261814090012,0.009602214108936089,-0.0006450569141414064,0.045514057990899026,0.0631381666639681,-0.028076138694237418,14109472.95,0.58460468574767,0,-9.801842636580886,-5.488828081100564,30.688155638466437,0.02486138898792292,0.006187827392101609,-9.188764295259791e-05,-0.05900215545222317,0.05896503201975773,1
2025-04-17,1269.4300537109375,1275.1073305428426,1222.7165970526498,1235.266450081142,15398401,47.723031771282244,-2.1602840506216126,-3.472977387278785,1.3126933366571722,1314.7688346691666,1240.4781311035156,1166.1874275378646,1240.4781311035156,1231.7106567382812,1230.8410235374135,1235.8540020590929,1229.4280777728472,1231.5883618234689,1238.9756796581457,0.028403098904663304,0.019291248008813957,0.0412710675448706,0.028403098904663304,0.045572076576162246,0.0780748029998164,0.017483720674931202,14047347.15,1.096178576322861,0,-0.11282321137082363,-1.6683696728957784,32.64462747519748,0.025715971809369974,0.0313517582170115,0.02716829948837208,-0.034484222444805396,0.08853004563001156,1
2025-04-21,1290.346435546875,1295.7249783909904,1261.9598099867933,1264.947875835223,10429964,54.507110870528024,2.8593210860988165,-2.206517692603265,5.065838778702082,1320.759630736253,1243.299365234375,1165.839099732497,1243.299365234375,1232.3261987304688,1236.5082056335527,1237.9909602350845,1238.8001328150053,1235.9408117289065,1240.5399902314155,0.016476986482864886,0.019593022737614367,0.026167521739916863,0.016476986482864886,0.04467377385571569,0.09292611612841051,0.035447295719541305,14568845.35,0.7159087593719292,0,10.34666395087288,2.699479804166458,33.27425383112485,0.02578706997940638,0.04354053589619087,0.04229067658284731,-0.02302704783036433,0.10679632879266639,1
2025-04-22,1286.0635986328125,1298.713151385602,1281.1831879455033,1294.8286411452225,13051707,52.61887303009878,6.417824489688655,-0.48164925614488063,6.899473745833536,1325.2713973489863,1245.4931030273438,1165.7148087057012,1245.4931030273438,1233.22859375,1241.2277668715774,1239.876161740878,1246.071435248514,1239.6536107588254,1242.667832902599,-0.003319137245686554,0.019616210859110937,0.013630712710269145,-0.003319137245686554,0.04187842910771011,0.059272374638230874,0.03403539504417563,14413310.75,0.9055315067011929,0,16.21485276358726,5.415682419076802,33.55171890789268,0.026088693392426948,0.03612216303720026,0.037251653283731166,-0.029584731696921336,0.10324033719768486,1
2025-04-23,1294.82861328125,1300.804745342548,1280.286716249035,1291.840547250601,10480888,54.90352246540721,9.831891578533941,1.581058910790884,8.250832667743058,1329.45615701864,1247.0294677734375,1164.6027785282351,1247.0294677734375,1233.52341796875,1246.3326093867843,1242.0311598405003,1253.5725395612426,1243.7406479827087,1243.5706923372538,0.006815381959146771,0.01965105723786456,0.015846135066105636,0.006815381959146771,0.020007844856094747,0.048302577252903545,0.07910694213411418,14138781.3,0.7412865209252512,0,20.352651849346785,7.542978918880181,33.11417901021439,0.025574179216119666,0.03891096448028151,0.04250896044148348,-0.026046397660110607,0.11181995883402196,1
2025-04-24,1296.4222412109375,1299.3107293954529,1285.167265298474,1287.2588872304611,10468940,60.515048323586555,12.521813131666704,3.7692097549660484,8.752603376700655,1333.0063611119865,1248.2869506835937,1163.5675402552008,1248.2869506835937,1233.9895581054689,1251.103050512894,1244.1641434236547,1260.1648013535034,1247.6429882218367,1243.3213226186951,0.0012307636032609093,0.01886354487277086,0.010909612352660737,0.0012307636032609093,0.004708662338023473,0.05027027401215989,0.11658241361495114,13573189.85,0.7712954814376224,0,24.324030151640955,9.680592452392148,32.089697635503725,0.02475250471291667,0.03622338757743795,0.04200257503280921,-0.027444820196154757,0.11417876174733972,1
2025-04-25,1295.22705078125,1319.928323767296,1282.9759313802824,1298.3146947064158,14431012,60.58002119948207,14.391259976548781,5.893619799282595,8.497640177266186,1332.7202318814343,1248.202294921875,1163.6843579623155,1248.202294921875,1234.36505859375,1255.3053362527376,1246.1666103788546,1265.5589935731568,1251.167733596608,1242.6245397551838,-0.00092191447484824,0.018859741440339813,0.02852966386451299,-0.00092191447484824,0.00712519362042352,0.02032171602909494,0.09998313300450112,13279774.5,1.0866910428335963,0,24.464312715324013,10.312608319761694,33.900319888821414,0.02617326426928279,0.031802393708995416,0.03936908595832164,-0.028132822030662988,0.11303983929909826,1
2025-04-28,1363.35498046875,1369.1318351951852,1314.9482133535364,1334.669497851195,31104496,70.10379876055302,21.126629987051274,8.940221836836331,12.186408150214943,1350.5619397352878,1252.35322265625,1154.1445055772122,1252.35322265625,1236.3989379882812,1265.5957785590244,1250.762232735321,1280.6045300186329,1259.4779000315816,1252.1930596093362,0.05259921775599641,0.022962752249631378,0.03974285686257539,0.05259921775599641,0.05292311776602321,0.0565805762782865,0.15476450560854538,14149304.35,2.198305671472817,1,29.087572925471704,12.771272500236591,37.845274979144065,0.027758929641443834,0.0772436219888721,0.09001930565747676,0.00947238357388459,0.18126887394131574,1
2025-04-29,1394.1319580078125,1405.2874774645995,1364.5501529607263,1365.5461749701867,32538970,84.13869990722328,28.618013474326744,12.875780164334415,15.74223330999233,1375.5272645866949,1258.6605285644532,1141.7937925422116,1258.6605285644532,1239.3083178710938,1277.837319458909,1256.3845749028696,1298.0702881708144,1269.4522746964876,1265.9088076552362,0.022574441711784132,0.01979687581469369,0.0292205657218317,0.022574441711784132,0.07536874460407916,0.08403033838286467,0.148283390718702,15172515.5,2.1445995556900237,1,36.609552587331564,16.50841316199171,36.8883780647755,0.026459746405561407,0.091008954565631,0.10963791330818592,0.013525499566675477,0.22100152156526293,0
2025-04-30,1399.410888671875,1406.781475676485,1363.5540972183608,1396.4228227174156,25480745,97.49906828702014,34.58231109169765,17.21708634980706,17.365224741890586,1397.702897101119,1264.9753112792969,1132.2477254574746,1264.9753112792969,1242.6977807617188,1289.4157546220486,1261.9934499526346,1313.661149786362,1279.0788386946645,1275.6314997496243,0.0037865358682445116,0.015629457025516245,0.03088969709185949,0.0037865358682445116,0.08043673719428868,0.08076920321184522,0.13297314114254433,15695149.95,1.6234789142616635,1,43.08314523526428,19.96229011213427,33.58372361748089,0.023998472421029867,0.08530618123404894,0.10888918537920937,0.0012219990201768369,0.23595822469544414,0
2025-05-02,1414.152099609375,1421.024554216323,1403.4945911426703,1408.3751233126775,13007841,97.48207553038648,40.03703048389207,21.781075176624064,18.255955307268003,1420.7667965397172,1272.1815368652344,1123.5962771907516,1272.1815368652344,1246.746611328125,1301.2954065256035,1267.9604558215262,1329.1212959129796,1289.0842654290875,1281.4594945673443,0.0105338689707426,0.015648394266880392,0.012396094506732958,0.0105338689707426,0.03725890899166995,0.09081135347421276,0.14564673910893644,15438185.55,0.8425757649997929,0,50.192356012709524,23.79631239787159,32.758452544376496,0.023164730691574986,0.08672642085557916,0.11529669014254038,-0.004655723195708368,0.2585945043757884,0
2025-05-05,1425.6063232421875,1433.773654928142,1421.2238021682567,1425.3074680112338,12685649,97.56339311362173,44.76813581903912,26.378487305107075,18.38964851393204,1444.0922974835464,1281.0809997558595,1118.0697020281725,1281.0809997558595,1251.0334912109374,1313.1345414509924,1274.142646700768,1343.9651462713193,1299.1970104522802,1288.4603206940128,0.008099711223408246,0.015430725097289079,0.008803168557322105,0.008099711223408246,0.02257631715103292,0.10066132604495537,0.12302865295704812,15467485.6,0.8201493977793004,0,57.82920519825484,27.976036321913398,32.60904020620766,0.02287380441189858,0.08565137709873628,0.11887497599551798,-0.012801102999837544,0.2750603300099673,0
2025-05-06,1415.2476806640625,1426.3035005201457,1404.9886054552055,1425.3074785225756,14084117,92.90424076037486,47.13833363015533,30.53045657011673,16.6078770600386,1462.1755610943228,1289.534735107422,1116.8939091205211,1289.534735107422,1255.0902905273438,1322.8596023284276,1279.6761774444265,1354.931690024049,1307.7933563938936,1295.5716870146962,-0.007266131195719505,0.01575654501233969,0.015060893832335269,-0.007266131195719505,0.011316756301087194,0.03806250091775132,0.09679667543255688,15664561.95,0.8991069807732479,0,57.26382376940319,28.913944709105408,31.477842504013697,0.02224193187813151,0.06983967019101517,0.10594203878232594,-0.03209455942153656,0.2671281212183124,0
2025-05-07,1400.4068603515625,1418.733688530858,1397.1199392858432,1415.2476117092149,13440169,86.20690946440416,47.27425412812204,33.87921608171779,13.395038046404245,1475.3929959118993,1297.3684448242188,1119.3438937365383,1297.3684448242188,1258.697880859375,1330.245055473488,1284.41071402902,1361.9278700744355,1314.6536159463135,1301.4995482746103,-0.010486376706539735,0.016641712249793515,0.01543390700013338,-0.010486376706539735,-0.009719774316786167,0.004500938600329185,0.08890949237682011,15964852.1,0.8418599130022633,0,52.407736014579086,28.026139126150383,30.741497293427123,0.02195183283071727,0.05274351863920369,0.09031079004213417,-0.05082451642925822,0.25109617177326415,0
2025-05-08,1401.4029541015625,1415.1481063364454,1392.438756100913,1398.51446598441,16106175,86.56780795669373,46.92146707806046,36.48766628098633,10.433800797074127,1485.0501480080845,1307.443212890625,1129.8362777731656,1307.443212890625,1262.3154321289062,1337.0219981999714,1288.998645012257,1368.0009599247628,1321.0794928467024,1311.8319659197252,0.0007112888248419491,0.016584249445297676,0.016204725535269988,0.0007112888248419491,-0.016977596652055005,0.0014235028795424043,0.08230768128473809,15874728.25,1.0145795724093734,0,47.606243577922896,27.005195059622338,31.516973299186084,0.02248958674372966,0.04815250309139785,0.08720281400159015,-0.05632617458657475,0.24035931724872317,1
2025-05-09,1371.721435546875,1389.251519832932,1369.032224808638,1379.988466695066,13668904,72.93432072923811,43.74259292817328,37.93865161042372,5.803941317749562,1483.6140882085426,1317.9761474609375,1152.3382067133323,1317.9761474609375,1265.2985180664064,1340.3267065187242,1292.2426760136148,1368.5733407897033,1324.83074786153,1326.5886613462258,-0.021179860130747574,0.01744696975314294,0.014740088257229198,-0.021179860130747574,-0.03075521388366742,-0.03000431429845518,0.05808230678424908,15450368.15,0.8846976245028828,0,39.03129999312068,24.282220192088516,30.08697299938121,0.021933733934387488,0.023423191431955696,0.06150451537356817,-0.07541897421369023,0.19038093812689036,1
2025-05-12,1430.7855224609375,1433.275577320772,1394.430721507353,1394.430721507353,10674081,76.88785495365755,45.465195978492375,39.443960484037454,6.0212354944549205,1489.6536548407828,1330.6405639648438,1171.6274730889047,1330.6405639648438,1269.3523266601562,1348.9418318465541,1297.6757288154706,1378.1444456622007,1332.6792496837083,1339.7045309420478,0.04305836840007893,0.019974491877005684,0.027149321266968344,0.04305836840007893,0.02169274013821143,0.0036329799709160504,0.10466000659723851,15006320.2,0.7113056937169714,0,35.80729039556172,23.533082114702665,32.07189966864549,0.022415588615603357,0.060672512840934216,0.10257554386639459,-0.03951799949508212,0.22119492357821105,0
2025-05-13,1410.0682373046875,1441.9409399606418,1406.7814377941193,1427.7974767909468,11407896,72.33580911421573,44.64403093732085,40.48397457469414,4.160056362626712,1488.1328009787896,1342.1122436523438,1196.0916863258979,1342.1122436523438,1273.0884033203124,1354.7633942711384,1302.083278167989,1383.0557982225832,1338.4117672852624,1348.271672474788,-0.014479658083635383,0.020654427371646945,0.02493461042263395,-0.014479658083635383,0.006183291663374835,-0.003659743400494131,0.034263458530717106,15065559.8,0.7572168675736828,0,31.903791942710768,22.407100723562507,33.33115243481863,0.023637971236434872,0.04082251060769402,0.08293245213058238,-0.05245806262905887,0.17889644533528484,0
2025-05-14,1418.7337646484375,1424.2118856620737,1409.8691445094285,1414.3512435205853,5570160,72.32589086382063,44.18317126653346,41.223813913062,2.959357353471461,1488.972271825328,1352.3438842773437,1215.7154967293593,1352.3438842773437,1277.2687084960937,1360.8558104975477,1306.6578070495752,1388.5447161342531,1344.3615448677197,1354.9248683800893,0.006145466662176524,0.020655142831421745,0.010109536764425522,0.006145466662176524,0.03427250452116737,0.01308684269960958,0.017646684375401955,14782855.7,0.37679864520357864,0,30.6107550240597,22.247093020555212,32.89006043904236,0.023182686744043567,0.04253055592254758,0.0857729980980476,-0.04717247493855971,0.16699488364280826,0
2025-05-15,1448.4151611328125,1455.5865925696291,1407.0802476372012,1419.3313670179805,20177211,74.86959265931907,45.68633367972393,42.11631786639439,3.5700158133295403,1494.3116867457304,1363.006298828125,1231.7009109105195,1363.006298828125,1282.252802734375,1369.194796272335,1312.2169189744081,1397.7555538263393,1352.0692201466154,1365.5832698404533,0.020921047503038803,0.020919594169783506,0.033489255176320384,0.020921047503038803,0.012321650167071985,0.033546530563287824,0.03501778702568581,15122789.5,1.3342254747379774,0,32.17279807236355,23.218273962151216,35.34455192728871,0.024402224497322694,0.057859089938229975,0.1037924753057239,-0.030714158244234884,0.17594713806137377,0
2025-05-16,1450.6064453125,1455.1881221330052,1441.542669553187,1447.419102005185,9036695,75.3410950558836,46.51818634621873,42.99669156235926,3.521494783859467,1495.8050508712613,1373.818115234375,1251.8311795974887,1373.818115234375,1287.2189697265626,1376.9482866571127,1317.6439592229608,1405.8864602088256,1359.3682738626069,1371.720109519886,0.0015128840393894283,0.020848375849177498,0.009406722701331105,0.0015128840393894283,0.028749110812750667,0.05750803896577983,0.025778235391507476,15162201.05,0.5960015284192528,0,36.62158013838848,25.401283209346047,33.67977051248905,0.023217717404553178,0.05349377269222721,0.10090926699800579,-0.03021690930407975,0.15878759768463757,0
2025-05-19,1435.0684814453125,1448.81351147394,1432.4787270944578,1446.3234565863577,6195791,64.11761115380604,45.40030529100477,43.47741430808836,1.9228909829164067,1496.5017248209176,1382.1000366210938,1267.6983484212699,1382.1000366210938,1292.0138208007813,1382.4835433036078,1322.2488424473668,1410.3760019375159,1364.975696646511,1379.206353263082,-0.010711357251580567,0.017020831012735275,0.011382581800577806,-0.010711357251580567,0.011513588527952479,0.002993431871611607,0.006637286920561314,14702070.55,0.4214230219429875,0,33.54171145705368,24.57311363189615,29.695694355639553,0.020692876151618828,0.03803657439281105,0.08532405956894351,-0.04105123459377013,0.13202678163340456,0
2025-05-20,1418.932861328125,1439.2517336495314,1416.1440727881434,1432.4787356808251,11270560,55.181003217710305,42.71991818379934,43.32591508323056,-0.6059968994312257,1495.4262634536285,1388.5293579101562,1281.632452366684,1388.5293579101562,1297.0606640625,1385.9549069249904,1326.0403725995534,1411.6924418437634,1368.972523659964,1384.3622963565986,-0.011243797996968508,0.01654470848847677,0.016285239063220495,-0.011243797996968508,-0.020354868269695015,0.006286663147864413,0.002603912173403611,14744100.35,0.764411509176957,0,31.191512653851987,23.95709443156443,28.35106320317802,0.019980552974607515,0.023794392038556725,0.07005253433307336,-0.05115157062230871,0.10712931676152533,0
2025-05-21,1423.5145263671875,1430.486680037078,1412.458707007589,1418.235682967954,6136364,55.05005373404283,40.49855206948905,42.76044248048226,-2.2618904109932103,1491.7107247718552,1395.401904296875,1299.0930838218949,1395.401904296875,1302.3853955078125,1389.532013538533,1329.8628884335783,1413.5112240781364,1373.0126720086473,1389.505478465554,0.0032289512519809715,0.01653915507137035,0.012664411002180924,0.0032289512519809715,-0.018676270902323266,0.0033697384511988115,0.016500680387858235,14398333.2,0.4261857198859657,0,28.67620304098523,23.20508138400305,26.55110567256122,0.01865179819437439,0.02445608485270942,0.07042202526902588,-0.04571677153765705,0.09577561769419038,0
2025-05-22,1403.79345703125,1418.1361984129633,1391.3431818014155,1415.5464438973825,12134466,47.874079188533486,36.72345283553045,41.5530445514919,-4.829591715961449,1484.729585924808,1400.850146484375,1316.9707070439422,1400.850146484375,1307.0427954101563,1390.890246252125,1332.7621264178008,1412.016182994,1375.2927301584696,1393.6600738021334,-0.0138537886130784,0.016779572754210163,0.01908615293606635,-0.0138537886130784,-0.0217934020699585,-0.030807261135449293,0.0017057927005870166,14481012.1,0.8379570375471201,0,21.695449979790055,20.545207443392655,27.305225602655792,0.019451027831687596,0.009276943895389139,0.05329633038445298,-0.05451237023955742,0.06592610566273657,0
2025-05-23,1421.124267578125,1428.0964217220903,1401.004549811851,1401.004549811851,6474883,49.10180607504642,34.7297679199512,40.18838922518376,-5.458621305232562,1475.3697679431264,1407.0852478027343,1338.8007276623423,1407.0852478027343,1311.3695166015625,1393.7696768546014,1336.227308424088,1413.417426776173,1378.6876588562218,1397.849550514377,0.012345698336225563,0.016982090960058746,0.019063689593035595,0.012345698336225563,0.0015444044674171042,-0.020324036081353358,0.036015207425518,14281309.25,0.45338161135331484,0,16.821390197488654,18.58334920112725,27.83881964490383,0.01958929298445283,0.019626335095233448,0.06353481822951383,-0.03676739319433612,0.06149051028641616,0
2025-05-26,1429.0924072265625,1435.2676949623965,1419.430920923106,1426.3034970063509,4842944,52.8012914750004,33.407618309387544,38.83223504202452,-5.424616732636977,1457.8460395866214,1413.778515625,1369.7109916633785,1413.778515625,1315.0547973632813,1397.1337464138358,1339.8690770045773,1415.828962230079,1382.4213439206915,1403.525348797341,0.005606926734152973,0.016912167194287377,0.011081700496908318,0.005606926734152973,0.003918387031574433,-0.004164312920266533,-0.0011833466356738764,13801905.85,0.35088951139309504,0,14.650203110227949,17.62023455721055,27.447525285928855,0.019206263462833887,0.022874446268840238,0.06659108098938563,-0.019723366925777766,0.04335324453450659,0
2025-05-27,1416.44287109375,1431.2836233071982,1408.275539274527,1420.426959119657,12640414,53.27369753105187,30.981952702945136,37.26217857420865,-6.280225871263511,1453.5611271442776,1416.43291015625,1379.3046931682225,1416.43291015625,1318.7141821289063,1398.9727106690657,1342.8719708904273,1415.923409747567,1384.9414570446218,1410.8353796239917,-0.008851447302390625,0.01683350054253531,0.016243566544201497,-0.008851447302390625,0.009010879769486113,-0.0017548330172890703,0.004520798086514954,12878701.75,0.9814975333208567,0,13.017803744075309,16.8315982908739,27.54712062790431,0.019448098606781757,0.0124878493279037,0.0547862356189768,-0.02553608194204505,0.026925289321116017,0
2025-05-28,1407.279541015625,1416.9409060075968,1405.0882196135674,1414.4508509493858,5944611,51.16097133709576,27.99745385744359,35.40923363085564,-7.41177977341205,1453.0015985129353,1417.0902893066407,1381.178980100346,1417.0902893066407,1322.0130078125,1399.763837368738,1345.3977579541604,1414.5935837888064,1386.5961299313628,1414.0262823451055,-0.0064692549661740095,0.01695011126711037,0.008422410792297472,-0.0064692549661740095,-0.009742094254779121,-0.011404861032921265,-0.0080735539804756,11548983.8,0.5147302224114297,0,10.23182383020503,15.534869520582106,26.771644639225524,0.019023686381388443,0.005369265476249872,0.04599515845452524,-0.03146731396861794,0.01889730533937222,0
2025-05-29,1412.1600341796875,1414.3512339364067,1402.996558868143,1406.4826358531975,13771917,58.85691796911136,25.729439072974174,33.473274719279345,-7.743835646305172,1452.7595345093478,1417.7277465820312,1382.6959586547146,1417.7277465820312,1325.2152197265625,1400.9444275412095,1348.0158864335929,1414.2191915412498,1388.4897524682756,1416.56493266403,0.003468033906426582,0.015771920275193432,0.008040643265237003,0.003468033906426582,-0.011848340220165121,0.0059599773075813545,-0.025030894405143944,10963542.4,1.2561557658590348,0,10.054181289084454,15.253760015792068,25.27049790889261,0.017894925006550013,0.008005746993235448,0.04758411854907658,-0.027946469711776667,0.02130914995487499,0
2025-05-30,1415.2476806640625,1424.9090454066045,1404.0921613404494,1412.3591925541664,13788484,45.491357898748774,23.90559941354786,31.55973965813305,-7.654140244585189,1452.7941921005183,1417.7825256347655,1382.7708591690127,1417.7825256347655,1328.661455078125,1402.3066421243384,1350.6524273838074,1414.377420637067,1390.471821223519,1416.6683959849192,0.0021864706617111818,0.010540598478274241,0.014709004190974847,0.0021864706617111818,-0.0008437971301762381,-0.004135167520626037,-0.02437516030808773,11002574.55,1.2532052327698155,0,8.536965269737038,14.425118959719384,22.360693786911042,0.015799844855720915,0.009228394240591966,0.04782522281130095,-0.025844343018861682,0.023486770262548758,0
2025-06-02,1408.0762939453125,1411.8612262898896,1390.0483195350275,1406.4826830156508,8098668,49.37267897371233,21.632160290694856,29.57422378464541,-7.942063493950556,1451.9706675548066,1416.906024169922,1381.8413807850372,1416.906024169922,1332.1445458984374,1402.856132773955,1352.9043437195528,1413.4080165306432,1391.7758562399483,1415.5664876514647,-0.005067230857700444,0.009875182423054943,0.015491281863530364,-0.005067230857700444,0.0005661653612276663,-0.014705916268938801,-0.01880898915208218,10773225.5,0.7517403214107047,0,5.722386360119344,13.035266714975478,21.649255141376216,0.015375058322100435,0.003721095163931923,0.040780377771627914,-0.030230895561695115,0.01898547367670445,1
2025-06-03,1399.908935546875,1420.825397764224,1397.8173136420835,1416.6421539546416,11252626,44.05285188376041,18.95292828185279,27.44996468408689,-8.497036402234098,1452.0179792222773,1416.1390869140625,1380.2601946058478,1416.1390869140625,1335.4642895507814,1402.575447323757,1354.7476610461144,1411.3312348408326,1392.3783065589798,1415.0734818336553,-0.005800366381819577,0.009814043678931652,0.01643541486014753,-0.005800366381819577,-0.008675432200521804,-0.01167285732753054,-0.013407206429375096,10631650.95,1.0584081487362977,0,3.602736654691398,11.875690155687153,22.268208210625875,0.015906897688260552,-0.0019011538965479817,0.03333556189046139,-0.035887326755631964,0.01423553400859913,1
2025-06-04,1417.8372802734375,1420.0284799827916,1400.506473605418,1409.0722382665938,8126827,39.56490658597224,18.068008443632834,25.57357343599608,-7.505564992363247,1452.118983786323,1417.0106079101563,1381.9022320339895,1417.0106079101563,1338.9772583007812,1404.0289552237268,1357.2217637609115,1412.3321649073873,1394.2641564637545,1415.6098073356675,0.012806793550152351,0.008588760760530804,0.013768862371575303,0.012806793550152351,0.0018297854465727514,0.007502233174080608,-0.003988189785627538,10365983.85,0.7839899345395951,0,4.26511785498883,11.824005806751074,20.240579603732208,0.014275671746921976,0.009834786525118613,0.044661468104194114,-0.023608054088996085,0.026004045298165555,0
2025-06-05,1436.662109375,1448.913106617055,1417.9368477633757,1422.3193687346825,13716817,45.72648165745113,18.670487718728737,24.192956292542615,-5.522468573813878,1454.122243963805,1418.7735656738282,1383.4248873838515,1418.7735656738282,1342.4284741210938,1407.1368746667051,1360.3370714320522,1416.07523328702,1397.4047455682912,1417.8657883577496,0.013277143550585846,0.009438477266300933,0.021561269453368666,0.013277143550585846,0.020301325682852367,0.017350777958778263,0.023414165509262785,10246515.95,1.3386810762735406,0,6.192447125495619,12.32118499845933,21.48560630114644,0.014955225839772065,0.02098248950748891,0.05610744538675184,-0.01200733615160871,0.03848219189682475,0
2025-06-06,1437.7576904296875,1445.7258660607492,1431.28354772945,1435.2676355449807,8182161,50.90420440683698,19.01714332929214,23.157793699892522,-4.140650370600383,1450.5957966452995,1422.0753784179688,1393.554960190638,1422.0753784179688,1345.7581762695313,1410.053142834608,1363.373174137842,1419.4109959243533,1400.3938525950612,1421.5257547640986,0.0007625878399228903,0.008984716004233465,0.010045029442327673,0.0007625878399228903,0.027036583538933456,0.015905350048030398,0.011704411240481605,9972178.8,0.8204988261943317,0,7.746500710269629,12.720746754034508,21.22236345209337,0.014760737218349265,0.01964787478816965,0.054559175508850824,-0.008850229847144108,0.031719402177724364,0
2025-06-09,1443.0367431640625,1451.70208605586,1439.5506661134996,1451.204075048637,7885125,58.74284155744332,19.493141039121838,22.424863167738387,-2.931722128616549,1452.4933621235666,1422.687939453125,1392.8825167826833,1422.687939453125,1348.6805078125,1413.1944381040798,1366.497235668282,1423.045726268924,1403.5525852298022,1422.5675917459869,0.003671726306536005,0.00839178783132529,0.008420728023679254,0.003671726306536005,0.01777316991253408,0.02482851914280415,0.0097574767502695,9832731.0,0.8019262400242618,0,10.33830533012474,13.592891948729175,20.567844506720835,0.014253167567738381,0.021116913748980393,0.05601146163925394,-0.006510610792519146,0.03600750657508916,0
2025-06-10,1432.777587890625,1448.1163503747662,1430.2875329933524,1444.2318404180787,7913181,53.22694640367895,18.82553550747093,21.704997635684897,-2.879462128213966,1453.3333827827744,1423.8234069824218,1394.3134311820693,1423.8234069824218,1351.7293310546875,1415.0594999885127,1369.0964651671973,1424.5429357491857,1405.7174002417148,1423.336771022104,-0.007109420686643664,0.008653764332595076,0.012443534524895668,-0.007109420686643664,-0.0027038518375520626,0.023479136041738125,0.011532210109018726,9657995.25,0.8193399142539441,0,12.484052664755609,14.348804121082821,20.553619103286888,0.014345296350947601,0.01252109038683966,0.04651324749103844,-0.014143895086748858,0.02758644925047206,0
2025-06-11,1443.13623046875,1462.7578142878924,1437.3592545136698,1440.048586734708,8195700,64.66216105557952,18.91427718540126,21.14685354562817,-2.2325763602269078,1455.6644394206992,1425.0435302734375,1394.4226211261757,1425.0435302734375,1355.2323388671875,1417.733474319964,1371.9999853751015,1427.4034426291187,1408.4891654437174,1424.5218426531906,0.007229763129792621,0.007751552145373241,0.01759955798904223,0.007229763129792621,0.0037409224620144066,0.01784333826405904,0.025479436322400684,9789272.25,0.8372123882855541,0,13.704519096237163,14.778221614189988,20.39711066267942,0.01413387747603992,0.017917864400409114,0.05184857569382558,-0.008606522638510663,0.0349346092099623,0
2025-06-12,1435.865234375,1451.2039968882907,1428.6939248911117,1447.7179200254843,8828114,55.93893361031766,18.188234342279202,20.555129704958375,-2.3668953626791733,1453.4959292634073,1424.416033935547,1395.3361386076865,1424.416033935547,1358.4873388671874,1419.4603086109198,1374.504504943725,1428.7052567438695,1410.5170224015903,1423.8270187906476,-0.0050383296741072225,0.007349445173362359,0.015677008857295123,-0.0050383296741072225,-0.0049697340161539705,-0.0005546711330381981,0.01678648285007056,9221817.4,0.9573073958285055,0,12.323433944214685,14.167433511672698,20.069839240317965,0.013977522931707387,0.011557157086085772,0.04464207225991401,-0.012129855016066055,0.029046116305533942,0
2025-06-13,1422.2198486328125,1429.7895915718395,1408.673973649598,1418.335338487147,9757276,47.35226285116613,16.323603231142897,19.70882441019528,-3.385221179052383,1449.3361367037078,1422.9967041015625,1396.6572714994172,1422.9967041015625,1361.5311840820314,1419.723121946338,1376.3756948923167,1427.707501649861,1411.383898418718,1422.4032810084059,-0.009503249619472132,0.007685109332505682,0.014846943630086432,-0.009503249619472132,-0.0073687216683476775,-0.010806996130364177,0.004926464861245039,9257846.45,1.0539466227591192,0,9.669979111730072,13.002520754474745,20.880874003611634,0.014681889036835288,0.001758601129952417,0.03330787800934142,-0.018709454200574276,0.01830268431277483,1
2025-06-16,1432.0804443359375,1436.6621211041454,1418.7337255535565,1421.223780491138,8458093,56.156874053781266,15.463286169035882,18.8597167619634,-3.396430592927519,1448.9310831783703,1422.8473022460937,1396.7635213138171,1422.8473022460937,1365.2204516601562,1420.9000097929668,1378.560194870498,1428.3802620631034,1412.9169758940675,1422.1665335859198,0.006933242924857197,0.007492156738909617,0.012519126018023649,0.006933242924857197,-0.007660944198747965,-0.0075925293517487,0.01704747853070332,9370961.55,0.9025853915706227,0,7.705571688886948,12.062959202216007,20.51803911203433,0.01432743474236089,0.007868558284125684,0.038823295250061396,-0.011629703467655114,0.025284826302523083,0
2025-06-17,1425.506591796875,1442.2398094911548,1420.12817043809,1442.2398094911548,10366599,57.32578951086829,14.088618910205923,17.905497191611907,-3.816878281405984,1449.2177184731192,1423.1759887695312,1397.134259065943,1423.1759887695312,1368.8071240234376,1421.338731888577,1380.4012300440813,1427.938158945222,1413.8495400350162,1422.4048479130477,-0.004590421274910161,0.0073675175544093965,0.015511425327884874,-0.004590421274910161,-0.007214216439075383,-0.005074755604220882,0.018285229560307315,9325763.5,1.1116086098473332,0,6.27923190006436,11.304764876884065,21.250821444822577,0.014907557472628423,0.0029323480847946613,0.03267554445119792,-0.01636132816622339,0.02030752058853693,0
2025-06-18,1424.4110107421875,1437.0605628519918,1420.028489708749,1424.3114328610282,6681735,55.07840251956774,12.763649561629563,16.87712766561544,-4.1134781039858765,1449.26808174354,1423.2208129882813,1397.1735442330225,1423.2208129882813,1372.4206909179688,1421.6313298746352,1382.1271037969484,1427.3955207601398,1414.6318711985102,1422.583190689845,-0.000768555586478592,0.007342870148459521,0.011957274280243194,-0.000768555586478592,0.0015406634294137245,-0.012975365271288508,0.004636449161135259,9353032.05,0.7143923985591388,0,3.897855554671196,10.127118421846944,21.656349878749648,0.015203722602134082,0.0019552754706084296,0.030593356304986496,-0.017151465152981417,0.01949469099353506,1
2025-06-19,1427.598388671875,1434.1721095891817,1420.0285241646616,1424.4110453044384,10007230,55.115514554722665,11.834377233784153,15.868577579249184,-4.034200345465031,1448.8461218094922,1424.4110595703125,1399.975997331133,1424.4110595703125,1376.9745068359375,1422.199621188658,1383.9102914391024,1427.4267312080992,1415.592353974315,1424.0281111241306,0.002237681333301822,0.007343711346525741,0.009907257907231301,0.002237681333301822,-0.003129751322133889,-0.005757396658972236,-0.006308874330282155,9246670.25,1.08225228427498,0,2.7393125777382465,9.40578649537747,21.179685690061433,0.014835885118759025,0.003796068711299976,0.03156859046646889,-0.014665279368025952,0.019730617805877006,1
2025-06-20,1460.367431640625,1465.148385952672,1422.4190171371763,1425.3075053013415,29010635,67.86927288821552,13.585504880599956,15.411963039519339,-1.8264581589193831,1455.5411513598501,1426.3732177734375,1397.205284187025,1426.3732177734375,1382.9606005859375,1425.834650755512,1386.9086106626914,1432.4945312746418,1418.9090263940418,1427.7909295291302,0.022953964664555127,0.009240468139412239,0.029259327406043378,0.022953964664555127,0.024455053413542815,0.026822564067351395,0.015725696590904947,10373457.85,2.796621475644209,1,6.111528809173933,10.532915770374757,22.431829096237202,0.015360400821207402,0.02421934469527372,0.052965869858457026,0.0033157978915717315,0.04520606110529522,1
2025-06-23,1451.0048828125,1457.9770367383994,1436.2637087352834,1447.2199506188397,5989078,67.31937008134656,14.055780425228022,15.140726516661077,-1.0849460914330553,1458.6439556599187,1427.4688415527344,1396.29372744555,1427.4688415527344,1388.4307543945313,1428.2318157133204,1389.4221899626841,1435.3422776650816,1421.2864972398536,1428.3797898101593,-0.006411091226272259,0.009284751944047721,0.014964338342562137,-0.006411091226272259,0.018670083192108944,0.013214647648748468,0.005521785696853687,10430764.55,0.5741744022014187,0,7.331805920353645,10.861995092186135,22.510089009322996,0.015513448146150565,0.01594493754349375,0.04432252003364781,-0.005237105887133787,0.03918312765541192,1
2025-06-24,1445.0286865234375,1469.1323689599471,1437.359244595668,1459.1721495093714,16402744,60.02937420868835,13.787316484994562,14.870044510327775,-1.0827280253332123,1460.5621097042151,1428.8981323242188,1397.2341549442224,1428.8981323242188,1393.7186352539063,1429.8315176952365,1391.6028368866353,1436.832494412521,1423.0451779275265,1430.6668126327609,-0.0041186603572820335,0.008949907283622828,0.02198788485003804,-0.0041186603572820335,0.012209524744405398,0.01369484703817081,0.008550593432194109,10618881.05,1.5446772520349494,1,8.492785806659413,11.201606842553929,23.3424875756346,0.016153649954032245,0.01062864305348195,0.038391592932024536,-0.010635236309069636,0.03420652967155893,1
2025-06-25,1461.463134765625,1466.5428226679085,1454.690136506102,1458.1762135192969,7525851,59.31189935797073,14.730871189487743,14.842209846159768,-0.11133865667202514,1464.721812743769,1431.6073120117187,1398.4928112796683,1431.6073120117187,1398.66587890625,1432.844052654321,1394.3424564113016,1440.6218236976142,1425.8909525081265,1432.3108049744553,0.0113730948011328,0.008768071553388638,0.008110150629086772,0.0113730948011328,0.0007502927696552142,0.026012242073396807,0.01269935845968062,10697943.05,0.7034857976739743,0,11.212722779685919,12.21535261435315,22.659509704266984,0.015504674161966386,0.019973619640104936,0.048137871758617855,-0.002224776028998849,0.0450272772073363,1
2025-06-26,1489.3516845703125,1492.8377614283193,1459.2717484446844,1463.2558362824063,14657893,66.12701121180949,17.526977894641277,15.37916345585607,2.1478144387852076,1476.1634524009253,1435.46689453125,1394.770336661575,1435.46689453125,1403.7495751953124,1438.2257318844156,1398.0683084959687,1448.118725370337,1430.5917474756957,1437.0383302853243,0.019082622846425812,0.009972653409327946,0.02253733173392079,0.019082622846425812,0.026427755145444154,0.04325677052345789,0.03725032747839596,10742241.85,1.3645096810029465,0,16.026110695757552,14.158017056866356,24.025487893719532,0.016131507516071356,0.03554793350756547,0.06529250074522162,0.008934127279697278,0.06781141340811773,0
2025-06-27,1509.3717041015625,1515.9454247275912,1490.9452978220222,1493.4353527246628,11117052,68.9851323609766,21.114960741404047,16.526322912965668,4.5886378284383795,1491.425072477125,1440.173095703125,1388.921118929125,1440.173095703125,1409.2496069335937,1445.0015387622393,1402.4331475393253,1457.5422605597564,1436.4272998183524,1442.0697760013,0.013442103526425164,0.010389056290426383,0.016563267244002075,0.013442103526425164,0.044527155881539215,0.03355612525943874,0.061278750646413416,10608670.25,1.047921345278877,0,19.166888006727277,15.524536876633874,24.92901250308426,0.01651615200903941,0.04454677978714226,0.07625215986221442,0.01203321035406071,0.08672240887611124,0
2025-06-30,1494.630615234375,1518.734421010171,1490.0489382705405,1507.7781788170053,8409527,67.25960876857613,22.50950476309299,17.722959282991134,4.786545480101857,1498.8640512030793,1444.5008117675782,1390.137572332077,1444.5008117675782,1413.7536181640626,1449.7281174738712,1406.0487345077586,1463.2481612789286,1440.7386565158356,1445.8841176041326,-0.00976637419870141,0.010614965073419693,0.019192355922090027,-0.00976637419870141,0.022694708939113406,0.030065875682868004,0.04367783328501651,10624213.2,0.7915435093113531,0,21.49630176055075,16.626544545074466,25.704488600099744,0.01719788711545226,0.030973047441989143,0.06300057640436475,-0.002824429584061515,0.0751674114720903,1
2025-07-01,1522.320068359375,1525.3081343971446,1494.132596769193,1494.630607775488,10368523,70.14700730253465,25.554422923811217,19.289252011155153,6.265170912656064,1511.0690762293088,1450.6213684082031,1390.1736605870974,1450.6213684082031,1418.3930908203124,1456.641636605824,1410.6083946588024,1472.3361469836127,1446.7817240598015,1451.3291336622112,0.018525950721715922,0.01135833547027757,0.02047896383679018,0.018525950721715922,0.022136063718606547,0.05348778370752694,0.06791513776198332,10580008.05,0.9800108800484324,0,26.810118910587562,19.005557772167094,25.789867973720042,0.016941160081739008,0.04508894302004903,0.07919396632230694,0.007445716616835049,0.09505748203894872,0
2025-07-02,1512.75830078125,1523.9136988316195,1502.6983810571346,1522.3200879079554,6361002,69.33872768199787,26.886061984537264,20.808614005831576,6.077447978705688,1519.7541579866352,1455.3674194335938,1390.9806808805524,1455.3674194335938,1422.9269848632812,1461.9860808130074,1414.614273330271,1478.554939875557,1451.6688778910197,1454.6949729662433,-0.006281049417176665,0.011437989629618691,0.014024261353270015,-0.006281049417176665,0.002243712844546275,0.03509850149169247,0.06202373428230468,10491716.8,0.6062880004538437,0,29.142028158686344,20.271816918969535,25.697385529241892,0.01698710594810203,0.03472825127035972,0.06937864921999493,-0.004603282161539371,0.08754803109386605,0
2025-07-03,1511.76220703125,1525.806092605863,1506.9812529023668,1514.7502729656237,11283291,74.05027557467402,27.543514602091136,22.15559412508349,5.387920477007647,1527.5488422564656,1459.1224243164063,1390.696006376347,1459.1224243164063,1427.2656567382812,1466.7266642623638,1418.4239962205056,1483.663750207202,1456.1202356051108,1459.3029616328017,-0.0006584619297647087,0.010877595530217358,0.012452249180420838,-0.0006584619297647087,0.011462090781666934,0.015047166289272385,0.05895482863193369,10370040.5,1.0880662423642415,0,28.500932377948175,20.355687724536892,25.09978402767719,0.016602997423098266,0.030704795832927186,0.06580416790709327,-0.010334618958498173,0.08705439585632947,0
2025-07-04,1521.2244873046875,1523.913698138102,1511.1645675851505,1517.9375659885409,6603501,73.99463243199196,28.499552377234295,23.424385775513652,5.0751666017206425,1536.2661384757248,1463.2957641601563,1390.3253898445878,1463.2957641601563,1431.7617016601562,1471.9169331235373,1422.4553880277283,1489.4423251452768,1460.9427727680425,1462.0474999019264,0.0062591062466228475,0.010867126469609651,0.008380834426048797,0.0062591062466228475,-0.0007196785206071699,0.007852792768617833,0.041672427325836425,10291107.5,0.6416705879323484,0,26.915394361298013,20.022240488402986,24.72983652784595,0.016256533295531148,0.03349887012748417,0.06943563932356792,-0.00979104518046694,0.09414997267275092,0
2025-07-07,1535.367919921875,1538.65484117058,1518.933556847784,1520.5271677380254,7251074,78.4132137684042,30.052054633464195,24.74991954710376,5.302135086360433,1546.9192169693015,1467.9123229980469,1388.9054290267923,1467.9123229980469,1436.5645190429686,1477.9598842471887,1426.8833304549498,1496.5078012647534,1466.4557466312892,1465.14789043894,0.009297400045306103,0.010616543879461435,0.012844663527813906,0.009297400045306103,0.014945956091563684,0.0272557675938625,0.058141111796848666,10259404.95,0.7067733494621441,0,28.23176677331753,20.834595947191247,24.559096904255316,0.015995577728043824,0.03884275634715725,0.07602905377858453,-0.0074672917116238285,0.10545173763033613,0
2025-07-08,1531.4833984375,1538.7544076502809,1524.1128113419518,1529.8897875590692,7171261,77.29811420344593,30.616052640207272,25.923146165724464,4.6929064744828075,1554.8869036258022,1472.8476135253907,1390.808323424979,1472.8476135253907,1439.9270874023437,1483.057361789123,1430.985293905246,1501.8886623682529,1471.2726097280456,1468.5606805043496,-0.0025300264737670997,0.010704948138843859,0.0095604015840245,-0.0025300264737670997,0.01304516762922514,0.006019318978038868,0.059829062717129844,10222308.95,0.7015304502218161,0,26.415725183298946,20.3768992464436,24.38834855890434,0.015924657481619857,0.03265284128319695,0.07023000513023345,-0.015051580364930837,0.10114627058464608,0
2025-07-09,1512.9573974609375,1544.8301010282516,1504.0927774643353,1530.586937987722,8870660,70.18368669984523,29.23117290787036,26.584751514153645,2.6464213937167145,1558.9944489355712,1476.338671875,1393.682894814429,1476.338671875,1442.3035961914063,1485.9049842340578,1434.1998862015475,1503.5915446902043,1474.360371782334,1471.6437833029686,-0.012096769051145873,0.011657662963934595,0.026925625025715976,-0.012096769051145873,-0.005434496954751067,0.0001316116920890842,0.03523473255695264,10256056.95,0.8649191441941048,0,23.918903421050345,19.585612871276453,26.28790128314693,0.01737517614657464,0.018206018227218252,0.05491390148410749,-0.029529964975863927,0.08558223903751808,0
2025-07-10,1511.16455078125,1518.6347158851345,1501.5031858807802,1513.654605815878,10047129,64.07284208304984,27.670015286629905,26.8018042686489,0.8682110179810039,1561.8518214936162,1480.1036376953125,1398.3554538970088,1480.1036376953125,1444.5386694335937,1488.3106572385523,1437.2181083419282,1504.7566225503651,1477.0866072637352,1474.9468463279154,-0.0011849948205391314,0.010389780486599776,0.011336641000146256,-0.0011849948205391314,-0.015763888789506963,-0.000395337472533952,0.014645880108048903,10317007.7,0.9738413784454188,0,21.583992976188483,18.794112121422586,24.459484225208257,0.016185850980002848,0.015355593559412793,0.05145109292049723,-0.03245331600272641,0.08067269060227783,0
2025-07-11,1489.2520751953125,1508.9733598189127,1484.371664566644,1505.9852937598653,7234991,59.907101457982215,24.38355453621989,26.3181543221631,-1.9345997859432096,1560.576658823814,1483.4552490234375,1406.3338392230612,1483.4552490234375,1446.0406689453125,1488.400316091577,1439.2586560616687,1502.3713075726646,1477.9877530364447,1478.2497863224555,-0.014500390162414223,0.011122299386476462,0.016519497042864414,-0.014500390162414223,-0.027575436524662322,-0.021017550253890405,-0.013329803951920516,10190893.45,0.709946682839668,0,16.483382968039678,16.803268033940412,24.65156731872714,0.016552985038140126,0.0005722647963231801,0.0347355347998697,-0.045703992319260874,0.05896056374357034,0
2025-07-14,1477.7977294921875,1494.0329360309418,1473.2160528053016,1486.263916129696,10311846,58.253862445055006,20.61707988039325,25.177939433809133,-4.5608595534158844,1559.0677290393598,1485.74111328125,1412.41449752314,1485.74111328125,1447.0844970703124,1487.3905459392543,1440.76999227463,1498.590757098745,1477.9736772183517,1480.4407126092385,-0.007691341105986238,0.011310832813142092,0.014086422526033655,-0.007691341105986238,-0.023239033714865576,-0.03749602273350672,-0.011262238020962712,10283581.1,1.002748546418329,0,9.430661692065542,13.886661819680285,23.868978665967216,0.01615172238366428,-0.00644942679866847,0.025699964196991273,-0.052127305333455866,0.04629181595325301,0
2025-07-15,1479.4910888671875,1490.5469086437597,1476.503022895967,1480.2878335086834,8132454,54.905132345741656,17.56626852035356,23.655605251118022,-6.089336730764462,1556.1936269321304,1488.4403381347656,1420.6870493374008,1488.4403381347656,1448.369365234375,1486.6382166942954,1442.2884666508087,1495.6523466015822,1478.0860780812286,1483.1166726992728,0.001145866813303309,0.01096023678629174,0.009492376029480387,0.001145866813303309,-0.02095963798097822,-0.03394898672970126,-0.028134017531769695,10171873.85,0.7995040166566754,0,3.580854905172373,11.303172745562733,23.33538935191877,0.015772578508591185,-0.004807577086912431,0.025794161900752347,-0.049288556859183257,0.04139126879294951,0
2025-07-16,1479.690185546875,1485.068728397248,1465.6463003598592,1467.1403332858122,10409983,46.90488909189172,14.991728659781074,21.922829932850632,-6.931101273069558,1552.1251855649816,1491.204296875,1430.2834081850183,1491.204296875,1449.9550317382811,1485.97649944216,1443.7552007251643,1493.1966295162426,1478.2049008564616,1484.603910082563,0.000134571057024635,0.009636398785129683,0.013126009908763732,0.000134571057024635,-0.006420598505584407,-0.0219882013663385,-0.021859483578637318,10358286.25,1.004990859371163,0,0.0715152081022552,9.555314523616744,22.32513328432976,0.01508770788803919,-0.004230426186177876,0.024889943117546116,-0.046668271793901664,0.03454334789812898,0
2025-07-17,1470.52685546875,1483.674296790977,1468.0368005528198,1481.4830970988437,11854613,36.62552547276788,12.072815216806475,19.9528269896418,-7.880011772835324,1547.4824058204194,1493.3507202148437,1439.219034609268,1493.3507202148437,1451.337509765625,1484.5051047780257,1444.8050695386382,1489.7089719704745,1477.636156753668,1486.752221625549,-0.006192735592645882,0.0088610765969137,0.010633941284378988,-0.006192735592645882,-0.004920073889906451,-0.026891641477091888,-0.027276347676051915,10450655.4,1.1343415839737667,0,-3.805552460526542,7.586961196710035,21.542544432963933,0.01464954166110551,-0.009416100533629257,0.0178029455131448,-0.049729515542291665,0.02175333990630673,0
2025-07-18,1470.12841796875,1478.8934598804974,1463.2558421043927,1478.8934598804974,10296318,40.63925875905192,9.616551092346981,17.88557181018284,-8.269020717835858,1546.8834403576054,1493.83876953125,1440.7940987048944,1493.83876953125,1453.3056494140626,1483.1358965104757,1445.7981420260937,1486.6965790471322,1477.0800279547852,1491.5946436016143,-0.0002709488089376322,0.008564855129470552,0.010636905990641876,-0.0002709488089376322,-0.006328305029269399,-0.012841115043639939,-0.03358877651678471,9514939.55,1.0821212206229938,0,-5.264419581101265,6.539485964425012,20.61055407842637,0.01401956035031525,-0.008770254008637877,0.016828266156547016,-0.04961913767149214,0.02035982746613394,0
2025-07-21,1422.9169921875,1470.128458883213,1417.4388712363768,1459.1722169809668,22442744,16.95363582647768,3.81638368359836,15.071734184865942,-11.255350501267582,1551.4097693513945,1492.434375,1433.4589806486056,1492.434375,1453.1482788085937,1477.4007627654305,1444.9008420324235,1476.884334914881,1473.0679512312827,1486.9005936939939,-0.032113810742112725,0.010162102358958156,0.037029277137125595,-0.032113810742112725,-0.03836829757601745,-0.037136839642828545,-0.07324037859283716,10337622.85,2.170977247443304,1,-9.989783173823753,4.130849757793385,22.147271936918123,0.015564697068428671,-0.03687812538823021,-0.015214780976942763,-0.08282323580933368,-0.007354230991901547,0
2025-07-22,1407.179931640625,1426.2039275426996,1405.0881881707603,1421.721828538219,20396320,16.28498588870005,-2.026776622534726,11.652032023385809,-13.678808645920535,1557.773439599483,1490.5419372558595,1423.310434912236,1490.5419372558595,1453.0905126953126,1470.713064563068,1443.4215906445097,1466.1605805649954,1468.18735718753,1482.5639476036463,-0.011059717912765832,0.01029637799745981,0.015005713837405675,-0.011059717912765832,-0.0430777061925417,-0.04887569635984057,-0.08116540272241668,10537301.65,1.93563026640696,1,-15.925152131227378,1.1331239937010196,22.140159193879153,0.015733708743320435,-0.04319886349912717,-0.025108159139910227,-0.09667227860655841,-0.011333088605231467,0
2025-07-23,1418.932861328125,1420.327316390472,1408.773485959778,1420.327316390472,8354596,22.261850916996167,-5.644098407282627,8.192805937252123,-13.83690434453475,1561.9175862490279,1488.4154235839844,1414.913260918941,1488.4154235839844,1453.0944946289062,1465.7816166359305,1442.4612483183769,1458.8947776054767,1464.5388760127594,1480.7065820672094,0.008352115762336965,0.010861764862510647,0.008142619531610247,0.008352115762336965,-0.03482386709547525,-0.04106084152764378,-0.06214618884220113,10578738.9,0.789753493207021,0,-20.194882806229543,-1.2939524067874117,21.734626697189942,0.015317586398588495,-0.03196162018686427,-0.016311278391486286,-0.09154434662861,0.002840881148130183,0
2025-07-24,1397.3192138671875,1417.3392306864348,1390.4466381154343,1413.554298653669,14740507,15.48270993332082,-10.138027826321832,4.526639184537332,-14.664667010859164,1567.8392869842994,1483.8138000488282,1399.788313113357,1483.8138000488282,1452.0725756835936,1459.261387800812,1440.690972457546,1449.4216139534321,1459.559641779754,1475.2196277448263,-0.015232325679389147,0.010748271914304273,0.01924584755159358,-0.015232325679389147,-0.017989649755296044,-0.049783274157360835,-0.07533616167425716,10582869.6,1.3928648426320966,0,-25.243716977213808,-4.114097081092268,22.858704744314164,0.0163589711767084,-0.04244762072885017,-0.030104831236899096,-0.10876119416876145,-0.001763909030414575,0
2025-07-25,1386.1636962890625,1395.4267490386208,1378.593953801798,1393.3351272649268,11854722,7.7313159691170625,-14.433278456287326,0.7346556563724009,-15.167934112659726,1571.3041138829203,1477.6533996582032,1384.002685433486,1477.6533996582032,1450.783720703125,1452.299702894931,1438.552647901919,1439.6896266204524,1454.1229050767397,1468.699748435037,-0.007983514051346452,0.00980801539430531,0.012143439683124166,-0.007983514051346452,-0.014935002183451895,-0.05711386886575531,-0.06922157814870267,10619753.1,1.116289793968939,0,-30.836193615544744,-7.245494124174684,22.787560154499406,0.01643929949652023,-0.045538814387992205,-0.03641782015365519,-0.11782596122424004,0.0015614209989047991,0
2025-07-28,1382.080078125,1402.199795115413,1379.490445288333,1386.7614543919697,7748361,7.722604419549029,-17.95978021699716,-3.0042315183015114,-14.95554869869565,1574.4926274372192,1472.0258728027343,1369.5591181682494,1472.0258728027343,1449.7239526367186,1445.612119583509,1436.338037322432,1430.8266191596135,1448.7863993766107,1464.455391250339,-0.002945985510221405,0.009793300649862908,0.016431283676332842,-0.002945985510221405,-0.0259721824812984,-0.028699435235304938,-0.06477046855396018,10586694.8,0.7318961343818091,0,-31.788643181921543,-8.562804709991497,23.363828262981624,0.01690482963525397,-0.04394819370829084,-0.03777520178925128,-0.12220606559803748,0.00914232893684582,0
2025-07-29,1411.4627685546875,1414.550412474214,1377.498442270458,1377.498442270458,10750072,22.942093807927023,-18.174120762000257,-6.0382093670412615,-12.135911394958995,1569.4865708768396,1466.4830078125,1363.4794447481606,1466.4830078125,1449.57455078125,1442.3598004379069,1435.362536586442,1427.847565220394,1446.0216859823943,1458.8301790342523,0.02125975975975969,0.012270415585266274,0.026250759870695316,0.02125975975975969,0.010121920994957678,0.0030435602567677744,-0.04598089223003543,10605772.25,1.0136057749118645,0,-28.353264125161104,-8.059054058067659,23.10058873725588,0.01636641734511387,-0.02142116819523041,-0.01665068400669884,-0.10068502990367571,0.03519182044976817,0
2025-07-30,1404.4906005859375,1417.6381639620697,1395.7256799199,1412.458776601272,7209849,22.325560773856836,-18.6911232404982,-8.56879214173265,-10.12233109876555,1565.2069790485589,1461.0696228027343,1356.9322665569098,1461.0696228027343,1449.194072265625,1438.7532099758146,1434.1518724295597,1424.2541860458623,1442.9453092863605,1455.4183061422177,-0.004939675437482083,0.012224450313512802,0.015601730643856334,-0.004939675437482083,0.013221313143561897,-0.010178255177394013,-0.05082116898217082,10648214.6,0.677094637067138,0,-27.028406660115934,-8.309375888817158,23.442085454242697,0.01669080978147018,-0.023814097617514976,-0.020682099583619287,-0.10268059152171422,0.03504842150279365,0
2025-07-31,1384.669677734375,1397.0203743336986,1376.7015020683227,1382.5780559389789,17065827,22.57050120028609,-20.464334147816544,-10.94790054294943,-9.516433604867114,1561.3095410273838,1454.7149963378906,1348.1204516483974,1454.7149963378906,1448.8115966796875,1433.6023973813917,1432.2113942062192,1418.1642616902488,1438.6285958380654,1446.947157850414,-0.014112535066659326,0.01220203790230756,0.014674165681610063,-0.014112535066659326,0.0018736972266384377,-0.009052717523152065,-0.05838531776218858,10937341.4,1.5603268084874813,1,-25.658990419420206,-8.479578251326757,23.51324347588619,0.01698112109623072,-0.03413269937075781,-0.03319462243085523,-0.11313570989694653,0.02711124665551025,0
2025-08-01,1388.15576171875,1400.3073026227253,1378.7932525308158,1381.3828853186424,10321171,25.46345146965956,-21.34229799784157,-13.02678003392786,-8.31551796391371,1553.7847742463296,1448.0615600585938,1342.3383458708581,1448.0615600585938,1448.1522265625,1429.274146365902,1430.4837223439656,1413.5475693869412,1434.8898673847827,1442.1308075435427,0.0025176286015586857,0.012340677572281232,0.01549829686639181,0.0025176286015586857,-0.01651266144257102,0.0014371069124234914,-0.055758840689073996,11123224.9,0.9278937621768305,0,-23.025556529029018,-8.068925557953435,23.56304110919114,0.016974349535542377,-0.028768717850036197,-0.02958996314607324,-0.10659713962502862,0.034132538930166136,0
2025-08-04,1405.885009765625,1410.466686507784,1386.1637261382157,1389.550225151016,6312820,31.478663546711175,-20.372645352408654,-14.49595309762402,-5.8766922547846345,1540.4342501440315,1441.5874145507812,1342.740578957531,1441.5874145507812,1447.6880786132813,1427.046609546828,1429.5190669487365,1412.3687140605848,1432.7413594129935,1438.0456817271167,0.012771800208446038,0.01310899944777857,0.017286591862601855,0.012771800208446038,0.0009928220089943096,0.017223988694576864,-0.011969765288761591,11076312.2,0.5699387924439328,0,-18.565510036680962,-6.8189703736954925,24.295832153603687,0.017281521593045537,-0.014828947870121116,-0.016532872998719535,-0.08734500701073482,0.04702653051352463,0
2025-08-05,1386.1636962890625,1405.38696851784,1382.5780415934858,1405.38696851784,9315972,28.571420580435387,-20.953989279588086,-15.787560334016833,-5.166428945571253,1526.483095344175,1434.3214294433594,1342.159763542544,1434.3214294433594,1447.0824951171876,1423.1529987603742,1427.8188563346316,1408.337172864966,1429.2911621445542,1433.1071796520703,-0.014027686005308682,0.013346397638872215,0.016454713815847722,-0.014027686005308682,0.0010789710923200246,-0.017924009636847038,-0.014935002183451895,11183547.75,0.8330068604571389,0,-19.206801677532667,-7.543680251810429,24.573299306085865,0.01772755943029797,-0.025991093370516687,-0.029173980901542725,-0.0919233232802193,0.03278591263261612,0
2025-08-06,1387.259521484375,1390.3471654369864,1377.797312271222,1386.3630773472378,5834312,30.189621743943846,-21.083250012884946,-16.84669826979046,-4.236551743094488,1514.5924257795884,1428.0365356445313,1341.4806455094742,1428.0365356445313,1446.6820947265626,1419.7345723531362,1426.228294183641,1405.094457267952,1426.177707280837,1428.3198842555896,0.0007905453001302298,0.013411415343022792,0.009046507139728318,0.0007905453001302298,-0.0006456337675430079,-0.012268561351976182,-0.022321943981270298,11031730.35,0.5288664438756882,0,-19.018637622678398,-7.923578245918634,24.352753372343532,0.017554576483487357,-0.02287402976665946,-0.027322955839669007,-0.08407073885218518,0.034125632843189195,0
2025-08-07,1383.8729248046875,1388.1557462486337,1360.5659868045632,1382.1796145349972,9976705,29.766390224710022,-21.214413570253782,-17.720241329883123,-3.494172240370659,1500.9006436946186,1421.6719543457032,1342.4432649967878,1421.6719543457032,1446.1163525390625,1416.3191773485219,1424.5672993060352,1401.8296061197575,1423.0440196900113,1422.2821277473972,-0.0024412135056487427,0.01337661010885944,0.01993662781426582,-0.0024412135056487427,-0.015657101973515664,-0.0005754101086341556,-0.009622918606612685,11028209.15,0.904653227400933,0,-17.28322003286985,-7.644094900183973,25.206477777198238,0.018214445362283352,-0.022908856324728083,-0.02856612988461242,-0.07797166280231282,0.030861386017679383,0
2025-08-08,1362.35888671875,1391.6418351007062,1359.569976594415,1379.4904158119157,8793606,33.84700743160346,-22.791636904731376,-18.734520444852777,-4.0571164598786,1492.053058067651,1415.327294921875,1338.601531776099,1415.327294921875,1445.0585766601562,1411.1801020504483,1422.127753714377,1395.7571877503717,1418.548824655103,1417.9169740292662,-0.015546252622128498,0.011289721876560967,0.023541416890182614,-0.015546252622128498,-0.017173159010036798,-0.018583559360845436,-0.017173159010036798,11106139.9,0.791778788956188,0,-18.09404431545363,-8.355968629588688,23.73378283858788,0.01742109444872551,-0.034596020210858267,-0.04202777622440735,-0.0869232971626807,0.017747891645640865,0
2025-08-11,1380.6856689453125,1382.4785572067017,1355.7851185633474,1364.5501609316866,9997486,43.029343809395954,-22.30565390478432,-19.44874713683909,-2.856906767945233,1482.7117193011925,1410.4716918945312,1338.23166448787,1410.4716918945312,1444.5107641601562,1408.2758703261497,1420.5025739195116,1393.4384925495935,1415.7441464543779,1412.9272485048782,0.01345224258102995,0.011838148044246058,0.019333465425005133,0.01345224258102995,-0.004738733046883992,-0.01792418344691893,-0.001008920685391268,11090421.9,0.9014522702693574,0,-18.77073922067825,-9.016493029224875,24.13218992940324,0.01747840980187583,-0.019591474910698774,-0.028030153345188682,-0.06881044307383316,0.031723957506034184,1
2025-08-12,1374.9088134765625,1396.3232867936674,1369.7294260490362,1376.402846498686,12244664,38.04118809202162,-22.13153428233545,-19.98530456593836,-2.146229716397091,1471.3248569108252,1405.242578125,1339.1602993391746,1405.242578125,1444.01076171875,1405.0980553880938,1418.7145833139057,1390.5877726922042,1412.7193069745397,1408.6670971521069,-0.004184048258546014,0.011522478124971081,0.019342272363057016,-0.004184048258546014,-0.0064775538038581715,-0.008119447106161193,-0.02589792369483157,11296032.4,1.0839791854704666,0,-18.054943372280377,-9.104273020725941,25.09265250045925,0.018250412139704415,-0.021485505439115374,-0.030877084335750912,-0.06553008533866317,0.026694723667531423,1
2025-08-13,1377.0999755859375,1386.2634508216695,1372.0202877666843,1382.4785186353236,7457021,43.8596660325011,-21.568110999243572,-20.301865852599406,-1.2662451466441667,1457.1743333592112,1400.1130676269531,1343.051801894695,1400.1130676269531,1443.196015625,1402.4315715974124,1417.0826379128089,1388.5127269835477,1410.0808379827913,1404.4757894503282,0.001593678131886156,0.010918847187633005,0.010342867843654499,0.001593678131886156,0.01082026844093309,-0.007323464529237267,-0.019502177507327523,11148384.3,0.6688880468535696,0,-17.303000755723815,-9.145656270832205,24.07529106062314,0.017482602198420218,-0.018062625317698314,-0.028214771148252157,-0.05495180359695124,0.025351348059106438,1
2025-08-14,1373.800048828125,1380.699951171875,1370.0999755859375,1377.300048828125,7126128,46.05718930458634,-21.144134082922847,-20.470319498664093,-0.6738145842587535,1442.8104558342252,1395.2767272949218,1347.7429987556184,1395.2767272949218,1441.9387744140624,1399.7047599050993,1415.3852814781155,1386.2492380365597,1407.3933721194826,1399.728148596313,-0.0023962869917331098,0.01074409621299665,0.007715806674326049,-0.0023962869917331098,-0.0049871018958626,-0.007278757894612409,-0.007849979732375667,10911960.05,0.6530566431096858,0,-16.614417443422553,-9.182017827919708,23.494913597805148,0.017102134781438325,-0.0185072679746625,-0.029380857067103475,-0.04783054262397811,0.019333841909448094,1
2025-08-18,1381.699951171875,1394.9000244140625,1377.0,1390.0,11785109,49.88165671478433,-19.940808003307893,-20.364417199592857,0.4236091962849642,1423.048753675208,1390.8553039550782,1358.6618542349484,1390.8553039550782,1440.8176196289062,1397.9900162162207,1414.0642881327728,1385.5493477496852,1405.4901557529931,1395.584701297906,0.005750401851047249,0.010848063872293012,0.012955073493981652,0.005750401851047249,0.004939336797282312,0.014196747011140376,-0.004650638440517496,10986399.6,1.0726998315262446,0,-13.190085834227602,-8.063465581604078,23.379958294866388,0.016921154462687004,-0.011652490257717425,-0.02288745796956228,-0.02905649043755131,0.01695646114234893,1
2025-08-19,1420.0999755859375,1421.0,1389.0999755859375,1390.0,14384719,52.54603341839782,-15.707535674245037,-19.433040894523295,3.725505220278258,1422.3368591073981,1390.714453125,1359.092047142602,1390.714453125,1440.3588842773438,1400.0957266323842,1414.300981758387,1390.8648289552625,1406.5723646295075,1392.1959520694081,0.027791869270527236,0.011918807106424803,0.02246322439439551,0.027791869270527236,0.031225038677169525,0.028546907907527563,0.01011104444643185,10583498.35,1.3591648549744424,0,-8.180143693765558,-6.2015921611246085,23.54053533946418,0.016576674701899975,0.014287772309447043,0.004100254402949393,-0.0015726819614760032,0.04488873919290489,0
2025-08-20,1413.0,1424.9000244140625,1410.0,1413.0,8725641,52.506470317083284,-12.778245882840338,-18.102081892186703,5.3238360093463655,1423.3643928911538,1391.0054565429687,1358.6465201947835,1391.0054565429687,1439.9633325195311,1401.3247050483474,1414.2499628659014,1394.2702398852223,1407.0484857680626,1391.129339294173,-0.0049996308062804085,0.011920923123818554,0.010544957122478769,-0.0049996308062804085,0.02853395674669912,0.027704518401566514,0.019360125923642224,9999964.4,0.8725672063392546,0,-3.7733503397464574,-4.464620448004325,23.039645366027944,0.01630548150461992,0.00833161287287076,-0.0008838344696636017,-0.007281615967715416,0.04000560778488877,0
2025-08-21,1424.800048828125,1431.9000244140625,1420.300048828125,1425.0,11021323,62.40676471875816,-9.396282796358491,-16.36092207302106,6.96463927666257,1424.8096686855847,1391.2988159179688,1357.7879631503529,1391.2988159179688,1439.5966088867187,1403.560452074993,1414.663691727165,1398.9671335687458,1408.3634163651043,1391.9818227148717,0.00835106074177272,0.011298758277514382,0.00814147612886334,0.00835106074177272,0.03119352911585116,0.034638061206770265,0.027060926064923718,10133300.75,1.0876340564549019,0,1.1288804775806511,-2.41894618564379,22.404711501488496,0.0157248110146515,0.015132655470401603,0.007165206232574202,-6.7516789583450586e-06,0.04935386635943511,0
2025-08-22,1409.199951171875,1423.4000244140625,1407.9000244140625,1420.0,5818868,56.0526840585572,-7.8839687063500605,-14.665531399686863,6.781562693336802,1426.2632494969218,1391.8928527832031,1357.5224560694844,1391.8928527832031,1439.0633032226563,1404.097547227077,1414.4494273916637,1400.5414131999964,1408.4253819063465,1391.8885843914934,-0.010948973274587437,0.01182175096243992,0.010999148834138387,-0.010948973274587437,-0.00767553313249314,0.025767870931396875,0.01830155494281538,9687218.8,0.6006747777803882,0,4.392787321977721,-0.9358540864518545,22.075138238785144,0.015665014904682407,0.0036339383648056373,-0.0037113212520217495,-0.011963638782016917,0.03806750663411898,0
2025-08-25,1412.5999755859375,1419.5,1405.699951171875,1414.699951171875,5979407,52.104839036768965,-6.3380344238103135,-13.000032004511555,6.661997580701241,1428.6734869445488,1393.214666748047,1357.7558465515451,1393.214666748047,1438.8709057617189,1404.907302308873,1414.3768998698704,1402.3965766439874,1408.7346110677977,1392.873406227681,0.0024127338432242684,0.011352572439177649,0.009769254613218316,0.0024127338432242684,-0.0002831029115799577,0.022363773254717723,0.03687801309696992,9393453.05,0.6365504749076273,0,6.917286092652375,0.31261173709754075,21.324930271539188,0.015096227268936304,0.0054755735587835455,-0.0012563301084006471,-0.011250654194603372,0.04039321883509953,0
2025-08-26,1384.9000244140625,1410.0,1381.5999755859375,1408.0,12145259,49.622764720630165,-7.264286752639009,-11.852882954137046,4.588596201498037,1428.6501075634287,1393.3556640625,1358.0612205615712,1393.3556640625,1437.9272973632812,1403.001847271272,1413.2209439696426,1399.7047993778451,1406.9690861304841,1393.0282469192446,-0.01960919697764063,0.011978940097518168,0.020506913071994686,-0.01960919697764063,-0.02800394655157379,-0.024786952874463197,0.0030523641720487937,9613297.95,1.2633811063767144,0,2.906120638887842,-1.0800377887444483,21.874432544957813,0.015794954263368337,-0.012902208854832333,-0.020039980072775115,-0.030623371613349226,0.01976258761103068,0
2025-08-28,1385.9000244140625,1392.199951171875,1366.5,1389.9000244140625,13161813,49.593926360549055,-7.8274270472752505,-11.047791772764688,3.2203647254894374,1426.4504381903457,1392.0775268554687,1357.7046155205917,1392.0775268554687,1437.135166015625,1401.3731022372522,1412.14953535962,1397.5809878449554,1405.4084148922307,1391.8014795038393,0.0007220737832127622,0.011978607006371217,0.01854387092802062,0.0007220737832127622,-0.016534152402174374,-0.019179034384952276,0.007994138105572146,9733885.0,1.3521644235575003,0,0.048397188904800714,-2.1004275062814486,22.81372525967999,0.016461306629477323,-0.01104136921030334,-0.018588336637360908,-0.028427495754936402,0.02076696843419045,0
2025-08-29,1357.199951171875,1403.5,1350.0,1381.0999755859375,18758842,43.07946367545866,-10.468896915130472,-10.932012801237844,0.46311588610737253,1426.8830205654472,1389.7129943847656,1352.542968204084,1389.7129943847656,1435.7909448242187,1397.166135469121,1409.9946497051985,1391.3685206644814,1401.8374175796118,1389.3448958198348,-0.02070861731481788,0.013197460602893316,0.03941939428586436,-0.02070861731481788,-0.03921848037062503,-0.04744532238881516,-0.014450675162923643,10311334.65,1.8192448055208836,1,-6.3943166058720635,-4.669042021966561,24.66445672796067,0.018173045693572365,-0.02860517678080328,-0.037443190684703545,-0.048835866983656495,0.003443131255175267,0
2025-09-01,1353.9000244140625,1363.199951171875,1340.5999755859375,1356.0,11232238,47.57618431003014,-12.682362941393649,-11.282082829269006,-1.4002801121246424,1428.6257734043847,1388.17451171875,1347.7232500331152,1388.17451171875,1434.3169775390625,1393.0455534638772,1407.7948604780952,1385.6041366259553,1398.286499567349,1387.5571796573404,-0.002431422691227758,0.012559122309137217,0.01669249957781651,-0.002431422691227758,-0.022384287279593185,-0.039242072575879416,-0.014485386305698289,10019655.2,1.1210204119598848,0,-11.051993763199789,-6.6545669135684875,23.987893662221122,0.017717625548165968,-0.028100681239373277,-0.03828316012300947,-0.05230603449933034,0.004583117773471345,0
2025-09-02,1366.5,1384.5,1354.5,1354.800048828125,11517006,45.797285734228204,-13.26690536034107,-11.67904733548342,-1.5878580248576508,1428.688237208153,1387.0917236328125,1345.4952100574721,1387.0917236328125,1432.43962890625,1390.5174055149366,1406.1754541848366,1382.6650386835006,1395.9319440438417,1386.390175757264,0.009306429838784158,0.012253247969355424,0.021953896816684963,0.009306429838784158,-0.01399814133221089,-0.03263484099015046,-0.011000905919540171,10079446.95,1.1426228102723435,0,-14.389896793936487,-8.201445685033832,24.26693201526278,0.017758457384019596,-0.017272279670632745,-0.028215152004510358,-0.04352820691635079,0.015611196372546463,0
2025-09-03,1372.5999755859375,1376.5,1360.5,1369.699951171875,7847563,49.317279745652954,-13.087082646275348,-11.960654397641806,-1.1264282486335429,1426.5184126733384,1385.427471923828,1344.3365311743178,1385.427471923828,1430.8715307617188,1388.8109836169367,1404.8587687495856,1381.1165674377216,1394.203650083997,1385.3027651351385,0.004463941153265649,0.012280305687793725,0.011656710100967251,0.004463941153265649,0.011346909054016141,-0.008881542791024932,-0.033448349282874545,10156184.1,0.7726881398299978,0,-14.190863654335317,-8.362175220056997,23.51022767636055,0.01712824427694199,-0.011672580518322389,-0.022962303315628284,-0.037797224773535254,0.021024084190385553,0
2025-09-04,1359.300048828125,1374.0,1357.0999755859375,1371.800048828125,13223177,45.061058923707336,-13.858018179795408,-12.340127154072526,-1.5178910257228821,1426.7980938990609,1384.0842895507812,1341.3704852025016,1384.0842895507812,1429.1569580078126,1386.0004183989545,1403.0721522820775,1377.7601799593222,1391.6181981391176,1383.6347880908238,-0.009689586911244885,0.012531805425107718,0.012432887373639316,-0.009689586911244885,0.003988495691474414,-0.019193286036042534,-0.03800421172814927,10351544.35,1.2774110367406193,0,-15.37268383829769,-9.077383077542436,23.700003487723215,0.017435446653706353,-0.01926433009426689,-0.031197328934764863,-0.04730735579165346,0.01336660066955074,0
2025-09-05,1375.0,1381.0,1359.300048828125,1363.0,5777575,50.31151404063183,-13.051683610525743,-12.48243844536317,-0.5692451651625721,1426.3448252708943,1383.4713134765625,1340.5978016822307,1383.4713134765625,1427.4276953125,1384.952759503816,1401.9712835651333,1377.3355368886573,1390.387220499183,1383.2612166781403,0.011550026195769059,0.012947368260059969,0.015781782670454544,0.011550026195769059,0.00622027076472742,0.0131152737021214,-0.0349523070757084,10348707.5,0.5582895255277048,0,-12.213375965304976,-8.023366140065264,24.49285888671875,0.01781298828125,-0.00718635306187752,-0.01923811413351265,-0.035997484171573134,0.02566183405239076,0
2025-09-08,1378.5,1386.0,1372.4000244140625,1380.0,6986720,49.149853346945704,-11.992000587758639,-12.384350873842266,0.39235028608362654,1426.1328794281717,1383.2026672363281,1340.2724550444846,1383.2026672363281,1425.2106616210938,1384.338210979643,1401.050841072383,1377.5146850596332,1389.5066856473918,1383.3943564562505,0.0025454545454546285,0.012868634801522715,0.009865778444640915,0.0025454545454546285,0.004298429636459655,0.01816971352562291,-0.021785376267111856,10199208.25,0.6850257224623294,0,-8.707342484234232,-6.744019405712152,23.957144601004465,0.017379140080525546,-0.004217329936671712,-0.01609566220674927,-0.03340002892806929,0.028522219352964798,0
2025-09-09,1376.199951171875,1381.199951171875,1368.699951171875,1376.5999755859375,9754452,35.56869445739697,-11.208583304498234,-12.14919735997346,0.9406140554752263,1425.8452198782034,1383.8947204589845,1341.9442210397656,1383.8947204589845,1422.5472265625,1383.5631386169985,1400.0762963704024,1377.3124183076702,1388.5210016121684,1383.535916691414,-0.0016685156533369216,0.010061312497763913,0.00908298244695902,-0.0016685156533369216,0.012432797569837284,0.007098390905140972,-0.025768104943484804,10247250.55,0.9519091928517351,0,-6.954266897938169,-6.099157814434193,22.042855398995535,0.016017189493594583,-0.0053219020076551455,-0.017053602907516594,-0.03481813314250833,0.025526940386216192,1
2025-09-10,1377.0,1388.5,1374.0999755859375,1383.9000244140625,7790815,37.65432512219586,-10.403240132697192,-11.800005914518207,1.3967657818210153,1425.7525734140434,1383.7104370117188,1341.6683006093942,1383.7104370117188,1420.1946142578124,1382.938077796332,1399.171343571563,1377.264353952644,1387.667594085341,1383.9152972100958,0.0005813463570054633,0.010052121497232712,0.010457534069762164,0.0005813463570054633,0.001454545454545375,0.0032056130644939618,-0.005704400516134633,10136917.0,0.7685586258622814,0,-5.872905820604728,-5.687425178022522,22.00714111328125,0.01598194706846859,-0.0042938132167089655,-0.0158460532181626,-0.03419427348274225,0.026334153810265833,1
2025-09-11,1383.300048828125,1385.5,1375.0,1376.0,9766072,35.21026886781782,-9.151149819410648,-11.270234695496697,2.119084876086049,1425.9692904561798,1384.1299987792968,1342.2907071024138,1384.1299987792968,1417.4142138671875,1382.9725512279315,1398.548939856134,1378.1929223950256,1387.3440722144362,1384.005931594229,0.0045751988584785686,0.009806626750817837,0.0075905440825330475,0.0045751988584785686,0.0034820811230504845,0.017656145911780774,-0.0018760195830408444,10012987.4,0.9753404862968268,0,-3.02786717102299,-4.523212425943484,21.407139369419642,0.015475412863286525,0.00023680701392281961,-0.010903366048511401,-0.029922973736976166,0.030551758653114415,1
2025-09-12,1395.0,1396.300048828125,1380.5,1383.300048828125,7403368,44.7947355797628,-7.132551334385198,-10.442698023274398,3.3101466888891995,1426.9967078012978,1385.025,1343.0532921987024,1385.025,1415.0590478515626,1384.1180225395572,1398.409765744129,1380.7786266419446,1387.9111779763298,1384.4562941651593,0.008457999536533478,0.009825732398866178,0.011326199876792115,0.008457999536533478,0.013660841080626485,0.014545454545454639,0.027851495865061304,10010304.75,0.7395746867746459,0,-0.8347369642588092,-3.5615178210043723,21.328569684709823,0.015289297265024962,0.007862030031569682,-0.0024383165990795757,-0.02242241178719888,0.038678068921789446,0
2025-09-15,1399.300048828125,1400.800048828125,1388.5999755859375,1393.0,5396697,45.156615494313904,-5.126721830376255,-9.379502784694768,4.2527809543185136,1428.3850772529381,1386.3,1344.2149227470618,1386.3,1412.8098046875,1385.563929805135,1398.4446788062464,1383.6280762090494,1388.7547980394256,1385.1208267709785,0.0030824722782258895,0.009843552020846245,0.0087186970745872,0.0030824722782258895,0.01619466145833326,0.015088900129216487,0.03353277464760418,9923833.2,0.5438117400038526,0,1.2257188254920948,-2.6061622661366073,21.214285714285715,0.01516064101623672,0.009913738895412597,0.0006116581047801903,-0.020362176060218493,0.04097940377606451,0
2025-09-16,1405.300048828125,1408.0,1398.199951171875,1404.699951171875,8686961,58.82354183496217,-3.0181463291685304,-8.107231493589522,5.089085164420991,1430.3383354759926,1387.4800048828124,1344.6216742896322,1387.4800048828124,1410.4913159179687,1387.443560188277,1398.71351684632,1386.9622258427532,1389.9803721719218,1385.9882639298642,0.004287858065198158,0.008240774077370356,0.006973634446463748,0.004287858065198158,0.015903997125307434,0.02114525409732093,0.028393742281833223,9768925.8,0.8892442401394839,0,3.8804215712784753,-1.3627795240822707,19.700003487723215,0.014018361063995538,0.012870064882080631,0.004708992872718901,-0.017505149674629454,0.04512672649765918,0
2025-09-17,1413.800048828125,1416.199951171875,1406.9000244140625,1407.0,7519417,61.33226236693491,-0.6536709783172228,-6.616519390535062,5.96284841221784,1429.09645925003,1387.1650085449219,1345.2335578398138,1387.1650085449219,1408.0599584960937,1389.9537019635006,1399.305145551489,1391.0911216866566,1391.7447926649738,1385.2004579009829,0.006048530352708692,0.008345430903538474,0.006577964660222676,0.006048530352708692,0.01347673751120082,0.02672479943945172,0.030016081870174904,9425660.7,0.7977602036958534,0,7.015624167168653,0.13380197992592002,18.642857142857142,0.013186346370768548,0.017156216664582512,0.010358643590153701,-0.010703553509559677,0.0509699528299129,0
2025-09-18,1415.0,1422.0,1410.699951171875,1420.4000244140625,9332642,80.23019738135795,1.3020100422236283,-5.032813503983324,6.334823546206953,1429.4645623401086,1387.2650085449218,1345.065454749735,1387.2650085449218,1405.7302905273436,1392.3390636812626,1399.9206300396659,1394.7694106579402,1393.4674006157165,1385.295914224601,0.0008487417813216602,0.0054154504701307655,0.007985900231890459,0.0008487417813216602,0.011219860375923929,0.022916178741358317,0.04097693604873687,9456010.75,0.9869534042143512,0,9.366512453331097,1.3716901835318822,15.628574916294642,0.011044929269466179,0.01627544389857398,0.010771589214959186,-0.010118867386561417,0.05199341415193596,0
2025-09-19,1407.4000244140625,1417.0,1403.5999755859375,1414.9000244140625,13461373,76.77680295217381,2.213135182034648,-3.5836237667797297,5.796758948814378,1425.9722806803272,1386.3950073242188,1346.8177339681104,1386.3950073242188,1403.6191430664062,1393.7734408939102,1400.2139396229757,1396.712582005036,1394.4994468230013,1384.6623648489208,-0.005371007481227874,0.005692039643380946,0.00952111992440904,-0.005371007481227874,0.0014943254201753575,0.008888906390009055,0.023563654119318267,9578013.25,1.4054452263364743,0,9.65541835435306,1.8041738788467683,14.971435546875,0.010637654744327577,0.009776756480172802,0.005132133445994532,-0.013024275799669796,0.0449818033413173,0
2025-09-22,1390.5999755859375,1410.699951171875,1388.0,1403.9000244140625,7757970,61.57539924975404,1.561583915745132,-2.5545822302747574,4.116166146019889,1423.635074053855,1385.4650085449218,1347.2949430359886,1385.4650085449218,1401.2078515625,1393.4712061026746,1399.8369214254449,1395.7721810174824,1394.2105971017372,1384.267098639048,-0.011936939417859782,0.006582324143863733,0.016323854142389325,-0.011936939417859782,-0.016409727288818288,-0.0062174465365548715,0.008777639162812934,9674968.35,0.8018599874799591,0,7.907276297539511,1.3922426191984414,14.407148088727679,0.010360382814372725,-0.0020604878695466597,-0.0065985870912030585,-0.023204751744313856,0.03214220670372706,0
2025-09-23,1389.800048828125,1395.0,1376.800048828125,1391.0,14014702,58.70449695997747,0.9695016276784827,-1.8497654586841092,2.8192670863625917,1420.3864373896986,1384.3250122070312,1348.263587024364,1384.3250122070312,1399.2188110351562,1393.121572076527,1399.443318578491,1394.853391449889,1393.8838898222104,1383.6304359096885,-0.0005752385818038608,0.006531800878482912,0.013095373818141064,-0.0005752385818038608,-0.017809152771643078,-0.011029672996115902,0.00988235586309183,10076733.1,1.390798174459935,0,5.678011888250012,0.7298017321709267,14.564287458147321,0.010479412107106977,-0.002384230719685882,-0.006890789803592286,-0.02153385005406235,0.030807374910593426,0
2025-09-24,1383.0,1396.0,1380.4000244140625,1385.300048828125,5922759,62.83853663826737,-0.04788299601545987,-1.4893889661503796,1.4415059701349198,1420.2950687165385,1384.2300109863281,1348.1649532561178,1384.2300109863281,1397.3228564453125,1392.1576128311435,1398.798482555805,1393.0297927652905,1393.077675761306,1383.185628105115,-0.0048928252908457814,0.006040364530630432,0.011279808811234636,-0.0048928252908457814,-0.01733695039846317,-0.021785293368503322,0.004357298474945592,9765608.1,0.6064915711700535,0,2.2039108676428896,-0.5066629956838824,14.471426827566964,0.010463793801566857,-0.006578000038745801,-0.01129432348749693,-0.026258676480684032,0.025838860934448604,0
2025-09-25,1372.4000244140625,1384.5,1369.0,1381.300048828125,11411143,48.509189562997044,-1.6900156340152535,-1.5295142997233546,-0.16050133429189883,1419.9918835356896,1383.5550109863282,1347.1181384369668,1383.5550109863282,1395.18103515625,1390.2759377438026,1397.7632489031878,1389.855982249717,1391.5459978837323,1382.8330960262138,-0.007664479816296144,0.005693552954982804,0.011294083156707628,-0.007664479816296144,-0.013087840853877708,-0.030105989813383416,-0.007879725315774078,9678074.6,1.179071609966718,0,-2.063125937459972,-2.1573811364780795,14.028573172433036,0.01022192722447848,-0.012857816814948181,-0.018145579738934745,-0.03351558531667544,0.018767385914964945,0
2025-09-26,1377.5999755859375,1382.699951171875,1366.0,1372.0,9879109,49.49379968116177,-2.542516432025195,-1.7321147261837226,-0.8104017058414725,1418.991600020985,1384.5750122070312,1350.1584243930774,1384.5750122070312,1393.1392309570313,1389.0687032525773,1396.9725323025114,1387.9704427629817,1390.512959195007,1383.717070493376,0.0037889471578049783,0.00574777622263951,0.01212249671010046,0.0037889471578049783,-0.00877829386498763,-0.021173829978105574,-0.012473135780689981,9234087.95,1.0698521666127299,0,-4.70473764133294,-3.2414073204643046,14.25,0.010344076838371762,-0.008256414992134767,-0.013867528722732803,-0.029169745919873966,0.020324689826822045,0
2025-09-29,1372.800048828125,1389.0,1368.0,1381.5999755859375,14231999,48.14009519891873,-3.564355756650002,-2.0985629322769785,-1.4657928243730236,1417.3293683738639,1385.5200134277343,1353.7106584816047,1385.5200134277343,1391.1846948242187,1387.5193075931056,1396.024591774104,1385.636536003773,1389.200891760423,1385.0416496202397,-0.003484267452727674,0.005807734873506212,0.015297202253107734,-0.003484267452727674,-0.007375235843727457,-0.012800177671736579,-0.01893803978795905,9384076.0,1.5166116514827885,1,-5.951898509568991,-3.8123296513408604,14.857142857142858,0.010822510437572819,-0.010608327166642275,-0.016636199020294236,-0.031417763957596136,0.014101529176058936,0
2025-09-30,1364.0,1377.0999755859375,1362.800048828125,1377.0999755859375,14604684,43.460758162999646,-5.026320880389903,-2.6841145218995637,-2.3422063584903396,1417.5369817690619,1385.3950134277343,1353.2530450864067,1385.3950134277343,1389.0621264648437,1385.2793735366195,1394.7687254300215,1382.3078381570388,1387.3341590374287,1384.7330865283986,-0.00641029175052632,0.006035143608032516,0.010483817271123535,-0.00641029175052632,-0.006120682209728834,-0.018563856613675878,-0.029388776341796152,9538459.9,1.5311364888161871,1,-7.842198539907486,-4.674593148469512,14.849993024553571,0.010887091660229891,-0.015361070079527136,-0.022060091303334316,-0.03776760850517539,0.007941570833788218,0
2025-10-01,1368.699951171875,1378.5999755859375,1362.699951171875,1367.0,12045916,42.53572248794273,-5.7395302612856085,-3.2951976697767726,-2.444332591508836,1417.7139953135536,1385.2000122070312,1352.686029100509,1385.2000122070312,1387.9777856445312,1383.7003809304533,1393.746420557153,1380.2143170823983,1385.953847343684,1384.4211947173437,0.0034457120028408283,0.005966934807590024,0.011616880968285977,0.0034457120028408283,-0.006460528870347204,-0.010339876231471479,-0.03189991236287815,9748377.55,1.2356841882883371,0,-8.457231900690203,-5.052061998652107,15.235709054129464,0.011131518665639401,-0.010840807710475193,-0.017970607146216462,-0.03457258960813054,0.011838609793297577,0
2025-10-03,1363.4000244140625,1371.5999755859375,1356.9000244140625,1363.199951171875,12842347,32.71331971947801,-6.655690967610553,-3.9672963293435286,-2.6883946382670247,1417.2767823196864,1385.405010986328,1353.5332396529698,1385.405010986328,1387.1021875,1381.767013643178,1392.5563658064436,1377.6275028257312,1384.2831937933418,1384.495204306715,-0.003872234198061264,0.00538643645674061,0.010781832850701672,-0.003872234198061264,-0.00684733688790784,-0.0065578547361527795,-0.036466413841651946,9729336.05,1.319961293761664,0,-8.508924100624654,-5.20688309674415,15.157130650111608,0.011117155918070023,-0.013292392311992534,-0.020937279171099405,-0.03801428103368961,0.007289650872277404,0
2025-10-06,1375.0,1377.4000244140625,1359.0,1360.0,12396580,37.6899083294993,-6.372278186876883,-4.4482927008502,-1.9239854860266838,1417.2767823196864,1385.405010986328,1353.5332396529698,1385.405010986328,1386.2235302734375,1381.1225361533516,1391.8678808728578,1377.2232716217727,1383.5955498086496,1383.9963825115808,0.008508123352075403,0.005919721990463982,0.0133818359375,0.008508123352075403,0.008064516129032251,-0.0018873226132510856,-0.023021190743229836,10060286.3,1.232229345202631,0,-7.946167099225704,-5.104651429653586,15.599984305245536,0.011345443131087663,-0.0044330144451945755,-0.012118880753451763,-0.029829587873789268,0.015859795473167737,0
2025-10-07,1384.800048828125,1395.9000244140625,1375.9000244140625,1376.0,11244040,39.99997618134571,-5.295842304721191,-4.617802621624398,-0.6780396830967925,1417.4285507452507,1385.7200134277343,1354.011476110218,1385.7200134277343,1385.9731469726562,1381.472775455711,1391.5907109887507,1378.3889296535192,1383.6847719582404,1384.251528451375,0.007127308238636276,0.006166949408070114,0.014442518266030411,0.007127308238636276,0.011763058545055882,0.008741258430347232,-0.004170808902372314,10273152.3,1.0945072818593373,0,-6.046532137394706,-4.433880785353267,16.392839704241073,0.011837694343030513,0.002408497244049203,-0.004879784053603558,-0.02301950380495047,0.022738782692120145,0
2025-10-08,1367.4000244140625,1389.0,1364.5,1384.800048828125,8525081,29.17409518215797,-5.780165514926466,-4.850275200284812,-0.9298903146416544,1417.7791420527558,1385.2800170898438,1352.7808921269318,1385.2800170898438,1385.5978735351562,1380.1325134517444,1390.6420566132729,1376.698328847449,1382.4784943623754,1384.2326605052313,-0.012565008521473686,0.006519538011724173,0.017917214832944273,-0.012565008521473686,0.0029338418133879607,0.0024926865205736615,-0.016117443968252987,10211683.75,0.834835978934424,0,-5.146860084875016,-4.126668816748634,17.364275251116073,0.012698753065005062,-0.009225555454698827,-0.01671316647492548,-0.035533826210583846,0.010806725887549704,0
2025-10-09,1377.800048828125,1380.0,1369.0999755859375,1374.0,8826633,34.577115938596336,-5.264118612228458,-4.933043882673541,-0.331074729554917,1417.778175830733,1385.32001953125,1352.8618632317668,1385.32001953125,1385.5122729492186,1379.9103739637806,1390.1384484648358,1376.8678242290914,1382.1319428413199,1384.028595503362,0.00760569272222944,0.007007291347299764,0.007911180162414289,0.00760569272222944,0.0020363991477272414,0.006648716286179912,-0.0037599068487889076,10263474.65,0.8600043650909197,0,-3.790006966672763,-3.6079720923171408,17.457127162388392,0.012670290712528563,-0.0015293204366553653,-0.008875662456740511,-0.028197730564714946,0.018433652595383897,0
2025-10-10,1381.699951171875,1388.0,1375.0999755859375,1377.800048828125,6373084,39.007646899731945,-4.488715084263049,-4.844178122991443,0.35546303872839413,1417.727010174186,1385.2400146484374,1352.7530191226888,1385.2400146484374,1384.9170166015624,1380.0808098883608,1389.8075270023667,1377.611228374135,1382.099943458398,1384.085537435199,0.002830528527754783,0.007035609876458093,0.009336342816775431,0.002830528527754783,-0.002238660851343388,0.01342227257600137,0.0067763965260660974,10093825.25,0.6313844198957179,0,-1.686203754817143,-2.748838804076968,17.421412876674108,0.01260868024341921,0.001173222083745342,-0.005833596144049278,-0.025411844977041558,0.0213985344257146,1
2025-10-13,1375.0,1377.699951171875,1367.800048828125,1376.9000244140625,7600682,42.696618939471,-4.364520788778464,-4.748246656148847,0.3837258673703836,1416.693296885541,1384.2400146484374,1351.7867324113338,1384.2400146484374,1384.3272045898439,1379.5969232323264,1389.2268396689406,1377.2095009319605,1381.574021720739,1383.448708831336,-0.00484906376828953,0.006440580976631405,0.0071999289772727276,-0.00484906376828953,0.005557975318301045,0.0,-0.0018873226132510856,10103690.95,0.7522678630624584,0,-1.5256129210251856,-2.6410412039172115,16.792837960379465,0.012212973062094156,-0.003332077039977756,-0.0102408327155059,-0.029430009287966272,0.017172285414621655,1
2025-10-14,1375.9000244140625,1388.0,1370.0999755859375,1380.0,9768174,43.49857203704824,-4.145682617818011,-4.62773384848268,0.48205123066466893,1414.9188224058873,1383.0700134277345,1351.2212044495816,1383.0700134277345,1384.1518115234376,1379.244837630587,1388.7042194628668,1377.00804300613,1381.153725623948,1382.8566933446225,0.0006545632102272769,0.00645205631984452,0.01300968391339724,0.0006545632102272769,-0.0013790276866941786,-0.006426938258410675,0.0022581406437038876,10322264.8,0.9463208113010237,0,-2.227937825123945,-2.886491525883912,16.771414620535715,0.012189413709530203,-0.002425104756796151,-0.009220246377415654,-0.02757670431260388,0.018264085764206014,1
2025-10-15,1374.300048828125,1384.0,1372.699951171875,1383.0,10882743,45.72272554865783,-4.0546173440882285,-4.51311054760379,0.45849320351556155,1411.791884385088,1381.5200134277343,1351.2481424703806,1381.5200134277343,1383.874697265625,1378.7739053636858,1388.1393500262104,1376.5914285172062,1380.6460458612944,1381.6778260556398,-0.0011628574442528183,0.006341596458543017,0.008222402988168872,-0.0011628574442528183,-0.0053556507239316264,0.005046090603237463,0.007551355445839514,10432053.9,1.043202336214923,0,-1.358608088058645,-2.5027065870624483,16.464276994977677,0.011980118176534214,-0.003244807954485263,-0.009969677178176754,-0.02655620560766485,0.017059713633056653,1
2025-10-16,1398.300048828125,1400.5,1375.0,1375.0999755859375,12315932,61.251122869199925,-2.0225335274155896,-4.01499514356615,1.9924616161505604,1408.1998211404168,1380.7450134277344,1353.290205715052,1380.7450134277344,1383.722998046875,1380.6335380745847,1388.5378088027562,1379.9312162573476,1381.9537497847632,1381.1523082891963,0.017463435310553166,0.0075734381745641835,0.018236429313844917,0.017463435310553166,0.016945490056818224,0.01487879175025153,0.021626432901459935,10671879.65,1.1540546186725409,0,0.7231641108041913,-1.6006396620796295,17.228559221540177,0.012321074604823862,0.012795944953052321,0.0070305899943668895,-0.007030090590605659,0.033259564669124796,1
2025-10-17,1416.800048828125,1423.300048828125,1399.0999755859375,1401.0,19335561,65.26485215111265,1.0683872238510048,-2.9983186700827194,4.066705893933724,1408.7702423759415,1380.8350158691405,1352.8997893623396,1380.8350158691405,1384.3357250976562,1384.07796767016,1389.6461319410062,1385.6033443451595,1384.5349571213085,1382.4627012768303,0.013230350678671732,0.008200488273318061,0.017080796448450196,0.013230350678671732,0.029726014745497187,0.02540356003232125,0.03916680611547729,11172025.6,1.7307121995853645,1,3.99715778179916,-0.1613950613605084,17.821419852120535,0.012578641472281943,0.023641790363187858,0.019540166566859186,0.005699869439775316,0.04723207141299317,1
2025-10-20,1466.800048828125,1473.800048828125,1433.300048828125,1440.0,24721978,77.07375556383735,7.46647741673678,-0.9053594527188198,8.3718368694556,1430.1780111535675,1383.8050170898437,1337.4320230261199,1383.8050170898437,1385.9265356445312,1391.9562611137758,1392.671775740501,1398.0951450348464,1390.6286676181096,1388.8746561783905,0.035290794944111026,0.011903907673332532,0.02761112534210562,0.035290794944111026,0.06730699025942366,0.06676367187499999,0.06676367187499999,11735055.85,2.1066774897368723,1,12.359337881449392,3.4449360715605053,20.392848423549108,0.013902950466794453,0.053768778377032374,0.0532273823444214,0.02560662895734116,0.09672867373796883,0
2025-10-21,1465.199951171875,1474.0,1460.0,1468.0,2066169,80.40865702036756,12.26649496375012,1.7290114305749684,10.537483533175152,1446.5004210040606,1387.5350158691406,1328.5696107342205,1387.5350158691406,1387.553076171875,1398.9318506431187,1395.5160179142804,1408.4189613636202,1396.15246639987,1389.3180469934844,-0.0010908764678105864,0.011599323949203226,0.009555009873432444,-0.0010908764678105864,0.04784373883117343,0.06490291821590866,0.05805885290933355,11450465.8,0.18044410036140188,0,19.68701301253168,6.8117984514135514,20.371425083705358,0.013903511986478146,0.04737049949809313,0.04993416941336388,0.012927428085250367,0.10284018190220917,1
2025-10-23,1448.4000244140625,1482.9000244140625,1444.5999755859375,1475.0,18707090,72.32496575532168,14.547238258208381,4.292656796101651,10.25458146210673,1455.423440700278,1390.4650146484375,1325.506588596597,1390.4650146484375,1389.2738989257812,1403.6431052879705,1397.589900522115,1414.5698941406113,1400.022655882403,1394.9935331825022,-0.011465961860274265,0.012426643788643983,0.026443004820867044,-0.011465961860274265,0.022303765172844825,0.053918338756607787,0.05923650618238718,11685085.2,1.6009374069433402,1,24.869199924284658,9.450550495904508,21.971426827566965,0.015169446601228353,0.031886252963790065,0.03635553167131918,-0.004825685838092698,0.09271431532270309,1
2025-10-24,1451.5999755859375,1459.800048828125,1441.0,1450.0,9700837,75.0,16.42363166491964,6.71885176986525,9.70477989505439,1464.2168981241816,1393.8950134277343,1323.573128731287,1393.8950134277343,1390.6921850585939,1408.2104262687292,1399.7079426814805,1420.2668297475846,1403.843198082665,1397.4858381665408,0.0022093006889927214,0.012230450078304127,0.012951260088397544,0.0022093006889927214,-0.010362743888869708,0.038117660656939556,0.05356359714211245,11873989.1,0.8169821378731096,0,27.57688819414443,11.1701338787243,22.264290945870535,0.015337759245196713,0.030811836432837404,0.037073471773722444,-0.008616839864645566,0.09672820041108789,1
2025-10-27,1484.0999755859375,1485.0,1458.0,1463.0,14113867,77.64825547042872,20.299169158327004,9.434915247557601,10.864253910769403,1479.664800409078,1399.4800109863281,1319.2952215635783,1399.4800109863281,1392.8760083007812,1415.4380023941776,1403.0174341679299,1430.0873137227159,1409.7881445643889,1403.1359992228342,0.022389088279559433,0.013106730553922327,0.018192844447248325,0.022389088279559433,0.012899279991748669,0.047501358299273155,0.07411162193876675,12009125.3,1.175261865241759,0,31.360034724017623,13.371302226923717,23.335719517299108,0.01572381908306813,0.04850934698349197,0.05779154231685955,0.0029974188584017975,0.12491878339939635,0
2025-10-28,1486.9000244140625,1492.0,1477.5999755859375,1484.0999755859375,17631577,76.82606801942606,23.32759508778895,12.213451215603872,11.114143872185078,1493.3302943231313,1404.9450134277345,1316.5597325323376,1404.9450134277345,1395.0720092773438,1422.2439092532143,1406.3069475109155,1438.8277307521537,1415.5001356643647,1410.0970386074302,0.0018866982509178065,0.013132955303308233,0.009684594913997037,0.0018866982509178065,0.02658105450914694,0.013703282599421884,0.08138183593750004,12396748.7,1.4222742935815098,0,30.287648139438488,13.635171770414445,22.871433803013392,0.015381958051972094,0.04546063775713238,0.05730831170662438,-0.004305993077026122,0.1293828815150557,0
2025-10-29,1504.199951171875,1508.300048828125,1488.0999755859375,1490.0,11884745,85.96215816912337,26.814503063485972,15.133661585180292,11.68084147830568,1508.9146163748208,1411.5150085449218,1314.1154007150228,1411.5150085449218,1397.6800073242186,1430.0492465788009,1410.145888830953,1448.8849954321108,1422.0704923686249,1416.3985760438318,0.011634895738622308,0.012176397574275593,0.01342911441158488,0.011634895738622308,0.03623586144296098,0.0266175275045617,0.09324800093120866,12279386.0,0.9678615038243769,0,31.117395935682225,14.629870916672644,22.650006975446427,0.015057843179559018,0.051851853892773025,0.06669810768224499,-0.0031245407472245005,0.14464829371410254,0
2025-10-30,1488.5,1503.0999755859375,1484.0,1500.0,9318663,78.31204332845884,27.98841488186258,17.704612244516753,10.28380263734583,1518.2185975163768,1417.740008544922,1317.261419573467,1417.740008544922,1399.8160083007813,1435.6159849998676,1413.2185990728763,1454.9796115194783,1426.9911966376158,1422.2686728717745,-0.01043740970716267,0.013021706835867156,0.012831693373152502,-0.01043740970716267,0.002964776286264126,0.02768570485364341,0.08309681082326525,12015084.95,0.7755802841826765,0,31.97287971189712,15.628698550761328,23.192862374441965,0.015581365384240486,0.03683715948602878,0.05326946657545487,-0.019574649898896547,0.12999589745973164,0
2025-10-31,1486.4000244140625,1497.5,1482.300048828125,1490.4000244140625,8758053,77.02637212635076,28.421670648586087,19.848023925330622,8.573646723255465,1525.7831483314642,1423.6250122070312,1321.4668760825982,1423.6250122070312,1401.1420092773437,1440.452560182172,1416.0884588901777,1459.8135211955682,1431.3918505469821,1427.3811413513083,-0.0014107998561890822,0.013140221969932354,0.010226016497723624,-0.0014107998561890822,-0.00033627008661663016,0.02397358047218079,0.06300505793429068,11850691.8,0.7390330579688182,0,32.242133913442785,16.380516208697145,23.357142857142858,0.015713901018233785,0.03189793645552591,0.04965195859232529,-0.025811743929974262,0.12481065648833951,0
2025-11-03,1484.699951171875,1495.0,1479.300048828125,1486.0,8452085,79.06729718015563,28.301603988966235,21.538739938057745,6.76286405090849,1531.1942403377614,1429.690008544922,1328.1857767520826,1429.690008544922,1402.5760083007813,1444.6665974192865,1418.7791056463227,1463.6422027303847,1435.3405987414185,1433.0239895769143,-0.0011437521624487745,0.012955881247703601,0.010574494300672007,-0.0011437521624487745,-0.012963702056238091,0.0004042689817447265,0.047924830606769,11631178.7,0.7266748468063688,0,29.228595025108916,15.761671478392827,23.4857177734375,0.0158184943394793,0.02771113682845785,0.04646307889875651,-0.030364723129856032,0.1178405740818343,0
2025-11-04,1473.0999755859375,1492.800048828125,1470.0999755859375,1483.9000244140625,10007806,74.37311905105896,26.959655089372063,22.62292296832061,4.336732121051455,1534.439113214265,1434.5950073242188,1334.7509014341726,1434.5950073242188,1403.5420068359374,1447.3745381970627,1420.9093358400332,1465.0972447081622,1438.1375896187901,1438.3762639281153,-0.007813010013761779,0.013393502456736886,0.015409730241261027,-0.007813010013761779,-0.010346002293626144,-0.009281087229494944,0.004295014008791176,11511740.0,0.8693565004074102,0,25.13062894384848,14.60238832911773,23.828578404017858,0.016175805307810046,0.017773863440295082,0.03673045030353711,-0.03997495703810458,0.10365160570643597,1
2025-11-06,1496.0999755859375,1501.5999755859375,1476.199951171875,1484.0,16772678,77.58151430263165,27.4357959220049,23.58549755905747,3.8502983629474308,1540.7225849411054,1440.1600036621094,1339.5974223831133,1440.1600036621094,1405.2800073242188,1452.0150560436223,1423.8579883790883,1469.8668956124354,1442.4310996904305,1444.6615467929385,0.015613332686976289,0.013552129399937113,0.016977491363245795,0.015613332686976289,0.006525801273246534,-0.005384906161994607,0.021089288454690713,11788171.9,1.4228396177358085,0,21.965809464821405,13.712099548135257,25.057146344866073,0.01674831010878976,0.030361200015677246,0.05073679243046498,-0.028962131010024518,0.11682804892563148,0
2025-11-07,1478.0,1498.4000244140625,1475.9000244140625,1494.5999755859375,7821765,68.54350567465322,26.052309394596705,24.078859926165315,1.9734494684313901,1541.455273139904,1445.6900024414062,1349.9247317429085,1445.6900024414062,1406.5880078125,1454.4898126108965,1425.981204521085,1471.1181424412916,1445.065833046695,1448.5499121869955,-0.012098105662256109,0.013953889519401986,0.015223274695534507,-0.012098105662256109,-0.004512663428450137,-0.007054081289889158,0.02043632635114867,11753006.1,0.6655118642370143,0,18.8738276110289,12.76260544820866,24.792864118303573,0.01677460359831094,0.01616387216002656,0.03647929952652186,-0.04116582183448452,0.0948758588130551,1
2025-11-10,1489.300048828125,1501.0,1475.5,1477.9000244140625,7068438,67.45306139720878,25.572917185399547,24.37767137801216,1.195245807387387,1543.298596349204,1451.2650024414063,1359.2314085336086,1451.2650024414063,1408.6760083007812,1457.8050732030135,1428.4642964546942,1473.9153588084969,1448.3424416230973,1452.522016056384,0.007645499883710993,0.013749796476745502,0.017122137355776633,0.007645499883710993,0.010997266655811133,0.0019510389978671938,0.025971392860467457,11665096.35,0.6059476739769921,0,17.35251302084157,12.375837564516587,24.828578404017858,0.016671307050284828,0.021604380588354205,0.042588220457745435,-0.034989047258137125,0.09569278599502014,0
2025-11-11,1493.4000244140625,1498.800048828125,1480.199951171875,1497.0,7127506,58.220020898326254,25.23295932253768,24.548728966917267,0.6842303556204143,1544.5643568905032,1456.8500061035156,1369.135655316528,1456.8500061035156,1410.8260083007813,1461.1950685564468,1431.0107955903559,1476.9129996708916,1451.680040348354,1455.6187863114792,0.002752954711284339,0.010311652105520675,0.012454866313228952,0.002752954711284339,-0.0018046595922291964,0.005859819174453662,0.006266457099329381,11702817.45,0.6090418850376924,0,16.528471137160295,12.231689944033178,22.085728236607142,0.014788889698373019,0.022040148198304427,0.043598014086237744,-0.03312541316144576,0.09076118105243995,0
2025-11-12,1511.5,1524.699951171875,1500.0,1505.0,12384459,62.98376319291923,26.12292817390221,24.86356880831426,1.259359365587951,1545.626430316639,1463.6750061035157,1381.7235818903923,1463.6750061035157,1413.9120092773437,1465.9860144082138,1434.1672349789694,1482.2340766446005,1456.1111484706983,1461.159040629153,0.012119978096986506,0.010670920690007052,0.016341350427968904,0.012119978096986506,0.022665764546684786,0.026067493754990068,0.01654447184210084,11942006.3,1.0370501144351263,0,18.611476211151057,13.257899138936182,23.321437290736608,0.015429333305151576,0.0310466710762989,0.05392172065774783,-0.022079352194855927,0.09392357473703623,0
2025-11-13,1510.9000244140625,1522.0999755859375,1506.800048828125,1515.0,7196443,69.27824074004347,26.474638729524713,25.185782792556353,1.2888559369683605,1543.7170328314985,1470.4250061035157,1397.1329793755328,1470.4250061035157,1417.0520092773438,1470.2635391706756,1437.176363976424,1486.644222455287,1460.1695837257623,1466.184264829421,-0.0003969405133559256,0.009960742094955491,0.010126366080208329,-0.0003969405133559256,0.014503441131915373,0.009892419670903818,0.00445424375726633,11813419.75,0.6091752559626098,0,18.248483127053305,13.318375597335717,21.678571428571427,0.0143481177300123,0.027638912453959472,0.051297573690717815,-0.021258435140307272,0.08142893104518895,1
2025-11-14,1518.9000244140625,1520.9000244140625,1505.5,1505.5,7682823,70.16179994207326,27.086666786157366,25.565959591276556,1.52070719488081,1538.4913478229041,1477.6550048828126,1416.818661942721,1477.6550048828126,1420.100009765625,1474.8955853843315,1440.381213405351,1491.6066535258678,1464.5199867397105,1471.9610241876264,0.0052948572842219654,0.009974407947139441,0.010138932231568882,0.0052948572842219654,0.01707513029538421,0.027672546964859546,0.020423261279182148,11653423.75,0.6592760346503318,0,20.405772773435046,14.400008884266072,21.435712541852677,0.014112655340908175,0.029835630037677686,0.0545125209062379,-0.012734113478483322,0.07204970206375526,0
2025-11-17,1518.300048828125,1523.699951171875,1511.5,1520.9000244140625,5871416,62.66670524694847,27.20963468365926,25.8946946097531,1.3149400739061612,1534.3654283995336,1483.6550048828126,1432.9445813660916,1483.6550048828126,1423.0140112304687,1479.02934380755,1443.4368540101657,1495.7133297262153,1468.503695042556,1477.5348453979084,-0.00039500663394154145,0.008343607005019392,0.008035270222965041,-0.00039500663394154145,0.00449887451414166,0.019472234639902775,0.02146126472692811,11331197.95,0.5181637480792576,0,21.224270604536514,14.97255755547144,19.921421595982142,0.013120872657126083,0.026551674032023003,0.051864544410082015,-0.010470373793657528,0.05956648189468718,0
2025-11-18,1519.4000244140625,1527.800048828125,1510.5,1521.699951171875,11045042,62.19056549864834,27.083643086749134,26.13248430515231,0.9511587815968241,1531.0787932413377,1488.7850036621094,1446.491214082881,1488.7850036621094,1426.2160107421876,1482.8741705319799,1446.4158018691421,1499.3574366012685,1472.2737935145194,1485.353573260186,0.0007244783972617519,0.00834696918040087,0.011386105403543446,0.0007244783972617519,0.0056257858644859216,0.017409936771764167,0.023371775027539288,10916672.0,1.0117590782245725,0,21.679101975533058,15.405006278786232,20.128566196986608,0.01324770690638164,0.024631795878526232,0.05045867339848331,-0.007627803924153992,0.050403908175417345,0
2025-11-19,1518.9000244140625,1522.300048828125,1512.0,1517.4000244140625,5692366,56.3090509206626,26.6364001765005,26.233267479421947,0.40313269707855426,1534.3942565483571,1491.3900024414063,1448.3857483344555,1491.3900024414063,1429.0940112304688,1486.3052042350355,1449.2583204003154,1502.3639885724676,1475.7275883959671,1489.675491650371,-0.0003290772620546667,0.007834856128833488,0.006781255291702554,-0.0003290772620546667,0.0,0.004895815027497585,0.031090930410142548,9965191.4,0.5712249540937065,0,20.319189826821685,15.091085421345952,19.335710797991073,0.012730074716701715,0.021930098936713847,0.04805334082505777,-0.01009794716590581,0.048684734823367076,1
2025-11-20,1549.0999755859375,1550.9000244140625,1526.699951171875,1530.0,18171724,73.1297832271507,28.3915603810251,26.66492605974258,1.7266343212825213,1543.8758972106627,1495.5850036621093,1447.294110113556,1495.5850036621093,1432.5060107421875,1492.2856586494072,1453.1736794272026,1509.5541404206938,1481.1625800396687,1494.332472773016,0.019882777461620593,0.008659632355593186,0.015622021576130986,0.019882777461620593,0.02028579711999945,0.025282911214915993,0.0354254400540599,10770469.15,1.6871803583412148,1,22.02211947873161,15.997315450778615,20.178571428571427,0.013025996866947859,0.03807201162004739,0.06601158382977743,0.003383742426909544,0.07034220947972614,0
2025-11-21,1546.5999755859375,1557.800048828125,1540.0999755859375,1541.0,9615271,72.9071521736707,29.243705152307484,27.180681878255562,2.063023274051922,1548.554159878824,1500.4950012207032,1452.4358425625824,1500.4950012207032,1435.9140112304688,1497.4584507386005,1456.837455747153,1515.253499676885,1486.0097945245775,1500.0782619465247,-0.0016138403197988316,0.00866755401937512,0.011444506350442515,-0.0016138403197988316,0.017901770919323434,0.018236849513884712,0.046414056553408356,10315878.2,0.9320845800602804,0,22.56286535426898,16.456242341801953,20.357151576450892,0.013162519008018528,0.03281661993566407,0.061614643064451545,-0.001261941198775691,0.0648318708916038,0
2025-11-24,1535.9000244140625,1550.0,1531.800048828125,1550.0,18433951,68.2336728527894,28.72452098900567,27.489449700405586,1.235071288600082,1549.3806350027787,1504.7100036621093,1460.03937232144,1504.7100036621093,1439.09201171875,1501.1195529934064,1459.9379486360513,1518.4298880979893,1489.7053671089836,1505.6575209211678,-0.006918370193185419,0.009004346958629212,0.011849697820545436,-0.006918370193185419,0.011192310044604747,0.011591895554190268,0.03128985030424536,10752533.9,1.7143820397534388,1,22.090209185856338,16.50109462588557,20.535723005022323,0.0133704815929387,0.02316968781820197,0.052031030393434805,-0.008700644815205168,0.051957949580500214,0
2025-11-25,1539.699951171875,1559.5999755859375,1525.0999755859375,1535.9000244140625,15033482,75.11316382771295,28.293535861810824,27.650266932686634,0.64326892912419,1553.6554155622894,1507.4900024414062,1461.324589320523,1507.4900024414062,1442.220009765625,1504.793876629451,1463.0658703041229,1521.7022054939716,1493.4086696321608,1510.10791188035,0.002474071682668333,0.008507375274510402,0.022406963105858282,0.002474071682668333,-0.00606805536260302,0.01336048863474315,0.031003030668878218,10798514.65,1.3921805440158384,0,21.919706097471135,16.650068434980767,21.378574916294642,0.013884896794354822,0.023196581993415077,0.05237910501720776,-0.008982342062872215,0.053633095907730126,0
2025-11-26,1569.9000244140625,1571.5999755859375,1540.5,1542.300048828125,14054299,76.39490412489958,30.042558646299085,28.128725275409124,1.9138333708899609,1564.4555287638684,1511.6400024414063,1458.8244761189442,1511.6400024414063,1445.7180102539062,1510.9944621327472,1467.255444975101,1529.117254558601,1499.0746959123019,1515.4962442130409,0.019614258751649682,0.00900896612622582,0.019810163132868933,0.019614258751649682,0.015065336348073943,0.033576930133814464,0.03863713160043836,10619650.75,1.3234238423518778,0,24.68925789771174,17.99712457478563,21.621433803013392,0.01377249090182237,0.0389846314844668,0.06995685706295222,0.0034801217101364163,0.07614044740366822,0
2025-11-27,1563.4000244140625,1575.5,1556.0,1575.0,9794643,83.30738621593906,30.55199178347584,28.61337857702247,1.9386132064533719,1572.088755074232,1514.6000061035156,1457.1112571327992,1514.6000061035156,1449.000009765625,1515.9854680643011,1471.0258206393742,1534.3915268440564,1503.8395350605806,1518.6647084812914,-0.004140391043325198,0.00816147705774476,0.012472815463405337,-0.004140391043325198,0.017904811226558293,0.009231198149568076,0.034747500927706954,10515145.65,0.931479536852635,0,23.699809414893934,17.852141212171546,21.407148088727677,0.013692687574794388,0.031276392385411876,0.06279577317992852,-0.005526870306860804,0.07294485356623408,0
2025-11-28,1567.5,1581.300048828125,1563.0,1568.0,8959508,82.3140946097273,30.930013042723886,29.076705470162757,1.8533075725611283,1579.254105093148,1518.5500061035157,1457.8459071138834,1518.5500061035157,1452.2440087890625,1520.8916139629391,1474.8091217907713,1539.485138098817,1508.5551250560932,1522.0705577861104,0.0026224737891213934,0.00810149633127523,0.011674672298644339,0.0026224737891213934,0.018055497635734996,0.013513529512467759,0.031996823230472815,10497187.9,0.8535150637819867,0,23.433163224338614,17.97166604361837,20.892865862165177,0.013328782049228183,0.03064543561760781,0.06284940663825009,-0.00744282066783334,0.07521651798110833,0
2025-12-01,1566.0999755859375,1577.5,1563.5999755859375,1575.0,8920233,80.72699543499616,30.762021904628682,29.413768757055944,1.3482531475727377,1584.796701656582,1522.5350036621094,1460.2733056676368,1522.5350036621094,1455.2900073242188,1525.1971722127485,1478.3891552729347,1543.579728481451,1512.8177065768223,1525.4554457512115,-0.0008931575209329967,0.008192114591103986,0.008875566458560203,-0.0008931575209329967,-0.0024205674049487813,0.01966270635577083,0.03148252994834988,10505296.9,0.8491176484502784,0,24.07761921934207,18.4512066368834,20.557146344866073,0.01312633079965081,0.02681804301659402,0.05932864158274348,-0.011797554885810167,0.07247045433725624,0
2025-12-02,1546.300048828125,1567.5,1542.0,1561.0999755859375,11389150,64.50004984547903,28.70035922709735,29.27108685106423,-0.5707276239668779,1586.0642443151576,1525.615008544922,1465.1657727746863,1525.615008544922,1457.9160083007812,1527.2069699856413,1481.0523275692167,1543.9982393040161,1515.2978800769188,1528.4230355305465,-0.012642824255459595,0.008821094604032872,0.016490977943980124,-0.012642824255459595,-0.010937684098058176,0.004286612889236485,0.017704372766767618,10652150.15,1.0691878953658946,0,22.413093356190302,17.986457265093804,20.142865862165177,0.013026492418098673,0.012501958947098836,0.04405497364566208,-0.025070986644807846,0.0553754923579665,0
2025-12-03,1538.800048828125,1552.4000244140625,1533.0,1545.199951171875,6090883,60.992936455029664,26.159736226443556,28.648816726140097,-2.4890804996965414,1584.2595349824132,1528.9000122070313,1473.5404894316493,1528.9000122070313,1460.5440087890624,1528.3110727325443,1483.3169440891738,1543.1985176923406,1517.038781465897,1531.1821051207,-0.004850287630582373,0.00897996073012671,0.012607241875795762,-0.004850287630582373,-0.018309378738038284,-0.019810163132868985,0.013101602537493706,10456304.0,0.5825082170526029,0,17.31661059979706,16.06149911407283,20.43572998046875,0.013280302399282873,0.00686311594721809,0.03740475355590332,-0.028694469025110136,0.04428759159624215,0
2025-12-04,1535.5999755859375,1560.5,1517.5999755859375,1536.0,11867930,56.83864504789841,23.615826480384158,27.64221867698891,-4.026392196604753,1584.0841313820154,1530.8750122070312,1477.665893032047,1530.8750122070312,1463.4440087890625,1529.0052539566768,1485.3672590498313,1542.0295112144324,1518.4136847340483,1534.84801777937,-0.0020795900316122884,0.008946670948279214,0.027936979093590553,-0.0020795900316122884,-0.019475129605687425,-0.017781788661890285,-0.00871473772691378,10211066.6,1.162261540826695,0,13.019785892375694,14.341438410457158,22.400015694754465,0.014587142518159596,0.004313079770128463,0.03381838143398916,-0.030607058574457426,0.039206482891078004,0
2025-12-05,1540.5999755859375,1545.800048828125,1520.5999755859375,1530.4000244140625,10183266,58.81420880508971,21.752468970162454,26.464268735623623,-4.711799765461169,1581.1355561733044,1534.0050109863282,1486.874465799352,1534.0050109863282,1466.4600073242189,1530.1095131594636,1487.5332479336,1541.8095826562023,1520.0571136860399,1536.8098238765813,0.0032560563164194534,0.008961785160055798,0.016357311204424196,0.0032560563164194534,-0.0036862659653327245,-0.017161100104665095,-0.0038794776249281293,10329141.65,0.9858772727741613,0,9.217899196524513,12.724126142828709,23.328595842633927,0.015142539408233695,0.006856020654895819,0.03567431365050487,-0.025637005270738398,0.03613318475928116,0
2025-12-08,1543.0,1551.0,1535.0,1539.199951171875,11301491,59.23317257867474,20.23613703968431,25.21864239643576,-4.982505356751453,1578.9655740239093,1536.690008544922,1494.4144430659346,1536.690008544922,1469.6600073242187,1531.337178572848,1489.708414681302,1541.9927237860175,1521.7565867463331,1538.7580938269948,0.0015578504816928795,0.00896201663395372,0.010369410239792612,0.0015578504816928795,0.0027293677141961847,-0.01475000060407694,0.004622680821068537,10540794.3,1.0721669238911151,0,6.140006360099505,11.319259408367316,23.235735212053573,0.01505880441481113,0.0076161028350538555,0.035773165267445214,-0.022777934247326857,0.03251143426744956,0
2025-12-09,1529.4000244140625,1542.5,1520.0999755859375,1540.300048828125,11503971,53.72604942421585,17.732618106788095,23.72143753850623,-5.9888194317181345,1575.7759095525807,1538.490008544922,1501.204107537263,1538.490008544922,1472.8000073242188,1531.1526877005829,1491.264948396312,1540.0553854211014,1522.3227673143133,1539.9139806368175,-0.008813982881359372,0.009347511106525418,0.014646282239105041,-0.008813982881359372,-0.004037478034935038,-0.01092933058294232,-0.006689567503053495,10759617.55,1.0691802888477202,0,3.9457177149415656,10.212620827095407,24.135733468191965,0.01578117764019178,-0.0011446691767575746,0.02557230092396418,-0.029430507762798593,0.018782200724893446,0
2025-12-10,1536.9000244140625,1547.5,1531.4000244140625,1534.0,7991629,44.83927402214617,16.167381129655496,22.210626256736084,-6.0432451270805885,1574.8401942833714,1539.760009765625,1504.6798252478786,1539.760009765625,1475.9860083007814,1531.7000531018666,1493.0545592205376,1539.5699452661725,1523.402564136517,1541.5001958351097,0.004903883797748421,0.0076688036972737865,0.010475616715586661,0.004903883797748421,-0.002401630034083224,-0.0012347441862310404,-0.02102044683534332,10539976.05,0.7582207931108154,0,3.3889803693223257,9.737615131363782,23.142874581473215,0.015058152263545153,0.0033949018292878897,0.02936628465634558,-0.024091441155128436,0.021413325695967225,0
2025-12-11,1545.0,1550.0,1524.0,1536.9000244140625,4706197,49.35380592386476,15.402964101667294,20.849093825722328,-5.446129724055034,1573.8503860736166,1541.4650085449218,1509.079631016227,1541.4650085449218,1479.4300073242186,1532.9667147112127,1495.091635329536,1540.4053383021458,1525.0023742004785,1542.4341528888606,0.005270333435660968,0.007813810794541331,0.016828478964401296,0.005270333435660968,0.0012961762799741372,0.006121401773580892,-0.011769236360961721,10415463.75,0.45184709130210354,0,3.961460754535892,9.724376279704757,23.735726492745535,0.015362929768767337,0.007849671602983348,0.033381475416698135,-0.018331085552287782,0.023802832034505613,0
2025-12-12,1556.5,1559.800048828125,1546.0999755859375,1550.800048828125,5106655,58.26644447122285,15.545908434706007,19.788456747519064,-4.2425483128130566,1574.559190234139,1543.3450073242188,1512.1308244142988,1543.3450073242188,1483.2800073242188,1535.2079799768114,1497.4998064930837,1542.8814401018158,1527.3355316671098,1543.7453033267182,0.007443365695792847,0.0077848113651759416,0.00880184596349984,0.007443365695792847,0.01771935082603382,0.010320670301202206,-0.007017543859649145,10286655.35,0.496434927218593,0,5.0984668173477985,9.966558559483701,23.492876325334823,0.01509339950230313,0.013869143660593906,0.03939913264168343,-0.011469362565819752,0.029342154044698445,0
2025-12-15,1556.199951171875,1558.5999755859375,1546.5,1551.199951171875,5774543,56.812546116534214,15.456804989290958,18.922126395873445,-3.465321406582486,1574.5988503872456,1545.2400024414062,1515.8811544955668,1545.2400024414062,1487.0300073242188,1537.2072153287222,1499.8017729510757,1544.9304418049019,1529.473636815611,1544.766565988802,-0.000192771492531274,0.0077780691095825204,0.007775334767762831,-0.000192771492531274,0.012557698257029237,0.008554731802900228,-0.0063214511004372476,10281811.7,0.5616269941998646,0,5.870036755874253,10.093358269773717,21.892874581473215,0.01406816300500915,0.012355351740325593,0.03760375486810352,-0.011684816873101205,0.02659759741503281,0
2025-12-16,1542.300048828125,1551.699951171875,1538.800048828125,1545.0,11731856,36.832063513880264,14.102024553190404,17.95810602733684,-3.8560814741464355,1573.174406839069,1546.3850036621093,1519.5956004851496,1546.3850036621093,1490.6080078125,1537.6922470905702,1501.4683720050775,1544.525765962321,1530.4237414091306,1546.1050049280498,-0.00893195140719727,0.0060026701430559454,0.008364067908544541,-0.00893195140719727,-0.0017475412115696143,0.008434696095290573,-0.002586820069643947,10316152.4,1.1372317454325316,0,6.539559389987289,10.203423608765434,20.857151576450892,0.01352340719453302,0.0029965695322150096,0.02719449679017907,-0.01962551505842183,0.014941112185193704,0
2025-12-17,1544.4000244140625,1550.0,1539.300048828125,1550.0,7116649,40.537839402000785,13.047399477024783,16.97596471727443,-3.9285652402496467,1571.1678797917161,1547.6600036621094,1524.1521275325026,1547.6600036621094,1493.9960083007813,1538.331083026141,1503.1519662171945,1544.5064211087429,1531.459021631718,1546.8297033361941,0.001361586928259051,0.005978894370034045,0.00692822520249215,0.001361586928259051,-0.007773835904874682,0.004879953074930388,0.003639183395011125,10387366.55,0.6851254324899124,0,6.631029924274344,10.0974069966569,20.22857666015625,0.013098016278412627,0.003945146434916319,0.027441043303606964,-0.01703691611949332,0.013284695481375492,0
2025-12-18,1544.4000244140625,1551.5,1535.199951171875,1535.199951171875,6580829,38.006234083629,12.072437956074054,15.995259365034356,-3.922821408960301,1570.96621570039,1547.4250061035157,1523.8837965066414,1547.4250061035157,1497.1880078125,1538.9090774440383,1504.7695371268755,1544.4900523864844,1532.4176144304104,1547.1505093628007,0.0,0.005902106203493472,0.01055429200365958,0.0,-0.007582526107218213,-0.00038833371258095717,0.0057306909143231,9807821.8,0.670977627264802,0,5.942362732825586,9.677901797339473,20.085719517299108,0.013005516187374788,0.0035680775755407633,0.02633658265228789,-0.01691073367512449,0.013463118352234354,0
2025-12-19,1565.0999755859375,1574.199951171875,1551.0,1554.4000244140625,13937275,49.56747350036009,12.822279730224182,15.36066343807232,-2.538383707848139,1573.1736238047813,1548.3500061035156,1523.52638840225,1548.3500061035156,1501.1420068359375,1541.4034486956477,1507.1354366742896,1547.6608098017848,1534.8385300715606,1548.2337541612594,0.013403231575140895,0.007054429209770542,0.014823303005413102,0.013403231575140895,0.014783068168308988,0.005525201147406067,0.01590289522799826,10023922.0,1.3904013818144236,0,6.19546871883631,9.635630181205897,21.221426827566965,0.013559150954316609,0.01537334492818348,0.03846007299752366,-0.005132077029944965,0.02728773685849087,0
2025-12-22,1575.4000244140625,1577.5,1565.300048828125,1573.5,10184852,63.71346950139846,14.085296072554456,15.105589964968749,-1.0202938924142924,1577.1801572372754,1550.3250061035155,1523.4698549697557,1550.3250061035155,1505.0940063476562,1544.6412178116873,1509.8124793307513,1551.9283812805968,1537.8430852080423,1550.394910730262,0.006581080434985509,0.006231943492752521,0.007744033885242905,0.006581080434985509,0.020072519755211182,0.012337793242911399,0.02099807155804445,9611467.05,1.0596563403918655,0,7.43400248296507,10.01070637967564,20.285714285714285,0.01287654816005169,0.019913236969004107,0.043440855060612495,-0.0011286807122472848,0.03408677190093644,0
2025-12-23,1570.699951171875,1580.9000244140625,1568.0999755859375,1580.9000244140625,7506564,65.44041009933423,14.539387978735022,14.992349567722004,-0.452961588986982,1579.708694592256,1551.8750061035157,1524.0413176147754,1551.8750061035157,1508.8740063476562,1547.1230019412292,1512.200223324521,1554.8163151100243,1540.2769271312893,1552.049794513485,-0.0029834157479688983,0.006107789411691237,0.00814926416631966,-0.0029834157479688983,0.01702921933570334,0.018413993026408226,0.02700400555677729,9235121.15,0.8128278858583247,0,9.430754850659014,10.731851319443422,19.814287458147323,0.012614941156243233,0.015239220928822727,0.03868517339505769,-0.005702787767909532,0.030615071269933444,0
2025-12-24,1558.199951171875,1575.699951171875,1553.5999755859375,1572.699951171875,8815745,60.03551531353972,13.732315962451821,14.740342846667968,-1.0080268842161466,1577.9975869350242,1551.2900024414062,1524.5824179477881,1551.2900024414062,1512.5380053710937,1548.177949487005,1514.0041342204956,1555.336874504155,1541.6045585417032,1551.8883240749287,-0.00795823542916263,0.00655716925334053,0.014183016479571044,-0.00795823542916263,-0.00440867965094649,0.008935461369892206,0.013859019077010482,8973193.45,0.9824534653267729,0,9.846866460864021,10.85216800330113,18.328569684709823,0.011762655794543865,0.006473417147034584,0.02919134495899784,-0.012546049453473825,0.022050321995277098,0
2025-12-26,1559.199951171875,1561.0,1554.300048828125,1554.699951171875,2311495,58.56352659638443,13.023273032743646,14.396928883883104,-1.3736558511394588,1577.4505733135895,1551.0799987792968,1524.7094242450041,1551.0799987792968,1516.20400390625,1549.227663933183,1515.776519198981,1555.9311939914965,1542.9079209587528,1551.2278697038967,0.0006417661605289116,0.00652710012387226,0.004297044241721147,0.0006417661605289116,-0.010283149035885564,0.009582962007157025,0.00919090690736235,8599036.05,0.2688086183799636,0,10.318586489144764,11.00698207210553,17.007132393973215,0.010907601928277942,0.006436941109981387,0.02864764787083602,-0.011569695082982733,0.022621049216607073,1
2025-12-29,1545.5999755859375,1558.0999755859375,1543.5999755859375,1554.9000244140625,5972105,51.08513237708134,11.23444336263833,13.76443177963415,-2.5299884169958187,1575.281628774592,1549.9849975585937,1524.6883663425954,1549.9849975585937,1519.6300024414063,1548.882169804874,1516.9460665082736,1554.3417757752566,1543.1073324126182,1550.1256195587657,-0.00872240636982824,0.007005397055431179,0.009381470127484342,-0.00872240636982824,-0.015980121198329922,-0.012459267972769417,-0.00700290678706228,8449665.9,0.7067859333941239,0,7.478721109226171,9.810629833983967,16.978559221540177,0.010985092837558824,-0.0021190728920004918,0.018889207540265327,-0.018842124891498814,0.013715333378915097,1
2025-12-30,1539.800048828125,1553.5999755859375,1537.800048828125,1547.0,8815884,54.642873102322284,9.242238570762765,12.859993137859874,-3.6177545670971085,1573.1609199377297,1548.6700012207032,1524.1790825036767,1548.6700012207032,1522.4600024414062,1548.0172059023264,1517.8423011090522,1552.1045870141593,1542.8623484433965,1548.7915368875224,-0.003752540663449322,0.006628029732608816,0.01026102497518242,-0.003752540663449322,-0.011808434681256363,-0.022597419724668444,-0.010538428774143238,8444448.45,1.043985767951488,0,3.3759880906391118,8.029821778300857,16.471409388950892,0.01069710927823815,-0.005308182003966605,0.014466422304233315,-0.021206267386126767,0.01024877358819851,0
2025-12-31,1570.4000244140625,1577.0,1541.0,1541.0,5771830,62.39823698111025,10.017093397991857,12.291413189886272,-2.274319791894415,1576.1793363069064,1549.875,1523.5706636930936,1549.875,1525.532001953125,1550.1489029034442,1519.903388297484,1554.9192696910673,1544.9021762930754,1549.0675917845772,0.019872694256131362,0.008370579619986107,0.022924095415390793,0.019872694256131362,0.007183218056009855,-0.00019095102001420727,0.018219525835643013,8163582.45,0.7070217071183007,0,3.025900962215019,7.703164972963123,17.835693359375,0.011357420454721235,0.013063984674432084,0.03322358283123647,-0.0036666588374297693,0.030736585992969842,0
2026-01-01,1575.5999755859375,1592.5,1571.0999755859375,1573.699951171875,6408128,61.57337940370145,10.924829400010822,12.018096431911182,-1.0932670319003606,1579.8425969823438,1551.7149963378906,1523.5873956934374,1551.7149963378906,1527.7080004882812,1552.5728145874912,1522.0875681911489,1558.1009167518166,1547.1760873518058,1550.554319535844,0.003311227133873107,0.00832025265692696,0.013582143149059273,0.003311227133873107,0.019409938194795195,0.01116674686132324,0.020201988266422166,8179444.7,0.7834429151406819,0,4.394865100486186,8.083433970653232,17.557120186941965,0.011143133066127896,0.014831614196828833,0.03515724621440989,-0.0026854709478717365,0.034138231938330876,0
2026-01-02,1592.300048828125,1594.5999755859375,1578.199951171875,1580.0,6602230,63.02768350539277,12.843718669915006,12.183220879511948,0.660497790403058,1586.9446934805878,1554.55,1522.155306519412,1554.55,1530.2500024414062,1556.356360705647,1524.8409988043636,1563.3623216866333,1550.5186030167183,1553.0797014484929,0.01059918348626332,0.008535553091039302,0.010299581681312089,0.01059918348626332,0.03409533597557379,0.02122889859724042,0.031015296333108733,7916159.7,0.8340193035772131,0,7.128696772463854,9.06447960538253,17.85711669921875,0.011214668185409489,0.023094767387451885,0.0442400552429115,0.0033746326318351175,0.04608251339944224,0
2026-01-05,1578.0999755859375,1611.800048828125,1575.300048828125,1593.0,8704973,57.23728850481142,13.067985404281671,12.360173784465893,0.7078116198157787,1589.747704306842,1556.425,1523.1022956931579,1556.425,1532.8440014648438,1558.4271811704364,1526.9295861291312,1565.629653055757,1552.5616676514753,1556.1705511970426,-0.008917963202122792,0.008987740682937364,0.023129079630362332,-0.008917963202122792,0.00490317820438646,0.021027433044361388,0.008306178648513018,7842245.05,1.1100103279736202,0,9.545011365562459,9.983519620857578,19.5999755859375,0.01241998345425496,0.012623492873581771,0.033511950990829056,-0.0073267781355175095,0.036108986276427606,0
2026-01-06,1507.5999755859375,1569.0,1496.300048828125,1569.0,27417125,41.654625019890005,7.470838425175543,11.382306712607823,-3.91146828743228,1594.1662410265735,1554.6549987792969,1515.1437565320202,1554.6549987792969,1533.9640014648437,1553.5864949242937,1526.1715621862609,1556.7020103680925,1549.231171942917,1551.979122227141,-0.04467397572439846,0.015061226229397718,0.04822230853620155,-0.04467397572439846,-0.04315816263878269,-0.02091185363105652,-0.043036719422003156,8648026.75,3.1703330473625098,1,5.569289021967279,8.329261077208685,24.199977329799108,0.01605198840653579,-0.029600231135246253,-0.012168741090758715,-0.05430190604518831,-0.004978920919919527,0
2026-01-07,1504.199951171875,1520.0,1498.0,1510.0,11199340,40.391955265797506,2.7292445318744285,9.651694276461145,-6.922449744586716,1597.6229992677906,1553.3949951171876,1509.1669909665845,1553.3949951171876,1534.3660009765624,1548.8830145669203,1525.309930381775,1548.6247704917514,1545.895525959877,1550.5075301621646,-0.002255256347255541,0.015039055425434907,0.014625715140371125,-0.002255256347255541,-0.05532882933784278,-0.042154910986382355,-0.042337812483145054,8632795.2,1.297301712891324,0,-1.265888336523858,5.406542084291004,25.007123674665177,0.016624866697531077,-0.028848572148322683,-0.013839796614066747,-0.05847627890856136,-0.0032912459816844177,0
2026-01-08,1470.5999755859375,1503.9000244140625,1468.800048828125,1500.0,16518684,34.80229942614899,-3.6971218931728345,6.981931042534349,-10.679052935707183,1607.4884076923524,1550.0799926757813,1492.6715776592102,1550.0799926757813,1534.04,1541.427487044922,1523.1644419584088,1536.620955890857,1540.3180777840298,1544.704774971373,-0.02233743962015211,0.015991006955249222,0.023867792852337335,-0.02233743962015211,-0.06811989206202607,-0.06664128054517926,-0.05621869999421847,9059147.95,1.8234257891770054,1,-11.145327542569248,1.07687376725994,26.37139892578125,0.01793240810797238,-0.04594929833174844,-0.034510040363656694,-0.08515671494199241,-0.0147866432265597,0
2026-01-09,1475.300048828125,1479.9000244140625,1465.0,1465.0,8335311,30.20285293391038,-8.314957302101675,3.9225533736071445,-12.237510675708819,1613.0511992337267,1546.5949951171874,1480.138791000648,1546.5949951171874,1533.462001953125,1535.1296357861793,1521.287406933692,1527.1869701888982,1535.5019274909998,1541.617114451038,0.003196024289552124,0.015388736682457044,0.010099656965305489,0.003196024289552124,-0.021424732874023134,-0.07347861358549079,-0.053809585025122564,9240603.65,0.9020310053012608,0,-21.226724919467642,-3.553591870671653,25.307120186941965,0.017153880125635575,-0.03897363816275621,-0.030229237352499425,-0.08539787854907509,-0.003269113816854881,0
2026-01-12,1483.199951171875,1485.300048828125,1451.0,1475.300048828125,8883745,29.45631390127211,-11.20797052894477,0.8964485930967618,-12.104419122041532,1614.939065464805,1542.9299926757812,1470.9209198867575,1542.9299926757812,1533.3560009765624,1530.1839515371978,1519.7937812175423,1520.4197364939716,1531.6277070229164,1538.0537475753572,0.005354776711371523,0.015326628046536683,0.023125707900020196,0.005354776711371523,-0.013960909906717944,-0.060135622509484454,-0.040372687241022165,9429458.15,0.9421267753333207,0,-28.24322963323857,-7.135804911588821,26.871407645089285,0.01811718482316441,-0.030704805339334163,-0.024078154877269713,-0.0815752848575828,0.008347852776519664,0
2026-01-13,1452.800048828125,1485.800048828125,1444.699951171875,1485.0,13499760,26.42943394679274,-15.771913608406749,-2.4372238472039403,-13.334689761202808,1619.893321993481,1537.7599975585938,1455.6266731237065,1537.7599975585938,1532.6840014648437,1522.8140560410955,1517.1665760258004,1510.0167076223029,1525.7886212307096,1532.2997539575003,-0.020496159212876952,0.015923823775147363,0.028290264506394155,-0.020496159212876952,-0.01210385356542687,-0.03634911624120596,-0.056500842473808155,9815719.0,1.3753205445265904,0,-30.77243888319822,-9.004986160460476,28.892839704241073,0.019887691859280264,-0.04597672771355154,-0.04242548459397434,-0.10315078832458359,-0.0019418607447716611,0
2026-01-14,1458.800048828125,1467.0,1440.199951171875,1444.0,8321764,29.597708925269473,-18.689283102476338,-5.68763569825842,-13.001647404217918,1622.9198414779326,1533.5849975585938,1444.2501536392551,1533.5849975585938,1532.1660034179688,1516.7174839255745,1514.8776926062837,1502.1372216539678,1520.8265047564441,1528.2516807701606,0.004129955808330088,0.01610340086202707,0.018371296909164395,0.004129955808330088,-0.011184165562189485,-0.030182092685470674,-0.0710646802413143,9645214.4,0.8627868344740993,0,-32.16553064134587,-10.43223777549133,29.228559221540177,0.02003602840911604,-0.03818604038739458,-0.03701793488138273,-0.10112624693795708,0.010074359453732239,0
2026-01-15,1458.800048828125,1458.800048828125,1458.800048828125,1458.800048828125,0,29.307509693676792,-20.761988169311508,-8.702506192469038,-12.05948197684247,1624.470062100775,1529.304998779297,1434.1399354578189,1529.304998779297,1531.8800048828125,1511.2015377258174,1512.6785693208658,1495.469964296146,1516.2319524654574,1527.6267296031365,0.0,0.01608831467436252,0.0,0.0,-0.016450851636336417,-0.008023886137432434,-0.07413044463546448,9289381.95,0.0,0,-30.22594931910453,-10.485872637543025,28.749991280691965,0.01970797252425872,-0.034675380873785064,-0.035617957169136176,-0.10198403598672945,0.017195053816302742,0
2026-01-16,1457.9000244140625,1480.0,1455.0999755859375,1458.800048828125,17167161,30.926492295602486,-22.22109536103858,-11.406224026182947,-10.814871334855631,1624.9953103763833,1524.979998779297,1424.9646871822106,1524.979998779297,1531.116005859375,1506.125203124698,1510.5303910892264,1489.6899735450563,1511.911068906095,1521.5549304317576,-0.0006169621496692201,0.016075198041228134,0.017079377184364853,-0.0006169621496692201,0.0035104456322474498,-0.011794227505031118,-0.08440621760514044,9818698.55,1.748415119639252,1,-29.00443266148136,-10.757015844465514,29.414280482700892,0.020175787084249924,-0.03201936904752976,-0.03484230902313245,-0.10282816503859199,0.02311309011943288,0
2026-01-19,1413.5999755859375,1450.5999755859375,1403.300048828125,1450.5999755859375,20392765,26.490301459977175,-26.64494568430996,-14.45396835780835,-12.19097732650161,1627.1058663654023,1517.4049987792969,1407.7041311931914,1517.4049987792969,1529.8280053710937,1497.313276692435,1506.7291983243917,1477.9838200128843,1504.6287656971942,1508.718164100654,-0.030386204874322198,0.01754691993414444,0.03346061656389508,-0.030386204874322198,-0.030984419885711767,-0.04692555142747046,-0.10423927669026312,10141473.05,2.010828693174903,1,-32.87067484476279,-13.0645828931506,32.18571254185268,0.02276861424570391,-0.05590900876229468,-0.06180886574841829,-0.13121819249314745,0.004188269581725726,0
2026-01-20,1394.0,1416.0,1390.0,1410.699951171875,13189498,15.734264241890799,-31.370809993622515,-17.837336684971184,-13.533473308651331,1627.439466466671,1508.3349975585938,1389.2305286505166,1508.3349975585938,1527.9220043945313,1487.4739170074413,1502.3084454489256,1465.0632323185944,1496.434042312217,1498.5841619597325,-0.01386529140099435,0.015974857397027538,0.018651362984218076,-0.01386529140099435,-0.04442010327610002,-0.04047360053130156,-0.0753515371620952,10291705.35,1.2815658388432196,0,-35.34013903365417,-14.858130576874828,31.385716029575892,0.022514860853354298,-0.06284070997056258,-0.07209467920987453,-0.1434397231213096,0.003433174877114472,0
2026-01-21,1404.5999755859375,1412.9000244140625,1373.0,1389.5,17352720,17.465759469505187,-33.87032602974864,-21.043934553926675,-12.826391475821964,1623.89326056074,1500.0299987792969,1376.1667369978538,1500.0299987792969,1526.1460034179688,1479.581160681584,1498.4767407484162,1455.7611928212625,1489.6315188510112,1487.7996225361708,0.0076039997029679895,0.016254736885789784,0.028406681694137122,0.0076039997029679895,-0.03655946768335272,-0.03715387402524917,-0.06621458504126543,10784013.15,1.609115248528791,1,-37.136323243990546,-16.40095185786754,32.65714808872768,0.023250141432691218,-0.050677304556314834,-0.06264812967039571,-0.1350416867295078,0.02066118721203186,0
2026-01-22,1402.5,1419.5,1395.0,1410.0999755859375,15721693,11.764688523912895,-35.61016911300203,-23.957181465741748,-11.652987647260282,1620.2180615039208,1492.2450012207032,1364.2719409374856,1492.2450012207032,1523.9660034179688,1472.2400977595285,1494.7129469935765,1447.5671631564528,1483.1773322694548,1479.0398335581635,-0.0014950702138959437,0.015490943235956059,0.01746880570409982,-0.0014950702138959437,-0.007852274885146726,-0.038593396588759155,-0.04630761370630654,11129310.55,1.4126385394106915,0,-38.961439966288935,-17.96562232728934,33.05000523158482,0.023565066118777053,-0.047370057279148774,-0.06169274654310781,-0.13437577735791334,0.028020849740738075,0
2026-01-23,1386.0999755859375,1407.0,1381.0,1401.800048828125,9837802,11.66132690091436,-37.8757441985756,-26.740894012308523,-11.13485018626708,1615.839261373444,1483.5900024414063,1351.3407435093686,1483.5900024414063,1521.4700024414062,1464.0362766001388,1490.4536147815122,1438.110672760989,1475.9864169595646,1474.4967838152206,-0.011693422042112323,0.015508783071872527,0.018757665722495362,-0.011693422042112323,-0.0056671624204178705,-0.04924895234635984,-0.060462326503033625,11505625.9,0.855042749130232,0,-42.088926524559156,-20.076776307714226,32.30000523158482,0.023302796191112286,-0.05323385920135053,-0.07001468422811137,-0.14217954178946668,0.025722033649559606,0
2026-01-27,1380.5,1391.5999755859375,1368.0,1380.0,26302396,15.741223928429235,-39.665856700412405,-29.3258865499293,-10.339970150483104,1611.8296748944433,1475.3350036621093,1338.8403324297753,1475.3350036621093,1518.702001953125,1456.080440733459,1486.1417083194922,1429.2474923362215,1468.913349036634,1462.796893519148,-0.0040400950036596495,0.011667616852886925,0.017095237657325246,-0.0040400950036596495,-0.017157892641913253,-0.023415376455575787,-0.06924214843098653,12522140.45,2.100471249705557,1,-41.23283595897601,-20.587490004899564,28.142865862165177,0.020385994829529283,-0.05190677562799175,-0.07108454579270931,-0.14351992552165463,0.03111623287791099,1
2026-01-28,1396.699951171875,1409.9000244140625,1384.9000244140625,1385.0,11121657,22.894577438084497,-39.32403014312172,-31.325515268567784,-7.998514874553933,1605.4466429353333,1468.179998779297,1330.9133546232606,1468.179998779297,1516.27,1450.4251560133082,1482.6341884313504,1424.2401783109374,1463.564208454059,1457.085908553496,0.011734843297265485,0.012594419461105804,0.01789933477052406,0.011734843297265485,-0.0041355071858288905,0.001936837282550119,-0.03861515402721949,12637429.1,0.8800569255023556,0,-37.04876099413309,-19.6742570175752,28.671439034598215,0.020527987425317785,-0.037041004576274905,-0.057960512397461375,-0.1300240607073645,0.04942966145774118,1
2026-01-29,1391.0,1402.9000244140625,1384.0,1402.9000244140625,20846683,26.643169533961597,-39.06277717726721,-32.87296765030767,-6.189809526959536,1591.7151912781715,1459.2099975585938,1326.7048038390162,1459.2099975585938,1513.7019995117187,1444.7656173453743,1479.0406908458071,1419.1263047246393,1458.1890819019065,1449.7908559532534,-0.004081013368041231,0.011589435475533294,0.013587364783653846,-0.004081013368041231,0.0035351161535019937,-0.009682454664905027,-0.04647658798927912,13391171.75,1.5567482360160156,1,-34.81554333620966,-19.436049902609057,27.492876325334823,0.019764828415050197,-0.0372140759026116,-0.05952553664731159,-0.1260999407293425,0.04846232257163473,1
2026-01-30,1395.4000244140625,1398.0,1378.5,1382.5999755859375,11239835,26.513771146149466,-38.06193285272934,-33.910760690792,-4.151172161937339,1573.5738092056076,1450.2,1326.8261907943925,1450.2,1511.2319995117186,1440.064132304297,1475.7606647112289,1415.4761077537812,1453.5380406065105,1444.2981716261177,0.0031632094996854043,0.011587892305538194,0.01397448735762218,0.0031632094996854043,0.010793208557814182,-0.00506237118426911,-0.043460393674234266,13632757.1,0.8244726226362531,0,-32.17596545523156,-18.952282282347596,27.821446010044642,0.019937971566058303,-0.03101536028035487,-0.05445370798854502,-0.11322874322717227,0.05168260477177781,1
2026-02-02,1390.4000244140625,1392.9000244140625,1335.5,1340.0,15711165,22.24879736526438,-37.24290173974123,-34.57718890058185,-2.665712839159376,1546.3773816850696,1440.104998779297,1333.8326158735242,1440.104998779297,1508.0580004882813,1435.3342172671316,1472.413188621144,1411.61824877844,1448.8611505181811,1436.9430900193765,-0.003583201886569798,0.011280554430686021,0.041283100838732954,-0.003583201886569798,-0.0045105799227147525,0.0031022645580145447,-0.046299471067728803,14088203.85,1.1152000047188415,0,-28.702059333007128,-18.04042616036827,29.650015694754465,0.021324809532601578,-0.031305735146914836,-0.05569982993964044,-0.10086629507025018,0.042409675597482974,1
2026-02-03,1437.0999755859375,1489.5,1430.199951171875,1473.9000244140625,25456171,45.72204804185119,-32.45143793392026,-34.15203870724953,1.7006007733292705,1517.182731913304,1433.054998779297,1348.92726564529,1433.054998779297,1505.8680004882813,1435.5023847260657,1471.0283567374104,1415.5385144411318,1447.989952375052,1433.8332003877922,0.0335874211391467,0.01426382580035769,0.04126369065168695,0.0335874211391467,0.03314160717896297,0.040999620127444736,0.01662422213204917,14925763.75,1.7055188214405443,1,-20.578056007393343,-15.113351582081805,33.79286411830357,0.02351462298545059,0.0011129141106768058,-0.023064396410904367,-0.052783856975734844,0.0653650587294402,0
2026-02-04,1456.800048828125,1464.0,1440.300048828125,1444.0,8333387,49.492900482957815,-26.756109303955327,-32.67285282659069,5.916743522635365,1507.9690305688687,1430.5150024414063,1353.060974313944,1430.5150024414063,1504.2860009765625,1437.5307336881667,1470.4703838782227,1421.8864428083616,1448.642552112317,1425.5493044453315,0.013708213469390218,0.014734311749890852,0.016268499709990846,0.013708213469390218,0.04400173666317997,0.04303007070761633,0.04505025023538378,13971576.85,0.5964528620833518,0,-12.894422325141477,-12.163804553127648,33.80000523158482,0.02320154043018747,0.013404454380269434,-0.009296572851772465,-0.03393238236559845,0.07666991841722502,0
2026-02-05,1443.4000244140625,1461.5,1439.5,1457.0,11763658,46.34377345694934,-23.05799213340697,-30.749880687953947,7.691888554546978,1497.1321685261803,1427.4750061035156,1357.817843680851,1427.4750061035156,1502.3600024414063,1438.0897137572997,1469.408801154138,1425.1962245938541,1448.254216727261,1423.2242603883797,-0.00919825917416861,0.014938107351718712,0.015241789959738109,-0.00919825917416861,0.03811852637325375,0.03767075802592568,0.027623557954241873,13999792.75,0.8402737247663898,0,-6.675903588074561,-9.63188969166913,35.371433803013396,0.02450563475455958,0.003692614310472005,-0.017700163984077873,-0.03589004714594654,0.06302920611295726,0
2026-02-06,1450.800048828125,1452.800048828125,1433.5,1441.5,8277304,48.364814282734216,-19.307522406830913,-28.461409031729342,9.15388662489843,1494.0942026705416,1426.485009765625,1358.8758168607083,1426.485009765625,1499.9780029296876,1439.300221859283,1468.679046160961,1429.1352744760497,1448.4427968828807,1420.3908478974329,0.00512680080982153,0.015017877172610812,0.013303038446762184,0.00512680080982153,0.009533138595038793,0.03970189439929617,0.03443853748885917,13587723.75,0.60917517549619,0,-0.7639104450138348,-7.081618550267876,34.971435546875,0.02410493132745823,0.007989873685968384,-0.01217352244492805,-0.02897685685750782,0.06764726461891216,0
2026-02-09,1461.5999755859375,1465.9000244140625,1453.0,1458.0,5775864,63.07190585419368,-15.287558835165783,-25.826638992416633,10.53908015725085,1491.5795938356637,1425.8000061035157,1360.0204183713677,1425.8000061035157,1497.942001953125,1441.4240079284882,1468.4014355501758,1434.129843877571,1449.4174027127367,1419.6029126447052,0.007444117999951816,0.012342292125176249,0.008825961021852808,0.007444117999951816,0.003294842529469655,0.05120824936829238,0.05446937546340003,13459751.4,0.42912115003847695,0,6.089790661356574,-4.011753070968098,32.15000697544643,0.021996447394956944,0.013997246852052057,-0.004631880492332806,-0.020099241350327302,0.07468972953818732,0
2026-02-10,1458.5,1471.0,1452.199951171875,1471.0,10259630,69.29983738554529,-12.211089031341317,-23.103529000201572,10.892439968860256,1486.6295993449637,1424.565008544922,1362.5004177448802,1424.565008544922,1495.762001953125,1443.05029288768,1468.013143959973,1437.879098665637,1450.0901876969783,1419.3975175463647,-0.00212094665963225,0.011519156764119865,0.012889988911981488,-0.00212094665963225,0.010461393467183333,0.014891117373610152,0.05650126765664609,13528545.65,0.7583690269027551,0,7.547908161614259,-3.015212777437455,31.635724748883927,0.021690589474723295,0.010706284589294363,-0.006480285274770203,-0.018921726943522534,0.07045838739191866,0
2026-02-11,1468.699951171875,1470.0,1453.5999755859375,1459.5999755859375,7106877,69.22616715668147,-8.847920413137444,-20.25240728278875,11.404486869651304,1489.3256179679752,1425.3600036621094,1361.3943893562437,1425.3600036621094,1493.8140014648438,1445.4931174861747,1468.0400775761261,1442.6207682819813,1451.4686886951188,1418.4690570935177,0.006993452980373682,0.011502740184811185,0.011166354571590289,0.006993452980373682,0.012337952675290031,0.008168521378978832,0.05155008413910922,13208901.5,0.5380369442530857,0,7.962383798007977,-2.4303063020965965,29.9571533203125,0.020397054753361774,0.016054613754272865,0.00044949290269948977,-0.013848997524290009,0.07882033498490648,0
2026-02-12,1448.9000244140625,1473.0,1445.5,1470.0,11135399,62.581366513902054,-7.69160957997542,-17.740247742226085,10.048638162250665,1487.887295149504,1424.8650024414062,1361.8427097333083,1424.8650024414062,1491.8660009765624,1445.8175848126402,1467.2894872560453,1443.586807686917,1451.2784172668923,1418.8770070122218,-0.013481260581519106,0.01230167468709071,0.018979915478378878,-0.013481260581519106,-0.008689074564867671,0.003810447489934532,0.04162474796122395,13349583.25,0.8341383241308301,0,7.727871055340529,-2.1193138980927415,30.171439034598215,0.02082368591773583,0.0021319699205496322,-0.012532947998129953,-0.02620310749513062,0.06392611573902154,0
2026-02-13,1419.5999755859375,1450.699951171875,1416.300048828125,1445.5,10755693,58.489618135471574,-9.0353402060382,-15.999266234988507,6.963926028950308,1483.8888540954297,1422.9049987792969,1361.921143463164,1422.9049987792969,1489.4819995117186,1443.3206696481923,1465.4193103278058,1439.8965258252279,1448.931866031266,1419.2638536258542,-0.02022227091891593,0.01322934816488195,0.024232109703687124,-0.02022227091891593,-0.02667125431200723,-0.02150542610429962,0.017342662138791765,13887367.9,0.7744947118452878,0,4.020447788909223,-3.2597358331552186,30.771432059151785,0.021676128901348374,-0.01643480521070669,-0.03126704719867431,-0.043324591550141615,0.042351080603759986,0
2026-02-16,1437.0999755859375,1439.5999755859375,1409.300048828125,1420.0999755859375,5896514,63.52772988128477,-8.58914237510703,-14.517241463012212,5.928099087905181,1481.0179805836333,1421.8649963378907,1362.7120120921481,1421.8649963378907,1487.5119995117188,1442.7282225946442,1464.3087481810658,1439.4662873268755,1448.0554297019826,1416.5684165916214,0.012327416385575107,0.013396850998966413,0.021084077150205608,0.012327416385575107,-0.021515610156263687,-0.01676245238727392,0.0335874211391467,13323835.55,0.442553796005085,0,1.3042146661559855,-4.092687369110081,31.25,0.02174518163724739,-0.0039011138207199494,-0.01858130850404769,-0.029653930994402087,0.054588176249787956,0
2026-02-17,1423.0,1431.800048828125,1418.5999755859375,1431.0999755859375,10731630,56.349605849948304,-9.266459592770161,-13.467085088963803,4.200625496193641,1481.360716274073,1422.3349975585938,1363.3092788431147,1422.3349975585938,1485.16,1440.8493442522972,1462.6887972720044,1436.93301235351,1446.1994719462803,1416.427458623644,-0.009811408966302837,0.013547654610662721,0.009276228560918833,-0.009811408966302837,-0.01787564633697658,-0.02434007541995198,-0.009811408966302837,12840778.8,0.8357460374599709,0,-2.2009486353827015,-5.3243466879685,30.471426827566965,0.021413511474045653,-0.012388071191134706,-0.027134136356295493,-0.039396694966275445,0.04378369756827152,0
2026-02-18,1441.300048828125,1442.0999755859375,1419.199951171875,1427.0,5521096,61.44744196797168,-8.231687596470465,-12.420005590465136,4.188317993994671,1482.7274070164078,1424.7,1366.6725929835923,1424.7,1483.1260009765624,1440.8922684976142,1461.850022823225,1437.6048641188354,1445.8365517153059,1417.690943935477,0.012860188916461679,0.013773413255487532,0.015888450453243084,0.012860188916461679,0.015286047911652556,-0.01865588837385579,-0.010639758017902623,12457358.7,0.44319956846068825,0,-4.600848988560529,-6.190054752901233,30.75714111328125,0.021339859898214044,0.0002830054261697269,-0.01405751183381478,-0.027939969270308625,0.05460521870978112,0
2026-02-19,1409.5,1443.0,1400.0,1443.0,11884664,52.85309125436027,-9.863916422166085,-11.908787756805328,2.044871334639243,1482.6555919491382,1424.945001220703,1367.234410492268,1424.945001220703,1480.7280004882812,1437.9025286406984,1459.7970807517258,1433.2810388697837,1443.1449552919498,1419.1669299579314,-0.02206344810296834,0.015267160120098664,0.030507272082298687,-0.02206344810296834,-0.01920532743359371,-0.02719305938999894,-0.02348622962496061,12183955.9,0.9754355726123402,0,-7.915056171941842,-7.492406504319433,32.43571254185268,0.023012211806919248,-0.019752749630079818,-0.03445484404299894,-0.049340920673941475,0.03091319907060745,0
2026-02-20,1419.4000244140625,1427.4000244140625,1406.0999755859375,1409.5,8177670,55.75396825396826,-10.240573338929153,-11.575144873230093,1.3345715343009399,1482.604792004646,1425.7900024414062,1368.9752128781663,1425.7900024414062,1478.3780004882813,1436.1403853810189,1458.2128824639744,1431.1454981842883,1441.3860715232174,1420.0126569106546,0.007023784614446527,0.015294672841068235,0.015006374849766399,0.007023784614446527,-0.0025298493225140994,-0.00014085036299926745,-0.02164324742022561,11806754.75,0.6926263967666475,0,-7.18028426717342,-7.206427863831323,29.678571428571427,0.020909236943843883,-0.011656493430142635,-0.026616729639865062,-0.04263089390472269,0.03683398432750427,0
2026-02-23,1428.0,1434.9000244140625,1418.300048828125,1425.0,7758856,47.872843724336846,-9.732935282940389,-11.206702955172151,1.4737676722317623,1481.539702269178,1427.8850036621093,1374.2303050550406,1427.8850036621093,1476.0380004882813,1435.3651105828267,1457.0280635438187,1430.6615753867054,1440.3945106696458,1421.450537936029,0.006058880821484758,0.012349768408122429,0.011624632763261554,0.006058880821484758,-0.009227814041176785,-0.006332179904343316,-0.02298848942746301,11702807.45,0.6629909987966178,0,-7.36311201181752,-7.280684637247077,23.785714285714285,0.016656662665066026,-0.005131175704720932,-0.019922789594879822,-0.03613787884804887,0.039127135202280235,0
2026-02-24,1428.800048828125,1433.300048828125,1415.0,1425.300048828125,12529409,42.820512820512825,-9.160474958962823,-10.797457355930286,1.636982396967463,1479.1031137314446,1430.3000061035157,1381.4968984755867,1430.3000061035157,1473.4840014648437,1434.7398666061883,1455.9210825745758,1430.3751866853852,1439.535661644348,1426.6375689212225,0.0005602582830006586,0.011677432044110283,0.012807984464400289,0.0005602582830006586,0.013692833507006119,0.004075930307888331,-0.02036335356316421,11014158.1,1.137573011594958,0,-6.109477646108871,-6.767714697428573,23.171430315290177,0.016217405881456225,-0.004139996327078937,-0.018628093288196233,-0.03400916706639628,0.03424050419855085,0
2026-02-25,1398.5,1440.5,1393.5,1435.0,10728792,39.405375356086374,-11.024671193315271,-10.842900123407283,-0.1817710699079882,1478.9381841411175,1430.3900085449218,1381.841832948726,1430.3900085449218,1470.3300024414064,1431.2884507389322,1453.6692754147884,1425.4713118107106,1436.495983004026,1427.3570409132687,-0.0212066403923884,0.012697013367126486,0.03360743653914909,-0.0212066403923884,-0.014724548439183027,-0.0296954467343038,-0.04779734016867265,10994514.85,0.9758313255632194,0,-9.603817758681998,-8.180747408436446,24.957144601004465,0.017845652199502657,-0.022908345778940964,-0.037951737955695945,-0.05438914553946107,0.012055046137752915,0
2026-02-26,1406.800048828125,1412.9000244140625,1391.9000244140625,1398.5,16683858,39.66165650752786,-11.697474362791581,-11.013814971284145,-0.6836593915074367,1477.4920573430247,1431.1800109863282,1384.8679646296316,1431.1800109863282,1467.6200024414063,1428.956221985522,1451.8312665290368,1422.5988098133898,1434.2962841761814,1428.8958547999398,0.0059349651970861395,0.012734567037758441,0.014927494506055183,0.0059349651970861395,-0.014845904181985281,-0.0019155382560305245,-0.029056508300469353,10786373.6,1.546753210921602,1,-8.946306655176386,-7.965814222689005,25.078569684709823,0.01782667672324895,-0.01550514481585111,-0.03101683972447442,-0.0478459482496476,0.015836949628883133,0
2026-02-27,1393.9000244140625,1410.4000244140625,1388.0999755859375,1398.0,12031440,34.24850976618637,-13.120356578599512,-11.43512329274722,-1.6852332858522932,1477.6652249463282,1431.1050109863281,1384.544797026328,1431.1050109863281,1464.6100024414063,1425.617536502526,1449.5594531127633,1418.1836120596472,1431.3039686382467,1429.1356768232738,-0.009169763979471224,0.012547314212951195,0.015998312961863253,-0.009169763979471224,-0.024426108077674535,-0.017965337157526462,-0.018103657096265713,10825953.85,1.1113514953696204,0,-10.522848878492823,-8.653429351211116,25.592860630580358,0.0183606142351124,-0.022248261736648,-0.03839747902659567,-0.05668753593041225,0.006756897579498495,1
2026-03-02,1358.0,1378.5999755859375,1341.5,1375.5,23728722,29.713378935125874,-16.949450215712204,-12.537988677340216,-4.411461538371988,1483.6431852370429,1429.485009765625,1375.326834294207,1429.485009765625,1460.882001953125,1419.177771121333,1445.9688863240276,1408.9245948197015,1425.8740450354137,1425.6951442503814,-0.02575509275075405,0.0138930111279994,0.027319569650911268,-0.02575509275075405,-0.02895959957096894,-0.0490196078431373,-0.05504138677177739,11226831.7,2.1135724337971507,1,-16.187339461493593,-11.059177219791081,27.99285888671875,0.02061329814927743,-0.04310789836638631,-0.060837330011757,-0.08468558106642653,-0.012598339436239362,1
2026-03-04,1345.0,1352.800048828125,1307.0,1330.0,32495007,25.30941504742951,-20.79333326227379,-14.189057594326933,-6.604275667946858,1490.7153266649198,1424.8800109863282,1359.0446953077367,1424.8800109863282,1456.4800024414062,1412.11322149073,1442.009322154458,1399.0900417705166,1419.8833750327904,1410.038417961268,-0.009572901325478611,0.013492979169169507,0.03405208091310409,-0.009572901325478611,-0.04392951854075133,-0.05865064807133524,-0.05481377371749829,11578773.5,2.806429109266193,1,-22.62664511545836,-13.911760420117844,30.464285714285715,0.02265002655337228,-0.04752679917540915,-0.06727371360506852,-0.09774859361707856,-0.010334240923957582,1
2026-03-05,1389.4000244140625,1399.0,1353.0999755859375,1353.0999755859375,25957532,39.18576407223571,-20.026079191509098,-15.356461913763365,-4.669617277745733,1487.3657919465957,1421.510009765625,1355.6542275846543,1421.510009765625,1452.7600024414062,1409.9500598643806,1439.9462124391484,1397.5992698695236,1417.6253490610327,1405.5015186531004,0.03301117056807623,0.016859171526098577,0.03303585980100975,0.03301117056807623,-0.0032283520490585804,-0.006506954298131973,-0.036009174117673015,12459980.75,2.083272239405346,1,-21.33839087455158,-13.723062975640005,32.357142857142854,0.02328857225318425,-0.014575009452671497,-0.035102830639392374,-0.06586528214039405,0.024892628328635442,0
2026-03-06,1404.800048828125,1424.300048828125,1390.300048828125,1396.5,19311971,47.166939361692684,-17.968244804557116,-15.878818491922116,-2.089426312635,1484.9956478891086,1419.580010986328,1354.1643740835475,1419.580010986328,1449.4420043945313,1409.4595826228324,1438.567931513226,1398.7070820170009,1416.675326821558,1403.62081669809,0.011083938493924306,0.016450212250307846,0.024202732643953548,0.011083938493924306,0.03446248072763258,-0.001421666143433864,-0.00333448114357926,12837396.4,1.5043526271417464,1,-19.49663936268962,-13.263335015810753,32.39286586216518,0.023058702118630404,-0.0033059009652739112,-0.023473262503203956,-0.05400392868152846,0.037392561577944336,0
2026-03-09,1424.0,1429.4000244140625,1370.0,1375.0,24870822,47.508565575464125,-14.619595036914916,-15.626973800920677,1.007378764005761,1482.0409486111055,1418.240008544922,1354.4390684787384,1418.240008544922,1446.7580053710938,1410.8443842778008,1437.9966400813348,1402.5983001682314,1417.2178952051463,1402.7268339564507,0.013667390734995788,0.01653503592553513,0.041713500290774225,0.013667390734995788,0.05873605947955385,0.021594070635439166,0.0032407887183434347,13667072.3,1.8197622324716902,1,-14.773152224725209,-11.562813031428504,34.471444266183035,0.024207474906027412,0.009324639817688624,-0.009733430309366475,-0.03916285084126626,0.05135774147403338,0
2026-03-10,1408.800048828125,1431.5,1400.5999755859375,1430.5999755859375,18071259,47.310617795430694,-13.041935682394069,-15.109966177215357,2.068030494821288,1476.1323772128476,1415.6000122070313,1355.067647201215,1415.6000122070313,1443.7500073242188,1410.649685663546,1436.8516757184639,1403.5524153466765,1416.5943510290706,1402.2553599709584,-0.010674123013957204,0.01657386027938268,0.021933577046484284,-0.010674123013957204,0.013962878993214245,0.03740798882777985,-0.01344534395789565,14281842.05,1.2653311062209933,0,-8.528085457787029,-9.117210605563741,35.35716029575893,0.025097358794933248,-0.00131119501476443,-0.019522980252162987,-0.04561401770202738,0.03965292931160295,0
2026-03-11,1390.199951171875,1434.0,1383.5999755859375,1424.9000244140625,21848087,40.33294721654132,-13.141020209893213,-14.716176983750929,1.5751567738577155,1470.1801158697651,1412.185009765625,1354.1899036614848,1412.185009765625,1440.6420068359375,1408.7020919024344,1435.02219632448,1401.4981900890148,1414.639210298908,1400.2679010414338,-0.013202794585166266,0.016409967260513695,0.03625379526993767,-0.013202794585166266,-0.010393007651465669,0.03360591165195159,-0.02701574491679859,14861264.9,1.4701364350217592,0,-3.41112958829558,-6.987125829977913,37.321446010044646,0.026846099353250857,-0.013134175662061022,-0.031234530913464776,-0.05440160959500769,0.026591578783024126,0
2026-03-12,1392.199951171875,1410.9000244140625,1381.0999755859375,1390.0,20939959,46.3112940688986,-12.909351162094708,-14.354811819419686,1.4454606573249773,1460.4513365353412,1408.360009765625,1356.2686829959086,1408.360009765625,1437.6900048828124,1407.1304594519052,1433.3428925930054,1400.0676917940702,1412.977042956165,1398.4369242834614,0.0014386419725551658,0.015421580199378173,0.02140500637357515,0.0014386419725551658,-0.022331494963570897,0.00201520563452795,-0.004504861514569192,15552919.0,1.3463684212590576,0,-2.819600412475438,-6.603319846142995,36.378592354910715,0.026130292796152792,-0.010610606983694868,-0.02870418630025111,-0.04673307740974125,0.026492736009060193,0
2026-03-13,1380.699951171875,1400.800048828125,1378.4000244140625,1385.199951171875,17265090,41.8043123197836,-13.498107877783923,-14.183471031092534,0.6853631533086109,1454.7457543815242,1404.9500061035155,1355.1542578255069,1404.9500061035155,1433.8960034179688,1404.6132681871404,1431.278463517667,1397.0880393906557,1410.5861472684396,1395.7806114419723,-0.008260307716804527,0.015368183355783311,0.016223672924048693,-0.008260307716804527,-0.019946122006188394,-0.017155535890217344,-0.018552812589103573,15859403.55,1.0886342569925966,0,-4.846314435691966,-7.289467995559107,36.457162039620535,0.026404840536625906,-0.017024840614049633,-0.03533799580934424,-0.05089948053577877,0.018850764183377163,1
2026-03-16,1395.0999755859375,1397.300048828125,1363.5,1380.0,22837802,43.19967178816408,-12.656840019407355,-13.878144828755499,1.221304809348144,1453.2077358745207,1403.7250061035156,1354.2422763325105,1403.7250061035156,1430.2860034179687,1403.7072403203592,1429.8596992850503,1396.7821834206989,1409.4390234401062,1393.9729247934454,0.010429510337738757,0.0155843651093679,0.024227689355330314,0.010429510337738757,0.0035246903943075836,-0.020294960964931552,0.0008608588498872916,16463509.0,1.3871770592769743,0,-7.1371439574415945,-8.136940796284534,37.685738699776785,0.02701293051341994,-0.006131809031958368,-0.024309884191080516,-0.03998585945705468,0.030170154903209564,0
2026-03-17,1397.5999755859375,1405.9000244140625,1388.199951171875,1399.0,19007744,43.59604985635704,-11.654059332423685,-13.433327729489136,1.7792683970654508,1448.7128861874446,1401.7500061035157,1354.7871260195868,1401.7500061035157,1426.392001953125,1403.125596059938,1428.5946120811636,1396.9079975999664,1408.56205693239,1393.556431873526,0.00179198626890531,0.015600669983995483,0.012664620457485929,0.00179198626890531,0.0038787707250793613,-0.007950080106473578,0.029160512213503242,17119070.5,1.110325703723225,0,-7.52408960360799,-8.257063637300234,37.64288330078125,0.026933946736082074,-0.003938079733928908,-0.021695893455788293,-0.03528160140552085,0.03160116356592225,0
2026-03-18,1408.0999755859375,1412.9000244140625,1397.199951171875,1397.199951171875,9559327,52.14476502573675,-9.89798831746566,-12.726259847084442,2.8282715296187817,1447.0115074847465,1401.0050048828125,1354.9985022808785,1401.0050048828125,1422.992001953125,1403.5993464909857,1427.790900846057,1398.629840367039,1408.5278286845046,1392.9347368004783,0.007512879352761903,0.01466497673894642,0.011149828502521206,0.007512879352761903,0.019845024540492417,0.012875863215916272,0.04691447998954468,17060455.35,0.560320741966597,0,-5.102745411448723,-7.231295478423135,35.407174246651785,0.025145355344472736,0.0032064913012416563,-0.013791182762441847,-0.026890962302329305,0.03918932250897173,0
2026-03-19,1384.800048828125,1415.699951171875,1376.0999755859375,1388.0,16498373,45.39363578274761,-10.26803523152671,-12.234614923972895,1.9665796924461851,1440.5645586037233,1398.1800048828125,1355.7954511619016,1398.1800048828125,1420.5360034179687,1401.8089371897609,1426.104985080648,1396.502180130283,1406.7702153618097,1392.2534170742895,-0.01654706850493126,0.015253571694495413,0.028596168536713033,-0.01654706850493126,-0.0073829309282917865,-0.005315258298580705,-0.0033107640025250573,17609319.2,0.9369114621989475,0,-5.321522262144299,-7.237907512357424,36.735743931361604,0.02652783263724529,-0.012133528265081524,-0.028963461094827583,-0.03871017750821832,0.02139304836977198,0
2026-03-20,1414.4000244140625,1430.0,1396.0999755859375,1398.0,22994918,54.01174168297457,-8.079691767237364,-11.403630292625788,3.3239385253884244,1441.1404306669206,1398.4250061035157,1355.7095815401108,1398.4250061035157,1418.7400048828124,1403.0080883539802,1425.6459670152917,1399.2556946354798,1407.3353864027172,1392.7723216201023,0.021374909403697906,0.016155625142004915,0.023967777028359512,0.021374909403697906,0.012020641901543838,0.024407962941973338,0.006833695367497894,18164831.9,1.2659031543253645,0,-1.605179833160264,-5.632496502375261,38.371451241629465,0.02712913643898263,0.008119651023143744,-0.007888313691774075,-0.018555031615123955,0.04329130934316944,0
2026-03-23,1407.800048828125,1415.5999755859375,1391.0,1400.0,18979554,61.0079707290222,-6.799595176518778,-10.482823269404387,3.6832280928856083,1439.6669297183855,1397.8450073242188,1356.0230849300522,1397.8450073242188,1417.4840063476563,1403.4644655419938,1424.9461270863833,1400.5702106651174,1407.3698058416362,1392.8390818666314,-0.00466627225114169,0.014332952775980064,0.017474055073669666,-0.00466627225114169,-0.00021300103899779543,0.009103342745636178,-0.0113763702049684,18704926.1,1.0146821162795183,0,-0.2427747783654013,-4.913572198666998,36.385733468191965,0.02584581063090602,0.0030892006121842498,-0.012032790526135345,-0.02213489817154724,0.03818295165730431,0
2026-03-24,1411.800048828125,1422.4000244140625,1406.5999755859375,1420.0,18620893,65.37754692570456,-5.400093913972341,-9.466277398317978,4.066183484345636,1436.9833852539277,1397.035009765625,1357.0866342773224,1397.035009765625,1416.2140063476563,1404.2583306168635,1424.4305946056672,1402.297878074811,1407.6979719887834,1393.1534518566782,0.002841312587912981,0.013894537610833875,0.011191421080655116,0.002841312587912981,0.01949739965914099,0.01016032733989869,0.0021294718171649407,19248027.95,0.9674182232263436,0,1.1327345569254703,-4.164017475496394,33.871451241629465,0.02399167734109707,0.005370605996653434,-0.008867084030190197,-0.017525140989262458,0.04031681778366244,0
2026-03-25,1413.0999755859375,1430.5,1408.4000244140625,1420.0,19041331,56.8064247882173,-4.138381173018388,-8.40069815325806,4.262316980239673,1434.1338622677915,1396.2500061035157,1358.36614993924,1396.2500061035157,1414.8120068359376,1405.1003920424896,1423.9862566048935,1403.959739230369,1408.0981204033874,1393.287887118945,0.0009207584026444948,0.011009141941231631,0.015639357418270293,0.0009207584026444948,-0.0009191521533404856,0.0035508842317246714,0.016472468147304076,19573624.05,0.9728055954972732,0,1.5010455515039212,-3.804644241163487,31.592878069196427,0.02235714288799456,0.005693246965663073,-0.007644934049371611,-0.014666613232737708,0.04029386748863394,0
2026-03-27,1348.0999755859375,1404.699951171875,1345.0,1401.0,23266517,37.326750880876865,-8.287883940954544,-8.378135310797358,0.09025136984281446,1437.2670211797088,1393.7300048828124,1350.192988585916,1393.7300048828124,1412.7180053710938,1399.6717809513893,1421.0103240159149,1395.365929438918,1403.6538133798726,1391.2466337311732,-0.045998160868305105,0.016361954650872482,0.044284513206023196,-0.045998160868305105,-0.04240664240059,-0.026502073908247326,-0.031676466838557626,20200510.3,1.151778675610982,0,-2.1371562383715172,-5.094661064733145,33.964303152901785,0.02519420203842045,-0.03684564200501155,-0.05130880979381315,-0.062039303956604355,-0.0015501583978528943,0
2026-03-30,1343.9000244140625,1365.0,1334.0999755859375,1335.0,24393861,30.809764931106557,-11.779508893180036,-9.058410027273894,-2.721098865906143,1438.964797714002,1390.5850036621093,1342.2052096102166,1390.5850036621093,1410.4200048828125,1394.3601850906916,1417.9863906981952,1387.4480978966326,1399.2276067898126,1388.1531857738942,-0.003115459719557956,0.015661494142144697,0.022992799949932915,-0.003115459719557956,-0.048094646597032886,-0.049844456153205874,-0.026653094849882764,20586010.45,1.1849727298666557,0,-8.647903263288526,-7.65957631709648,31.9285888671875,0.023758157814684388,-0.03618875611637399,-0.052247586274543664,-0.066064696961985,0.0012627091533478048,0
2026-04-01,1369.199951171875,1384.4000244140625,1362.9000244140625,1384.199951171875,14404619,40.95060945945343,-12.362645295090488,-9.719257080837213,-2.6433882142532745,1438.626230355881,1389.35,1340.0737696441188,1389.35,1408.6280029296875,1391.9639723365185,1416.0731969912806,1384.6406907082082,1397.0033360032987,1387.3264775692694,0.018825750649750228,0.016649397696881837,0.01570260061841115,0.018825750649750228,-0.031066467463393366,-0.027418735841344355,-0.01856499524572397,20704669.4,0.6957183774206992,0,-11.500493205475323,-8.872930095102674,32.61430140904018,0.023819969743006604,-0.01635388675069826,-0.03310086365520993,-0.048258733032298225,0.021734759822581416,0
2026-04-02,1350.5,1358.199951171875,1328.0,1357.0,21280051,40.93192938313408,-14.170367694399374,-10.609479203549647,-3.5608884908497274,1439.357505674945,1388.975,1338.5924943250548,1388.975,1406.4800024414062,1388.0150225901834,1413.501699070054,1379.3882767530993,1393.5586444474986,1386.7794027019695,-0.013657575108639186,0.016673564689026418,0.02236205195992225,-0.013657575108639186,0.0017803015039885572,-0.043419780923656726,-0.03370061277096903,20582235.85,1.0339037583227382,0,-16.243308026680097,-10.928895535613265,31.9571533203125,0.023663201273833766,-0.02702782173075938,-0.044571364230763175,-0.06173414549519989,0.008895541940827366,0
2026-04-06,1304.699951171875,1359.0,1290.0,1359.0,29274881,33.34600350551757,-19.078753894456213,-12.30333414173096,-6.775419752725252,1447.0383038352907,1386.9599975585938,1326.881691281897,1386.9599975585938,1404.302001953125,1380.0802538836779,1409.2349638583607,1367.8977651252185,1386.9765190196747,1385.9672602818666,-0.033913401575805247,0.01867942527812681,0.05288572283460618,-0.033913401575805247,-0.029168890936867586,-0.0767107963250192,-0.07343230325036809,20421229.55,1.4335513406929015,0,-25.020138158811733,-14.751292746532727,34.757149832589285,0.026639956414017327,-0.054620231323269416,-0.07417855458274901,-0.09836529709417931,-0.016717195101691618,0
2026-04-07,1304.5999755859375,1308.300048828125,1291.0,1295.0,28388922,34.858720314847574,-22.714909181761186,-14.385649149737006,-8.32926003202418,1453.1507461438193,1382.7199951171874,1312.2892440905555,1382.7199951171874,1402.5140014648437,1372.8916559505597,1405.1316309849324,1358.1596436576367,1380.874552839398,1380.462422728225,-7.662726272639198e-05,0.018679451164409267,0.013260807260367298,-7.662726272639198e-05,-0.047180819376050565,-0.03226763651641873,-0.0579145511368635,20542799.05,1.3819403057442652,0,-26.780125000829685,-15.878693030982504,34.39286586216518,0.026362767519383285,-0.049742949539116045,-0.07154607666793952,-0.10222667603625182,-0.0058594311728484925,1
2026-04-08,1347.800048828125,1350.5999755859375,1326.199951171875,1349.0,21817543,41.556591912147645,-21.858729741591787,-15.880265268107964,-5.9784644734838235,1451.1467052061994,1379.8699951171875,1308.5932850281756,1379.8699951171875,1401.3780029296875,1370.5019790817562,1402.8833336454497,1356.565859837712,1378.4245895793038,1377.1928119060522,0.03311365479888573,0.02087114343022083,0.018103593656401518,0.03311365479888573,-0.001999223377915582,0.0029020197508835555,-0.04708708599855094,20668077.65,1.055615494070877,0,-23.85820600893544,-15.103057052745498,35.264290945870535,0.02616433422489624,-0.016564682576264214,-0.039264337594052505,-0.07121723531280694,0.029961000295905704,0
2026-04-09,1330.0,1350.0,1326.300048828125,1346.0,20725390,38.557883231435824,-22.358778465735895,-17.175967907633552,-5.182810558102343,1446.5909322469136,1375.1699951171875,1303.7490579874614,1375.1699951171875,1399.9280029296874,1366.6446477406366,1400.0251636985695,1352.478804478064,1374.8375829437998,1373.2176330501504,-0.013206742976157093,0.021031668579055935,0.01781951215930451,-0.013206742976157093,0.019391469130814798,-0.028629822209914946,-0.05526356451890091,20460806.05,1.0129312574173976,0,-25.31932459588188,-16.048033292711125,35.69285365513393,0.02683673207152927,-0.02681358888809777,-0.05001707505997811,-0.08059702964252582,0.020134965277030414,1
2026-04-10,1350.199951171875,1352.300048828125,1331.5,1337.0,19364461,40.51129541481738,-20.884361521189476,-17.917646630344738,-2.966714890844738,1442.6528146450703,1372.239990234375,1301.8271658236797,1372.239990234375,1399.2100024414062,1365.0784861626594,1398.0712337955617,1352.1282116617272,1373.0125731829166,1370.091670404003,0.015187933211936011,0.021432203739928456,0.015405161887372367,0.015187933211936011,0.03495322431342007,-0.00022217610375785402,-0.04363231018966296,20525466.15,0.943435869299368,0,-22.93653642752406,-15.430465274492235,36.164280482700896,0.026784388824272243,-0.01089939892951436,-0.034240946717516756,-0.06408531736441458,0.03715760941091541,0
2026-04-13,1315.0999755859375,1327.5999755859375,1310.0,1321.199951171875,28753269,39.002820831550174,-22.291191180936266,-18.792355540463046,-3.498835640473221,1442.7685994897504,1368.4849914550782,1294.201383420406,1368.4849914550782,1397.902001953125,1360.3186280124953,1394.8174589638118,1346.4315599577596,1368.722751138696,1364.7719934811503,-0.02599613157701075,0.02203929150766747,0.013382994382686307,-0.02599613157701075,-0.024261813368102625,0.007971200125148403,-0.06935107330913692,20870725.25,1.3776842278157055,0,-19.76162587118256,-14.417504894548983,36.20713588169643,0.027531850470580755,-0.033241221207582,-0.05715262801276888,-0.0884886349404639,0.016147867274178915,1
2026-04-15,1344.0999755859375,1347.0,1334.199951171875,1337.0,15313779,38.88711788842543,-20.825987168704614,-19.19908186611136,-1.6269053025932543,1440.2452531057768,1366.0799926757813,1291.914732245786,1366.0799926757813,1396.8500024414063,1358.7739944480613,1392.8285380470325,1346.072854669787,1366.8988418384915,1362.3928882653784,0.022051555424202007,0.022098593229731345,0.009523137460474274,0.022051555424202007,0.010601485402960575,0.030277480253868116,-0.00296713899001555,20589416.25,0.74376945970967,0,-14.117661502498322,-12.303092937899919,35.25714111328125,0.026231040661920627,-0.010799455186868267,-0.03498532743263587,-0.06675618427660808,0.04039372106968387,0
2026-04-16,1343.300048828125,1353.800048828125,1330.0,1352.0,30211012,39.613518403342646,-19.504513941298,-19.260168281148687,-0.24434566014931391,1438.7083943341263,1364.2099975585938,1289.7116007830614,1364.2099975585938,1395.8960034179688,1357.3002853414007,1390.8862443521734,1345.646269155685,1365.150783096983,1359.9830871931235,-0.0005951393291736551,0.022107523302431323,0.01771759693516561,-0.0005951393291736551,-0.005110281879184941,-0.0033387741779001834,-0.0004464436156246254,21236712.35,1.4225842259430517,0,-13.201693740355495,-11.997089293276304,35.200003487723215,0.02620412581569633,-0.010314767236458825,-0.03421285940333132,-0.06631527687037574,0.041550721892031406,0
2026-04-17,1365.0,1368.4000244140625,1340.0,1340.0,13869105,42.870187293666774,-16.515847770031314,-18.711304178925214,2.1954564088939,1435.77840925758,1362.7049987792968,1289.6315883010136,1362.7049987792968,1395.2880029296875,1358.0335914993625,1389.8710975148333,1348.6237662086567,1365.139613978688,1358.5196177439889,0.016154210067069963,0.022662803546854755,0.02080587869162088,0.016154210067069963,0.03794390186330121,0.026315789473684292,-0.0030674491101758683,20788277.5,0.6671598933581678,0,-8.611056241274127,-10.154066183736177,36.100001743861604,0.026446887724440735,0.005129776276701746,-0.01789453537044134,-0.04929619278380048,0.0584418157733545,0
2026-04-20,1363.300048828125,1373.0,1352.800048828125,1363.199951171875,13614733,42.422403003987164,-14.121694051040095,-17.79338215334819,3.671688102308096,1432.201409266218,1360.9900024414062,1289.7785956165944,1360.9900024414062,1394.7460034179687,1358.5351588640067,1388.8290956055505,1350.881655842421,1365.003349893461,1356.8762168192857,-0.0012453854739010728,0.022647507421129958,0.014816951843608173,-0.0012453854739010728,0.014284706190711427,0.00970233900903339,0.009478007277397227,20518626.95,0.6635304123017842,0,-6.5433272986526845,-9.242138190011246,35.964285714285715,0.026380315723747057,0.0035073733153160817,-0.01838170503354442,-0.04810870872791159,0.05700315810899524,0
2026-04-21,1353.300048828125,1369.800048828125,1350.0999755859375,1359.0,27293629,50.95030671534612,-12.88272240167612,-16.811250203013778,3.9285278013376583,1425.9602096611316,1358.2500061035157,1290.5398025458999,1358.2500061035157,1393.0700048828126,1358.0365769558275,1387.4357996534948,1351.25371630176,1364.1364387034362,1355.8324751396526,-0.00733514240580857,0.01897037017379589,0.014557062389265824,-0.00733514240580857,0.00744435318730452,0.029047276976161163,0.03725001875917733,21405342.05,1.2750849267554685,0,-2.2820510566677967,-7.381659310316991,32.507149832589285,0.024020652227670046,-0.0034877765504077265,-0.024603481353079548,-0.05095525130415363,0.04863100398640589,1
2026-04-22,1362.0999755859375,1366.0,1349.0999755859375,1350.300048828125,9525953,53.27102270633064,-11.063218007372825,-15.66164376388559,4.598425756512764,1423.7030418964137,1357.1150024414062,1290.5269629863988,1357.1150024414062,1391.1760034179688,1358.4235673015523,1386.4422379253551,1352.9223715762487,1363.9855895836215,1354.4808965791003,0.006502568861526781,0.019005741726848612,0.012407330384682358,0.006502568861526781,-0.0021245600103021456,0.013391860967896463,0.0440748130277826,21056721.05,0.4523948898491961,0,-0.3504271465089914,-6.386300121677323,31.507149832589285,0.023131304894881733,0.002706378461681272,-0.017557357727245034,-0.043269603630557034,0.05546030005751462,1
2026-04-23,1343.4000244140625,1355.5,1340.699951171875,1346.0,16385079,45.250376975610635,-11.003337814636552,-14.729982574035784,3.726644759399232,1414.635832971169,1353.5650024414062,1292.4941719116434,1353.5650024414062,1389.1760034179688,1356.99275369322,1384.7543079837358,1351.4573950897584,1362.460732904395,1350.892783610257,-0.013728765514316121,0.018662450384866764,0.011016859132915523,-0.013728765514316121,-0.014596951295621441,7.442535718271692e-05,-0.003264597310178363,20726229.1,0.7905480018070435,0,-0.3075316481806567,-6.131936368437664,30.142865862165177,0.022437744018437317,-0.010016803142215225,-0.029863986218527788,-0.050356287389871586,0.039385750132341066,1
2026-04-24,1327.800048828125,1345.9000244140625,1325.0,1340.0,11744802,45.77281716714782,-12.075471467471743,-14.199080352722977,2.123608885251233,1405.9811492541803,1349.5650024414062,1293.1488556286322,1349.5650024414062,1386.7160034179688,1354.2124960870203,1382.5208076246922,1347.8178033571994,1359.8932748246712,1347.8618793691476,-0.011612308547293337,0.01856514896938027,0.015740340145723154,-0.011612308547293337,-0.018842827961235487,-0.0272527114812271,-0.0016540986254699463,20364491.5,0.5767294508679482,0,-3.8210954123421743,-7.3502898901410845,28.69287109375,0.021609331253657833,-0.01950391636114255,-0.039580423307033555,-0.05560608011531835,0.026795981799518347,1
2026-04-27,1365.800048828125,1371.5999755859375,1311.0,1313.0,24673098,61.7184822246321,-9.746510979323148,-13.308566478043012,3.5620554987198645,1396.2607883678772,1347.2650024414063,1298.2692165149354,1347.2650024414063,1384.8000048828126,1355.3160725385542,1381.8650915934543,1350.5843026604186,1360.3308136397418,1344.9961956544203,0.02861876683431186,0.017544595406906283,0.04436958077277351,0.02861876683431186,0.00271644762389478,0.001833785601452087,0.011553916620060889,20667101.75,1.1938344475417313,0,-3.2190863254525084,-6.964004012096211,28.092869349888392,0.020568800955888422,0.00773544747383831,-0.011625623125629711,-0.021815938536352174,0.05201604679071798,1
2026-04-28,1388.9000244140625,1395.199951171875,1357.0,1358.0,41027699,64.85726751540832,-5.968022390820806,-11.840457660598572,5.872435269777766,1389.0304885107487,1346.0550048828125,1303.0795212548762,1346.0550048828125,1383.4080053710939,1358.5145441457455,1382.1409713119094,1356.479029084056,1362.4470514748768,1345.1656615602728,0.01691314596580784,0.017868973411407005,0.027503744330331103,0.01691314596580784,0.033869286268507715,0.026306047662353116,0.05611744369111071,21766420.15,1.884907978310802,1,0.47796718991799025,-5.294828341585344,29.585719517299108,0.021301547265635972,0.02236669485745097,0.004890277650721455,-9.392457384147113e-05,0.06585975894743586,1
2026-04-29,1425.4000244140625,1433.800048828125,1391.300048828125,1392.0,30542143,64.00723432815629,-0.02797552073116094,-9.477961232625091,9.44998571189393,1405.6740220653005,1349.9200073242187,1294.1659925831368,1349.9200073242187,1382.5420068359374,1364.8845898855852,1383.8374047668958,1367.0822591348262,1367.1102346555574,1349.0194328557093,0.026279789299736178,0.017108171362563578,0.02981619143543261,0.026279789299736178,0.07350502485074939,0.04647239553829019,0.06048660836608044,22130201.45,1.380111386197978,0,6.461022584032889,-2.6048331584593143,29.507149832589285,0.020700960661705303,0.04433740037577106,0.030034323038238595,0.014033127196716184,0.10140432725247589,0
2026-04-30,1430.800048828125,1437.0,1393.0999755859375,1409.0,30957881,69.04765639416867,5.056997342378281,-6.570969517624417,11.627966860002697,1420.586686299845,1354.2650085449218,1287.9433307899985,1354.2650085449218,1382.1800073242186,1371.1622526420176,1385.6790770830225,1376.8849960107184,1371.8279986683401,1354.005750922118,0.0037884273337811525,0.016369479099726383,0.03068215188419804,0.0037884273337811525,0.047591153665407226,0.06505882300559196,0.06513809038891472,22458402.45,1.3784542809277158,0,14.169498948797582,0.9247690992867774,30.95001220703125,0.021631263035237096,0.04349433925211591,0.03256235335535707,0.0071895383976055445,0.11091848113418239,0
2026-05-01,1430.800048828125,1430.800048828125,1430.800048828125,1430.800048828125,0,66.48940474156919,8.983320840912711,-3.4601114459169917,12.443432286829703,1431.808730829885,1357.3450134277343,1282.8812960255837,1357.3450134277343,1382.4040087890626,1376.8420427549802,1387.4485269553795,1385.1796195210886,1376.196298680176,1353.404041914552,0.0,0.016169820239336233,0.0,0.0,0.030167775705626454,0.0775719206298453,0.04820516397664831,21738171.5,0.0,0,22.629546667959858,4.927719330687296,29.357151576450892,0.020517997326387722,0.039189685089204576,0.031245499224303596,-0.0007044809687501831,0.11530197942771434,0
2026-05-04,1463.0999755859375,1467.4000244140625,1433.4000244140625,1433.4000244140625,24035700,80.62918859489568,14.533758527385771,0.13866254874356088,14.39509597864221,1451.0435678375986,1362.9750122070313,1274.906456576464,1362.9750122070313,1382.9240087890626,1385.057083976976,1390.4152504310878,1397.1673666079885,1382.6336080806027,1359.3464048684966,0.022574731377921875,0.014275927074804635,0.023238329961958883,0.022574731377921875,0.026448681441108013,0.0712402425532912,0.07320466748578136,21875953.95,1.0987269426026562,0,29.741011438421765,8.55015883763349,29.100010463169642,0.01988928367763506,0.05634633583828439,0.05227555230879004,0.00830878411618322,0.14761359003140817,0
2026-05-05,1463.5999755859375,1473.4000244140625,1450.0,1460.0,23543341,78.03853098334662,18.756651204509808,3.8622602798968106,14.894390924612997,1465.2969446634327,1370.9200134277344,1276.543082192036,1370.9200134277344,1383.7360083007814,1392.5373593683055,1393.2852396528465,1407.3877679892114,1388.6311167847016,1367.771834260688,0.0003417401464993475,0.01377203250757175,0.01598799180404095,0.0003417401464993475,0.022924186216429554,0.05378353363006738,0.0815044134915428,21589376.95,1.0905058100808231,0,34.022815222559984,11.14426834093706,28.492867606026785,0.019467660618551152,0.051031030327163385,0.05046686344758146,-0.0011581059277271264,0.1465339446849641,0
2026-05-06,1437.9000244140625,1473.300048828125,1427.5,1463.0,14221786,69.87397503094077,19.801295787354775,7.050067381388404,12.751228405966371,1471.0648800240338,1377.5850158691405,1284.1051517142473,1377.5850158691405,1383.6680078125,1396.8576131821872,1395.0348390552472,1412.0819612853425,1392.2806654979877,1374.9623988539986,-0.01755940940186629,0.015097446145299537,0.0318520398153469,-0.01755940940186629,0.004962241643584386,0.008769468069244946,0.055649401796309395,20881020.15,0.6810867427854094,0,31.973023296601923,11.19743428835136,30.064296177455358,0.0209084746275781,0.029381957648765975,0.030726964057646553,-0.022544794631647668,0.11976812996544947,0
2026-05-07,1436.199951171875,1449.5,1430.300048828125,1438.800048828125,19816903,66.33028231871138,20.258475349610308,9.691748975032784,10.566726374577524,1477.8839291495058,1382.0050109863282,1286.1260928231507,1382.0050109863282,1384.2020068359375,1400.6045025145384,1396.649157177468,1415.7924212678859,1395.5339459182755,1379.7546674736411,-0.0011823306303094805,0.014818652736325735,0.013368578070350648,-0.0011823306303094805,-0.018385636568198027,0.0037740440029847555,0.06907840186938219,20780988.15,0.953607348070212,0,29.442249872520733,10.970080094445393,29.407148088727677,0.020475664314521635,0.02541434687196228,0.028318345943326596,-0.02820517711537679,0.11668673793819088,0
2026-05-08,1435.199951171875,1442.800048828125,1417.5,1426.0,8663105,66.5439408579197,20.30602656961537,11.814604493949302,8.491422075666067,1482.6726900308786,1387.2650085449218,1291.857327058965,1387.2650085449218,1384.5180053710938,1403.8993071485704,1398.160953020386,1418.7781950992687,1398.4721685296533,1383.148829701638,-0.0006962818785671843,0.014805163899151649,0.017628239749776262,-0.0006962818785671843,-0.019404225804727004,0.0030751343259693975,0.0808855990316748,20177873.9,0.42933685892446777,0,27.05726439359023,10.712426065006412,29.771440778459823,0.020743758215815665,0.02229550500090968,0.02649122625794644,-0.032018353867443866,0.11095855642143009,0
2026-05-11,1388.199951171875,1428.0,1382.0,1420.0,15261787,56.861960115666875,16.36258633948114,12.724200863055671,3.6383854764254693,1482.9647141337825,1389.1650085449219,1295.3653029560612,1389.1650085449219,1383.7220043945313,1402.404130388885,1397.770325496915,1414.0738498796695,1397.7112635401884,1385.6352386433593,-0.03274805016654536,0.017571994901011974,0.03313643683762432,-0.03274805016654536,-0.03456434550269938,-0.05119269063214005,0.016400572223561838,19972740.2,0.7641308527109365,0,17.347046411909105,7.355075065827123,32.16428920200893,0.0231697812515098,-0.01012844936007943,-0.006846886180415636,-0.06390223722704068,0.07166677075876776,0
2026-05-12,1364.0,1393.5,1360.300048828125,1392.0,24357500,50.35224798257974,11.156047759830699,12.410570242410678,-1.2545224825799792,1479.6535582953582,1391.610009765625,1303.5664612358917,1391.610009765625,1382.4260034179688,1398.7465941613723,1396.4459990068399,1406.3701806674126,1395.2141329075819,1389.7857297203936,-0.01743261203218327,0.01824780386542191,0.02434014015533358,-0.01743261203218327,-0.05027151763440951,-0.06805136461283667,-0.017927873839995834,19752951.75,1.2331068443985846,0,6.209234793066798,3.1607593539933987,33.32856968470982,0.024434435252719808,-0.024841235936810153,-0.02323469652955836,-0.07816259261971929,0.04636015160041185,0
2026-05-13,1358.800048828125,1372.4000244140625,1352.4000244140625,1361.4000244140625,13797989,53.00547125032578,6.534905499843035,11.23543729389715,-4.700531794054115,1478.9522954363983,1392.3450134277343,1305.7377314190703,1392.3450134277343,1381.6320043945314,1394.9421612724916,1394.9696872351258,1399.0516988459838,1392.5167933461407,1390.65203491686,-0.0038122809177969508,0.017851442872872013,0.01471886906189669,-0.0038122809177969508,-0.05323293265260198,-0.05501076169615504,-0.04672370874506937,19677162.25,0.701218439157811,0,-1.9154519096955482,-0.0651518201214003,33.228567940848215,0.02445434703178415,-0.025909398574201176,-0.025928619623764117,-0.08124146193154912,0.04063780660714061,0
2026-05-14,1361.800048828125,1378.0,1358.4000244140625,1365.199951171875,17303059,56.97865772686501,3.079196828914519,9.604189200900624,-6.524992371986105,1478.047586145031,1393.2700134277343,1308.4924407104377,1393.2700134277343,1380.7320043945313,1391.7857696111234,1393.668917101518,1393.3206757663133,1390.2414789373988,1393.3668310037865,0.0022078303592845128,0.017480864077821998,0.014392697079724693,0.0022078303592845128,-0.019017362968111295,-0.05180330376911868,-0.04822476771405859,19031764.6,0.9091673506722545,0,-8.818732903414912,-2.9802400759499506,33.135707310267854,0.024332285300461144,-0.02154478184625835,-0.02286688601742819,-0.07864938748020749,0.04073971423842869,0
2026-05-15,1336.4000244140625,1364.800048828125,1329.199951171875,1356.800048828125,19976192,43.636354989111425,-1.6895705654299036,7.345437247634519,-9.035007813064421,1479.5398364465627,1391.8400146484375,1304.1401928503124,1391.8400146484375,1379.5820043945312,1386.510936735213,1391.4230781725983,1384.5636524813515,1386.2532230467814,1392.064839994879,-0.018651801662013523,0.016469335804045592,0.02663880350635183,-0.018651801662013523,-0.020234586206699046,-0.06884053101948617,-0.06597709057347279,19337118.95,1.0330490313294578,0,-17.388370413357507,-6.73787484778768,31.350001743861608,0.023458546222046687,-0.03614173606098303,-0.039544445267358466,-0.09674616965791315,0.024736475219925138,0
2026-05-18,1335.9000244140625,1342.0,1318.699951171875,1334.0,13022473,37.28406313920005,-5.446416010395296,4.787066596028556,-10.233482606423852,1480.8617850872133,1390.4700134277343,1300.0782417682553,1390.4700134277343,1379.1400048828125,1381.6908498474843,1389.245703515401,1377.0769404709995,1382.5233564813948,1391.0695467631733,-0.0003741394723628666,0.01561436867028553,0.017441461488365947,-0.0003741394723628666,-0.01685312304324116,-0.03767463520918768,-0.08693865989638494,19307505.95,0.6744772231961944,0,-20.713280541400763,-8.524621981513974,30.285723005022323,0.022670650835795822,-0.03314115124846946,-0.03839902399291245,-0.09789013541504381,0.027553559082017582,1
2026-05-19,1322.699951171875,1344.0,1318.4000244140625,1338.699951171875,21665501,22.258215346304482,-9.380743315538211,1.9535046137152023,-11.334247929253413,1482.9445443747488,1388.940008544922,1294.935472715095,1388.940008544922,1378.69400390625,1376.0726690212357,1386.636066168596,1368.7112498095958,1378.091993125134,1389.890577024004,-0.009881033760724134,0.013274081721075135,0.01935433320554419,-0.009881033760724134,-0.02871206950675098,-0.03027862817311222,-0.0962694908201639,19026099.55,1.138725304314935,0,-22.67392514013659,-9.809932838243867,28.907148088727677,0.021854652722347767,-0.03878626401854439,-0.04610879275149855,-0.10805838546743328,0.021440820057671315,1
2026-05-20,1359.699951171875,1362.9000244140625,1312.5999755859375,1318.699951171875,13248515,33.594805335268134,-9.404723474091497,-0.31814100384613764,-9.086582470245359,1482.9748139755284,1388.8200073242188,1294.6652006729091,1388.8200073242188,1378.1000024414063,1374.5133625593917,1385.5797479334306,1367.3248961730233,1376.7296196471148,1389.1092434029226,0.027973086388352053,0.015861563822352404,0.0369934916779053,0.027973086388352053,0.017434844606522892,0.0006622772383075848,-0.05438491683318081,19212227.65,0.6895876543499109,0,-20.428798713099923,-9.389939301695222,29.364292689732142,0.021596156317005195,-0.01077720434811459,-0.01867795541913401,-0.08312674068494842,0.0502328713749035,0
2026-05-21,1349.5999755859375,1370.9000244140625,1345.199951171875,1367.199951171875,17150630,32.09874350424798,-10.122031069852255,-2.278919017047361,-7.843112052804894,1482.6941345886005,1389.1300048828125,1295.5658751770245,1389.1300048828125,1376.9960009765625,1372.1406590381102,1384.168776468823,1364.5979853134716,1374.7200163833238,1389.412134946434,-0.007428091452994945,0.015859098693022575,0.019042733926421158,-0.007428091452994945,0.010255221888991306,-0.0089587845533462,-0.060297993684845785,19250505.2,0.890918436779519,0,-19.6451105730132,-9.500140632695093,31.20001220703125,0.023117970340422955,-0.016427385416866867,-0.024974411697881574,-0.08976508094138533,0.04170694940659026,0
2026-05-22,1354.5,1367.4000244140625,1349.0999755859375,1350.0,7105813,22.768314370808426,-10.177788280567484,-3.8586928697513856,-6.319095410816098,1481.0594133355744,1390.4650024414063,1299.8705915472383,1390.4650024414063,1375.6060009765624,1370.460596272576,1383.005295038673,1363.044449111399,1373.2222373919665,1390.5515720957158,0.0036307235497208268,0.014126383505292226,0.013510556536083426,0.0036307235497208268,0.024041770622241998,0.013543830631006948,-0.056229064881155755,19018555.75,0.3736252685748759,0,-16.050340462636996,-8.41778313392524,29.892874581473215,0.022069305707990563,-0.011646154815385477,-0.02061112501950032,-0.08545194891982291,0.04202680544356052,0
2026-05-25,1367.0,1371.0999755859375,1357.0,1366.800048828125,6750071,27.152326293792143,-9.108335516534453,-4.908621399107999,-4.199714117426454,1481.0521974412352,1390.525,1299.997802558765,1390.525,1374.77,1370.1310156751877,1382.3776364097055,1363.6529954019531,1372.7613309184876,1392.87312308927,0.009228497600590524,0.014596131290509812,0.010314539565426115,0.009228497600590524,0.005368867463614535,0.02328016694181745,-0.015271540064512035,18122404.4,0.3724710502542367,0,-11.559834172296632,-6.868067105695445,29.407156808035715,0.021512184936383114,-0.002285194364164306,-0.01112404888843839,-0.07700754749783931,0.05154023899837035,0
