Date,Close,High,Low,Open,Volume
2021-06-03,2737.786376953125,2749.3781612728867,2721.575284562109,2749.3781612728867,1281706
2021-06-04,2739.96533203125,2751.382847235814,2723.62359048832,2726.238269135189,1836060
2021-06-07,2774.347900390625,2780.666706179255,2731.1186808720404,2741.0543731367998,2559821
2021-06-08,2789.120849609375,2816.0085433772556,2777.8341974470977,2787.247081931434,2574057
2021-06-09,2789.208251953125,2806.421551844094,2776.962798587997,2790.733481057388,1710925
2021-06-10,2803.632568359375,2809.9077540375833,2782.88941024876,2797.70592135876,1874324
2021-06-11,2853.3115234375,2883.9903751710076,2798.577544476913,2799.0569447568123,3452954
2021-06-14,2855.533935546875,2883.7287565429338,2850.3045787618544,2857.8434830136966,1847360
2021-06-15,2843.6806640625,2874.4031354158683,2833.919240543718,2874.4031354158683,1304985
2021-06-16,2853.791015625,2871.527124287829,2835.1831346541367,2843.1144114443937,1635552
2021-06-17,2891.6162109375,2907.5657905780254,2841.2836553858037,2846.0772321050126,2273413
2021-06-18,2873.793701171875,2926.697329824406,2854.3578782534037,2920.5091711430364,3380431
2021-06-21,2852.701416015625,2863.9444481822334,2834.0499154939534,2845.641699122031,1130569
2021-06-22,2877.19189453125,2899.7217904931717,2863.072674583069,2879.632303446715,1708688
2021-06-23,2842.504150390625,2901.4216594077234,2838.146352764599,2901.4216594077234,1467104
2021-06-24,2940.29296875,2948.485542252552,2857.4075821090723,2862.201158958729,4155204
2021-06-25,2946.568359375,2962.997128052771,2919.724284589916,2941.7311616603324,2722861
2021-06-28,2908.176025390625,2955.893905780267,2904.9076774187315,2955.893905780267,1355238
2021-06-29,2911.75,2933.9311494555513,2899.2430345184002,2912.7522084354405,1497322
2021-06-30,2916.020263671875,2947.6142962678864,2909.701457152673,2916.2381535518475,1693146
2021-07-01,2912.31591796875,2930.1828867906443,2904.3412340712302,2926.696648971738,990310
2021-07-02,2898.327392578125,2910.74711500687,2871.9627186504385,2903.164590185935,1682274
2021-07-05,2894.449462890625,2940.6421221899936,2877.889830311606,2912.752214688488,1972858
2021-07-06,2843.288818359375,2900.550239362281,2837.885191599875,2887.47684585554,2159420
2021-07-07,2854.313720703125,2861.068306777802,2825.2473392645243,2854.3573412344163,2640710
2021-07-08,2839.97607421875,2874.402667722399,2816.792510948647,2874.402667722399,2485811
2021-07-09,2796.093505859375,2860.4582596113323,2789.8619405898457,2832.568355800375,6365067
2021-07-12,2782.9765625,2820.3663777594174,2778.8366551160825,2819.4948183101715,1892226
2021-07-13,2778.1396484375,2801.1923556653715,2767.2015336768995,2801.1923556653715,1809339
2021-07-14,2801.671875,2808.1649512785834,2775.917246996365,2777.660366146755,2044279
2021-07-15,2797.653564453125,2822.896730614884,2789.836126410262,2819.184519112929,2232968
2021-07-16,2790.53515625,2812.4154119318237,2788.089421125836,2806.4321146858747,1256526
2021-07-19,2781.625732421875,2794.9023053084866,2774.1138778064173,2777.607724000128,1597058
2021-07-20,2800.143310546875,2808.1791148200396,2756.775813064705,2781.6259668093744,1811945
2021-07-22,2809.35791015625,2816.8695509188374,2786.342114911224,2786.342114911224,2859334
2021-07-23,2806.301025390625,2831.3693292187577,2800.8853931842596,2821.280805669737,1776193
2021-07-26,2792.93701171875,2816.2583923696466,2787.0848620044726,2795.076949858996,1259611
2021-07-27,2780.18408203125,2803.8112569236587,2761.142579755305,2795.076642416108,1121367
2021-07-28,2793.155517578125,2798.963951857688,2736.0310015940213,2784.5955513391964,1660654
2021-07-29,2791.408447265625,2817.3064967675937,2786.604408769665,2795.2953084901396,1731997
2021-07-30,2766.645751953125,2815.603314622655,2762.191225983625,2811.6727376362114,2999943
2021-08-02,2812.02197265625,2816.826011085384,2766.25267364857,2777.6076735719776,2608669
2021-08-03,2869.23388671875,2873.688626119012,2811.6291376075883,2820.4074692213644,3804735
2021-08-04,2859.66943359375,2886.9651073617065,2848.532798696424,2882.423149896209,2929598
2021-08-05,2868.40380859375,2895.5248304241322,2849.668102340492,2860.586370931835,2534521
2021-08-06,2890.983642578125,2903.3867563486483,2851.8525148851795,2858.447193518562,2292362
2021-08-09,2902.250732421875,2914.7412755930864,2891.1578130695584,2903.2988436623186,1510489
2021-08-10,2912.033203125,2926.0085870941607,2896.0490283082218,2896.0490283082218,2040777
2021-08-11,2921.030029296875,2934.8307642305435,2906.0939649630977,2926.0961488608095,1929707
2021-08-12,2927.624755859375,2941.818506074252,2905.1331209034925,2905.1331209034925,1310205
2021-08-13,3025.146484375,3039.646030624656,2932.646996500656,2935.4857463855783,4363584
2021-08-16,3033.488037109375,3052.180240931902,3001.6504084686876,3022.176753470583,2083489
2021-08-17,3103.45263671875,3110.2219638050665,3024.7973806340597,3041.480581719962,4336019
2021-08-18,3110.00341796875,3140.0941242989843,3089.084057481392,3121.6204986858806,2631309
2021-08-20,3109.0869140625,3122.6255703816373,3057.1159430309735,3062.3567132190265,2836148
2021-08-23,3177.128662109375,3208.2239757054094,3111.182321198469,3126.9920590866773,3744176
2021-08-24,3155.9912109375,3203.289281535624,3139.5700912462094,3194.248869248207,2511141
2021-08-25,3195.995849609375,3229.8424850759952,3150.6195641945837,3153.1962331483587,2123263
2021-08-26,3207.219482421875,3220.9765001390165,3186.299910279459,3196.8688790309616,1902533
2021-08-27,3249.408203125,3257.5751546785104,3189.0958480679137,3202.110341078273,3944728
2021-08-30,3232.943359375,3267.052076414065,3220.9769784870473,3244.9097402629527,2033114
2021-08-31,3307.318359375,3322.7350832895377,3234.821052565711,3240.0181060067675,3207480
2021-09-01,3244.865966796875,3333.74068017422,3237.921990071919,3315.660068603454,2643336
2021-09-02,3351.253662109375,3370.819115881548,3251.0239474479945,3261.505486236113,3403717
2021-09-03,3355.8828125,3368.8535878797816,3323.1280061155453,3340.9902512143804,1746812
2021-09-06,3364.57373046875,3386.934430383509,3331.3821931484454,3362.5647263498754,1723693
2021-09-07,3333.04150390625,3380.2521385252685,3326.3596090282194,3375.0550854815306,1585039
2021-09-08,3296.574462890625,3332.255448602548,3280.7212227919185,3327.8881413304607,4147175
2021-09-09,3311.64111328125,3326.7520365382707,3288.5818200808344,3310.1562717091774,1441148
2021-09-13,3358.765869140625,3364.9236032265057,3290.33006299334,3290.33006299334,1691473
2021-09-14,3394.183837890625,3403.4426147631857,3340.9901197149197,3362.7829407221366,1991188
2021-09-15,3454.147216796875,3476.3767693180266,3376.8021583375607,3390.864973783777,2461369
2021-09-16,3409.382568359375,3477.9055854649487,3399.599841483605,3432.703949488855,2946666
2021-09-17,3343.479736328125,3445.8056672309503,3323.5210554661003,3423.9691294157988,6477148
2021-09-20,3339.679931640625,3381.1693514792364,3326.010344929612,3327.01474032147,2002008
2021-09-21,3374.138427734375,3381.650282754764,3338.064421190229,3369.8148354860814,1568129
2021-09-22,3373.439453125,3403.7487396255815,3364.9669187066097,3373.745249967666,1744067
2021-09-23,3379.64111328125,3388.157363421327,3349.725055096878,3380.296209445871,2003869
2021-09-24,3381.431396484375,3445.281301332481,3367.1939320211554,3397.7650831549404,2320754
2021-09-27,3351.428466796875,3409.994110133992,3321.687056460379,3406.500263709674,1673362
2021-09-28,3300.942138671875,3362.8269749249935,3276.5726466720475,3362.8269749249935,2253075
2021-09-29,3312.078857421875,3324.3947509152617,3251.1549126304035,3284.0408688426596,2489161
2021-09-30,3297.797607421875,3323.5210059352767,3275.568054906828,3323.5210059352767,2252412
2021-10-01,3258.185791015625,3327.8880559391096,3253.643834218683,3303.2127704849677,1578374
2021-10-04,3295.83251953125,3304.8727186534416,3238.3149909855993,3253.4696342242864,1356860
2021-10-05,3348.239990234375,3354.092139599293,3268.143613821035,3278.974451056184,1877966
2021-10-06,3328.674072265625,3369.3337444080453,3314.7861208527197,3350.598039417927,1678154
2021-10-07,3400.298828125,3405.627029576958,3336.667273820426,3345.358174731918,1647233
2021-10-08,3437.638427734375,3485.0237108088504,3406.49961272726,3428.3361487062807,2934339
2021-10-11,3219.229736328125,3282.0315318379744,3196.869036999863,3279.8478781241765,11845402
2021-10-12,3190.624267578125,3237.9221275740247,3171.189747119932,3237.0486659803983,5752877
2021-10-13,3192.6767578125,3210.3643549916846,3183.7674922532174,3188.134800198695,3545655
2021-10-14,3160.515380859375,3211.7547258242166,3157.671183895089,3172.373537087952,6442299
2021-10-18,3191.757568359375,3196.614624095019,3151.76382833439,3153.5141032909023,3590107
2021-10-19,3180.380859375,3229.344973413171,3172.5484214832622,3210.879486705096,3135441
2021-10-20,3158.23974609375,3176.748816961341,3131.504255329877,3160.9963434888055,2933693
2021-10-21,3091.423583984375,3157.015104627322,3072.826909912282,3154.083521849942,4871211
2021-10-22,3061.974609375,3116.8894817975106,3049.8538707959997,3115.489176480275,2691670
2021-10-25,3056.8115234375,3075.7145791199464,3019.22441010677,3065.6066981460913,2595594
2021-10-26,3047.754150390625,3088.3604476916144,3041.1030194753075,3058.1682018867514,3878763
2021-10-27,3054.01123046875,3072.8266875803133,3048.104052073259,3048.104052073259,2510813
2021-10-28,2994.4140625,3078.7336438655566,2988.5944837410107,3078.7336438655566,2424942
2021-10-29,2973.497802734375,3028.8502377348755,2963.1711397183826,2975.510661283889,3960501
2021-11-01,3042.327392578125,3051.6039339339886,2986.7999705523107,3008.6784042627637,2020718
2021-11-02,3049.154296875,3074.883469780658,3036.508601644295,3057.7306878435525,3087414
2021-11-03,3056.19921875,3080.3966874138937,3033.270656847853,3066.6570701167648,1537639
2021-11-04,3070.551513671875,3074.5772321717463,3067.3573468332656,3074.3146481553817,328991
2021-11-08,3065.387939453125,3104.9879121203876,3046.5286832194915,3104.9879121203876,2526082
2021-11-09,3067.96923828125,3093.6108076502364,3059.4804479618747,3069.982097096755,1782692
2021-11-10,3049.241455078125,3080.2212352978518,3045.653306076,3061.2307953933705,1516489
2021-11-11,3052.655029296875,3071.7768719190476,3006.972887875956,3045.478943483215,1284514
2021-11-12,3085.778564453125,3092.867049870975,3050.466681553837,3068.232015188849,1747259
2021-11-15,3109.626220703125,3123.8910051396083,3087.4851985153273,3087.4851985153273,1809157
2021-11-16,3112.3388671875,3129.0978782245816,3099.7369728621115,3123.365684964674,2013204
2021-11-17,3082.146728515625,3117.9837806790056,3068.5820970335662,3107.263346120604,1632914
2021-11-18,3041.7158203125,3081.2284125328515,3020.6251316064813,3076.23995711251,2136598
2021-11-22,3026.575439453125,3076.9396452248434,3010.7355789237035,3044.078189423723,3167936
2021-11-23,3031.695068359375,3046.309821800846,2982.293599476673,3014.84867157337,2153461
2021-11-24,3013.361083984375,3056.8991758736497,2996.4708870125883,3038.6524730061487,2161746
2021-11-25,3015.63623046875,3030.601167204628,3005.2659792716213,3013.885955466033,1849619
2021-11-26,3016.4677734375,3054.229871051029,2985.881546926754,2997.3459336245774,1941251
2021-11-29,3064.731689453125,3088.6667868251257,2981.112254109793,3016.73030953973,2981745
2021-11-30,3088.4912109375,3118.771051824377,3055.1048030638794,3055.1048030638794,5588446
2021-12-01,3131.067138671875,3141.7437739467196,3093.611209164806,3093.611209164806,2102118
2021-12-02,3188.038330078125,3192.501616814279,3127.8290406863075,3141.0434888119357,3152938
2021-12-03,3185.89404296875,3208.2100476344785,3177.492851759142,3191.14486759598,2486263
2021-12-06,3094.83642578125,3201.2532400549144,3082.2345302004946,3185.8945329269327,1849642
2021-12-07,3136.93017578125,3148.744531304488,3084.2469442533907,3117.6771519656027,1484458
2021-12-08,3174.0361328125,3191.1451137740696,3151.3701568857164,3151.3701568857164,1428660
2021-12-09,3152.026611328125,3180.906149934033,3120.7404445050583,3159.246495979602,1567957
2021-12-10,3182.69970703125,3187.250378734149,3128.7037727258034,3137.3675474360034,1510718
2021-12-13,3158.93994140625,3204.753474268667,3151.9826411227077,3194.2518244349085,1883864
2021-12-14,3171.3232421875,3181.1247392304226,3130.104181424236,3154.8706148351234,1747007
2021-12-15,3124.547119140625,3170.6230209966334,3113.870271191835,3167.9976086138045,1603233
2021-12-16,3134.392578125,3157.889891975921,3124.2408975889543,3134.7425476648837,2072320
2021-12-17,3136.79931640625,3195.433531388944,3127.478973442637,3152.6829772411506,4333992
2021-12-20,3112.776123046875,3155.745454717675,3071.8634497224016,3140.8681189633207,2312310
2021-12-21,3157.759033203125,3186.550974674627,3121.090639703937,3135.311625651659,2340989
2021-12-22,3177.405517578125,3182.7001422501903,3155.9646485618987,3171.498339379777,1224328
2021-12-23,3205.365478515625,3212.1915924691875,3176.7485303536714,3192.501002405012,1792861
2021-12-24,3212.542236328125,3242.3845112192694,3189.70127525278,3224.8817608213244,2209923
2021-12-27,3234.595947265625,3238.008898209195,3196.9650330431937,3212.6299095475556,1534135
2021-12-28,3243.7412109375,3259.887456413105,3232.6270065019953,3246.7603928302337,1456218
2021-12-29,3233.37060546875,3255.4678282113414,3224.881814116782,3231.226561240893,1456923
2021-12-30,3267.54443359375,3273.014042622196,3220.505795949113,3221.687316961898,1966475
2021-12-31,3271.570068359375,3290.51670809093,3265.400306800385,3275.464387157578,1207141
2022-01-03,3341.05615234375,3351.776586595917,3277.3898999482267,3281.765587398091,2346158
2022-01-04,3399.68994140625,3403.540460420657,3335.76111298223,3352.7389063704113,2488606
2022-01-05,3378.862548828125,3386.7825870148768,3336.374574675718,3382.406898917958,1733031
2022-01-06,3332.0419921875,3356.1520713111595,3301.0184127733232,3336.023910257664,1810293
2022-01-07,3372.342529296875,3382.3190118461575,3322.372090020068,3343.0254215425102,2460591
2022-01-10,3395.402587890625,3481.2972549604933,3378.9061592263615,3481.2972549604933,3937092
2022-01-11,3426.950927734375,3434.9147646258375,3374.530275769995,3374.530275769995,1906106
2022-01-12,3377.94384765625,3438.415946844274,3357.5095110096217,3434.9153961221114,3203744
2022-01-13,3411.198486328125,3433.164523752587,3375.405446880889,3428.7888361107916,6684507
2022-01-14,3472.6767578125,3480.421810089149,3378.0745230015314,3393.6520131101706,3348123
2022-01-17,3517.308837890625,3538.180952966991,3467.557398640576,3494.161493482207,3442604
2022-01-18,3492.3232421875,3537.0426331908243,3483.0467006878594,3530.260318635465,2389041
2022-01-19,3431.876708984375,3517.2211308607257,3428.238592280874,3517.2211308607257,3102539
2022-01-20,3354.6416015625,3436.5668579592284,3341.0092591027087,3427.800105770557,6176776
2022-01-21,3360.734619140625,3376.5586504367925,3306.0301683677976,3337.5027246819773,3112358
2022-01-24,3306.24951171875,3374.893017177605,3278.8534083165705,3366.4331860598354,3258414
2022-01-25,3304.978271484375,3339.606947339262,3263.160900663494,3304.6276869619614,3330501
2022-01-27,3199.207275390625,3272.9794148169553,3178.0356529262563,3270.8754797512975,5718297
2022-01-28,3234.9755859375,3269.823427522156,3196.357997928472,3196.357997928472,3143862
2022-01-31,3275.47802734375,3294.545714756189,3262.459313773471,3286.6556372062146,2739393
2022-02-01,3331.936279296875,3338.3799291111163,3275.6098847471403,3305.0662638521294,2105169
2022-02-02,3380.635009765625,3387.473119428021,3331.9356574912495,3355.8250577253107,1984212
2022-02-03,3352.932861328125,3403.6922819940964,3345.4372437603306,3376.077006557441,1960538
2022-02-04,3344.4287109375,3353.0201721837657,3304.189397939181,3344.779509497143,2307366
2022-02-07,3312.956298828125,3359.2448022267936,3292.9241805536844,3323.4764035081826,1919149
2022-02-08,3281.7900390625,3331.1030236369234,3262.1087218032067,3323.958205706961,2946443
2022-02-09,3296.781005859375,3312.03506891022,3284.1130918732606,3287.532039581612,1638721
2022-02-10,3305.37255859375,3322.423849111696,3294.5455338263955,3322.423849111696,2112459
2022-02-11,3239.271484375,3289.724192681431,3234.931984275677,3289.724192681431,3851488
2022-02-14,3273.286376953125,3325.4485569139447,3252.4653387334697,3264.738792841898,5951745
2022-02-15,3346.970947265625,3362.0497193674596,3285.7789695408705,3319.092630384668,3931683
2022-02-16,3342.850830078125,3378.794519077385,3336.6263495410367,3369.9400125159605,3256906
2022-02-17,3317.5146484375,3362.0497967656042,3312.9559796550766,3353.283043710153,3134372
2022-02-18,3326.018310546875,3345.3490435758326,3294.195168617033,3304.1891813505617,3688883
2022-02-21,3260.7060546875,3355.737786485923,3248.564230091958,3340.1329231984273,7465922
2022-02-22,3144.10791015625,3215.5569402853985,3129.730522221603,3199.8645395262893,5408531
2022-02-23,3124.295166015625,3176.106542670108,3117.1501346124674,3165.674193251161,2426203
2022-02-24,2982.142578125,3054.205462139813,2972.8938245340382,3045.5701244470206,5039136
2022-02-25,3086.554443359375,3094.6636895714246,3035.049771472032,3040.309823069037,2549723
2022-02-28,3115.879638671875,3124.2519314805745,3029.702404742474,3059.597121253513,3288942
2022-03-02,3108.8212890625,3131.4395492219805,3073.622869763436,3114.3882615044513,2761341
2022-03-03,3107.287841796875,3137.27030822549,3094.7515562563644,3123.4626722767534,1928039
2022-03-04,3089.71044921875,3122.015803200218,3057.0104201560107,3069.678334491801,2370257
2022-03-07,3055.1259765625,3110.444279204016,3008.3554729931516,3024.5300911087525,3054130
2022-03-08,3155.9873046875,3163.92125921347,3033.296635322418,3033.296635322418,3300992
2022-03-09,3184.611083984375,3203.371851580032,3153.445231291898,3160.4147577848976,2719654
2022-03-10,3174.3974609375,3229.671882735904,3169.1812855836843,3229.671882735904,2005441
2022-03-11,3155.285888671875,3190.9667453797583,3149.763005387988,3158.880343092492,1623423
2022-03-14,3193.72802734375,3198.418325678582,3138.497485009779,3138.497485009779,1765688
2022-03-15,3150.68359375,3207.7552471656413,3143.2318529462536,3207.7552471656413,3651133
2022-03-16,3205.037353515625,3215.6452109530255,3170.277261207437,3191.536638624452,3090475
2022-03-17,3219.80908203125,3252.465235677881,3208.8945177799264,3240.7178727305695,3600452
2022-03-21,3179.43798828125,3255.927901483996,3169.1809309790942,3240.1916240383766,2413831
2022-03-22,3244.531494140625,3253.3421239439754,3177.948046159232,3191.0981760054083,2907611
2022-03-23,3254.569091796875,3269.823369469125,3234.9316519345334,3250.711806334214,1596195
2022-03-24,3287.40087890625,3294.720989062963,3239.31515426463,3243.6985306574106,1879046
2022-03-25,3250.2294921875,3313.3939844123242,3219.1513985347415,3296.2110645371786,1690133
2022-03-28,3250.448486328125,3255.0949075374247,3209.683090906501,3239.3147544709896,1760990
2022-03-29,3248.38916015625,3262.9857194193837,3235.8087830136874,3239.0963156434086,2689063
2022-03-30,3271.357666015625,3277.0121787343182,3249.133862176236,3277.0121787343182,1583455
2022-03-31,3278.7216796875,3291.608763532692,3261.4073428596666,3278.765556258031,2168110
2022-04-01,3295.202880859375,3298.928750428687,3268.2889952474547,3285.778622536997,1387014
2022-04-04,3305.37255859375,3313.832389000472,3276.223107023838,3298.0522347671367,1472994
2022-04-05,3344.340576171875,3362.5754630314427,3306.818835025309,3306.818835025309,2314947
2022-04-06,3292.22265625,3339.5192456312348,3271.0069428753104,3339.5192456312348,2051729
2022-04-07,3229.80322265625,3283.587337953615,3225.2884304715926,3283.587337953615,2494829
2022-04-08,3231.1181640625,3248.081916364023,3193.2897112971536,3234.9317871479743,2296773
2022-04-11,3240.54248046875,3254.525622673996,3205.212637244365,3234.9318441838004,2291660
2022-04-12,3235.896240234375,3277.8889009048767,3198.4183716829752,3228.7950847907623,4483476
2022-04-13,3210.341064453125,3252.3339396432675,3204.730428159187,3249.835329431341,1621672
2022-04-18,3092.954345703125,3164.7978439809913,3088.0887549648314,3164.7978439809913,3820792
2022-04-19,3043.728759765625,3124.0761760326986,3015.0176449045566,3112.1971834135416,3170014
2022-04-20,3118.15869140625,3128.985502739102,3050.8299868217055,3068.3634924930943,2640370
2022-04-21,3181.147705078125,3194.6047563908915,3127.4513435718295,3138.4975378373742,2280996
2022-04-22,3167.033447265625,3170.9346096051195,3131.0458828323704,3139.4620514565872,1581465
2022-04-25,3110.619140625,3142.0041580007246,3097.3814725080088,3119.210601050943,1960694
2022-04-26,3108.953857421875,3145.4234238079243,3084.275317734149,3134.245813020245,1943469
2022-04-27,3122.015869140625,3128.3717647268363,3073.88648334889,3108.6904480973217,1727648
2022-04-28,3142.26708984375,3159.8881336605136,3101.720860196266,3145.510745409141,1703660
2022-04-29,3109.3046875,3176.4142341000725,3100.6695629817273,3153.401504190426,2051115
2022-05-02,3105.53466796875,3110.400258957858,3062.007822541794,3085.809472633501,1324161
2022-05-04,3050.610595703125,3108.2081148301027,3037.9426815850666,3102.1152648596903,2305825
2022-05-05,3080.11083984375,3097.293760926186,3055.5202694917,3078.97133320661,1612262
2022-05-06,3009.27587890625,3046.008490298316,3002.174722989375,3032.420022432544,2010812
2022-05-09,3020.233642578125,3029.789316093041,2934.1003091562093,2978.9421574317576,2481830
2022-05-10,3014.667236328125,3037.50467106659,2999.9829248171122,3010.5030285861963,1622685
2022-05-11,2991.2158203125,3023.170588951108,2965.0469796480074,3011.379350168065,1841769
2022-05-12,2988.27978515625,3024.2673563668977,2936.95060709892,2961.409767344252,2807195
2022-05-13,2993.75830078125,3015.6751825815522,2965.047185622854,3011.3795593615127,2187823
2022-05-16,2960.35693359375,3006.9960126156675,2951.4148891323207,2993.8458842806135,1195813
2022-05-17,3025.932373046875,3039.4330862596703,2937.2126666815007,2954.3955871632793,1754076
2022-05-18,3023.4775390625,3063.9798913868717,3018.4366565516343,3037.679634808444,1866781
2022-05-19,2859.67041015625,2985.078830864309,2831.6606824351597,2978.0654297932624,4642963
2022-05-20,2886.8916015625,2905.2140286957065,2866.771947358323,2901.795080829601,3065125
2022-05-23,2912.095947265625,2927.130841857703,2864.097978389944,2897.2363449132604,2293690
2022-05-24,2882.50830078125,2914.813870239504,2871.6376129969626,2906.3099488564503,1711510
2022-05-25,2795.70654296875,2906.2058140394383,2783.7035752705465,2906.2058140394383,3548046
2022-05-26,2848.0439453125,2860.8855384874714,2807.0922841672077,2816.3152100303937,2813186
2022-05-27,2878.3603515625,2893.893641905069,2850.029426167201,2871.2113620219907,3103153
2022-05-30,2978.93017578125,2988.947551799698,2900.4688464824417,2909.8682437006983,2094624
2022-05-31,2969.310546875,2986.1235372988886,2934.5809091738993,2960.3080511054036,4840965
2022-06-01,2961.234375,2990.1830616669745,2947.8633651492946,2990.1830616669745,1493835
2022-06-02,3021.07373046875,3029.0169567539438,2953.3798339996915,2961.058242980618,2657939
2022-06-03,3036.209716796875,3068.9977170114703,3028.3106631264545,3053.1993941968394,1913622
2022-06-06,3028.089599609375,3047.5505432190357,2980.60672441929,3016.6602249414027,1084210
2022-06-07,2967.853271484375,3017.4102936266286,2961.940025493663,3001.700318334684,2308256
2022-06-08,3004.436767578125,3013.086100853081,2953.556080411676,2983.254832442945,2185707
2022-06-09,3024.692138671875,3033.429600648325,2959.381172582851,2987.535408261443,1279197
2022-06-10,2965.38232421875,2994.5958268148506,2958.410024015143,2984.8874406978557,1527582
2022-06-13,2841.55615234375,2906.3374723089673,2817.5939634259803,2903.6897309129977,3030921
2022-06-14,2833.569580078125,2858.5906142622416,2801.928975005278,2815.432503146479,2611493
2022-06-15,2829.818115234375,2854.265553846968,2825.140395134244,2840.5855550576584,1404536
2022-06-16,2773.068603515625,2863.842116144225,2765.1695492197227,2859.5615134916056,2032028
2022-06-17,2726.202880859375,2752.547995559484,2668.7911904372145,2728.938966659696,5240434
2022-06-20,2746.944091796875,2770.2001794932535,2708.6401755045144,2730.7046930632023,1502769
2022-06-21,2834.804931640625,2857.5755559549466,2758.4175317802415,2762.4774890399144,2964461
2022-06-22,2844.51318359375,2868.87249504478,2809.254130703088,2824.1696570831255,3336315
2022-06-23,2920.282958984375,2928.402658039696,2844.513322405252,2844.513322405252,3692578
2022-06-24,2906.42626953125,2952.232116631172,2892.6579259368214,2946.9366330138964,2132118
2022-06-27,2925.48974609375,2968.0300860921525,2918.2526285792947,2956.6448830305876,2037686
2022-06-28,2928.53466796875,2938.993334040657,2888.333294892649,2918.693980682418,1400046
2022-06-29,2904.1318359375,2941.641516237559,2886.92151203512,2886.92151203512,2133994
2022-06-30,2883.478759765625,2922.135612241278,2872.7994498149087,2887.80331790918,2719603
2022-07-01,2925.8427734375,2941.6408785851318,2870.1960284541215,2877.2125005063094,1502879
2022-07-04,2855.192626953125,2928.358477983081,2846.3668202921513,2923.10716611456,2622535
2022-07-05,2838.64404296875,2887.80373957271,2830.3918281224514,2872.7998692876445,2170627
2022-07-06,2877.87451171875,2884.7145109415733,2826.243549843247,2840.585483697553,2182144
2022-07-07,2901.792236328125,2929.637477315577,2881.6693588512844,2886.9206694658974,1989921
2022-07-08,2882.02294921875,2916.9290571272395,2868.3871212295094,2912.51615386381,2136916
2022-07-11,2748.179931640625,2846.3228661315457,2741.2957588231257,2829.6861331120735,6974600
2022-07-12,2722.49658203125,2767.949487076794,2718.569141097803,2749.1504754874695,3734815
2022-07-13,2681.941650390625,2744.825514673745,2678.631973323092,2739.530031365693,3863530
2022-07-14,2653.62451171875,2705.1705318296686,2625.5286123449873,2704.285621613172,4764908
2022-07-15,2649.952392578125,2680.304642138172,2613.140038767697,2671.145950429042,4574806
2022-07-18,2710.922607421875,2722.8246073241294,2667.385065422238,2675.0837415493156,3202795
2022-07-19,2720.435791015625,2724.5948266776545,2681.322794633056,2681.322794633056,1865074
2022-07-20,2800.56396484375,2806.890986629367,2741.4962064485426,2750.1240812703145,3402251
2022-07-21,2811.62548828125,2817.5543439749486,2782.202221341185,2802.5108691484493,2420640
2022-07-22,2806.05078125,2829.0584508534375,2781.715746092518,2818.4395264210816,2075886
2022-07-25,2802.289794921875,2819.722485260362,2786.671213973187,2800.741201840289,1797504
2022-07-26,2757.291748046875,2804.1919910670576,2740.1245756980134,2800.4754112437777,2639367
2022-07-27,2821.8466796875,2826.4924593932465,2752.0714066422543,2756.4959587429653,1389808
2022-07-28,2885.249755859375,2888.346941611716,2833.1727032922854,2845.871251293897,2106333
2022-07-29,2921.884765625,2935.51251168997,2898.0807687808765,2911.354421156972,2430257
2022-08-01,2919.142333984375,2944.0967628868952,2894.541782808246,2944.0967628868952,1306913
2022-08-02,2912.94775390625,2931.6192315155813,2895.116681826572,2911.3548721658553,1269114
2022-08-03,2955.157958984375,2963.5646068688943,2899.895353730968,2902.5057959181763,2895824
2022-08-04,2968.830078125,2997.9878323495136,2926.708473067324,2964.4498148906173,2150567
2022-08-05,2977.767333984375,2988.341968455179,2968.8739426020506,2974.3603430430594,1106933
2022-08-08,2986.0859375,2990.0237456788655,2952.0611749006835,2977.7235772004797,1068836
2022-08-10,2968.210205078125,2995.4211952566006,2951.1756827712743,2995.4211952566006,1878359
2022-08-11,3028.605224609375,3034.0916247588166,2986.6162779251963,3008.6947446813365,1449248
2022-08-12,3010.066650390625,3025.508291795108,2992.102928234048,3025.508291795108,1472354
2022-08-16,3002.235107421875,3021.836000034544,2997.633617107446,3018.4290089899623,839942
2022-08-17,3009.66796875,3024.578575009149,2983.1206645043176,2995.509406485636,1622326
2022-08-18,2992.102783203125,3001.615568391867,2975.0682608884013,2999.8457478916357,1430659
2022-08-19,2996.0849609375,3027.7205032408347,2983.253761961322,2997.191098780274,1398410
2022-08-22,2968.475830078125,2994.6249721231397,2962.1485919354714,2977.723099317719,1536532
2022-08-23,2906.576171875,2957.2813542430513,2893.6563963489066,2937.857618277289,1849256
2022-08-24,2880.69287109375,2927.2833126117357,2876.135453360613,2913.1247476172416,1691923
2022-08-25,2847.818603515625,2900.868938739498,2844.765705846881,2898.9664677982364,1946930
2022-08-26,2851.357666015625,2882.152584862205,2846.57923724742,2862.0651660884055,1457962
2022-08-29,2772.026123046875,2781.007877210316,2726.408948614383,2765.345006303131,2539173
2022-08-30,2841.579833984375,2855.1632945129086,2780.4769460757943,2791.892203374625,3431525
2022-09-01,2771.2734375,2822.8637492288995,2761.8049408599986,2822.8637492288995,3546935
2022-09-02,2770.123046875,2798.9712083448303,2761.1855826958235,2798.9712083448303,2052900
2022-09-05,2772.777587890625,2785.653074758153,2754.06182321566,2764.1497132737554,2147912
2022-09-06,2767.1591796875,2779.3709867256357,2748.8415771515884,2774.636629548569,1936453
2022-09-07,2787.11376953125,2797.997994176971,2744.9919497778506,2744.9919497778506,1291534
2022-09-08,2804.85546875,2817.111561173687,2796.404749355589,2805.1652737303557,1346113
2022-09-09,2847.331298828125,2861.3572123102754,2803.838047689843,2827.2881686504807,1561185
2022-09-12,2869.719970703125,2893.4798999711134,2853.8358731602502,2867.020950932398,1785928
2022-09-13,2857.68505859375,2887.8603690881314,2853.835612513342,2887.8603690881314,1972678
2022-09-14,2761.274169921875,2779.857287273214,2755.433891236994,2774.193947449832,5090269
2022-09-15,2747.07177734375,2776.627699262423,2743.2223305596403,2769.7696434360237,2138023
2022-09-16,2662.429443359375,2738.222136392532,2654.73076734259,2721.9839467819356,5322221
2022-09-19,2680.21630859375,2691.8970811218637,2643.934986987571,2686.5876194233983,2072220
2022-09-20,2690.392333984375,2725.4789345157833,2681.2777163605215,2698.9759191087755,1544295
2022-09-21,2655.79248046875,2691.3658277213344,2653.093461118295,2679.5081173179838,2253818
2022-09-22,2661.279052734375,2681.2338224800474,2636.413203836875,2645.881700493006,2017983
2022-09-23,2638.846435546875,2674.6410089846663,2636.1474162995273,2658.270170716274,2652374
2022-09-26,2649.775146484375,2677.605746474014,2589.3359496927173,2619.2016704081934,2925489
2022-09-27,2670.17236328125,2676.853478808768,2633.4928770032707,2663.0487926332676,2227447
2022-09-28,2686.277587890625,2698.931847080091,2637.0324212069113,2637.0324212069113,2739767
2022-09-29,2652.341552734375,2704.1530914163895,2645.881664658973,2702.5159210262555,2493902
2022-09-30,2658.757080078125,2672.1633836724513,2610.573761166664,2646.63385311136,2817353
2022-10-03,2641.412841796875,2673.048383644793,2631.723117642175,2650.30623313326,1763331
2022-10-04,2735.39013671875,2741.4518581351913,2675.083591718103,2681.233674530913,2145875
2022-10-06,2744.947265625,2764.4595795534674,2736.540618376038,2752.95574647594,1790816
2022-10-07,2712.161376953125,2747.6463648942195,2706.144160002529,2740.9209604826137,1939879
2022-10-10,2759.637451171875,2767.114901060243,2659.155829128887,2663.5803812572212,3064063
2022-10-11,2716.27685546875,2783.0433042492978,2701.941349701484,2743.222334872122,4730645
2022-10-12,2743.8857421875,2751.9825853975053,2709.6397551702103,2729.8598268537053,1665247
2022-10-13,2746.14208984375,2752.0709454566427,2701.0559547014504,2743.8855254420205,2054781
2022-10-14,2742.469970703125,2787.4677508118325,2717.559829442266,2783.043198826417,2245977
2022-10-17,2760.74658203125,2775.5183859957915,2724.9923530417946,2726.0569504857917,1517005
2022-10-18,2789.978759765625,2799.427572988243,2775.6505614602315,2794.6809647091136,1793722
2022-10-19,2769.706787109375,2802.6661968962776,2760.967776113079,2802.6661968962776,1194289
2022-10-20,2801.158203125,2803.5536011727536,2754.7575733042404,2754.7575733042404,1587601
2022-10-21,2783.502685546875,2803.908296485969,2774.2758872411737,2801.601705210383,1021913
2022-10-24,2805.061767578125,2819.523178997157,2799.1175675695504,2812.5143817126964,260949
2022-10-25,2805.416259765625,2825.067660501938,2795.7012428374555,2821.740659253015,2069643
2022-10-27,2801.246826171875,2815.974441397047,2780.7970275331877,2804.1746311987695,2438421
2022-10-28,2806.436767578125,2819.966574171207,2790.245359688043,2794.6813618497094,1355739
2022-10-31,2832.964111328125,2838.154320749786,2819.345713992005,2838.154320749786,1919414
2022-11-01,2892.007080078125,2894.5800911808988,2842.102057931558,2851.90566560246,2991060
2022-11-02,2876.037841796875,2901.1456594790648,2858.6044384654506,2901.1456594790648,1405955
2022-11-03,2845.030029296875,2863.927442110941,2834.6054240597227,2863.927442110941,1422652
2022-11-04,2854.479248046875,2856.830459700242,2809.010215317734,2854.1244544321153,1464013
2022-11-07,2868.939697265625,2877.0133070034576,2834.693894089148,2864.7698989863147,1474498
2022-11-09,2853.281494140625,2883.2245139833467,2840.5056757133734,2883.2245139833467,1162267
2022-11-10,2844.053955078125,2861.221369938422,2812.4253465751312,2812.4253465751312,1573092
2022-11-11,2941.912353515625,2964.6691755192865,2887.881931563793,2900.790741715342,3265394
2022-11-14,2959.25732421875,2971.2345311973,2935.746510520115,2949.0545182740593,1342074
2022-11-15,2956.68408203125,2963.2048748831116,2920.663659852912,2946.3924709512517,1400708
2022-11-16,2976.8681640625,2988.002356606377,2946.7919383664444,2962.273543145715,1748235
2022-11-17,2971.234130859375,2980.993335230666,2943.5091184409353,2963.249327282864,1417986
2022-11-18,2966.310546875,2983.4335602983065,2946.3929384434396,2972.1217536240656,1164540
2022-11-21,2913.122802734375,2957.660223917546,2903.8071976091396,2947.723621770964,1304194
2022-11-22,2941.025390625,2944.5741927896725,2888.0595616376004,2910.017775031512,1149739
2022-11-23,2935.12548828125,2954.3776960130094,2919.776876149794,2954.3776960130094,1150011
2022-11-24,2998.87060546875,3010.2268148938447,2935.125381162029,2942.178581633321,1296591
2022-11-25,3007.299072265625,3019.4538923326327,2970.3472582768977,3001.3992756125285,1588981
2022-11-28,3012.267578125,3031.5641895156837,2985.917765891163,2986.3169628064943,2195437
2022-11-29,3014.13037109375,3042.210177164446,3001.398958689799,3001.398958689799,1576028
2022-11-30,3008.3193359375,3029.7007368695226,2994.3015254756792,3001.3991290916215,3410702
2022-12-01,3083.59814453125,3087.45755311331,3034.2255263354946,3038.661528566979,2180856
2022-12-02,3051.215087890625,3077.6092990888296,3028.014884688159,3068.0277083049227,2411749
2022-12-05,3039.46044921875,3051.215857169985,3022.6924445176714,3045.7596601200953,1475065
2022-12-06,3003.48388671875,3023.534485303333,2988.090873517657,3016.5256889568245,1166999
2022-12-07,2999.2705078125,3010.892705993621,2975.6708846388997,2988.357896847238,1167505
2022-12-08,2972.609375,2999.2697906224844,2962.761363815113,2980.9933755483976,1285619
2022-12-09,2921.3291015625,2993.502940359297,2906.77910172055,2993.502940359297,1797896
2022-12-12,2915.740478515625,2924.2132878855155,2871.070056581924,2888.281662230369,1527610
2022-12-13,2956.240966796875,2960.1001591337144,2899.1939295105562,2907.5335278353573,1378016
2022-12-14,2985.739990234375,2996.0757883833653,2964.0477669009356,2971.056780109854,1213311
2022-12-15,2932.2861328125,2985.207550106407,2926.8297203838156,2979.9287510393006,1415694
2022-12-16,2874.75146484375,2920.6640914329523,2861.399053790707,2905.581682698335,2703680
2022-12-19,2840.860107421875,2879.4089217974597,2834.1617010266477,2862.9957142629496,2120965
2022-12-20,2878.03369140625,2882.5140967421403,2806.791456036551,2838.0652701055446,1529971
2022-12-21,2899.85888671875,2912.723292412185,2874.529272188241,2882.5140757220975,1432566
2022-12-22,2892.007080078125,2922.4380969029407,2879.054084290856,2922.4380969029407,1384101
2022-12-23,2864.19384765625,2898.3510672263396,2854.1240352462114,2854.1240352462114,1360281
2022-12-26,2885.974365234375,2902.9199811046005,2861.265961737632,2864.193766652603,870157
2022-12-27,2891.830078125,2904.5170888075672,2866.9884637094456,2900.4358797986224,835883
2022-12-28,2889.7001953125,2897.6849980443926,2862.1081792316395,2883.2235897763044,910795
2022-12-29,2900.03662109375,2902.4764224575765,2863.8832008843215,2866.633609062399,1037927
2022-12-30,2889.345947265625,2926.8745733236387,2880.0303416215215,2915.3853696829165,1163131
2023-01-02,2893.559814453125,2898.350826761541,2870.27080304208,2893.1606175778406,709547
2023-01-03,2937.831787109375,2945.5059856421267,2879.2321442855205,2885.176344972348,1245178
2023-01-04,2940.759033203125,2952.026652767493,2915.5182224485047,2933.7058325903895,1231668
2023-01-05,2937.60986328125,2960.854474652095,2911.747836974885,2954.555264030216,1826057
2023-01-06,2849.28857421875,2929.1366126366033,2839.0413659681253,2927.761408654629,2488376
2023-01-09,2945.4609375,2951.715743667599,2857.805494277546,2864.7701040885713,2885060
2023-01-10,2915.6953125,2925.9869237968323,2865.746103182856,2914.4533185787127,3864655
2023-01-11,2953.22412109375,2971.6779339396694,2902.1656914177715,2918.978313377468,2720512
2023-01-12,2958.23681640625,2972.1214163824147,2941.5574051372632,2953.4902075036,2250391
2023-01-13,2993.90185546875,2997.8498535358844,2932.19703046348,2965.8218356396374,1742837
2023-01-16,3025.20654296875,3042.401100769178,2992.5413358027226,3009.7358936031505,1843607
2023-01-17,3065.447998046875,3068.533178172047,3013.3652308156584,3021.5315322541833,1688475
2023-01-18,3075.973876953125,3093.168435883575,3059.8681140280755,3066.900207699576,2421189
2023-01-19,3060.63916015625,3073.2514705543877,3049.659932841245,3066.8999027085415,1585044
2023-01-20,3051.56591796875,3080.1931683946414,3044.7606657549622,3053.289826586188,1529349
2023-01-23,3098.567138671875,3102.2874315724907,3044.760458713778,3074.1590576682065,1067916
2023-01-24,3117.985107421875,3132.1853116377615,3100.745135300925,3107.7318165396514,1387863
2023-01-25,3112.04150390625,3116.805179945468,3089.5841740070796,3108.003765663745,874110
2023-01-27,3095.073974609375,3126.7864041362013,3068.9871756775947,3108.6390657488755,1785879
2023-01-30,3115.58056640625,3138.083311989628,3071.9363472451823,3103.1950956433448,1953798
2023-01-31,3047.573486328125,3129.5087704033554,3040.5868047612767,3129.5087704033554,2820375
2023-02-01,3092.623779296875,3102.2871472877746,3044.2156710004338,3051.4746055363516,2205161
2023-02-02,3139.85205078125,3147.655494032016,3103.2853452081667,3109.5460876470793,1813847
2023-02-03,3159.723388671875,3179.413203532569,3133.046672371015,3179.413203532569,1804469
2023-02-06,3139.44384765625,3151.421045615969,3118.4838066080183,3151.421045615969,1138714
2023-02-07,3150.876953125,3169.4325618085195,3140.7596793384228,3147.564931045713,1455647
2023-02-08,3194.02197265625,3211.9876581401045,3155.8671542754532,3155.8671542754532,1986946
2023-02-09,3212.85009765625,3218.9748240809963,3180.5931608475644,3189.3945752566206,1655427
2023-02-10,3209.855712890625,3214.2111181684145,3183.17899401736,3193.9313800289237,1187821
2023-02-13,3159.814208984375,3220.244929405752,3151.6479073882488,3220.244929405752,1087939
2023-02-14,3175.875,3198.332330949659,3171.2473401639604,3180.32100923453,1579818
2023-02-15,3194.521240234375,3199.375741838991,3139.6255418846135,3163.9884321589793,1429449
2023-02-16,3228.456787109375,3243.8366114938117,3200.283001045783,3200.464430117626,1618931
2023-02-17,3176.827392578125,3211.0804915355684,3166.7103407014015,3199.5115640731206,1061369
2023-02-20,3164.260986328125,3195.7465769521814,3153.1457405678566,3177.599236935417,1296082
2023-02-21,3131.323486328125,3183.8599465034627,3125.652442633674,3170.3402669459488,1139541
2023-02-22,3086.45361328125,3127.693390442905,3080.510316377622,3098.61223991111,1218430
2023-02-23,3097.569091796875,3132.593320365543,3092.306319600513,3104.1020890121345,1441570
2023-02-24,3085.455322265625,3115.8521093908926,3068.986703821226,3105.462804066529,977592
2023-02-27,3023.21044921875,3075.9737450556004,3008.8285954585162,3075.9737450556004,1128022
2023-02-28,3005.970703125,3077.7887089468877,2994.2201238468547,3020.170907349562,4116217
2023-03-01,3072.072021484375,3075.0663765130616,3007.921226952139,3015.1801620398064,1669307
2023-03-02,3013.773681640625,3057.7355627061675,3010.6433102071874,3049.660086077865,1556538
2023-03-03,3032.555908203125,3046.9377608122345,3022.5296821304796,3043.308293556949,1043190
2023-03-06,3059.50537109375,3089.539084539037,3047.8456170537634,3050.476892626339,1334132
2023-03-08,3076.33642578125,3081.4177686623493,3022.3029080296496,3052.382029970596,1844590
2023-03-09,3027.7470703125,3071.436694206459,3022.302869377422,3071.436694206459,1648500
2023-03-10,3022.43896484375,3028.1100076327843,2985.2369241476845,3006.0155363166627,1024404
2023-03-13,2977.932373046875,3057.644633647456,2968.9041178492653,3024.2534916844747,1901233
2023-03-14,2917.13916015625,2998.3030847586924,2912.1032295746863,2976.1634210899015,2670334
2023-03-15,2902.575439453125,2958.3333040655743,2896.3146974202405,2948.94196949116,1780522
2023-03-16,2889.963623046875,2921.540035980481,2878.1678531568878,2910.833062083006,1901060
2023-03-17,2884.79150390625,2922.9915158184126,2852.761409425427,2858.6592940187047,6739966
2023-03-20,2852.126220703125,2876.0352039233617,2808.3457708538554,2876.0352039233617,2289468
2023-03-21,2818.372802734375,2864.33085390423,2810.523945059239,2852.126811732659,1815297
2023-03-22,2840.784423828125,2852.3079395141376,2818.3725050009734,2840.103898631804,1123939
2023-03-23,2835.203857421875,2854.8938961077,2813.7447191349406,2826.357030265614,1372218
2023-03-24,2831.4384765625,2876.3531391453694,2818.2816562099424,2857.207608505045,1329577
2023-03-27,2833.072021484375,2860.7013022618526,2818.2818951154754,2844.595538051196,1524217
2023-03-28,2827.26416015625,2857.79718628707,2822.046800988624,2837.336020376838,1303530
2023-03-29,2848.133544921875,2858.205404958912,2816.5573576681204,2839.150702259186,1740616
2023-03-31,2908.927490234375,2915.369883910021,2860.0205023605313,2894.455032314574,2382581
2023-04-03,2903.573974609375,2926.2127336376348,2879.7555943489074,2926.2127336376348,1521830
2023-04-05,2939.687255859375,2961.9631570208894,2890.4171900754327,2890.4171900754327,2655065
2023-04-06,2922.3564453125,2955.611574142893,2917.1844984383324,2926.258167173755,1703464
2023-04-10,2961.1005859375,2968.9040286570857,2917.1841235123875,2921.72095729701,2203187
2023-04-11,2916.095703125,2969.766365096571,2896.4510773934976,2961.6454758816367,2348779
2023-04-12,2941.365966796875,2958.8781931293734,2902.666855227049,2928.9350839632298,2417727
2023-04-13,2893.45703125,2930.7950906210835,2885.4267455650293,2912.6477525986616,4174070
2023-04-17,2848.677978515625,2870.3639557398055,2785.842829602675,2843.778286560608,5505048
2023-04-18,2840.739013671875,2864.421379134705,2822.4556586580384,2862.6972490540993,2617302
2023-04-19,2803.401123046875,2849.132330441354,2786.9776920224904,2840.739185837347,3298034
2023-04-20,2817.1923828125,2824.632745997743,2792.8749091490695,2803.763310354329,2419999
2023-04-21,2868.05078125,2871.3171692054207,2813.563354091303,2821.91108534421,1929184
2023-04-24,2880.708251953125,2886.2884693393776,2836.564722823472,2859.203702418767,1640676
2023-04-25,2881.796875,2895.588805663496,2855.9369219340365,2888.1484424197106,2024090
2023-04-26,2901.89501953125,2911.1955291566424,2886.33376764612,2886.33376764612,2000029
2023-04-27,2892.64013671875,2902.8480138926443,2876.942645737427,2889.963448787062,2434446
2023-04-28,2921.04052734375,2928.2994616355104,2900.1710912549383,2903.9365748087516,2931312
2023-05-02,2921.177001953125,2935.3320146523815,2912.647841432502,2935.3320146523815,2321159
2023-05-03,2885.335693359375,2918.0917245239298,2879.210967258462,2918.0917245239298,2468285
2023-05-04,2922.3564453125,2925.7590710882832,2883.611924117269,2885.5626742853387,1953253
2023-05-05,2931.4306640625,2943.498690049919,2912.6936232183302,2921.7218809989945,1710027
2023-05-08,2949.487060546875,2953.3433700376554,2931.9748343190095,2944.405717078382,928235
2023-05-09,2979.11279296875,2992.496456624058,2945.3133711951764,2951.3020821865957,1107375
2023-05-10,2982.333740234375,3000.2088248723344,2963.505875992397,2985.237270173894,1559987
2023-05-11,2978.11376953125,3003.1117684671635,2968.904085382536,3002.476656030199,1719623
2023-05-12,2970.990966796875,2985.236580337237,2958.0155780849213,2975.3915625792824,1027479
2023-05-15,2953.524169921875,2987.051326870769,2947.444857030648,2979.792392905105,1150390
2023-05-16,2956.33740234375,2980.700292430745,2949.3507214579936,2954.5680811783823,986306
2023-05-17,2911.46826171875,2976.1635689712307,2901.9863214823895,2954.3413497168876,1588815
2023-05-18,2903.437744140625,2929.8419851105737,2899.0369265497516,2927.1198847100572,1369364
2023-05-19,2924.307373046875,2934.878108354694,2906.3414649157826,2912.6476202870826,1152449
2023-05-22,2993.130859375,3001.9776857947654,2919.0444477620817,2930.7948036761345,1333243
2023-05-23,2991.63427734375,3019.671827774928,2985.328121281898,2999.7551673241283,1687418
2023-05-24,2997.350830078125,3009.9177299537914,2972.534254332538,2972.534254332538,1016555
2023-05-25,2988.412841796875,2999.7549278823344,2964.458444594432,2988.8665252402934,1374917
2023-05-26,3020.53369140625,3029.3805189934887,2986.144573292574,2988.4129906226353,1791115
2023-05-29,3012.77587890625,3059.6412922971313,3005.199276419958,3049.4788269717515,1210372
2023-05-30,3009.01025390625,3018.7644486791137,2995.535987530445,3007.9214578645388,1344224
2023-05-31,2984.782958984375,3019.4443249341693,2962.688489753799,3002.4766108160197,5815424
2023-06-01,3016.087890625,3030.6057625413655,2992.0426652635188,3007.014220677271,1177314
2023-06-02,2999.3916015625,3026.88463672217,2991.996429674022,3018.1286362409674,2030661
2023-06-05,2984.23876953125,3018.8095354179477,2980.7455400443455,3007.9211331260885,1861468
2023-06-06,2932.8818359375,2984.193474251993,2922.265688378492,2976.1631892319806,2022849
2023-06-07,2971.53564453125,2975.119920852353,2940.7759965528526,2951.6643988850446,1567196
2023-06-08,2936.6474609375,2967.089663718905,2933.517089542269,2958.9233618921558,1759366
2023-06-09,2912.0126953125,2948.942484583645,2908.4286402901084,2944.405649991978,1775689
2023-06-12,2946.12939453125,2952.934646039938,2913.5550125863747,2917.184480057675,2324605
2023-06-13,2943.225830078125,2962.552788439429,2938.961250154766,2958.015954153917,1371928
2023-06-14,2949.8955078125,2954.2509136852796,2927.029903886838,2943.2262718018237,1658544
2023-06-15,2940.068115234375,2968.5427081775592,2934.3091461074932,2966.577450199209,2273810
2023-06-16,2902.22412109375,2924.6199424279303,2884.947433905012,2922.4261553213955,4156189
2023-06-19,2934.674560546875,2938.7880778419694,2902.314980427836,2916.026704744818,1468186
2023-06-20,2950.489013671875,2954.87681041467,2926.127937589783,2937.9656824973704,1528452
2023-06-21,2978.36962890625,2981.294752449042,2947.0611882584167,2970.8739300864027,1645987
2023-06-22,2960.362060546875,2987.008429225919,2952.683582173944,2980.0155372495947,1529603
2023-06-23,2940.1142578125,2970.3255840143474,2933.5324504051714,2959.2649249571587,1119505
2023-06-26,2915.707275390625,2937.8745675991736,2900.487347535049,2929.7390320989075,1978803
2023-06-27,2922.74560546875,2933.9890411265674,2908.9881304563214,2926.996150834744,863542
2023-06-28,2939.291259765625,2953.460043363007,2919.134977819985,2932.4811471226985,1575872
2023-06-30,3018.636474609375,3025.720866365972,2938.0573208662913,2943.4505104829095,2672406
2023-07-03,2991.2587890625,3033.76513982982,2988.0136359285348,3029.6516220136277,1687264
2023-07-04,3024.669677734375,3030.2913960326273,2995.8293032220745,3007.4385197427887,1656681
2023-07-05,3034.816162109375,3043.08894780055,3021.150186987329,3034.861912495592,1453008
2023-07-06,3037.51318359375,3042.586567379138,3018.4082659703854,3022.567534593457,1848238
2023-07-07,3043.31787109375,3068.59306578827,3018.4082331911277,3018.4082331911277,1789326
2023-07-10,2990.938720703125,3039.2040404212626,2984.7684440589132,3039.2040404212626,1407431
2023-07-11,2991.350341796875,3012.0094335540425,2980.7467399101047,3012.0094335540425,1110172
2023-07-12,2979.92333984375,3006.661203060888,2970.9651915603636,2999.1655048447924,1515240
2023-07-13,3053.647216796875,3078.23682351536,2991.6701688926455,3001.9539636829727,4585146
2023-07-14,3212.794189453125,3222.1183409737173,3064.113474251122,3075.9969692288264,6306101
2023-07-17,3191.8154296875,3245.016880200195,3178.4237336660526,3208.5437794971795,2743228
2023-07-18,3196.523681640625,3221.341818927721,3167.409024569964,3177.4642913146304,2600090
2023-07-19,3172.02490234375,3214.8055303533806,3149.720361723245,3199.4026028392373,2405370
2023-07-20,3174.08740234375,3188.3845460576213,3149.1129905127177,3164.7392268860317,1715404
2023-07-21,3087.020751953125,3148.058998813378,3078.543199020897,3119.785348420925,3770223
2023-07-24,3111.26171875,3128.4000771632996,3090.5032611034767,3098.659951717726,1680132
2023-07-25,3115.2939453125,3122.305243933692,3097.926465252558,3113.7818228908627,1272980
2023-07-26,3105.3505859375,3135.182451989526,3102.3261169074967,3116.3943617689633,1066803
2023-07-27,3113.23193359375,3126.750192106114,3102.3716364305046,3111.444818744401,1701769
2023-07-28,3075.197265625,3110.298955097925,3052.8349496111605,3102.325519193569,2599831
2023-07-31,3135.732177734375,3140.4978924006705,3080.2385305428656,3083.4462532273114,2743678
2023-08-01,3163.7763671875,3171.0624340990767,3129.820292615129,3129.820292615129,1956167
2023-08-02,3153.32861328125,3158.598443121832,3128.5376797292315,3148.1046527985704,1914899
2023-08-03,3116.02734375,3146.546576146607,3086.7454652186043,3134.4030555367062,2026351
2023-08-04,3155.986328125,3181.1439908212683,3117.218668620236,3117.218668620236,2248493
2023-08-07,3193.1044921875,3196.7245913979227,3153.8785837580563,3165.5179892112346,1853889
2023-08-08,3180.777587890625,3198.5115758637803,3167.946698425561,3193.104361947542,1634225
2023-08-09,3173.35400390625,3177.478218496164,3139.0314183474447,3175.5534955196863,1794589
2023-08-10,3154.6572265625,3175.553065318209,3143.613453128381,3161.897423916092,1096701
2023-08-11,3160.798583984375,3177.1578367440957,3128.9046082533378,3150.992161450759,1679974
2023-08-14,3161.76025390625,3166.4800985606685,3126.1544475225587,3153.3742172226935,1190425
2023-08-16,3169.596435546875,3176.5618655495573,3148.333861924489,3161.8979908095707,1328445
2023-08-17,3148.838134765625,3171.796309553587,3128.171190520314,3166.4806099440398,1843241
2023-08-18,3085.920654296875,3125.2380760753504,3076.205748488831,3125.2380760753504,2526749
2023-08-21,3117.585205078125,3125.008880452658,3090.4113043144994,3093.160780563889,1375579
2023-08-22,3099.71337890625,3126.1542630391086,3084.041499702141,3116.0728508745146,1222012
2023-08-23,3114.4697265625,3117.9065724315824,3094.077774405944,3105.075681187008,1330046
2023-08-24,3104.84619140625,3128.033486881535,3096.0021319156044,3123.4051569072394,1152881
2023-08-25,3098.9345703125,3103.058784480136,3070.477447805222,3093.1606257272215,1158046
2023-08-28,3093.664794921875,3110.5740285527827,3079.50503745056,3110.5740285527827,1037485
2023-08-29,3094.215087890625,3106.4962177667344,3083.9962892417298,3098.706033975188,944517
2023-08-30,3107.779052734375,3123.4970275682554,3100.5388541540133,3114.2403672286305,1188200
2023-08-31,3076.48095703125,3132.020248209701,3064.428950759541,3116.9898661423113,3417652
2023-09-01,3097.01025390625,3105.991921800439,3076.4809190792193,3084.912602177715,1277950
2023-09-04,3133.028076171875,3146.1798266041815,3088.6240810539457,3095.9101481084085,1828332
2023-09-05,3142.97216796875,3159.1481634938746,3120.7928808850024,3134.4028776179434,1501842
2023-09-06,3143.47607421875,3156.3069632511065,3114.3318052761847,3147.233781222262,1314818
2023-09-07,3166.709228515625,3171.0625658531403,3136.5108595249253,3144.3010421288996,1885092
2023-09-08,3154.474365234375,3175.6454242304344,3148.196528012573,3166.709625417665,1518917
2023-09-11,3189.98828125,3194.6166113129034,3157.3154259226967,3172.8957923205735,1783604
2023-09-12,3281.77490234375,3290.114846064527,3192.1419316903975,3200.3903604544553,4476016
2023-09-13,3269.90673828125,3289.153074204672,3248.964802311003,3272.8853378884464,1754929
2023-09-14,3262.758056640625,3297.2638979964904,3249.5147892827354,3271.922978515009,2604721
2023-09-15,3297.813720703125,3306.1080193423236,3264.9573878973515,3269.906579718022,2952897
2023-09-18,3305.0078125,3317.05981755895,3276.6882968344953,3281.0875035527256,1395753
2023-09-20,3304.91650390625,3322.283985091515,3281.0418390696896,3281.0418390696896,1649396
2023-09-21,3285.8994140625,3303.9542650181074,3233.3843680953905,3288.8780136079395,2004073
2023-09-22,3302.717041015625,3330.3035458536438,3267.340576197595,3284.7080587105493,1989083
2023-09-25,3278.43017578125,3317.7019583530064,3261.4750690880096,3301.663343913455,1238778
2023-09-26,3286.265869140625,3294.743421558143,3240.716253874933,3269.6774954186676,1726062
2023-09-27,3289.564697265625,3312.202004343286,3258.770477342227,3290.206196898837,1541134
2023-09-28,3241.403564453125,3301.937914832368,3232.788627869385,3299.3716920990314,1755753
2023-09-29,3233.9345703125,3270.456651403998,3212.80937967325,3241.816269233915,2243791
2023-10-03,3220.416015625,3239.0664965379606,3189.484405708049,3239.0664965379606,1948148
2023-10-04,3242.320068359375,3251.71411279459,3186.9181632456966,3195.166592505886,1788138
2023-10-05,3289.611328125,3321.3676929730136,3254.6470168624746,3257.213239742299,2990768
2023-10-06,3318.984375,3331.402887606666,3276.5051007551597,3291.123104883123,2075691
2023-10-09,3334.51904296875,3371.7743564547645,3327.7827366912884,3340.659495143479,4233074
2023-10-10,3325.8583984375,3343.3634886605696,3300.609217759891,3336.0774205452512,1848148
2023-10-11,3308.445068359375,3345.1964946926682,3303.954346127964,3345.1964946926682,2426417
2023-10-12,3246.719482421875,3288.969638519313,3242.6411368893027,3276.4596095114603,4241281
2023-10-13,3272.656005859375,3278.2923429472667,3230.6347522754027,3235.217212916928,2890357
2023-10-16,3229.763916015625,3276.1382803907245,3225.227325030977,3268.2107135060846,1671104
2023-10-17,3214.18359375,3239.0203948649587,3210.7926178047637,3235.2170422343333,1672065
2023-10-18,3196.03662109375,3228.526216666565,3193.058022192451,3217.803305372473,1408245
2023-10-19,3175.270751953125,3194.750838771474,3171.8250136242077,3187.9971019140276,1514545
2023-10-20,3211.014892578125,3215.5632226086977,3164.612279992973,3170.4469293525376,1481211
2023-10-23,3133.462158203125,3196.680009517312,3125.330351129837,3191.2128167621163,1106272
2023-10-25,3115.03955078125,3147.1078003867246,3103.1860758536272,3115.407006485019,1518537
2023-10-26,3066.017822265625,3099.969784152135,3059.815493562458,3094.778295044471,1984471
2023-10-27,3079.066162109375,3089.219650502849,3066.2480588126136,3078.193286491536,1108851
2023-10-30,3104.426513671875,3108.3776718312,3063.261381474391,3078.1929142674794,910972
2023-10-31,3095.42138671875,3123.2170073341836,3078.2386842955907,3123.2170073341836,999811
2023-11-01,3060.412841796875,3098.0404842339485,3042.3572624846965,3082.787259328347,1563475
2023-11-02,3087.473388671875,3102.037240795796,3071.944460658224,3071.944460658224,1245384
2023-11-03,3079.01953125,3113.017479853767,3072.9551669090106,3107.596275079441,1402598
2023-11-06,3105.98876953125,3117.0611210828984,3086.4629174929278,3101.164735498253,1099852
2023-11-07,3096.983642578125,3127.949299700163,3092.8947446003413,3103.921107326189,1191144
2023-11-08,3107.18310546875,3125.927832295336,3096.1567427867762,3097.902493811986,992899
2023-11-09,3075.849609375,3116.325591826509,3070.887836157488,3115.039272646239,2112352
2023-11-10,3062.98583984375,3075.8499303163658,3052.7865884253365,3067.166714113737,1338557
2023-11-13,3061.239501953125,3083.705667927278,3057.058628484521,3083.705667927278,1030990
2023-11-15,3128.0869140625,3136.0809812784887,3083.7517522263774,3108.607053624718,2059802
2023-11-16,3214.046875,3242.991076076638,3137.183806430668,3151.7478830543773,3951984
2023-11-17,3218.273193359375,3238.5341769694555,3209.1765350847563,3214.046556157104,2021292
2023-11-20,3234.031982421875,3247.1715506735513,3207.982113123897,3207.982113123897,1475621
2023-11-21,3225.394775390625,3251.904078434434,3216.941275630958,3234.0322273250904,1807236
2023-11-22,3243.72607421875,3246.023233095817,3198.6559965162287,3216.022427894088,1798051
2023-11-23,3223.60302734375,3256.4523990326375,3216.022403107853,3243.588309420206,2729804
2023-11-24,3176.603271484375,3220.2033021073066,3172.835841192993,3210.738962666845,1989733
2023-11-28,3188.594482421875,3198.7939582765516,3154.4587888727906,3176.6034917170814,1689195
2023-11-29,3228.65673828125,3232.5619082955354,3193.7859120788967,3198.5639575829327,1441634
2023-11-30,3204.62841796875,3231.321223058578,3198.5638291631694,3215.5168157957996,3266235
2023-12-01,3226.727294921875,3231.5973169040535,3206.8799756151684,3216.022623635975,1172141
2023-12-04,3227.462158203125,3259.9440736924166,3214.184625072852,3257.0495189763487,1625213
2023-12-05,3245.05859375,3250.9392307206267,3218.595278718338,3250.9392307206267,1377656
2023-12-06,3311.676025390625,3319.7160810042337,3239.1315727028823,3245.97728523371,1896572
2023-12-07,3321.599609375,3335.979957891831,3300.282020829863,3312.502950367504,1967653
2023-12-08,3332.442138671875,3349.257385225396,3309.7922436184076,3338.231023463337,1641155
2023-12-11,3347.328125,3356.6087371102208,3321.6919202445793,3328.950852965452,1102503
2023-12-12,3374.158935546875,3398.324867473977,3336.3935538659134,3343.698474230384,2236866
2023-12-13,3301.98193359375,3353.851732647353,3273.9106091568547,3347.925108013577,3850968
2023-12-14,3369.702392578125,3379.580175854481,3333.269542133453,3335.4747249461025,3290396
2023-12-15,3547.73193359375,3579.8461676911347,3369.1967126856007,3369.1967126856007,8531230
2023-12-18,3546.078857421875,3610.2155905603763,3519.3858212330642,3545.0682419193445,2521612
2023-12-19,3506.56689453125,3542.310819797178,3482.4927153495696,3533.030208580236,2004435
2023-12-20,3473.350341796875,3582.4653925926305,3460.9456833906206,3516.7206581730966,2586083
2023-12-21,3480.195556640625,3497.837691229688,3439.6278222609985,3451.481071849861,1517562
2023-12-22,3513.734375,3533.903385973376,3456.7648323091003,3491.681648797071,2413058
2023-12-26,3487.592529296875,3522.9227872920933,3482.6305316170315,3509.9209580263773,1285231
2023-12-27,3501.972900390625,3508.4049455776526,3462.2780378170705,3490.762809359621,1293976
2023-12-28,3491.58935546875,3526.598144867868,3484.4223995695133,3513.7340557516227,1682889
2023-12-29,3485.6171875,3512.4481848321616,3459.889005984073,3484.3308681569797,1574996
2024-01-01,3501.880615234375,3521.084771777752,3466.871827744639,3482.492506533841,825907
2024-01-02,3476.24462890625,3501.881057224548,3461.588799764739,3501.881057224548,1344068
2024-01-03,3392.21484375,3465.8159110637007,3387.8962295073957,3461.3593326758987,1803075
2024-01-04,3369.2890625,3417.253697114489,3354.770972886529,3401.403300159602,3598144
2024-01-05,3434.619873046875,3443.6707684816074,3376.6857073845927,3376.8234471802834,1963127
2024-01-08,3379.85595703125,3436.320079253609,3374.4345273007075,3434.620091894895,1067805
2024-01-09,3390.5146484375,3447.897858716544,3383.944863545508,3408.937908160742,1370944
2024-01-10,3411.786376953125,3426.671921717854,3388.7687999719633,3390.606527086916,1292227
2024-01-11,3432.460693359375,3466.8720875812282,3406.227094795551,3421.847774755498,1777909
2024-01-12,3567.763671875,3588.392115065258,3511.5292637762777,3535.787173361786,6813450
2024-01-15,3587.059326171875,3643.293726721728,3569.784647746258,3638.6994092857612,2801505
2024-01-16,3548.0078125,3582.6489229025124,3542.7243471738425,3582.6489229025124,1432672
2024-01-17,3569.41748046875,3592.7105371518787,3503.213316001241,3509.139941106088,3458696
2024-01-18,3585.95654296875,3591.6534514181258,3548.650597652181,3581.729681421078,2239110
2024-01-19,3648.3662109375,3667.334143476537,3622.4587908841813,3650.1704325122582,2941975
2024-01-23,3569.903564453125,3639.899768957106,3555.5619574424277,3608.533376885165,2618854
2024-01-24,3554.682861328125,3593.405063199735,3521.188315964987,3590.0279365554666,2657709
2024-01-25,3525.537109375,3572.447997496506,3496.298646388011,3552.924816553991,2205154
2024-01-29,3516.93212890625,3534.51216322596,3498.288130235622,3516.7471210923645,1646747
2024-01-30,3516.515625,3560.2343923222415,3503.978240197422,3522.899862568521,1411621
2024-01-31,3530.764892578125,3547.4659708226372,3512.722225277384,3526.3698838766622,2459358
2024-02-01,3566.10986328125,3613.067060107317,3520.6794891794907,3534.512155183783,2363107
2024-02-02,3669.87841796875,3686.625578034216,3582.625887966643,3585.44799124433,2826510
2024-02-05,3676.355224609375,3721.4155819266507,3665.992302479133,3685.3302493321357,1691523
2024-02-06,3826.89599609375,3839.7570890882835,3691.807307643632,3698.2841625693227,4474396
2024-02-07,3778.22705078125,3844.4761158429774,3769.4833416173137,3842.625585823318,2124267
2024-02-08,3825.137939453125,3847.2516815117974,3780.6789132023487,3784.333664594337,2345173
2024-02-09,3824.76806640625,3872.0026633870466,3793.586455555742,3827.4047101937194,2100596
2024-02-12,3812.739990234375,3848.732711435239,3798.72186286143,3821.344774749816,1013716
2024-02-13,3839.38671875,3858.3546492800338,3776.468705284522,3817.134278526908,1257415
2024-02-14,3793.678955078125,3807.372695778341,3746.860457716769,3800.0631929479614,1391283
2024-02-15,3796.54736328125,3836.425921611901,3777.8568303798697,3819.4937535655404,1091582
2024-02-16,3819.771240234375,3837.9530585421244,3793.6790388446657,3805.8461829865505,1307556
2024-02-19,3797.1025390625,3819.7715328328027,3751.9497852480945,3814.913891310595,772291
2024-02-20,3729.41943359375,3791.7361242365173,3710.312800924459,3777.0245004960025,1193648
2024-02-21,3693.1953125,3759.6756942779607,3683.1100141804095,3713.088510350119,1885939
2024-02-22,3781.650634765625,3788.9138294075187,3674.2272789613758,3674.2272789613758,2982052
2024-02-23,3749.266357421875,3821.344409805824,3743.9921662615307,3821.344409805824,2538072
2024-02-26,3702.03125,3747.3229226141257,3685.098856800348,3734.36921374583,1379284
2024-02-27,3797.65771484375,3815.792999866402,3700.1348706269982,3700.1348706269982,2960475
2024-02-28,3811.12060546875,3844.383612480411,3783.408736890397,3789.515576493475,1939225
2024-02-29,3789.052978515625,3828.839375475597,3760.786086194176,3792.6614218354753,3772719
2024-03-01,3788.35888671875,3830.597144097078,3781.3730907093754,3800.2486324635324,2043265
2024-03-04,3775.728759765625,3810.148571852321,3771.287442681426,3798.212743964883,1749271
2024-03-05,3712.25537109375,3760.2765287282214,3682.554277642303,3758.4259989404613,2070859
2024-03-06,3760.554443359375,3767.678938412685,3662.6150564319732,3695.5545795520343,1744204
2024-03-07,3801.5439453125,3815.792936239284,3735.9425199649227,3761.202300148567,2688905
2024-03-11,3814.26611328125,3842.62539405937,3783.408436385448,3783.408436385448,2304068
2024-03-12,3878.941650390625,3913.8243166976245,3813.062610945553,3814.2657263499764,4039801
2024-03-13,3838.92431640625,3924.048692667849,3823.102195243199,3890.7391541307015,2837260
2024-03-14,3893.14501953125,3909.244539822552,3780.6327076248394,3843.0420112308407,2919608
2024-03-15,3903.924560546875,3922.198545276578,3864.832112201054,3879.2663373328105,3373143
2024-03-18,3842.162841796875,3936.771186305901,3810.102500494757,3900.2232194784533,1526904
2024-03-19,3680.05615234375,3754.7249850086127,3670.155863037833,3748.4794468990003,8931209
2024-03-20,3674.134521484375,3717.7145912468923,3664.2342316393506,3688.106112670511,1817913
2024-03-21,3676.031494140625,3708.8320928330704,3652.946177836041,3691.853615815909,3829582
2024-03-22,3618.618896484375,3643.6936690237358,3566.8966719366435,3605.7578029927627,5852485
2024-03-26,3587.71484375,3651.7431331132784,3582.1169456233524,3585.4016813749195,3440925
2024-03-27,3553.85009765625,3603.907022394527,3543.209550606818,3597.892800149196,1968575
2024-03-28,3586.6044921875,3622.4121997880625,3553.4799625251735,3562.362596208228,4311783
2024-04-01,3624.03173828125,3639.3449194194973,3597.4766775972653,3606.405394611388,1569676
2024-04-02,3593.544189453125,3617.6473874613553,3583.5512824485972,3599.2807871740365,2142666
2024-04-03,3652.29833984375,3683.4797231172092,3563.1952810159187,3563.1952810159187,3973090
2024-04-04,3704.113525390625,3727.5688582731514,3641.1491951647313,3678.761128130228,3394637
2024-04-05,3681.860595703125,3702.910373563839,3664.511877686053,3680.704014501987,1636819
2024-04-08,3675.661376953125,3731.2696657380807,3664.0492564790175,3685.330350645436,2302538
2024-04-09,3651.6044921875,3715.725399430203,3631.711295443335,3686.2556199419873,1876992
2024-04-10,3686.85693359375,3691.992199302218,3625.1881143494634,3660.7181984660388,2101965
2024-04-12,3702.355712890625,3713.412811647357,3650.6334837099857,3674.2277439646064,4354821
2024-04-15,3646.654296875,3760.4618895048175,3626.1597679097335,3702.3552035360053,4200329
2024-04-16,3583.365966796875,3635.088184592879,3574.159626177411,3610.383656825331,3051420
2024-04-18,3573.373291015625,3641.8428983525378,3562.270111447477,3587.067257661961,3476284
2024-04-19,3540.24853515625,3564.629355766577,3516.83928787535,3551.1667062167426,2957749
2024-04-22,3575.779052734375,3588.177512833397,3527.1100255082283,3550.2416494950344,1728883
2024-04-23,3585.12451171875,3603.9074377672014,3572.0784098044014,3587.2989749852045,1807586
2024-04-24,3544.736572265625,3606.683019690121,3538.6297328235796,3599.28089958814,1317312
2024-04-25,3564.305908203125,3584.1527979444854,3526.1850340945725,3526.3700419218662,2856271
2024-04-26,3535.761474609375,3587.067373339443,3518.366447546027,3567.0352506857103,2039178
2024-04-29,3580.96044921875,3587.9925533633923,3533.7719356498687,3551.1669623012726,1110693
2024-04-30,3535.113525390625,3591.6473055453566,3525.2595437954037,3582.62597206714,2203078
2024-05-02,3574.576171875,3581.793283755537,3495.6973338865346,3495.6973338865346,2491044
2024-05-03,3556.1630859375,3602.6115654122227,3513.7861335226567,3599.419220737888,2962234
2024-05-06,3628.01025390625,3645.497671472227,3565.0459275516187,3565.0459275516187,2053831
2024-05-07,3681.583251953125,3689.9569456672593,3621.024700819664,3637.031831043767,2062112
2024-05-08,3679.73291015625,3686.5336988437207,3644.2491299192034,3664.9749773275407,1247685
2024-05-09,3664.234375,3674.2272820894473,3617.8324260235386,3665.8998971640367,1726486
2024-05-10,3602.88916015625,3676.632958650121,3594.7007007453585,3666.455044025797,1672489
2024-05-13,3652.761474609375,3659.4233379090374,3580.775807258654,3594.192150722543,931326
2024-05-14,3609.64404296875,3650.910955415098,3601.964297715039,3641.8433125575157,1058317
2024-05-15,3590.39794921875,3633.469076951638,3585.8642414130813,3612.696924421978,1115021
2024-05-16,3635.646240234375,3643.6148000120916,3582.1034617844925,3626.466275520861,2599399
2024-05-17,3573.342529296875,3653.4003698563865,3569.5212797321324,3652.468379966117,2765804
2024-05-21,3560.38818359375,3583.2685838009415,3550.928576025766,3570.0810162003927,1908117
2024-05-22,3571.38525390625,3580.0061603777094,3557.918045520316,3574.1812235726693,1311168
2024-05-23,3628.656494140625,3639.4210243679117,3565.3278178538917,3579.7270181408007,2095742
2024-05-24,3587.695556640625,3619.6628596080805,3582.849254078192,3614.490269526303,1309452
2024-05-27,3585.412109375,3642.5431408365193,3580.099811979568,3592.8213842320465,1841538
2024-05-28,3578.748291015625,3606.8012808815743,3569.5216810791803,3595.617400940856,1801993
2024-05-29,3544.96337890625,3587.1359229136956,3541.561706702611,3587.1359229136956,1568095
2024-05-30,3482.008056640625,3536.3428935872575,3462.7623259187662,3520.126358012179,2919230
2024-05-31,3421.288330078125,3494.7758258285726,3405.258149060957,3485.642279161951,10956800
2024-06-03,3451.01904296875,3496.406907573954,3444.634820860251,3478.9320961856615,2156773
2024-06-04,3462.343017578125,3490.3027189313802,3347.242247007224,3448.363166901497,3395997
2024-06-05,3491.65380859375,3526.4637252968946,3448.3629196102897,3463.274759262659,2799670
2024-06-06,3569.89453125,3578.7484365631567,3487.0407083341674,3523.8543146362385,4328036
2024-06-07,3629.12255859375,3648.7409943773578,3576.3254140192635,3576.3254140192635,4552445
2024-06-10,3596.26953125,3640.2594108529347,3580.6120547712317,3630.1008115349123,1734661
2024-06-11,3590.11865234375,3616.0744364710417,3579.7734726681783,3583.5014325459897,1419898
2024-06-12,3571.05908203125,3628.70274953458,3567.1447698788693,3610.9016510674905,2177001
2024-06-13,3614.39697265625,3625.441145308923,3590.0255248663166,3594.4991224295495,1932323
2024-06-14,3571.4326171875,3624.509406522407,3567.658011871374,3624.509406522407,1860730
2024-06-18,3555.63525390625,3580.70569469464,3536.948808300375,3565.840499225813,1774045
2024-06-19,3543.146240234375,3573.109854433855,3534.9913279582247,3567.3313345631773,1509050
2024-06-20,3529.678955078125,3550.8350815373415,3522.968672913241,3537.833867179764,2846526
2024-06-21,3551.580810546875,3614.0707841122357,3539.7445833273214,3566.725647697406,4642195
2024-06-24,3557.21923828125,3594.6851882543083,3533.4534948795167,3549.7166737784796,1702154
2024-06-25,3577.39697265625,3585.97123515531,3534.9447826173177,3557.4058326486897,1338808
2024-06-26,3593.613525390625,3603.9584772724033,3579.7733836736766,3583.035348485668,1639845
2024-06-27,3666.588134765625,3673.9043468159107,3558.4308841597035,3570.453463381977,4526556
2024-06-28,3638.62890625,3690.680642180252,3632.7575508940217,3651.3507071067693,2731571
2024-07-01,3707.642333984375,3729.54409757546,3619.8489271393464,3619.8489271393464,2658723
2024-07-02,3744.176513671875,3749.7684536400434,3711.6967988787364,3721.9953338274368,2307449
2024-07-03,3695.5732421875,3752.2849230860397,3686.0203449597284,3746.599693233403,1821198
2024-07-04,3747.48486328125,3772.089533953604,3711.2771910250785,3727.8200122814974,2518001
2024-07-05,3738.957275390625,3752.8904794437894,3716.775869378986,3737.2796479964227,1668616
2024-07-08,3721.62255859375,3757.0848248979423,3707.503000592041,3748.4639170826727,1758882
2024-07-09,3714.4462890625,3734.4374298305197,3704.7536837012267,3713.980294044427,1305801
2024-07-10,3643.288818359375,3731.03581821931,3636.6251805066217,3712.7687221974984,2669716
2024-07-11,3656.848876953125,3709.319956009016,3630.6600961977388,3663.652449012925,4872189
2024-07-12,3899.39990234375,3914.3117429549025,3701.2120841991746,3709.3203520241623,13509164
2024-07-15,3885.653076171875,3951.637789303582,3874.329033070802,3947.6304141409055,4848030
2024-07-16,3894.274169921875,3909.2788462981134,3863.0056293878547,3888.2626518177226,2029521
2024-07-18,4022.049072265625,4030.8565593784106,3877.078216650679,3877.078216650679,5613364
2024-07-19,4019.1064453125,4071.7461454391314,4003.085786003565,4033.1187635646565,3903354
2024-07-22,4005.04833984375,4035.5018750165095,3984.1698905744815,4016.8187805706734,1896386
2024-07-23,4019.060302734375,4074.502471790674,3985.3837543169,4000.9843192418566,2365208
2024-07-24,4022.702880859375,4053.3899479080387,3987.0649773324767,4005.1874837003356,1809793
2024-07-25,4037.883544921875,4057.033715580267,3992.764056993455,4012.1942915996424,2810342
2024-07-26,4098.9296875,4131.251522639573,4051.4743678448162,4063.5718504032297,3552210
2024-07-29,4092.62451171875,4139.23873164348,4083.18945971872,4124.29225913021,1746803
2024-07-30,4077.9111328125,4108.411183730364,4042.366283067837,4101.965609388457,1797906
2024-07-31,4096.59521484375,4123.358654531239,4058.901983221168,4063.5727565045063,2330091
2024-08-01,4107.5712890625,4128.309247535578,4077.6313604093743,4109.71966219366,2202244
2024-08-02,4001.030517578125,4108.4117670194755,3988.839982986167,4077.5846664483884,2811282
2024-08-05,3881.458740234375,3959.8811983653177,3839.8423368437457,3959.8811983653177,2787771
2024-08-06,3896.545654296875,3977.863625691211,3886.830082040627,3896.312115658603,2203067
2024-08-07,3923.869384765625,3965.43925930358,3905.04580700895,3949.6051583477497,1237666
2024-08-08,3897.806396484375,3953.3420670954206,3886.082939299846,3905.700184906889,2441283
2024-08-09,3950.305908203125,3973.5662644176555,3928.633340987178,3939.3295926438254,1302536
2024-08-12,3919.38525390625,3959.8809428850636,3910.69779947016,3951.4735523481527,936912
2024-08-13,3920.600341796875,3955.210587370805,3907.568702638658,3935.5933407163916,1495593
2024-08-14,4012.427734375,4022.6569101782006,3912.379680783193,3931.8568963353414,3226545
2024-08-16,4125.27294921875,4135.502123822571,4040.3118679924623,4063.5722246731834,3457058
2024-08-19,4194.35400390625,4198.32416081418,4101.265592573427,4129.897338812813,2055210
2024-08-20,4225.46142578125,4264.415856031023,4203.695805507033,4208.366578624263,2212298
2024-08-21,4251.8046875,4259.745001647808,4196.736091046363,4220.510508211579,1896990
2024-08-22,4205.564453125,4260.633055059924,4201.08069302378,4259.745425644158,1829872
2024-08-23,4169.9736328125,4209.3016421778575,4161.65974609462,4203.696713226888,1809253
2024-08-26,4205.984375,4252.411582886306,4189.683195499672,4193.419813734232,1844164
2024-08-27,4201.033203125,4213.0371807751935,4191.364611938651,4208.366407847505,930697
2024-08-28,4209.34765625,4262.080872178137,4163.807614054124,4202.528509306607,1848058
2024-08-29,4214.71875,4256.008567811444,4166.329721782055,4166.329721782055,2133641
2024-08-30,4253.90625,4289.871199903925,4192.298575439788,4203.695443315948,3637222
2024-09-02,4223.359375,4285.901206487449,4214.905458515991,4274.691351544587,1216500
2024-09-03,4215.232421875,4255.914670528628,4199.865396904255,4223.35929287244,1717263
2024-09-04,4184.31201171875,4191.551709902781,4144.563915753981,4182.163638580721,1265505
2024-09-05,4181.2294921875,4202.761573408929,4160.864648093675,4185.946790496868,1688793
2024-09-06,4163.2939453125,4221.398549910421,4147.646854139788,4179.361588550896,1649179
2024-09-09,4156.56787109375,4194.588149910487,4138.7724064759,4161.659196670836,1184938
2024-09-10,4211.02880859375,4241.01526179445,4148.066881218769,4149.935190376069,1385591
2024-09-11,4184.40576171875,4249.796587828451,4176.839017757158,4223.733764076483,1325919
2024-09-12,4220.23046875,4234.149281228469,4139.519145451951,4213.270834445676,2742216
2024-09-13,4224.80712890625,4247.600406919028,4208.365918885027,4231.719780810027,1458786
2024-09-16,4216.07373046875,4246.713822399725,4198.511804432986,4228.918357687261,1155120
2024-09-17,4208.97314453125,4237.137811566093,4171.934009719351,4216.07280997892,1699364
2024-09-18,4059.9755859375,4200.9394121289515,4036.4816909272813,4200.9394121289515,2961779
2024-09-19,4013.268310546875,4131.018774987293,3999.863100420091,4100.985338817707,2927551
2024-09-20,4002.7587890625,4045.543341654271,3949.13840846222,4032.651735028388,5447908
2024-09-23,3987.43896484375,4025.645797282258,3972.9595683449616,4016.864835147739,1702319
2024-09-24,3990.054443359375,4008.4574718134822,3960.8155862244616,3971.698396314348,3012026
2024-09-25,3993.277099609375,4007.149385684038,3960.815229509036,3972.352129245545,2713073
2024-09-26,4009.858642578125,4032.5584170310385,3979.4986179109637,3979.4986179109637,3964251
2024-09-27,4024.992919921875,4089.7296643169966,4016.912116096614,4049.561008408904,3012477
2024-09-30,3987.43896484375,4015.697141881708,3979.5451759133052,4004.6273184936945,2503416
2024-10-01,4005.5615234375,4012.894728466357,3963.571546741507,3975.3415301068503,1823365
2024-10-03,3954.042724609375,3997.2473731270484,3932.790708311492,3981.927329527354,3350119
2024-10-04,3972.259033203125,4014.996607609391,3945.9156901334163,3946.803319485732,2965463
2024-10-07,3991.50244140625,4014.295721663981,3950.913242930845,3992.483121251643,1472619
2024-10-08,3973.19287109375,3997.6209215426975,3927.139233867937,3991.2688530047076,1541867
2024-10-09,3972.9130859375,4012.1941053785968,3967.0746195443417,3979.4986935769084,1082504
2024-10-10,3949.045166015625,4011.119923228477,3922.1416952982436,3973.1931542704974,2378875
2024-10-11,3875.994140625,3962.636972886771,3841.663961804298,3870.2022001133973,5759183
2024-10-14,3864.2705078125,3891.1274523744905,3850.772247615099,3867.4000169266274,2137590
2024-10-15,3845.7275390625,3895.378221785948,3825.3631508944272,3859.039242334843,2759474
2024-10-16,3825.31640625,3844.0462519484536,3799.393615608063,3816.0216134166303,2359151
2024-10-17,3838.441162109375,3858.0118829761873,3823.447935515133,3841.990767054733,2522659
2024-10-18,3860.962646484375,3882.594355633152,3820.6493600312456,3830.013696697989,2361000
2024-10-21,3820.508544921875,3876.788293233767,3811.2845829224775,3869.905415130514,1595450
2024-10-22,3760.2490234375,3829.8260838402684,3751.6807476679483,3807.538919013043,1928049
2024-10-23,3807.77294921875,3852.0660735451916,3741.192431901251,3745.359744124965,1966476
2024-10-24,3790.589111328125,3819.7122849196376,3749.479771713221,3749.479771713221,2676744
2024-10-25,3799.626220703125,3831.8863126796623,3776.3557541640885,3799.1580039005003,1759676
2024-10-28,3830.80908203125,3871.216096182637,3793.492115538428,3810.3010511703237,1532534
2024-10-29,3816.200927734375,3842.655176236552,3802.0140505171976,3835.4915508341114,1445885
2024-10-30,3825.003173828125,3845.9325549291766,3801.967045880175,3815.966681601265,1935002
2024-10-31,3716.189697265625,3819.0570147766425,3708.276879446656,3811.284570542396,3740372
2024-11-01,3730.9384765625,3744.7508713227357,3723.306634635094,3736.22946325371,154895
2024-11-04,3712.163330078125,3738.149363640772,3664.4989491541564,3714.176799581101,2269192
2024-11-05,3718.90576171875,3732.624422852892,3690.5786446110483,3690.5786446110483,967590
2024-11-06,3876.50732421875,3886.0120339656723,3722.5577293084234,3749.105713751395,3792017
2024-11-07,3887.042236328125,3938.452350809554,3825.3782193936936,3904.6474627956704,3724349
2024-11-08,3883.389892578125,3904.6937556251837,3855.90547671498,3890.8813609023655,1648039
2024-11-11,3931.803955078125,3965.1406255782304,3855.9057371461695,3865.7853860118053,1406487
2024-11-12,3930.586181640625,3949.8768046624846,3899.6372349991407,3948.0039375194488,1587640
2024-11-13,3886.527587890625,3929.978018888302,3868.4541436479867,3912.513622327785,1098813
2024-11-14,3882.359375,3895.5631781823226,3854.7816840578857,3872.1523417749772,1825432
2024-11-18,3763.99462890625,3945.1945196123975,3736.557080351516,3945.1945196123975,3313944
2024-11-19,3782.770263671875,3869.48387485758,3758.9380751010713,3764.369206895897,1776233
2024-11-21,3813.95361328125,3832.307574351096,3768.208741263394,3787.780111716493,2384347
2024-11-22,3974.785888671875,3984.478067243221,3796.3015647983802,3812.220934951704,3096553
2024-11-25,4040.803955078125,4052.9775895772523,3981.9023842193856,4007.935050481905,4052167
2024-11-26,4076.014404296875,4089.0307389004984,4036.0285097141345,4046.3759173117037,2060669
2024-11-27,4057.14501953125,4099.144155960028,4049.185334306465,4081.8672312002336,1558993
2024-11-28,3975.067138671875,4064.0754321048016,3963.923669603517,4044.456964095816,2558544
2024-11-29,3999.3671875,4025.4469524620627,3928.9472039488446,3951.749451593235,2017425
2024-12-02,4004.798583984375,4015.614666194075,3961.1606876475703,3998.5713921173747,1670944
2024-12-03,4029.239990234375,4050.075639477932,3994.3111970963105,4040.1027122998416,2010905
2024-12-04,4077.60595703125,4108.087141922203,4016.4099361163426,4039.352556956816,3302642
2024-12-05,4180.28662109375,4203.650824501382,4082.8508787761252,4121.057190340863,3746747
2024-12-06,4162.9150390625,4181.175491938829,4132.246842565077,4169.93829016878,1842087
2024-12-09,4169.142578125,4185.296057017253,4134.869018418065,4148.822244241094,2066639
2024-12-10,4150.7880859375,4208.144637237795,4131.63829540013,4144.795003046134,2087828
2024-12-11,4146.01318359375,4165.86530184749,4126.862933306924,4150.13340004317,1635256
2024-12-12,4171.76513671875,4199.904784091783,4144.6552005329395,4148.447573795295,1914642
2024-12-13,4189.51025390625,4209.175359798749,4115.063781598932,4153.036438989519,1967048
2024-12-16,4134.54150390625,4190.540046094315,4117.498230765743,4175.557109616659,1646224
2024-12-17,4053.352783203125,4151.163454307672,4043.52023053508,4129.672120578903,3225027
2024-12-18,4071.47265625,4084.723099385618,4016.9254025729683,4037.620675244945,1575404
2024-12-19,4000.3505859375,4086.596211548236,3991.0799847888597,4009.808656702463,3015763
2024-12-20,3905.20849609375,4103.451653679163,3888.5401624606857,4053.8206774936325,4116989
2024-12-23,3893.97119140625,3948.940020065292,3853.330069463599,3933.0672895418265,2195338
2024-12-24,3913.82470703125,3949.8774050144307,3893.972129400445,3893.972129400445,1181886
2024-12-26,3904.085693359375,3932.974763441001,3879.7850567984137,3913.8245120496226,1208464
2024-12-27,3900.10546875,3915.1821407656116,3883.624146371002,3898.372975186565,858100
2024-12-30,3894.43994140625,3932.3655028745316,3850.6150310512044,3887.1359420947347,1527169
2024-12-31,3834.50830078125,3876.7884144403706,3775.7470931508838,3872.1528852838974,1555429
2025-01-01,3851.0361328125,3871.2160918552154,3825.7521996723917,3834.133233779281,763161
2025-01-02,3910.3125,3917.1016434173503,3836.521717202397,3858.1063282045143,1720835
2025-01-03,3839.2841796875,3914.245966729808,3832.1674212140065,3914.245966729808,1791953
2025-01-06,3834.695556640625,3885.871560960142,3807.9134644789865,3844.52810934996,2085593
2025-01-07,3772.2353515625,3877.162777576041,3756.5500894487573,3853.3774566252837,2669054
2025-01-08,3847.24365234375,3863.724974901958,3762.3560392419636,3778.415783789389,2181277
2025-01-09,3782.114990234375,3874.728183134026,3769.4262690508385,3840.314247847898,2392472
2025-01-10,3994.497314453125,4023.8545949995028,3904.927545065843,3933.0205489871796,7894300
2025-01-13,4018.329833984375,4048.155332041931,3958.678837869263,3975.160158715583,4003771
2025-01-14,3963.969970703125,4039.680716861343,3950.859900623536,4028.5372487422837,3441709
2025-01-15,3979.468017578125,3985.882678702443,3939.9974357665556,3949.8766266035373,1653474
2025-01-16,3938.920166015625,4021.0455693202,3925.3889758814885,3989.2068293675015,2637705
2025-01-17,3933.1982421875,3967.8165423249693,3910.071878467617,3967.148790924069,1761466
2025-01-20,3888.85302734375,3953.70197855909,3879.6025285384753,3953.70197855909,1287799
2025-01-21,3848.8466796875,3920.5144684100183,3843.2676496454324,3905.5419834373433,1971591
2025-01-22,3964.001708984375,3970.2480248109573,3856.8096861084223,3862.3409864324167,2409223
2025-01-23,3953.368408203125,3997.141512526167,3948.218247742152,3974.8733548946852,1822998
2025-01-24,3959.94921875,3984.410622138042,3913.839443095865,3913.839443095865,1910099
2025-01-27,3876.7890625,3963.7634492210204,3853.8058882600144,3911.9316916717908,1551782
2025-01-28,3853.0908203125,3911.9318748383976,3841.6468460321344,3882.1775882750967,2468272
2025-01-29,3909.83349609375,3917.5107746444246,3866.155848644477,3866.155848644477,1217089
2025-01-30,3910.07177734375,3938.5387545651533,3870.447205350259,3909.9288208062503,1531251
2025-01-31,3921.849609375,3937.1562032629076,3895.9577125678047,3919.5609078155994,1492943
2025-02-01,3884.41845703125,3944.260904282812,3868.0632040212854,3922.4220804091583,437172
2025-02-03,3880.126953125,3888.0901447868278,3813.4181682881867,3844.1261184510477,1265713
2025-02-04,3916.74755859375,3928.0010789730964,3877.6475473199966,3894.4796324423637,2547132
2025-02-05,3901.536865234375,3957.707610233867,3887.136438388733,3957.707610233867,1693912
2025-02-06,3893.57373046875,3947.6941907477535,3863.819444687176,3915.174138224137,2284536
2025-02-07,3842.69580078125,3900.4879649829604,3822.287472775478,3900.4879649829604,1548940
2025-02-10,3849.89599609375,3864.248693904035,3828.34331731039,3852.804719489709,1339511
2025-02-11,3779.89697265625,3852.8045770599656,3771.743094621823,3832.2053307443857,1810908
2025-02-12,3767.11767578125,3835.400146101803,3757.5810309224153,3787.097133023103,1678002
2025-02-13,3728.97119140625,3799.828511079361,3721.437334907012,3784.140776452309,2277310
2025-02-14,3752.526611328125,3765.067205571011,3719.29131249416,3743.132923471687,1681975
2025-02-17,3723.583251953125,3751.716356302624,3677.521207418633,3677.8073533505512,1799806
2025-02-18,3693.7333984375,3742.5609756413837,3685.4365636204366,3717.765697945917,2149879
2025-02-19,3608.76220703125,3695.402493868423,3593.551070815755,3692.7799162903398,4366672
2025-02-20,3604.279296875,3612.480904202741,3577.4814657672678,3587.2087965043847,2888572
2025-02-21,3610.573974609375,3640.1375755636514,3600.0836645933414,3601.1327887262482,1833931
2025-02-24,3505.289306640625,3588.8301766028944,3499.9486923438976,3569.7091569360205,2508516
2025-02-25,3461.372802734375,3488.5045093924064,3453.457341344246,3457.033582981813,4101954
2025-02-27,3445.16064453125,3469.4313588459286,3433.8596273751255,3444.349936596485,3823856
2025-02-28,3321.851806640625,3433.192134904543,3296.8181139902795,3418.83943788603,7085018
2025-03-03,3331.19775390625,3359.9983745974937,3315.08068451919,3323.520708287026,4990439
2025-03-04,3368.390869140625,3386.462765522496,3303.780096861225,3313.03059628982,2797737
2025-03-05,3382.69580078125,3433.526166541638,3357.7098367858857,3357.7098367858857,2501894
2025-03-06,3434.718017578125,3442.204143903758,3372.2529953515404,3392.184489465064,2786513
2025-03-07,3443.873291015625,3457.033908045006,3408.778389880028,3433.1922948860747,2051315
2025-03-10,3423.32177734375,3454.2683775177134,3416.5986286887846,3439.391117760303,1004626
2025-03-11,3409.636962890625,3422.4637047132396,3373.7313523521616,3393.1385193645992,1995450
2025-03-12,3343.738525390625,3403.8671205164956,3325.2852564493496,3399.8140462677893,3174167
2025-03-13,3348.36376953125,3360.999824081682,3322.662557973568,3340.019205205493,1693004
2025-03-17,3335.63232421875,3366.86483705381,3316.225391054831,3327.3354895121856,2690906
2025-03-18,3335.63232421875,3335.63232421875,3335.63232421875,3335.63232421875,0
2025-03-19,3335.060302734375,3382.6480693895237,3302.301833176931,3382.6480693895237,3051244
2025-03-20,3398.049560546875,3413.117506170413,3349.269714639503,3349.269714639503,2845192
2025-03-21,3412.307373046875,3448.6895841353426,3304.447814456678,3313.984460385846,4161925
2025-03-24,3460.800537109375,3480.636804108051,3401.339698729423,3433.1919980242437,1834751
2025-03-25,3488.26611328125,3538.095080383689,3469.4312405487494,3476.106891643813,3135390
2025-03-26,3467.333251953125,3509.9620062788417,3457.8443372465335,3478.7294955586594,1734499
2025-03-27,3482.019775390625,3493.2730630548403,3443.2056768112207,3447.354210516991,2528474
2025-03-28,3439.05712890625,3491.3179898494645,3425.467409839091,3481.829074680501,2051919
2025-04-01,3386.27197265625,3417.933587672838,3361.667381848982,3407.1571321951615,2618493
2025-04-02,3379.7392578125,3398.955737182192,3366.4834143953553,3379.7869876031436,1764313
2025-04-03,3245.462890625,3339.7327091413904,3238.787239864295,3329.2424008031394,4537821
2025-04-04,3146.520751953125,3242.1256239661316,3142.80155330537,3206.7925383276747,5317367
2025-04-07,3122.345458984375,3138.891399190129,2914.446587584341,2956.3600978903933,6623955
2025-04-08,3140.36962890625,3193.8225734236476,3104.46425178094,3149.0480694302546,5557558
2025-04-09,3096.167236328125,3118.4828923346345,3063.2180815269526,3109.4708094407843,2990265
2025-04-11,3081.766845703125,3146.0914699537143,3057.44840084302,3137.1271167444256,7108961
2025-04-15,3097.69287109375,3160.825412160961,3088.537831919463,3160.825412160961,3512160
2025-04-16,3122.106689453125,3126.207493109741,3079.382475986214,3097.6927866639667,2384391
2025-04-17,3146.0439453125,3150.5263550376844,3068.8925750135395,3095.1183505924305,2932346
2025-04-21,3167.69189453125,3198.590529231532,3131.92947805952,3137.651464694997,2432946
2025-04-22,3160.825439453125,3179.421896695883,3142.3244417890623,3168.645674402416,2710498
2025-04-23,3254.85693359375,3262.390790001095,3182.6645776182195,3209.081037662751,3543923
2025-04-24,3243.9853515625,3254.380201786355,3230.7292749264034,3243.508519298502,2252175
2025-04-25,3288.235107421875,3316.65435532197,3247.2275350265327,3261.532502141187,2742991
2025-04-28,3283.943603515625,3297.581052006719,3247.227521408655,3275.837455517982,1593296
2025-04-29,3311.599853515625,3333.05730397037,3271.4504864223404,3294.910725384157,1578332
2025-04-30,3293.671142578125,3347.2670426291115,3210.0348098149666,3311.123250052752,2809332
2025-05-02,3272.02294921875,3329.7196523454577,3261.532639559349,3311.123194312883,1721761
2025-05-05,3294.243408203125,3342.1173206897283,3286.7093187748424,3290.1426041887753,1284443
2025-05-06,3299.678955078125,3312.076592770615,3277.7446730067963,3299.678955078125,1324763
2025-05-07,3285.469482421875,3299.202157339632,3262.104703449532,3262.104703449532,1477128
2025-05-08,3289.09326171875,3315.89132616591,3269.8292861996833,3288.2350568363695,2543591
2025-05-09,3280.89208984375,3286.518617372084,3240.6474937252347,3241.505698660658,2531757
2025-05-12,3452.646728515625,3462.278832722667,3339.923635561146,3342.5939426230407,2228678
2025-05-13,3352.130859375,3455.126629734175,3347.839368943368,3452.647008797929,3062887
2025-05-14,3384.269287109375,3395.999407449705,3346.0274789718064,3357.8528260686357,2119499
2025-05-15,3414.023193359375,3433.1919414973604,3351.2722602468125,3398.860022082387,3548330
2025-05-16,3396.285400390625,3427.37472311883,3381.789746684424,3427.37472311883,1666727
2025-05-19,3355.754638671875,3385.5089240585153,3341.3542118072583,3385.5089240585153,2537377
2025-05-20,3336.20458984375,3393.1383143193784,3332.103785899918,3368.1523508133114,2038374
2025-05-21,3362.430419921875,3373.1114160079887,3336.2046455537043,3345.4551448560997,1440153
2025-05-22,3315.891357421875,3335.7276249349993,3291.382227143766,3333.057317857191,2034383
2025-05-23,3351.749267578125,3371.2039297984234,3305.0197081551764,3315.8913900733005,1274331
2025-05-26,3373.3974609375,3380.7406309750972,3347.457833268305,3357.8526831208233,967470
2025-05-27,3336.5859375,3375.972327891045,3321.708911006242,3368.3430118958113,2467680
2025-05-28,3335.63232421875,3365.482070074091,3331.1501475683763,3356.8990894476624,1222933
2025-05-29,3336.013916015625,3368.8198820327834,3324.951314566822,3342.3079620855306,3188072
2025-05-30,3302.921630859375,3344.2153514588645,3293.0990724903722,3328.2892004179307,3404365
2025-06-02,3289.951904296875,3299.679235825276,3260.197617868956,3290.1425906350296,1877585
2025-06-03,3247.41845703125,3312.5537919193694,3242.936280242354,3286.3280169725485,2848125
2025-06-04,3252.90234375,3266.2762443041534,3242.415101032151,3260.6957796433117,2544807
2025-06-05,3243.473388671875,3279.9384360226436,3236.353404838992,3279.9384360226436,3584683
2025-06-06,3256.07763671875,3262.5239346599506,3231.5430403786086,3243.473730125776,2070390
2025-06-09,3292.350341796875,3303.992342378787,3262.5239694574043,3271.27954690969,1718678
2025-06-10,3331.798095703125,3353.8312663403485,3293.601143598204,3309.7651599636156,2419874
2025-06-11,3340.457275390625,3356.909980604606,3318.5206483022603,3338.629301432497,2847013
2025-06-12,3304.1845703125,3343.1512807546196,3293.6010193282204,3340.4572389790806,4060134
2025-06-13,3315.249267578125,3319.8675914563746,3264.7368639985107,3264.7368639985107,2178493
2025-06-16,3363.93359375,3376.152737355931,3296.487416323079,3309.7650089781714,1934088
2025-06-17,3382.21435546875,3386.736371257649,3356.04416685221,3377.114961112031,2111940
2025-06-18,3320.7333984375,3404.0549041256045,3312.747815947458,3385.8705329382847,2696327
2025-06-19,3294.37109375,3320.348903192538,3283.7875417548917,3319.3867621020736,2672768
2025-06-20,3305.627685546875,3315.826473793808,3281.7665424976394,3295.332824141505,2351248
2025-06-23,3265.121826171875,3295.332959933054,3242.4152043720856,3285.71154983106,3123421
2025-06-24,3262.04296875,3311.7858496666604,3253.9610777731646,3304.5697916881572,3403048
2025-06-25,3314.38330078125,3319.3863869066126,3271.2793378210094,3278.3030139670477,1757699
2025-06-26,3311.496826171875,3320.7332385135887,3286.000090554292,3314.3832490719788,2879106
2025-06-27,3310.823486328125,3335.1654656898822,3301.105768277059,3324.1971522580116,1778433
2025-06-30,3330.93212890625,3333.7222438362,3300.143617027278,3309.6687189307536,1468351
2025-07-01,3299.85498046875,3353.0614253891877,3284.268343060543,3324.1971950415045,2375183
2025-07-02,3293.697509765625,3357.7759628799704,3290.5223973149878,3355.1782290195283,3090585
2025-07-03,3272.04931640625,3305.243182495177,3268.9705120384147,3300.1437879715377,2531870
2025-07-04,3290.329833984375,3297.257202194738,3261.7542933055606,3278.9765232213795,1109320
2025-07-07,3282.53662109375,3296.3915933540857,3279.361508602982,3288.8868460752856,1639174
2025-07-08,3277.24462890625,3295.3329266950955,3264.929177120374,3276.090106685197,2325242
2025-07-09,3255.69287109375,3284.7494832808984,3239.5288547764453,3280.90091915286,2034938
2025-07-10,3253.960693359375,3270.317089511684,3228.945028655843,3252.036411459103,3035012
2025-07-11,3142.3525390625,3208.7402687610033,3137.638142071979,3174.9690253465947,7635550
2025-07-14,3100.691650390625,3148.1252470894524,3078.8510973979974,3142.352401281831,3924009
2025-07-15,3129.171142578125,3136.002202567695,3084.623968418985,3084.623968418985,2590889
2025-07-16,3121.2548828125,3132.6464874286985,3109.187305299685,3115.365810708297,2540733
2025-07-17,3098.181640625,3129.8470122556437,3093.2582102459683,3112.5663349360093,2947640
2025-07-18,3079.549072265625,3117.103513998714,3076.749488627971,3113.434923384125,3432645
2025-07-21,3048.94580078125,3086.982946316993,3042.960329505588,3079.645764950135,3844346
2025-07-22,3050.29736328125,3070.088189339792,3045.4703325352643,3050.29736328125,3198036
2025-07-23,3069.123046875,3071.9226306702544,3048.366812883985,3050.2976253482652,1922875
2025-07-24,3039.098876953125,3063.909770455093,3031.3756269481614,3055.6074181166887,2934778
2025-07-25,3027.32080078125,3047.6907301283586,3017.47370470728,3031.375459671135,2568917
2025-07-28,2972.775390625,3010.1365638260077,2963.700430830921,3002.413314143324,3374473
2025-07-29,2950.281494140625,2967.658806606113,2935.993434530025,2954.1431191329557,4785312
2025-07-30,2947.96435546875,2962.831516110354,2941.7856146047457,2954.14286063789,2880121
2025-07-31,2931.74560546875,2953.9499481457733,2910.6997030967705,2936.47600158721,2968371
2025-08-01,2899.11474609375,2931.7455219766357,2896.2185275661836,2925.0840779463133,2053847
2025-08-04,2968.044677734375,2972.8717086542492,2888.1092342571515,2905.0038424767117,2519252
2025-08-05,2957.908203125,2971.0378227936944,2936.765899898755,2968.044969051672,1927996
2025-08-06,2927.401123046875,2960.7076353045086,2921.319017147813,2957.0390447864347,1487081
2025-08-07,2941.5927734375,2946.0337363593026,2906.741514367591,2911.665180402855,2543076
2025-08-08,2931.359375,2953.950022141175,2920.353838284088,2942.654816418027,2762140
2025-08-11,2935.607177734375,2944.3922326106717,2916.78175710605,2931.3592490987544,1884215
2025-08-12,2930.39404296875,2989.283824339261,2922.1880898269574,2935.8004122577677,3358232
2025-08-13,2931.166259765625,2939.0825434733065,2923.8293140563796,2931.0698605624675,2148166
2025-08-14,2917.747314453125,2950.1848225685903,2914.658061636635,2929.0425202763217,3342174
2025-08-18,2907.03125,2943.5236533530624,2899.501034118434,2941.1101377304376,2945609
2025-08-19,2911.8583984375,2920.3540209100356,2906.9349677861255,2907.0313669979796,2650784
2025-08-20,2991.407470703125,2996.041231481408,2906.741166187621,2906.741166187621,4952358
2025-08-21,2995.26953125,3021.721568272579,2976.444109339037,3021.721568272579,3230726
2025-08-22,2948.350341796875,2988.607730562596,2944.4887172496624,2979.2433381745764,1593791
2025-08-25,3031.954833984375,3042.960370488012,2970.6515397185153,2980.498635910434,3448370
2025-08-26,3047.98046875,3052.6144657420946,3012.067404527304,3020.756060501902,5522097
2025-08-28,2986.67724609375,3037.6507428505593,2979.7263682848406,3036.2026334864163,3116051
2025-08-29,2977.988525390625,3007.2403810515466,2970.747978726777,2986.001444170926,2271789
2025-09-01,3004.92333984375,3022.7833539936464,2983.105066117822,2983.105066117822,1246862
2025-09-02,3003.861328125,3045.8564969417885,2995.7520104934983,3013.1293217280318,2185229
2025-09-03,2990.345458984375,3033.209396467178,2981.1741008373688,3021.624523018328,1799774
2025-09-04,2988.608154296875,3010.136761338951,2983.877757833792,3008.205948791588,1481391
2025-09-05,2942.84765625,2996.0413944584525,2923.8292019621163,2989.959524182405,2802055
2025-09-08,2914.561279296875,2958.8733290135365,2911.6650607351357,2944.4888711015133,2626187
2025-09-09,2943.909423828125,2954.1428233110028,2925.9530108288373,2927.208085964641,2489301
2025-09-10,3002.413330078125,3014.6739418754814,2947.7712440051832,2950.667462651561,2079428
2025-09-11,3016.1220703125,3030.4101295308183,3002.5099840051885,3030.4101295308183,2263446
2025-09-12,3025.00390625,3039.7746692912174,3013.032962803265,3035.23730697003,1447167
2025-09-15,3004.247314453125,3025.5828847209655,2988.897450892185,3025.5828847209655,1732539
2025-09-16,3036.87841796875,3041.029712016194,3001.5446903508278,3019.79077434497,2573429
2025-09-17,3063.041015625,3072.3087742640014,3033.692524030945,3042.960518364833,2418271
2025-09-18,3066.805908203125,3092.1961390627853,3052.035145819797,3074.8188270106057,2633138
2025-09-19,3059.565185546875,3070.474322402291,3035.2369972120114,3060.337557621526,4901694
2025-09-22,2967.465576171875,2999.420379452393,2958.96995461183,2987.93214013821,3634901
2025-09-23,2956.4599609375,2974.126942183857,2946.419830367542,2963.79714260431,3177741
2025-09-24,2930.39404296875,2951.246912289377,2928.077162241963,2944.4890685255477,1625714
2025-09-25,2855.09228515625,2924.7948033919906,2848.9137795733855,2917.457621779319,4974361
2025-09-26,2798.80908203125,2852.5821577986485,2791.278866873073,2839.2595057026215,3934636
2025-09-29,2795.912841796875,2827.964278797825,2793.885394606466,2815.124329879908,3110035
2025-09-30,2788.479248046875,2814.448816935253,2785.2935960579534,2810.297523025748,2253458
2025-10-01,2813.38671875,2823.620118812873,2767.433524755383,2790.989341906879,1952902
2025-10-03,2801.511962890625,2822.8475327064652,2791.0857652107957,2822.8475327064652,2899519
2025-10-06,2885.019775390625,2890.040076154485,2795.4302691582598,2801.608774520881,2112774
2025-10-07,2870.828369140625,2900.5629272327596,2853.2580234436414,2891.391568334869,3062943
2025-10-08,2922.4775390625,2937.7310038355854,2865.325540382523,2872.083383638142,4121889
2025-10-09,2955.7841796875,2959.9354735767624,2915.5267874109013,2929.042474504859,3211304
2025-10-10,2923.53955078125,2963.7969409179377,2902.8797173331764,2944.4888175243354,8817365
2025-10-13,2903.169677734375,2930.4907222176985,2894.481021335113,2922.284768951729,2866865
2025-10-14,2857.891845703125,2922.47742224366,2853.257849088388,2916.4919513097684,3611416
2025-10-15,2877.756591796875,2887.349664986807,2859.539215693528,2878.9193527026337,4282226
2025-10-16,2878.628662109375,2882.7954389661986,2851.8842144350965,2877.8534092983937,3251495
2025-10-17,2870.391845703125,2896.1675207642234,2863.8025522629873,2877.950145926403,4374683
2025-10-20,2921.749267578125,2929.307567962745,2886.186765192536,2892.9698128193104,3133039
2025-10-21,2913.512939453125,2937.8351067763124,2903.1446131495227,2937.1568492749448,310644
2025-10-23,2977.95166015625,3001.983076189401,2942.001649703373,2960.3157836535247,5564758
2025-10-24,2968.26171875,2994.231149497321,2963.513679841537,2984.541081052346,2684318
2025-10-27,2989.2890625,2998.300873295387,2965.3546412157716,2971.4594315335457,1946312
2025-10-28,2963.1259765625,2994.424945391891,2945.974602490029,2980.6650953225503,3470737
2025-10-29,2962.83544921875,2980.665080689528,2951.691870406029,2963.125962015583,2895420
2025-10-30,2941.2265625,2968.843257944529,2938.804045355743,2954.598904451086,2241536
2025-10-31,2963.222900390625,2972.3314700068563,2931.342670159881,2940.9357431934422,1868085
2025-11-03,2923.300048828125,2963.2230855965854,2916.7107546258085,2952.467014430014,2194877
2025-11-04,2897.524169921875,2935.4124315282234,2883.7643202783443,2926.01311261092,2670720
2025-11-06,2917.58251953125,2930.2766034150336,2897.3303717628805,2897.427367073782,2542721
2025-11-07,2899.074951171875,2910.896788283535,2868.7449872547954,2907.989767522932,1830520
2025-11-10,2931.439453125,2953.4358611387806,2899.2684732632038,2900.237480105872,1556656
2025-11-11,2952.56396484375,2960.9942773891976,2924.462765309628,2950.6259510827763,2806868
2025-11-12,3034.735595703125,3039.192885115363,2962.3508338140637,2965.1608589527805,4460315
2025-11-13,3009.4443359375,3034.8322664831685,3005.859058134587,3034.735507748666,1740435
2025-11-14,3009.7353515625,3016.6153949995773,2981.924901585002,2994.2312415737683,2210794
2025-11-17,3006.052978515625,3026.6928715689805,2990.93661372188,3009.7352518307202,2232853
2025-11-18,2991.421142578125,3008.7662705711664,2982.6030856096777,3005.8592500198897,2548350
2025-11-19,3050.142822265625,3057.216619603584,2987.932629650603,3001.0142221592077,3151053
2025-11-20,3047.332763671875,3066.4221511422043,3040.8404651460387,3050.4335382511167,2700767
2025-11-21,3052.953125,3071.7517635606687,3038.030277327296,3047.332837865448,4177037
2025-11-24,3043.84423828125,3080.375748831919,3033.960415828725,3060.1236005069036,6703764
2025-11-25,3022.526123046875,3052.1778273241375,3018.4563415864895,3047.817296493595,2737920
2025-11-26,3064.87158203125,3079.503679669953,3020.394263540353,3022.1385231343734,2508527
2025-11-27,3039.386962890625,3081.4417653096157,3028.1463888655812,3081.4417653096157,2836233
2025-11-28,3040.259033203125,3049.755347777002,3028.1464474134714,3042.681550361056,1616690
2025-12-01,3036.2861328125,3056.247769627983,3025.4333028223336,3040.6466638725274,1747647
2025-12-02,3038.514892578125,3046.557697172346,3023.6890396759504,3033.960607457575,2512003
2025-12-03,3081.441650390625,3112.3528729457903,3041.7123712503685,3042.6813780586676,3952112
2025-12-04,3129.11669921875,3149.27208789607,3088.6121678196405,3095.00770730463,5025905
2025-12-05,3137.837890625,3170.2028609083113,3122.527535293584,3129.892081880524,5244013
2025-12-08,3136.190673828125,3158.8653395160463,3109.1554773099156,3142.489218360763,2544725
2025-12-09,3108.864501953125,3133.4771795542747,3082.604323565585,3129.8919017803323,2734893
2025-12-10,3090.356689453125,3125.0471830165943,3079.6008550466445,3125.0471830165943,1386849
2025-12-11,3092.972900390625,3108.9615135733166,3055.3756234989633,3105.6669848803986,1914362
2025-12-12,3120.6865234375,3123.1090405337873,3086.9650381423917,3098.5931202045713,1146554
2025-12-15,3130.085693359375,3137.8377476982373,3098.205464520373,3111.577805569695,1562190
2025-12-16,3105.763916015625,3120.202023295087,3092.197820262168,3120.202023295087,1734623
2025-12-17,3118.0703125,3136.5782015286727,3101.306446555184,3101.306446555184,1376350
2025-12-18,3179.11767578125,3185.9007236352077,3121.1710196569366,3127.954067510894,2307422
2025-12-19,3180.280517578125,3215.067769256,3177.179742937931,3196.753634213965,3902511
2025-12-22,3221.8505859375,3225.436100324642,3189.0013503402283,3207.412479375921,2632816
2025-12-23,3207.41259765625,3217.005670614833,3191.423985009323,3217.005670614833,2365420
2025-12-24,3216.1337890625,3223.98283930865,3193.943626455098,3201.695681385047,1367708
2025-12-26,3178.342529296875,3217.102804044398,3170.3967202884214,3210.4167512800273,1176664
2025-12-29,3150.7255859375,3186.094333865139,3142.392032892103,3178.342279524835,2079473
2025-12-30,3146.171630859375,3166.230026251057,3139.0978332181485,3149.272405605489,2807593
2025-12-31,3106.829833984375,3145.3963554042443,3099.3685282687848,3139.58231408187,3362634
2026-01-01,3127.37255859375,3133.865093634826,3099.0776063813255,3115.35696849259,1255735
2026-01-02,3149.950439453125,3153.4389586535176,3119.717473820805,3133.7680727866077,1184324
2026-01-05,3116.423095703125,3146.3653134186775,3092.1009285860796,3140.0667687506084,2341703
2026-01-06,3154.892578125,3162.063134250383,3105.666982384277,3110.512016678168,2912325
2026-01-07,3193.458984375,3198.3040184958663,3123.3027483604965,3142.3921354819236,1989442
2026-01-08,3104.60107421875,3185.028645932727,3083.3799179984962,3185.028645932727,4159336
2026-01-09,3108.38037109375,3129.601527505619,3092.1010079115476,3092.1010079115476,1938673
2026-01-12,3139.194580078125,3151.2101699835457,3075.9183875911604,3103.728835933978,2228342
2026-01-13,3166.71435546875,3178.3424375573745,3110.9964621274244,3144.42719813222,5645341
2026-01-14,3093.55419921875,3158.962158011942,3084.348634647856,3158.962158011942,3539511
2026-01-15,3093.55419921875,3093.55419921875,3093.55419921875,3093.55419921875,0
2026-01-16,3163.8017578125,3178.7983689605644,3128.579389024886,3176.3318131508636,4293470
2026-01-19,3121.278564453125,3176.9239686725823,3109.9324074221513,3145.3520534559602,3387562
2026-01-20,3060.798583984375,3117.7266457653604,3049.7484617692403,3109.4391143226594,4499273
2026-01-21,3080.826904296875,3096.5141025881594,3040.769942385441,3058.5291438659533,2015150
2026-01-22,3108.2548828125,3117.7265535020897,3080.5309399469356,3107.8603302315137,2269827
2026-01-23,3120.193115234375,3151.7650297600667,3109.8335807806325,3147.621264153488,2068857
2026-01-27,3115.75341796875,3132.5259981161435,3088.127991843631,3132.5259981161435,4279874
2026-01-28,3157.290283203125,3162.3219126707263,3128.184923835551,3133.5125881835056,2751234
2026-01-29,3102.335205078125,3157.2902623909354,3083.786897692938,3157.2902623909354,2457641
2026-01-30,3082.109375,3098.980713054142,3050.636219281569,3098.980713054142,3022068
2026-02-02,3127.1982421875,3155.218220087344,3092.074390792288,3155.218220087344,2636272
2026-02-03,3182.153076171875,3305.1848335937134,3143.674804974814,3305.1848335937134,4366060
2026-02-04,2958.979248046875,3078.2617963038065,2946.0543986420407,3078.2617963038065,10852595
2026-02-05,2951.480712890625,2989.1696378838233,2932.5376122480607,2950.000779389259,3521545
2026-02-06,2902.248291015625,2945.0676030314735,2876.990663463912,2936.7800719556926,4687389
2026-02-09,2908.760009765625,2937.174782066686,2898.2031986297916,2919.5143380742375,2380318
2026-02-10,2944.673095703125,2971.3118985519286,2904.1228216834434,2910.3385905230825,3547763
2026-02-11,2870.873779296875,2957.893822910036,2865.348597754142,2940.134620504305,3363513
2026-02-12,2713.31005859375,2841.472197833708,2703.3450771056805,2831.4086986412967,10612156
2026-02-13,2656.1845703125,2676.706362809734,2550.4187054416375,2550.4187054416375,11168735
2026-02-16,2670.39208984375,2683.4154564010123,2635.2682386101537,2663.880286127823,2918730
2026-02-17,2681.04736328125,2723.0775699498763,2659.144396219614,2679.666188399951,4209118
2026-02-18,2658.848388671875,2693.478928386682,2621.751534036431,2693.478928386682,2950820
2026-02-19,2642.075927734375,2711.9288391622777,2630.9272877397234,2671.7733571903564,3238849
2026-02-20,2650.264892578125,2666.4456435463158,2612.0826560359187,2631.3217917460984,2293482
2026-02-23,2640.497314453125,2667.8267040377664,2624.612599044486,2650.0675026055624,4699596
2026-02-24,2539.269775390625,2612.0825495938816,2527.035755172012,2605.669504618486,7798833
2026-02-25,2594.126220703125,2618.6930211303556,2560.2850255621997,2561.2716479227247,3621285
2026-02-26,2612.27978515625,2635.26813265383,2599.749730266882,2614.549064594777,3464267
2026-02-27,2602.11767578125,2652.6329325338243,2590.969035984877,2645.726576120342,5083717
2026-03-02,2578.537353515625,2588.6996112720262,2545.7815416803182,2557.324974292137,3374385
2026-03-04,2553.181396484375,2599.7499237945026,2545.880246481027,2589.8837001747893,3446434
2026-03-05,2544.3017578125,2574.5910157046947,2512.335049229941,2565.2181034037962,2960636
2026-03-06,2523.385498046875,2584.161292192951,2519.4390085227947,2537.5927639837228,3998643
2026-03-09,2493.589111328125,2525.7530947438377,2471.4888680989507,2496.1544256648085,3653428
2026-03-10,2479.480712890625,2511.1511456572443,2456.7883989435327,2507.007379980955,4323710
2026-03-11,2431.92529296875,2487.2749022159755,2427.1896984686477,2474.547570466413,2720664
2026-03-12,2409.726318359375,2439.818299872899,2403.412031703097,2426.8936916820116,2752075
2026-03-13,2378.253173828125,2413.179508655849,2364.9337721078678,2404.398666093815,2466488
2026-03-16,2376.970458984375,2392.5591399058967,2334.4471812699776,2377.759805019881,3807907
2026-03-17,2359.70458984375,2387.6260500920594,2328.428710007132,2387.6260500920594,2993367
2026-03-18,2408.14794921875,2449.684606821956,2377.759931791064,2377.759931791064,3082388
2026-03-19,2324.482177734375,2391.5724952581177,2318.7597201236085,2384.6661390424383,2757060
2026-03-20,2358.619384765625,2375.5892402804725,2332.5724113216993,2354.0808258010857,4206320
2026-03-23,2351.910400390625,2374.602714385491,2316.589272171523,2333.3618520807718,3860515
2026-03-24,2366.709716796875,2402.819949907421,2347.2733048784753,2371.9388633725343,3420182
2026-03-25,2345.595947265625,2389.204849113034,2338.097761710688,2368.781573169959,5843778
2026-03-27,2357.830078125,2389.69802736586,2353.0942427947716,2371.7413083689694,4979411
2026-03-30,2327.34326171875,2365.9202902405636,2314.8132066050703,2343.3267357786763,6804756
2026-04-01,2375.98388671875,2438.9304406017563,2365.8216283746565,2396.5056797013217,4132661
2026-04-02,2417.915283203125,2436.858383664294,2343.91860884341,2354.080866963729,5378361
2026-04-06,2440.804931640625,2448.7966690134326,2415.4487854587173,2440.903690225315,2572417
2026-04-07,2505.823486328125,2509.868493428073,2415.251506653692,2428.0775971710527,4516550
2026-04-08,2524.9638671875,2545.781695099603,2506.119524847839,2537.592681428627,4769337
2026-04-09,2554.365234375,2570.1511917909907,2497.2398973257214,2519.8334525275204,5628261
2026-04-10,2490.53076171875,2531.4755878535475,2467.641172150841,2531.4755878535475,10480239
2026-04-13,2439.5224609375,2471.390169384871,2436.9571465386753,2456.5908344868626,3739587
2026-04-15,2520.72119140625,2524.7664391435346,2460.0439205944767,2468.430210056267,5261384
2026-04-16,2542.427001953125,2559.298340252972,2523.779936147688,2537.5926488552986,3905403
2026-04-17,2546.965576171875,2554.365243737743,2521.707947863873,2535.6194192375438,2718206
2026-04-20,2545.091064453125,2559.2983296867455,2526.937069016173,2552.490731944509,2288558
2026-04-21,2575.57763671875,2579.0308149330826,2525.7532081976633,2525.7532081976633,2719959
2026-04-22,2504.540771484375,2545.485597963241,2470.107748698972,2545.485597963241,5232045
2026-04-23,2488.064208984375,2525.2598221872495,2482.637786236952,2495.167841496993,2509050
2026-04-24,2364.8349609375,2471.4889309127534,2356.8434646078067,2454.7163513416886,5107719
2026-04-27,2414.85693359375,2426.1043319099444,2364.8349883004043,2364.8349883004043,5853425
2026-04-28,2411.99560546875,2453.7297789552113,2394.9269906770533,2411.3050180002156,4508363
2026-04-29,2441.59423828125,2454.6176048964962,2414.8569175928637,2418.211337173827,2835961
2026-04-30,2440.804931640625,2457.6762701500647,2405.3852856787867,2445.8368019678887,3970446
2026-05-01,2440.804931640625,2440.804931640625,2440.804931640625,2440.804931640625,0
2026-05-04,2398.77490234375,2464.8785979918853,2392.559133533261,2460.6360738276094,2632358
2026-05-05,2394.828369140625,2427.485422911908,2379.9302759850466,2397.4922011892513,3385720
2026-05-06,2402.81982421875,2437.9436740268407,2374.306536440952,2409.2328690917466,3147628
2026-05-07,2369.274658203125,2407.0623398832377,2365.9202387848723,2405.582406456141,5829594
2026-05-08,2362.368408203125,2374.7999458983372,2343.326789953136,2365.920344937355,3792199
2026-05-11,2360.888427734375,2382.6928771212197,2339.2814955090735,2339.2814955090735,1975188
2026-05-12,2269.52734375,2343.2279819983573,2252.4587296430527,2343.2279819983573,6347884
2026-05-13,2242.395263671875,2278.308219875756,2238.6460506699204,2275.1510766173806,3171843
2026-05-14,2215.953857421875,2234.6996825737074,2176.883514966109,2234.6996825737074,5633313
2026-05-15,2233.712890625,2274.06564640704,2221.873423006846,2221.873423006846,3410637
2026-05-18,2252.656005859375,2262.226194073794,2222.070714305826,2233.7129057172556,3773336
2026-05-19,2295.968994140625,2345.793423403843,2266.3703232911885,2269.2314317901273,10394707
2026-05-20,2296.2646484375,2310.669430390967,2286.793218866712,2292.8114703818346,2537422
2026-05-21,2296.0673828125,2304.650948701518,2283.0440165455843,2299.816595750975,3299087
2026-05-22,2286.300048828125,2308.696328282268,2277.223171267918,2299.9154856057353,2617262
2026-05-25,2308.199951171875,2326.10009765625,2293.0,2325.0,3298364
2026-05-26,2276.199951171875,2327.89990234375,2272.39990234375,2308.199951171875,3587597
2026-05-27,2284.199951171875,2295.60009765625,2260.89990234375,2275.0,2653950
2026-05-28,2284.199951171875,2284.199951171875,2284.199951171875,2284.199951171875,0
2026-05-29,2258.89990234375,2334.0,2235.0,2291.0,16331582
2026-06-01,2297.39990234375,2335.0,2280.0,2284.0,7505095
