Date,Close,High,Low,Open,Volume,RSI_14,MACD,MACD_Signal,MACD_Diff,BB_High,BB_Mid,BB_Low,SMA_20,SMA_50,EMA_20,EMA_50,EMA_12,EMA_26,VWAP,Returns,Volatility,Price_Range,Return_1D,Return_3D,Return_5D,Return_10D,Volume_MA20,Volume_Ratio,Volume_Spike,EMA20_Slope,EMA50_Slope,ATR_14,ATR_Percent,Distance_EMA20,Distance_EMA50,Distance_BB_High,Distance_BB_Low,Signal
2021-08-12,2927.624755859375,2941.818506074252,2905.1331209034925,2905.1331209034925,1310205,74.68879544361553,24.519557026615075,10.576047932945777,13.943509093669299,2941.2403023740826,2833.659948730469,2726.079595086855,2833.659948730469,2841.5149072265626,2857.8063006566063,2831.565523518119,2875.197717335373,2850.678160308758,2833.9506245716875,0.0022576716077402637,0.007942590884910717,0.012530767509509957,0.0022576716077402637,0.008742877778973313,0.020645958943506848,0.048798415268529904,2063432.95,0.6349636900002009,0,35.58949786544463,17.70450967466786,41.891772488134784,0.01430913316479245,0.024430786364606775,0.03392442503746336,-0.004629185348683525,0.07393223629117789,1
2021-08-13,3025.146484375,3039.646030624656,2932.646996500656,2935.4857463855783,4363584,85.19778376786108,34.66501854917169,15.39384205619096,19.27117649298073,2980.9581502712645,2845.0345947265623,2709.11103918186,2845.0345947265623,2847.262109375,2873.7434610107393,2839.1569337478004,2898.2667584183923,2863.6017398692206,2852.128944484388,0.033310870295260475,0.010992072216497931,0.03536986875731611,0.033310870295260475,0.03884340368393269,0.04640733341446057,0.0934347059934888,2169963.75,2.0109017950184653,1,44.97743538272425,22.27150309122453,47.80946851671384,0.01580401767770639,0.05268494749736983,0.06550872493747148,0.014823533869375,0.11665651227370184,1
2021-08-16,3033.488037109375,3052.180240931902,3001.650408468688,3022.176753470583,2083489,88.91566951951648,42.884122028001,20.891898050552967,21.992223977448035,3014.3616317923593,2857.182238769531,2700.002845746703,2857.182238769531,2853.1325634765626,2888.9572301629905,2846.777761330607,2919.070032063159,2876.185910035158,2862.032215662312,0.0027574045678315784,0.010630326335163727,0.01665733698141237,0.0027574045678315784,0.03849943570746861,0.045219147753641886,0.07875687551755761,2211311.9,0.9421958973765755,0,53.19266103079826,26.544671781274246,48.37097960920388,0.015945663545552272,0.05002871120325664,0.06558653025710656,0.006345093141874632,0.12351290365786437,1
2021-08-17,3103.45263671875,3110.2219638050665,3024.79738063406,3041.480581719962,4336019,90.56748911743847,54.416104243466634,27.5967392891357,26.819364954330933,3060.8409265551263,2873.273583984375,2685.7062414136235,2873.273583984375,2859.714658203125,2909.385364120682,2856.8434427183774,2947.4365866255575,2893.020482382091,2884.7777575730142,0.023064076321871463,0.011513388206430698,0.027525660343676112,0.023064076321871463,0.06005820264617978,0.06573394609248662,0.08163111103774545,2348259.95,1.8464816895591136,1,66.35711556060323,33.010348715096825,49.97752481687102,0.01610384647909812,0.06670387326180902,0.08632226404598359,0.013921569655559242,0.15554433648158236,1
2021-08-18,3110.00341796875,3140.0941242989843,3089.084057481392,3121.6204986858806,2631309,91.135645355204,63.35357594511697,34.74810662033196,28.605469324785012,3100.5283602168506,2888.7665893554686,2677.0048184940865,2888.7665893554686,2866.1323095703124,2928.4918454395456,2866.771284885059,2972.446868370664,2909.093292425547,2901.0042359913764,0.0021108043256383713,0.011385276799133766,0.016401932719067164,0.0021108043256383713,0.028050520539101065,0.06469409310296026,0.08753948321236726,2389228.15,1.1013217804251971,0,78.03485585691487,39.12654636046091,51.428094732561284,0.01653634669191159,0.06198124567492548,0.08484532211066968,0.0030559493902635034,0.16174741131704093,1
2021-08-20,3109.0869140625,3122.6255703816373,3057.115943030973,3062.3567132190265,2836148,97.11588654073668,69.56077909269061,41.71064111480369,27.850137977886916,3133.511681539268,2903.753039550781,2673.994397562294,2903.753039550781,2872.5298828125,2945.691375784589,2876.273858578292,2993.468413861716,2923.907634769025,2918.3957920988046,-0.0002946954659132084,0.010624030423065,0.021070375052676102,-0.0002946954659132084,0.024921435663601166,0.06198272433649321,0.08390837606185797,2388068.85,1.187632425254406,0,87.88507512798287,44.70833506017334,52.29220464053515,0.016819151759320663,0.05546933382808653,0.08094258993797082,-0.007794694885187052,0.16271257594886934,1
2021-08-23,3177.128662109375,3208.223975705409,3111.182321198469,3126.9920590866773,3744176,97.28520865571349,79.05908876370086,49.18033064458312,29.878758119117734,3177.3938193878553,2922.2944213867186,2667.195023385582,2922.2944213867186,2879.9998046875,2967.7330221012353,2888.0720861677464,3021.723836669048,2942.664747905347,2940.7711367576508,0.021884800884504063,0.011034024900543355,0.030543822686271635,0.021884800884504063,0.023740019267225465,0.05023960939391503,0.09897842911213117,2486468.0,1.5058211084960675,1,93.98956109049595,48.915152419946025,55.76104208382766,0.017550766120628718,0.07055743843827364,0.10008634387141799,-8.345118469808002e-05,0.19118723387407685,0
2021-08-24,3155.9912109375,3203.289281535624,3139.5700912462094,3194.248869248207,2511141,90.9660178462809,83.91364765732033,56.126994047130566,27.78665361018976,3208.146892871405,2940.447131347656,2672.7473698239073,2940.447131347656,2886.0533984375,2985.662373418975,2898.5787185116583,3042.3803557872716,2958.4667081299513,2955.387831163726,-0.0066530044640500385,0.011221196103397012,0.02018991373251848,-0.0066530044640500385,0.014787055442783581,0.04038360208760161,0.08742886191086718,2549044.5,0.9851303105928516,0,96.7051432559847,51.80095718105122,55.87959221082701,0.017705877005350642,0.05704892791460406,0.08880645220427758,-0.016257261177721086,0.18080415925932833,1
2021-08-25,3195.995849609375,3229.8424850759952,3150.619564194584,3153.1962331483587,2123263,94.20295342430238,89.95204933233026,62.89200510417051,27.060044228159754,3240.852474305103,2961.2377197265623,2681.6229651480216,2961.2377197265623,2892.86263671875,3005.694133056156,2910.242135417451,3066.0135086829796,2976.0614593506493,2968.8051107210035,0.012675776324482024,0.010911221178107434,0.024788180150826514,0.012675776324482024,0.027953202322451354,0.029819437807973026,0.0975135332178374,2599139.3,0.8169100440288061,0,96.30876893547384,53.39869269907376,58.7932073691219,0.018395896032314247,0.06331373324394873,0.09818898252977658,-0.013840995556376275,0.19181402126490243,0
2021-08-26,3207.219482421875,3220.9765001390165,3186.299910279459,3196.8688790309616,1902533,94.24063808014894,94.5532287683659,69.22424983700958,25.328978931356318,3270.3335248876774,2981.94091796875,2693.5483110498226,2981.94091796875,2900.1334130859377,3024.887023471939,2921.888305888213,3087.7375046428097,2993.1842758744438,2983.532790882905,0.0035117795330903423,0.010895854088622411,0.010812041411450977,0.0035117795330903423,0.009471073888623005,0.03125915035701787,0.09797552584349467,2611233.25,0.7285955783536381,0,96.39517803239323,55.11702100315415,57.99462606740177,0.018082524874040787,0.06027744425993687,0.09765300609152663,-0.019298962012741536,0.1907042726001253,1
2021-08-27,3249.408203125,3257.5751546785104,3189.0958480679137,3202.110341078273,3944728,94.52119849124166,100.44609375276377,75.46861862016043,24.977475132603345,3302.129297417949,3004.8409057617187,2707.552514105488,3004.8409057617187,2908.0457568359375,3046.2699929627065,2934.7322234269104,3112.6099197939157,3012.163826041152,3007.4285010598633,0.013154297962566286,0.010979937682730385,0.021074393344837145,0.013154297962566286,0.029599889842452987,0.04513263634664644,0.10991280444039297,2721869.8,1.4492713795494554,0,100.57861717811738,58.4583648486182,59.20498786362519,0.018220237090152892,0.06668424356067258,0.10722476728409651,-0.01596578738881413,0.200127490121287,1
2021-08-30,3232.943359375,3267.052076414065,3220.9769784870477,3244.9097402629527,2033114,90.55287135874515,102.6048911051812,80.89587311716458,21.709017988016612,3319.8762605695165,3028.1557861328124,2736.4353116961083,3028.1557861328124,2914.8722998046874,3064.0484088114963,2946.426777777816,3131.122756652544,3028.517865547363,3028.960640633962,-0.005067028431258835,0.011513544646438108,0.014251749197339708,-0.005067028431258835,0.011560562498897031,0.017567654068050276,0.06868985554031148,2673528.35,0.7604609840774645,0,96.31538671026101,58.354691610069494,60.79909250020062,0.01880611125582925,0.055121502022553164,0.09724205052645965,-0.026185584754174953,0.18144337107356798,1
2021-08-31,3307.318359375,3322.7350832895377,3234.821052565711,3240.0181060067675,3207480,91.8448140578528,109.06001847695916,86.5287021891235,22.53131628783565,3351.401305246079,3052.92060546875,2754.4399056914212,3052.92060546875,2923.54279296875,3087.21697553183,2960.5793888208427,3158.2297724559985,3049.1697539790393,3055.4699398446396,0.0230053520066551,0.012113007875536388,0.026581665618800685,0.0230053520066551,0.031210485438164293,0.047949166624119854,0.09026912877710225,2703468.9,1.1864312550442138,0,101.55460211285481,62.00067030918444,65.07281858081481,0.01967540209619008,0.0712944330079856,0.11711861937006139,-0.01315358617366245,0.20072264148554544,0
2021-09-01,3244.865966796875,3333.74068017422,3237.921990071919,3315.660068603454,2643336,80.79586253266642,107.89264799588636,90.80149135047608,17.09115664541028,3368.7856451298644,3071.7022094726562,2774.618773815448,3071.7022094726562,2931.386083984375,3102.2311651761197,2971.727882074805,3171.55841773921,3063.665769743324,3080.9635153068357,-0.018883090707338734,0.014208029157710945,0.02952932142121329,-0.018883090707338734,-0.0013978657171347386,0.015291045260109826,0.045566453441235666,2645398.95,0.9992201743332513,0,96.5370321199639,61.48574665735396,69.86438221187589,0.021530745160744363,0.04597813445428966,0.09191221254463242,-0.03678467299103336,0.16948173111896672,0
2021-09-02,3351.253662109375,3370.819115881548,3251.0239474479945,3261.505486236113,3403717,83.85936292607539,114.23526336475152,95.48824575333117,18.747017611420347,3400.7521647050075,3096.2814208984373,2791.810677091867,3096.2814208984373,2940.8673193359373,3125.9475934554775,2986.61124599773,3199.2038399500047,3084.9685765852532,3108.3321398743833,0.03278646834757226,0.015594954183795504,0.035746374495015394,0.03278646834757226,0.03659522904764012,0.044909361668860726,0.07757234051472328,2669104.9,1.2752278863224897,0,101.0605699835387,64.72294010951691,76.2406510628697,0.0227498896681195,0.07207608634437795,0.12209236022943788,-0.014555163151657129,0.2003871500342066,0
2021-09-03,3355.8828125,3368.8535878797816,3323.1280061155453,3340.9902512143804,1746812,81.0446354748168,118.27199950126533,100.04499650291801,18.227002998347317,3426.362299232246,3120.65537109375,2814.948442955254,3120.65537109375,2951.134892578125,3147.846185745432,3001.09248389978,3223.308297265389,3105.0362977641234,3127.762424841597,0.0013813190099467576,0.014162987948238264,0.013625500149742273,0.0013813190099467576,0.014683936606023407,0.03276738492646203,0.07937889974102497,2629719.45,0.6642579306321059,0,101.57619278272568,66.36026047286941,71.50524441993795,0.021307431878608826,0.06608856166372795,0.11822039157526618,-0.020569770671373167,0.1921649296627436,0
2021-09-06,3364.57373046875,3386.934430383509,3331.3821931484454,3362.5647263498754,1723693,81.05705948335603,120.78014805585508,104.19202681350544,16.588121242349644,3448.49969669195,3144.3348754882813,2840.170054284613,3144.3348754882813,2959.6205078125,3168.48690429051,3015.3466504318963,3245.041440835136,3124.261292779281,3146.3142697298786,0.0025897560952896637,0.014167404723304956,0.01651092877888109,0.0025897560952896637,0.03689143554673313,0.04071533474659983,0.058998261730743184,2601286.0,0.6626310986181451,0,104.43849547901391,68.91987265408034,71.86398761792722,0.021359017033018082,0.06188658249232931,0.11581656125236314,-0.02433695044361107,0.1846381259435625,0
2021-09-07,3333.04150390625,3380.2521385252685,3326.3596090282194,3375.0550854815306,1585039,73.20975149368368,118.85341847334485,107.12430514547333,11.729113327871517,3458.6572714553067,3165.8744140625,2873.091556669693,3165.8744140625,2967.349970703125,3184.158770920581,3027.805272136773,3258.579912076846,3139.7264936035012,3159.4684194013694,-0.009371834023713554,0.014081641577344029,0.01616917444138881,-0.009371834023713554,-0.005434431421601715,0.007777643920590327,0.0560997420890017,2605013.5,0.6084571154813593,0,96.94179538875096,67.22588331593033,69.61169806978741,0.020885337907795044,0.046757320754651034,0.10081105102048607,-0.03631922959981551,0.1600888583480096,1
2021-09-08,3296.574462890625,3332.255448602548,3280.7212227919185,3327.8881413304607,4147175,67.78520397262895,113.08036588781488,108.31551729394165,4.764848593873225,3457.4913295899833,3185.1014770507813,2912.7116245115794,3185.1014770507813,2975.117939453125,3194.8650272986806,3038.34524040163,3264.4252275866584,3151.3448616988435,3179.8042766548,-0.010941070182560408,0.014719648003819794,0.015632659413808953,-0.010941070182560408,-0.017672950136537247,0.015935479808059094,0.03147019521115557,2710333.4,1.5301346321452556,1,92.63386212256091,66.61735832682461,69.70528480526878,0.021144762719585954,0.03183528403324808,0.08499008573984854,-0.04654150982887383,0.1317888235651938,1
2021-09-09,3311.64111328125,3326.7520365382707,3288.5818200808344,3310.1562717091774,1441148,68.80160082670099,108.47055188885543,108.34652421292441,0.12402767593101771,3452.1807717827783,3204.63203125,2957.083290717222,3204.63203125,2983.11576171875,3205.986559297021,3049.0627256125954,3271.6892100012105,3163.218658112355,3192.5796127186845,0.004570395894353263,0.014660906790511154,0.011526072769285174,0.004570395894353263,-0.015732339793345984,-0.011820217990658355,0.03255830523345504,2685905.45,0.536559468241892,0,80.03896584154336,62.45147961486555,67.75246974146678,0.020458880483681424,0.03295539517401971,0.08611773889167836,-0.04071039953940496,0.11990119577525735,0
2021-09-13,3358.765869140625,3364.9236032265057,3290.33006299334,3290.33006299334,1691473,67.54118010981362,107.38198239254007,108.15361584884755,-0.7716334563074838,3445.667836081969,3226.1890869140625,3006.710337746156,3226.1890869140625,2991.970673828125,3220.5369697583164,3061.2079469274204,3285.085619099582,3177.703636707042,3203.610328066315,0.014230031047260061,0.014099380620264623,0.022208615646154332,0.014230031047260061,0.007717985270878414,0.0008591052792088494,0.03365464083904701,2704968.85,0.6253206945433031,0,72.69078401288425,60.115463027640544,65.99936106934226,0.01964988440418709,0.042921072069755456,0.09720277987382984,-0.025220645481649057,0.11708993945135789,0
2021-09-14,3394.183837890625,3403.4426147631857,3340.99011971492,3362.7829407221366,1991188,72.3854464322999,108.13075328696505,108.14904333647105,-0.018290049506006767,3454.807082489692,3244.6409545898437,3034.474826689995,3244.6409545898437,3001.6080322265625,3237.074766723298,3074.2658250044087,3301.8699604520502,3193.739207165085,3227.6307101678785,0.010544935291682656,0.013840009059157136,0.018399856351645854,0.010544935291682656,0.029609334203969606,0.00880055240095734,0.04987420458451708,2586349.05,0.7698837092387047,0,68.58786243278792,58.919174572512475,65.9088828378316,0.019418182981742034,0.04853427322173322,0.10406322390346888,-0.017547505013038044,0.11854077945770948,0
2021-09-15,3454.147216796875,3476.3767693180266,3376.8021583375607,3390.864973783777,2461369,73.38393792283523,112.26854129891353,108.97294292895955,3.2955983699539786,3471.0060800617252,3265.6739135742187,3060.341747086712,3265.6739135742187,3012.7244287109374,3257.748333396972,3089.1631344864663,3325.2972306589463,3213.028689360033,3245.401497706825,0.017666508878174225,0.014106339628038306,0.028827552715834773,0.017666508878174225,0.04303186808018178,0.03633489494466002,0.04439513874002188,2605243.05,0.9447751909366,0,73.58956247639117,61.35786234969328,67.36257498776409,0.019501940930656467,0.060286695993827924,0.11814982453850971,-0.004857053798232021,0.12868022667241183,0
2021-09-16,3409.382568359375,3477.9055854649487,3399.599841483605,3432.703949488855,2946666,67.26339191898302,110.66001532125028,109.31035740741771,1.3496579138325728,3480.929851815124,3280.97041015625,3081.0109684973763,3280.97041015625,3023.0230908203125,3272.189689107677,3101.7207593442276,3338.233436459012,3227.5734211377617,3270.251608521347,-0.012959681689251101,0.01495996399739814,0.02296771993499843,-0.012959681689251101,0.015070029049598643,0.034219795954444576,0.050700584629971734,2535775.4,1.162037458049321,0,77.32466180899655,63.375518942597864,70.47894313932024,0.020672054756599324,0.041926933425766706,0.09919068571478816,-0.0205540721880508,0.10657917262207835,0
2021-09-17,3343.479736328125,3445.8056672309503,3323.5210554661003,3423.9691294157988,6477148,57.720406580790204,102.8814854009729,108.02458300612875,-5.143097605155845,3477.249119003956,3292.6442260742188,3108.0393331444816,3292.6442260742188,3033.0269091796877,3278.9792174143868,3111.201503539675,3339.0405595157986,3236.1590741148257,3289.7848995329937,-0.01932984366226842,0.015994316029248605,0.03657405499910265,-0.01932984366226842,-0.014938525425897686,0.009614152608260262,-0.0023197067620231993,2728067.35,2.374262497588265,1,72.99265811736586,62.138777927079445,74.3221792217669,0.022228990477863333,0.01967091421963925,0.0746586913525796,-0.03846988757427556,0.0757520668007256,0
2021-09-20,3339.679931640625,3381.1693514792364,3326.010344929612,3327.01474032147,2002008,58.945787902858484,95.31163867467649,105.4819941398383,-10.170355465161819,3468.1607215230288,3304.173876953125,3140.187032383221,3304.173876953125,3042.7342333984375,3284.760237816886,3120.161441896575,3339.1389244580796,3243.827285783403,3302.2045829880612,-0.0011364820448030999,0.015891892497436066,0.016516255353406683,-0.0011364820448030999,-0.03313908700810919,-0.005682425701462601,-0.004828202224172573,2686360.35,0.7452492365739392,0,64.22326805856937,58.95349496915469,74.9710298376674,0.022448567339456906,0.01671954415164251,0.07035484984732607,-0.037045800410882325,0.063528986394801,0
2021-09-21,3374.138427734375,3381.650282754764,3338.064421190229,3369.8148354860814,1568129,56.001896432172515,91.0435004587066,102.59429540361197,-11.550794944905363,3469.3165611447857,3314.024365234375,3158.7321693239646,3314.024365234375,3053.41748046875,3293.2724463804566,3130.1213236941358,3344.5234634236635,3253.479962964957,3314.0311689104806,0.01031790375098085,0.01496353467469623,0.012917626972939949,0.01031790375098085,-0.010337396850703007,-0.005905811562849084,0.0028427664339791825,2577558.0,0.6083777746223363,0,56.19767965715846,55.85549868972703,71.67061109838149,0.021241159079091486,0.024554901749108533,0.07795771435218775,-0.027434260244906677,0.06819389769804758,0
2021-09-22,3373.439453125,3403.748739625581,3364.9669187066097,3373.745249967666,1744067,62.98972586352422,86.60622609890925,99.39668154267142,-12.79045544376217,3463.1116382525806,3324.89677734375,3186.681916434919,3324.89677734375,3064.9643994140624,3300.9073994037462,3139.663211122797,3348.9720772238693,3262.36585112496,3323.627129868964,-0.0002071564710059981,0.013789864557404463,0.011496225575664513,-0.0002071564710059981,0.008960639561039319,-0.023365467250326843,0.012120445896459664,2539204.3,0.6868557209043794,0,43.15906600677408,50.500076636330505,67.59654901385794,0.020037872311963266,0.021973368212133266,0.07445901878074394,-0.025893530008413903,0.058605641098630534,0
2021-09-23,3379.64111328125,3388.157363421327,3349.725055096878,3380.296209445871,2003869,53.59591085171827,82.63748288248507,96.04484181063415,-13.40735892814908,3460.100021185933,3334.0790405273438,3208.0580598687543,3334.0790405273438,3076.8976904296874,3308.405848344461,3149.074109246658,3353.6903904634664,3271.0529075809814,3331.0702913183923,0.0018383789726847954,0.010775932669896213,0.011371712864250115,0.0018383789726847954,0.011965572287939041,-0.008723413838663707,0.0251978686741956,2533234.6,0.791031750474275,0,36.216159236783824,47.35334990243018,61.34506038812765,0.018151353452014473,0.02153159805724422,0.07321739534727874,-0.023253347421184168,0.05348502122169054,0
2021-09-24,3381.431396484375,3445.281301332481,3367.1939320211554,3397.7650831549404,2320754,53.2597488441811,78.72914559941046,92.58170256838942,-13.85255696897896,3455.2431583452794,3342.7896362304687,3230.336114115658,3342.7896362304687,3088.963525390625,3315.3606624530244,3158.186159726569,3357.958237543606,3279.2290919441957,3338.81119173398,0.0005297258327487953,0.010773930769627564,0.023092992332333476,0.0005297258327487953,0.0021614314012887714,0.011350946663110095,0.021074229004837797,2554145.65,0.9086224193988311,0,36.381445038637594,46.98465618689397,63.656616641491155,0.018825346185545568,0.01992867164637983,0.07068780162634063,-0.021362248177130602,0.04677385789932922,0
2021-09-27,3351.428466796875,3409.994110133992,3321.687056460379,3406.500263709674,1673362,48.409301874874814,72.37646364358943,88.54065478342943,-16.16419113984,3451.4094299688504,3347.8906494140624,3244.3718688592744,3347.8906494140624,3099.9586572265625,3318.795691438153,3165.7642894156006,3356.9536574287245,3284.577193785135,3348.202986075212,-0.00887284885291284,0.01104293562395296,0.02634907907135255,-0.00887284885291284,-0.006524790687360671,0.003517862608611866,-0.00218455308575205,2440577.35,0.6856418625699365,0,34.03545362126715,45.602847519025545,65.99624638710179,0.019691975240091475,0.009832715958655798,0.0586475051228618,-0.028968154952534207,0.03299763475487224,0
2021-09-28,3300.942138671875,3362.826974924993,3276.5726466720475,3362.826974924993,2253075,46.28604873595323,62.547088772007555,83.34194158114506,-20.79485280913751,3442.6680549438215,3351.2905883789062,3259.913121813991,3351.2905883789062,3110.0244287109376,3317.09535307946,3171.065381543298,3348.336500696901,3285.7894119248936,3351.0791514134885,-0.01506412224673026,0.011500995418534578,0.026130215141441305,-0.01506412224673026,-0.023286192815001994,-0.02169332723899209,-0.027471022098996434,2451575.4,0.9190314929738649,0,23.822906699003397,40.944057849162164,68.30780344109439,0.020693426473866593,-0.004869686484167233,0.04095682097395561,-0.041167464887711704,0.012585923404932113,0
2021-09-29,3312.078857421875,3324.3947509152617,3251.1549126304035,3284.04086884266,2489161,51.90558093422857,55.02162347350895,77.67787795961785,-22.656254486108892,3442.447450926525,3351.52861328125,3260.6097756359745,3351.52861328125,3120.455302734375,3316.6175915882613,3176.5953217738306,3342.758401731512,3287.736778258003,3352.4034490485956,0.0033738000492431475,0.01114453787617707,0.02211295124231076,0.0033738000492431475,-0.02050981697709575,-0.01818932770418724,-0.04112979281373652,2415659.45,1.0304271158751288,0,15.710192184515108,36.93211065103378,69.80205752470344,0.02107499867289918,-0.0013684828114937542,0.04265054938517933,-0.037870903002328114,0.01578510932847263,0
2021-09-30,3297.797607421875,3323.5210059352767,3275.568054906828,3323.5210059352767,2252412,48.29526083534414,47.35933159037222,71.61416868576872,-24.254837095396496,3434.4833247309684,3354.1751953125,3273.8670658940314,3354.1751953125,3130.778740234375,3314.8252121438436,3181.3483525835577,3335.8413564531065,3288.4820248627343,3354.3168787154295,-0.004311868954447684,0.011141256196540864,0.014540901758351694,-0.004311868954447684,-0.016002388207395524,-0.024216626297315358,-0.032728788483011306,2396113.25,0.940027354717061,0,6.419363799382609,32.27424333689987,70.50082427977577,0.021378153747552545,-0.005136803189377245,0.036603742166037685,-0.03979804366055566,0.007309564208377115,1
2021-10-01,3258.185791015625,3327.8880559391096,3253.643834218683,3303.212770484968,1578374,37.380707040137814,37.65648699322401,64.82263234725977,-27.166145354035763,3440.6053126467477,3349.5218017578127,3258.4382908688776,3349.5218017578127,3139.93958984375,3309.4309815602037,3184.361585463247,3323.894346385802,3286.237859392578,3353.9805742026533,-0.012011597169305221,0.010718719535612485,0.022786982229544242,-0.012011597169305221,-0.01295277101508141,-0.036447761618611185,-0.025510531553623705,2304846.1,0.6848066775477981,0,-5.92968089282067,26.175425736678335,70.47587295743726,0.0216304033833101,-0.015484592617314403,0.023183361427731277,-0.053019601219761306,-7.749106495593613e-05,1
2021-10-04,3295.83251953125,3304.8727186534416,3238.3149909855997,3253.4696342242864,1356860,37.72896606973691,32.62856729592659,58.383819336993135,-25.755252041066548,3440.628689262144,3346.519287109375,3252.409884956606,3346.519287109375,3149.66908203125,3308.1358899383986,3188.7329946423847,3319.577142254332,3286.9485749584055,3351.9540209010997,0.011554506381875163,0.01081342737928057,0.02019451148485786,0.011554506381875163,-0.004905178466454552,-0.01658873158607521,-0.013129225856034266,2285348.5,0.5937212639560224,0,-10.659801499754394,22.968705226784095,70.76910385883558,0.021472299772350302,-0.0037191248535372833,0.03358685881471128,-0.042084218556564405,0.013350910897020327,0
2021-10-05,3348.239990234375,3354.092139599293,3268.143613821035,3278.974451056184,1877966,36.5323072376011,32.49813138067566,53.20668174572964,-20.70855036505398,3439.4350427372137,3345.702600097656,3251.9701574580986,3345.702600097656,3160.507861328125,3311.9553280618247,3194.9881709401097,3323.9868111743385,3291.488679793663,3350.449910770826,0.015901132837471632,0.010573532217191777,0.025669762630199544,0.015901132837471632,0.015295778824927497,0.014328591527972057,-0.007675570535910059,2293062.15,0.8189773661389859,0,-5.140025017635253,23.922789396811822,69.79581205867787,0.02084552250204508,0.010955661709901221,0.04796631821305669,-0.026514544211383845,0.029603541273430903,0
2021-10-06,3328.674072265625,3369.3337444080453,3314.78612085272,3350.598039417927,1678154,39.033909819729686,30.464774955201392,48.658300387623996,-18.193525432422604,3439.3611075652857,3345.484228515625,3251.6073494659645,3345.484228515625,3171.2226025390623,3313.5475894145675,3200.2307553058163,3324.707928265306,3294.2431533101044,3350.11506271043,-0.005843642637868518,0.010178613050487522,0.01638719272932537,-0.005843642637868518,0.02163421172738822,0.0050105132027766786,-0.013269952368021976,2297717.9,0.7303568466781758,0,-3.070002173693865,23.635433531985655,68.0988034568194,0.02045823711736028,0.004565041679009065,0.04013564232730917,-0.03218244081907867,0.023701115945723814,0
2021-10-07,3400.298828125,3405.627029576958,3336.667273820426,3345.358174731918,1647233,57.60196612202421,34.23816825217045,45.77427396053329,-11.53610570836284,3444.6308672858877,3350.670446777344,3256.7100262688,3350.670446777344,3183.6248974609375,3321.8096121488943,3208.0765620830393,3336.3372974744893,3302.099129222319,3355.7596860846156,0.02151750345765291,0.010571287234071277,0.020280498639161676,0.02151750345765291,0.031696485781567585,0.03108171965206119,0.00611239896525384,2172720.8,0.7581429698652492,0,6.984400005050702,26.728209499481636,64.86082813871106,0.01907503764146422,0.023628451097572282,0.05991822898302297,-0.012869895460182655,0.04409014026364182,0
2021-10-08,3437.638427734375,3485.0237108088504,3406.49961272726,3428.3361487062807,2934339,62.02673927587423,39.78300948499236,44.57602106542511,-4.793011580432747,3456.6350532760525,3356.9703125,3257.3055717239477,3356.9703125,3196.5145556640623,3332.84092791894,3217.0789881870132,3351.9220867452414,3312.139077260249,3362.958078617996,0.010981270028541879,0.010852662510363561,0.022842454124339967,0.010981270028541879,0.026700128354222974,0.05507747201328628,0.016622259824178975,2247380.35,1.3056708447237246,0,23.409946358736306,32.7174027237661,66.97267643401291,0.019482175872158905,0.03144389488785822,0.06855891333636734,-0.00549569892363191,0.05536258482343895,0
2021-10-11,3219.229736328125,3282.0315318379744,3196.869036999863,3279.8478781241765,11845402,36.89886057298412,26.250975130892584,40.91101187851861,-14.660036747626023,3467.132886009058,3349.993505859375,3232.854125709692,3349.993505859375,3205.0709814453126,3322.0208144341004,3217.1633312513704,3331.507878988762,3305.2569038578695,3335.724087456346,-0.06353451533592358,0.020352871035614895,0.02645430795978179,-0.06353451533592358,-0.03287925869624353,-0.023242316698185772,-0.039445487731116335,2755076.8,4.299481597028439,1,13.884924495701853,28.430336608985726,81.05721423186843,0.025179071042106746,-0.030942334153762876,0.0006423065489655447,-0.07150090805036578,-0.004214353277872167,0
2021-10-12,3190.624267578125,3237.9221275740247,3171.189747119932,3237.0486659803983,5752877,35.235636800423364,13.067879766502301,35.34238545611535,-22.27450568961305,3474.802237836474,3339.81552734375,3204.828816851026,3339.81552734375,3213.5505517578126,3309.5068575906744,3216.1225836563412,3309.8334772332796,3296.7655974667773,3320.968636906847,-0.008885811542803324,0.020388363304185645,0.02091514852820535,-0.008885811542803324,-0.061663568746542885,-0.04707420110743521,-0.03342011657863719,2943161.25,1.954659127154518,1,-2.448470471150358,21.13441271623151,83.0536827700914,0.02603054318054633,-0.035921542129420475,-0.007928278669411834,-0.08178248740719343,-0.004432233384264871,0
2021-10-13,3192.6767578125,3210.3643549916846,3183.7674922532174,3188.134800198695,3545655,34.79866829596352,2.7540535052175983,28.824719065935803,-26.070665560718204,3465.6940591970206,3326.7420043945312,3187.789949592042,3326.7420043945312,3221.1636474609377,3298.3801814213243,3215.2031395056024,3291.8093665531596,3289.055313047942,3308.8399344124737,0.00064328797822788,0.020365549012462368,0.008330584257671745,0.00064328797822788,-0.0712587071245071,-0.040856302389665866,-0.03605050022942924,2997375.55,1.182919837989604,0,-15.16740799324316,14.97238419978612,82.20829379966413,0.025749018781340744,-0.032047070924151336,-0.007006207917726233,-0.0787770924730087,0.0015329768578646373,0
2021-10-14,3160.515380859375,3211.7547258242166,3157.671183895089,3172.373537087952,6442299,32.883525682883146,-7.923544758490607,21.47506630105052,-29.39861105954113,3466.0716978905343,3314.2986450195312,3162.525592148528,3314.2986450195312,3226.98927734375,3285.2502004154244,3213.058521519476,3271.610291831039,3279.5338365895295,3289.837292432338,-0.01007348359786997,0.020386940038583892,0.01711225398764604,-0.01007348359786997,-0.0182386347908553,-0.07051834541196689,-0.04162845720232766,3172157.2,2.0308889483787245,1,-36.559411733469915,4.981959436436682,80.49373470093572,0.025468547056729934,-0.03796813391572931,-0.01635299833731414,-0.08815637518898474,-0.000635634789531457,0
2021-10-18,3191.757568359375,3196.614624095019,3151.76382833439,3153.5141032909023,3590107,37.652481503605635,-13.706633343920203,14.438726372056376,-28.14535971597658,3467.2578780184626,3306.712536621094,3146.1671952237252,3306.712536621094,3233.6310400390626,3276.3461402196103,3212.2231900230013,3259.325257450783,3273.031890794703,3274.653854018032,0.009885155974626247,0.02069966801380054,0.014052068429396119,0.009885155974626247,0.00035519719221288604,-0.07152609692493206,-0.020388101513248325,3027805.15,1.185712693566163,0,-56.49478769932966,-4.855798164011958,77.38971627857973,0.0242467401176586,-0.025817959470718636,-0.006371170511187217,-0.07945769231809663,0.014490766162987667,0
2021-10-19,3180.380859375,3229.344973413171,3172.5484214832622,3210.879486705096,3135441,40.07662687422558,-18.988885991156167,7.753203899413867,-26.742089890570035,3467.977644653019,3298.7475830078124,3129.5175213626057,3298.7475830078124,3239.8705810546876,3267.206589662981,3210.97447117406,3247.1799654391243,3266.1688514302805,3268.147942408708,-0.0035644026028652798,0.02042222754333521,0.01785841207114741,-0.0035644026028652798,-0.0038512819712838153,-0.012067755374748801,-0.03502958948067847,3084476.8,1.0165228021815564,0,-54.81422477111937,-6.188860077310437,75.28558939836282,0.02367187853506254,-0.026574912820844093,-0.00952782778988391,-0.08292925005483821,0.016252773044149033,0
2021-10-20,3158.23974609375,3176.748816961341,3131.504255329877,3160.996343488805,2933693,37.56283961022171,-24.67724811622884,1.2671134962853259,-25.944361612514165,3464.3269077649534,3287.9526489257814,3111.5783900866095,3287.9526489257814,3245.215703125,3256.82879503734,3208.9064427395383,3233.4968547706053,3258.174102886834,3260.507663604069,-0.006961780447138355,0.0203820881790756,0.01432587937233848,-0.006961780447138355,-0.0007200201522216121,-0.010149901326036326,-0.056746303937229126,3152755.0,0.9305172777459714,0,-52.67806255333426,-7.216140916802942,73.54535838123886,0.023286819334156945,-0.030271486512836416,-0.015789396652690395,-0.08835400636849214,0.014996040644774408,0
2021-10-21,3091.423583984375,3157.015104627322,3072.826909912282,3154.083521849942,4871211,34.62191704464168,-34.182784101962625,-5.822866023364265,-28.359918078598362,3465.8504619671257,3273.85185546875,3081.853248970374,3273.85185546875,3248.99916015625,3241.075917794201,3204.2992718079636,3211.6394284958005,3245.822212597763,3246.0477053666164,-0.021156139964363385,0.02094265885060167,0.02723282411093411,-0.021156139964363385,-0.03143534000502857,-0.03171419517505425,-0.07127477281660322,3309112.2,1.4720597869120302,0,-57.30426362712342,-10.903867697638816,76.22106446359736,0.024655652126894884,-0.04617365887303119,-0.0352263250866392,-0.1080331889940329,0.0031053831058303915,0
2021-10-22,3061.974609375,3116.8894817975106,3049.853870796,3115.489176480275,2691670,35.154358057197626,-43.589799910314014,-13.376252800754216,-30.213547109559798,3465.082258614993,3257.9685302734374,3050.854801931882,3257.9685302734374,3251.99798828125,3224.0186503257055,3198.717912496867,3188.614071707985,3232.203871618299,3235.4229527395955,-0.00952602379109102,0.02088358688075997,0.021892934969566433,-0.00952602379109102,-0.037230210856969204,-0.031178703347294223,-0.09949837818711937,3343502.25,0.8050450691337205,0,-61.231550089718894,-14.340609022608987,75.70616369796049,0.024724621643225638,-0.050261508547518804,-0.042749409876886406,-0.11633422214949571,0.003644816998854478,0
2021-10-25,3056.8115234375,3075.7145791199464,3019.22441010677,3065.6066981460917,2595594,30.980387281067465,-50.875089237680186,-20.876020088139413,-29.999069149540773,3458.7549345111634,3241.7375366210936,3024.720138731024,3241.7375366210936,3254.7136181640626,3208.0941620506383,3193.1529560631666,3168.3367565894487,3219.211845827129,3222.659549145275,-0.001686194889301773,0.02040872628136036,0.018480095544016768,-0.001686194889301773,-0.03211542846983062,-0.04227954098382225,-0.11078154736240375,3357244.25,0.7731323093337639,0,-68.25197816897207,-19.070233959834695,74.98705236548439,0.024531133761612693,-0.047156545591054984,-0.042698058784431586,-0.11621043372084737,0.010609703785666492,0
2021-10-26,3047.754150390625,3088.3604476916144,3041.1030194753075,3058.1682018867514,3878763,24.31762107624816,-56.725689389780655,-28.045953948467663,-28.679735441312992,3453.5224792615395,3226.553820800781,2999.5851623400226,3226.553820800781,3257.1162060546876,3192.8236847496846,3187.4510421152236,3149.7855864050143,3206.511275794795,3210.1712077539883,-0.0029630132500578776,0.01951404827973422,0.015505656258478046,-0.0029630132500578776,-0.014125994839395917,-0.041701517789425546,-0.05326602944873582,3467514.3,1.1186004337458682,0,-74.38290491329644,-23.523429058836427,72.22340253963073,0.023697253444925664,-0.04543612447250841,-0.04382714899109301,-0.11749404595092695,0.0160585499139571,0
2021-10-27,3054.01123046875,3072.8266875803133,3048.104052073259,3048.104052073259,2510813,25.978204378683017,-60.16390603388618,-34.46954436555137,-25.694361668334807,3450.798749458661,3214.207275390625,2977.615801322589,3214.207275390625,3257.6935009765625,3179.6034510086433,3182.2181083251658,3135.0510701071275,3195.2149761410137,3201.3507626717687,0.0020530133893257307,0.01964851428322601,0.008095135754710273,0.0020530133893257307,-0.0026007331614926743,-0.03300209103945151,-0.042817024397884484,3480401.2,0.721414818498511,0,-77.22534402869678,-26.688334414372548,70.11803922779953,0.022959325927900186,-0.03949933457898739,-0.040288526270718876,-0.11498425373318465,0.025656577021195226,0
2021-10-28,2994.4140625,3078.7336438655566,2988.5944837410107,3078.7336438655566,2424942,13.73875740600019,-66.92622699148887,-40.96088089073888,-25.965346100749997,3449.4555425550097,3198.3240356445312,2947.1925287340528,3198.3240356445312,3256.912021484375,3161.9663663887723,3174.853243783002,3113.4146073983384,3180.3408343898273,3191.6641225603807,-0.019514390574000173,0.018246755902698576,0.03010243681840374,-0.019514390574000173,-0.020412596739798894,-0.03138021007116221,-0.06209920713938544,3477190.25,0.6973854824308219,0,-79.10955140542865,-29.44602802496138,71.05991085731473,0.023730823250939344,-0.052989907062209164,-0.056833865198757834,-0.13191689947624627,0.01602254800307564,1
2021-10-29,2973.497802734375,3028.8502377348755,2963.1711397183826,2975.510661283889,3960501,7.280659809233441,-73.13018319893126,-47.39474135237735,-25.73544184655391,3447.6617899901203,3182.1090454101563,2916.5563008301924,3182.1090454101563,3254.3129248046876,3144.016979374068,3166.956951977174,3091.888945142344,3165.019128341275,3176.979798267632,-0.006985092685599437,0.017352412947418353,0.02208816093830489,-0.006985092685599437,-0.024364283991454072,-0.0288953430148412,-0.059173127034157336,3562594.7,1.1116900274959707,0,-80.0016709516376,-31.76096051969307,69.69949766678918,0.02344023849713115,-0.05423608643285412,-0.06108676315351233,-0.13753204813547099,0.01952353941803705,1
2021-11-01,3042.327392578125,3051.6039339339886,2986.7999705523107,3008.678404262764,2020718,27.531362173881774,-71.66676071638358,-52.249145225178594,-19.417615491204984,3441.358318124916,3171.316125488281,2901.2739328516464,3171.316125488281,3252.959404296875,3134.3322568220733,3162.06951827525,3084.264090901695,3155.9308516180786,3170.4841055183874,0.023147684784046385,0.01122705427458604,0.0213007855564032,0.023147684784046385,-0.0038257350772189502,-0.004738313353087276,-0.046817520623303466,3584711.9,0.5637044360524482,0,-73.76190522856496,-31.08343778791641,58.08069341429645,0.019090875477763024,-0.02935389636618577,-0.03786827740663921,-0.11595157744695703,0.04861776688140509,0
2021-11-02,3049.154296875,3074.883469780658,3036.508601644295,3057.7306878435525,3087414,30.979414369435816,-69.1588930643079,-55.631094793004465,-13.527798271303439,3427.6083114836606,3158.982214355469,2890.356117227277,3158.982214355469,3251.760751953125,3126.220070160447,3157.641470377201,3078.8625841283574,3148.0214771926653,3163.547957233771,0.0022439742394357864,0.01124626234335865,0.012585413659024113,0.0022439742394357864,0.0182807832291898,0.0004594026995896616,-0.041261272879685285,3671239.6,0.8409731688446594,0,-66.60361458923762,-29.80957173802244,56.05515682017286,0.01838383740620222,-0.024651422982353174,-0.03435702707858141,-0.11041343707234871,0.05494069699620898,0
2021-11-03,3056.19921875,3080.3966874138937,3033.270656847853,3066.6570701167648,1537639,31.8937148246805,-65.84391588744757,-57.67365901189309,-8.170256875554472,3401.17882847553,3144.38017578125,2887.58152308697,3144.38017578125,3249.3421630859375,3119.551417645166,3153.663342862409,3075.375912531687,3141.2198284191345,3157.1884313463793,0.002310451092035537,0.01129851419928412,0.015419816312012384,0.002310451092035537,0.027812839121513555,0.0007164309873588515,-0.03230930377276087,3654223.25,0.4207840886568712,0,-60.05203336347722,-28.554765462756677,57.52152595071383,0.01882126191179396,-0.02030811178069581,-0.030905050259405997,-0.10142942406828868,0.058394090111357065,0
2021-11-04,3070.551513671875,3074.5772321717463,3067.3573468332656,3074.3146481553817,328991,37.47265000849906,-61.35144111537102,-58.40921543258868,-2.942225682782336,3374.8695118175583,3131.4740478515623,2888.0785838855663,3131.4740478515623,3247.633369140625,3114.8847601239004,3150.4040554431726,3074.633697322485,3135.985138437856,3152.5719235702495,0.004696125446869592,0.011282442176992535,0.0023513317742215344,0.004696125446869592,0.009277147871265878,0.0254264939927209,-0.00675160480130621,3586765.1,0.09172359795739063,0,-47.08160626487188,-24.44918833982956,54.97113105732946,0.01790268973263146,-0.014232708387665018,-0.025346761991793032,-0.09017178207337291,0.06318142823552018,0
2021-11-08,3065.387939453125,3104.987912120388,3046.5286832194915,3104.987912120388,2526082,31.025080429229604,-57.5444432559475,-58.23626099726045,0.6918177413129527,3323.931888463012,3114.7285034179686,2905.525118372925,3114.7285034179686,3245.0212109375,3110.1707772028744,3147.0700901102296,3073.2112730348913,3130.755716290839,3144.600743048649,-0.0016816438987454774,0.010756283862469455,0.01907074408054395,-0.0016816438987454774,0.005323981995519977,0.030903045105413973,0.0011147480020488043,3630707.55,0.6957547434521406,0,-33.846202171193454,-19.8868618669444,55.94316199592,0.01824994522745478,-0.0143988356131443,-0.02595498298998595,-0.07778256525269471,0.0550202853416466,0
2021-11-09,3067.96923828125,3093.6108076502364,3059.4804479618747,3069.982097096755,1782692,32.66300476087916,-53.70005991819062,-57.32902078144649,3.6289608632558696,3240.5922946004057,3096.2450439453123,2951.897793290219,3096.2450439453123,3242.2362060546875,3106.1515830198628,3143.968095920858,3072.404806149716,3126.1048660679066,3130.576878849449,0.0008420790056953287,0.010797459583296693,0.01112473986456344,0.0008420790056953287,0.0038511951246633647,0.008428364996377224,0.003650115408882826,3573125.2,0.4989167466060243,0,-28.18067380221055,-18.10142235439207,54.32414826438094,0.017706875149378822,-0.01229249240357134,-0.0241729099408524,-0.05326898314446609,0.03932095659099921,0
2021-11-10,3049.241455078125,3080.221235297852,3045.653306076,3061.2307953933705,1516489,33.01055996346824,-51.570066391499495,-56.17722990345709,4.607163511957594,3221.2103215931047,3087.7456298828124,2954.28093817252,3087.7456298828124,3238.23287109375,3100.731570834935,3140.2533256917313,3068.841213677164,3120.4112800686635,3108.9961575599723,-0.006104293018797224,0.010772685631151229,0.01133656672687691,-0.006104293018797224,-0.00694014039460511,2.858438591135659e-05,0.0004880002172449327,3056679.55,0.49612299071389415,0,-25.48849932551184,-17.388144685469797,53.302100062718765,0.017480445824961114,-0.016605795948646206,-0.028982333962995915,-0.05338641359808184,0.032143360395625147,0
2021-11-11,3052.655029296875,3071.776871919048,3006.972887875956,3045.478943483215,1284514,42.46861210288477,-49.04126706520037,-54.75003733580575,5.708770270605378,3205.9210192500755,3080.84716796875,2955.7733166874245,3080.84716796875,3234.6271044921873,3096.152852593215,3136.818098382129,3066.351031464812,3115.3922985300123,3098.288157614863,0.001119483080969319,0.00934843849911469,0.021228728245136313,0.001119483080969319,-0.004153767943160136,-0.0011596722593806286,-0.0004440720971634615,2833261.4,0.45336939260175574,0,-23.39856505195121,-16.845244480280144,51.830039195691924,0.016978675513043495,-0.014048990914614519,-0.026830713941832514,-0.04780716338079103,0.0327771118517394,0
2021-11-12,3085.778564453125,3092.867049870975,3050.466681553837,3068.232015188849,1747259,54.559193624863106,-43.85880590460829,-52.57179104956626,8.712985144957969,3189.0605666460356,3075.5022583007812,2961.943949955527,3075.5022583007812,3230.19630859375,3095.1648251513016,3134.816548031972,3069.339882693783,3113.198688598391,3091.301427422534,0.01085072988541369,0.009480826706706453,0.013740573871881849,0.01085072988541369,0.005804923318544208,0.004959060518428204,0.030511646033630324,2743341.6,0.6369090163616518,0,-19.71993497259882,-15.587507411200477,50.07037900395101,0.01622617370563811,-0.003032556011849135,-0.015643015413336722,-0.03238634075286102,0.041808561063235994,0
2021-11-15,3109.626220703125,3123.8910051396083,3087.4851985153277,3087.4851985153277,1809157,59.43999490317338,-37.39628049782368,-49.53668893921775,12.140408441394065,3180.6232696089787,3072.957800292969,2965.292330976959,3072.957800292969,3227.491513671875,3096.542100918142,3133.8286920582923,3075.537780849066,3112.93406134689,3080.9215473781815,0.00772824613039802,0.00963913877636454,0.01170745422131434,0.00772824613039802,0.019803208933958594,0.01443154410592884,0.045780567869789124,2511684.5,0.7202962792500411,0,-13.628676284732592,-13.241398051937267,48.75768412347293,0.015679596409001274,0.0042253970262841395,-0.007722972036251017,-0.02232174101982911,0.048674421816149616,0
2021-11-16,3112.3388671875,3129.0978782245816,3099.7369728621115,3123.365684964674,2013204,61.811643447223354,-31.690486451043853,-45.967448441582974,14.276961990539121,3163.22443750088,3068.986865234375,2974.7492929678697,3068.986865234375,3222.7132177734375,3098.0465548485568,3132.9859538280652,3081.1994864395947,3112.8899728906385,3074.965012665045,0.0008723384393645173,0.009563866518365167,0.009433710985655727,0.0008723384393645173,0.019551451873149217,0.014462214403136331,0.023012472221158875,2432839.35,0.8275121002132755,0,-8.105028171306003,-10.982142092792856,47.479361062484585,0.015255202948189843,0.004613330395753819,-0.006590226367066036,-0.016086613934224135,0.04625249413282789,0
2021-11-17,3082.146728515625,3117.9837806790056,3068.5820970335662,3107.263346120604,1632914,54.73136917924131,-29.26747953977292,-42.627454661220966,13.359975121448045,3142.8359330246235,3064.075158691406,2985.314384358189,3064.075158691406,3217.23849609375,3096.5322856739917,3130.9922587177734,3081.3452159897533,3110.6126955295263,3067.5496972962474,-0.009700787722757953,0.01002049285521659,0.016028336090680342,-0.009700787722757953,-0.0011769593513083487,0.01079129807273893,0.010820190921278838,2357713.0,0.692583872591787,0,-4.199285160943418,-9.261066973957895,49.21715723789537,0.01596846664778953,-0.004645699069543392,-0.015600655053089149,-0.019310331752059363,0.03243623005496425,0
2021-11-18,3041.7158203125,3081.2284125328515,3020.6251316064813,3076.23995711251,2136598,58.50252247761016,-30.260837405667644,-40.15413121011031,9.893293804442663,3123.814618050249,3058.2489624023438,2992.6833067544385,3058.2489624023438,3210.781337890625,3091.3116699252782,3127.4912219175667,3075.2483858855608,3105.5092232912284,3061.076292225006,-0.013117775292481482,0.009134455276308913,0.019924044357353517,-0.013117775292481482,-0.02183876632454873,-0.0035835064491039903,-0.00473902301546425,2317858.25,0.9217983886633274,0,-4.841182667936664,-9.326876464562247,47.17304557965235,0.015508695869821884,-0.016043626430581503,-0.027426264541991263,-0.026281584465147154,0.016384130404776178,0
2021-11-22,3026.575439453125,3076.9396452248434,3010.7355789237035,3044.078189423723,3167936,59.743048746166075,-31.902036059686907,-38.50371218002563,6.601676120338723,3120.076484602369,3055.006555175781,2989.9366257491934,3055.006555175781,3204.6520166015625,3085.146314642216,3123.5337402522946,3067.7602402805705,3099.6622763402574,3054.4256990942595,-0.004977579022428014,0.009011711729476846,0.021874249502633353,-0.004977579022428014,-0.027555941494210145,-0.01918579825590705,-0.014321881272124304,2232694.5,1.4188846705180669,0,-10.018510509085445,-11.282807779677569,47.21054331427,0.015598667292033705,-0.018984796575485453,-0.03104122089340327,-0.029967549068323558,0.012254043576843706,0
2021-11-23,3031.695068359375,3046.309821800846,2982.293599476673,3014.84867157337,2153461,47.45244763917065,-32.4159160489794,-37.286152953816384,4.870236904836986,3119.284888917248,3053.492578125,2987.700267332752,3053.492578125,3199.3544287109376,3080.055719758136,3119.932223707474,3062.211752292694,3094.6276683416736,3051.419167035599,0.0016915583333931838,0.006479435317601649,0.021115653415241274,0.0016915583333931838,-0.016369000115886045,-0.02506126036142342,-0.010991388939750601,2205784.05,0.9762791602378302,0,-16.48638116000575,-13.896468350818395,46.204121251738506,0.01524035901036123,-0.0157012261461811,-0.028281753904014308,-0.028080096457068597,0.014725306118441075,0
2021-11-24,3013.361083984375,3056.8991758736497,2996.4708870125883,3038.6524730061487,2161746,41.87198891198891,-33.91165649159939,-36.611253661372984,2.6995971697735968,3119.4779350213207,3051.3200561523436,2983.1621772833664,3051.3200561523436,3193.388828125,3073.703849684445,3115.7529633261756,3054.696264860645,3088.6079213522444,3050.0249747634557,-0.006047436817226304,0.006613408010025923,0.02005345100599792,-0.006047436817226304,-0.009321954450436376,-0.03180173735148817,-0.017799446492321347,2184091.65,0.9897689046153352,0,-24.342705164111976,-17.232990501889617,47.77936558921699,0.01585583813475197,-0.019631938745909024,-0.032862643652112174,-0.034017503328235735,0.01012311932987478,1
2021-11-25,3015.63623046875,3030.601167204628,3005.2659792716213,3013.885955466033,1849619,40.584900570983,-34.515582116076075,-36.192119352313604,1.6765372362375288,3119.7143854778747,3049.71416015625,2979.713934834625,3049.71416015625,3186.5262353515627,3068.1736002353314,3111.82681693961,3048.687028800354,3083.20261091643,3047.7234036196373,0.0007550195349861344,0.00656964316027715,0.008401274555939574,0.0007550195349861344,-0.003614385037880141,-0.021579277012196862,-0.011020847349890839,2082634.45,0.8881150506273436,0,-28.35868543866036,-19.165441778163313,46.22287682971455,0.015327736270939309,-0.017123336750747,-0.030911291704035358,-0.033361437025646846,0.012055618901590537,1
2021-11-26,3016.4677734375,3054.229871051029,2985.881546926754,2997.3459336245774,1941251,36.60589365589747,-34.52906933870236,-35.859509349591356,1.3304400108889993,3119.349270677121,3047.8369873046877,2976.3247039322546,3047.8369873046877,3178.9719140625,3063.2492357783954,3108.087246606194,3043.730220282992,3078.2592896216943,3045.7122953506446,0.00027574379175732133,0.0063817860960311695,0.02265839692574835,0.00027574379175732133,-0.005022700033653238,-0.00830059360128066,-0.011854354819683,2054156.35,0.9450356590431882,0,-28.06243414688288,-19.403975311372506,49.79218473703804,0.01650678491429596,-0.01527184330758768,-0.029477767481828576,-0.03298171775977115,0.013487463062148186,1
2021-11-29,3064.731689453125,3088.6667868251257,2981.112254109793,3016.73030953973,2981745,49.86606822548371,-30.296029624827952,-34.74681340463868,4.4507837798107275,3118.592777432131,3051.3528686523437,2984.1129598725565,3051.3528686523437,3171.183603515625,3063.3904218426555,3106.3870286786228,3046.9612155399354,3077.2572451647634,3047.113172171323,0.016000143094724528,0.007866621099604976,0.035094273696280695,0.016000143094724528,0.017047610305242822,0.01260707052023613,-0.006820604447270173,2081996.5,1.4321565862382573,0,-21.75589279956057,-17.146711573671837,53.29899215235491,0.01739107940045011,0.0004378376327437475,-0.013409578021324944,-0.017270958994317735,0.027015977834837553,0
2021-11-30,3088.4912109375,3118.771051824377,3055.1048030638794,3055.1048030638794,5588446,53.855015675418855,-24.738945176459765,-32.7452397590029,8.006294582543134,3115.3802703200076,3057.1025390625,2998.8248078049924,3057.1025390625,3164.7657763671873,3065.7809731850216,3105.685231904461,3053.350445601099,3078.089390777559,3057.688320143362,0.007752561689540416,0.008134851170806753,0.02061402944422561,0.007752561689540416,0.02415907453712518,0.018734121109634128,-0.006796639938560278,2163393.75,2.5831848686814407,1,-14.274746573114498,-14.246991803012861,55.40869851465033,0.01794037759227789,0.00740765173739234,-0.005536305093100938,-0.008631068135944005,0.029900513994393522,0
2021-12-01,3131.067138671875,3141.74377394672,3093.611209164806,3093.611209164806,2102118,64.1068788912422,-16.70680847968015,-29.53755350313835,12.830745023458203,3128.016457430973,3061.5395263671876,2995.0625953034023,3061.5395263671876,3160.5175244140623,3071.9987032313884,3106.680600797301,3065.30685991968,3082.01366839936,3062.248487642347,0.013785348516970997,0.008614093719302312,0.01537257511582159,0.013785348516970997,0.03799124467482051,0.0390613840847327,0.006017426855996266,2167463.75,0.9698515142410109,0,-1.7051464530563862,-9.072362528874692,56.74331521374802,0.018122675976158468,0.019228014444912827,0.007849708743253324,0.000975276595381993,0.04540958295220382,0
2021-12-02,3188.038330078125,3192.501616814279,3127.8290406863075,3141.043488811936,3152938,69.70196746100322,-5.678722482790363,-24.765787299068755,19.087064816278392,3155.38988543038,3068.4837280273437,2981.577570624307,3068.4837280273437,3157.4846923828127,3083.050096264411,3109.8710999847845,3084.188624559441,3089.8673470422314,3070.6553482008644,0.01819545505830833,0.00963883694118001,0.020286009587088764,0.01819545505830833,0.0402340736872151,0.05716939525646203,0.03435644402740623,2170739.95,1.452471540867896,0,14.87649602907959,-1.9557169548256752,56.73392893409654,0.017795874158359395,0.03405336615870219,0.025135199363640184,0.010346881315204472,0.06924547645110822,0
2021-12-03,3185.89404296875,3208.2100476344785,3177.492851759142,3191.14486759598,2486263,66.01340981954928,2.855176377645421,-19.241594563725922,22.096770941371343,3176.190961474744,3074.968469238281,2973.745977001818,3074.968469238281,3153.7198046875,3092.8447578553005,3112.8523918665087,3099.8356120070266,3096.980435629381,3077.8600131755124,-0.0006726039298663444,0.009419944426751401,0.009641625070089574,-0.0006726039298663444,0.03153735121094403,0.056167107443742204,0.047400293509811675,2218171.15,1.1208616611932762,0,29.595522076905127,4.765145260314512,55.89941661682503,0.017545912030625978,0.030085339678663187,0.023464540526589035,0.0030549427322532716,0.07134034568104677,0
2021-12-06,3094.83642578125,3201.2532400549144,3082.234530200494,3185.8945329269327,1849642,48.05299489553557,2.2448863487547897,-14.94429838122978,17.189184729984568,3177.7641105627795,3076.18271484375,2974.6013191247207,3076.18271484375,3148.147744140625,3093.0344405149144,3112.145883392577,3099.06650643383,3096.821620085075,3079.8553648364814,-0.028581495793453482,0.012357974983362684,0.03845718916287329,-0.028581495793453482,-0.011571362505498062,0.00982295984726056,0.02255386911500845,2294203.7,0.8062239634606115,0,29.64401867225888,5.758854713954406,61.678435843106236,0.019929465521763834,0.0005825946335196938,-0.00556190431293599,-0.026096236818170575,0.040420578678391966,1
2021-12-07,3136.93017578125,3148.744531304488,3084.2469442533907,3117.6771519656027,1484458,52.9331940207408,5.099062122715168,-10.935626280440792,16.03468840315596,3184.7229951855725,3079.7598266601562,2974.79665813474,3079.7598266601562,3143.293525390625,3097.214986730756,3113.117816427427,3104.891686333433,3099.792624210718,3081.7193152322325,0.01360128427122742,0.012904588686037718,0.020560734041532962,0.01360128427122742,-0.01603122328068829,0.0156836984583959,0.03471163987439674,2242122.5,0.6620771166606642,0,31.434013545734615,7.4325845229659535,64.18819882086534,0.020462106334540684,0.012822871263584735,0.007649038924312143,-0.015006899964791947,0.05450238664318357,0
2021-12-08,3174.0361328125,3191.1451137740696,3151.3701568857164,3151.3701568857164,1428660,60.78251507888807,10.237150117653528,-6.701071000821927,16.938221118475454,3197.938054770126,3085.0631713867188,2972.1882880033113,3085.0631713867188,3139.1456201171877,3104.5312863575887,3115.5067700111554,3115.529293484059,3105.2921433664055,3084.9462772993475,0.011828748155673807,0.012860250662537546,0.01253134974651622,0.011828748155673807,-0.0037220039324347143,0.013723434291751158,0.05332087471431546,2224420.9,0.6422615432178326,0,32.53258312620028,8.826169213854428,64.53200270282107,0.020331212375216266,0.022388193271022996,0.01878646625477725,-0.007474166649967933,0.0679121997835434,0
2021-12-09,3152.026611328125,3180.906149934033,3120.7404445050583,3159.246495979602,1567957,63.529011591941156,12.390309652054839,-2.882794870246574,15.273104522301413,3205.542821705473,3090.202429199219,2974.8620366929645,3090.202429199219,3135.1575830078127,3109.0546506404967,3116.938920651037,3121.144265460069,3108.7539558080143,3088.184293006225,-0.0069342378484117395,0.012392188208739222,0.019087943360866253,-0.0069342378484117395,0.018479227228443307,-0.0112958863794832,0.04522772988377799,2226994.3,0.7040687082135775,0,26.004554376085707,7.0678206662523735,64.43515331138042,0.020442452192442083,0.013821552052414282,0.011257099215072007,-0.016694897979517714,0.05955387928917447,0
2021-12-10,3182.69970703125,3187.250378734149,3128.7037727258034,3137.3675474360034,1510718,68.44502618707128,16.382914532509858,0.9703470103047125,15.412567522205146,3217.6583623075967,3096.7046630859377,2975.7509638642787,3096.7046630859377,3132.792734375,3116.068465534854,3119.517775018888,3130.6143333940972,3114.2314188615874,3092.0912022247203,0.00973122993089226,0.012321872023253858,0.018395265465668564,0.00973122993089226,0.014590548302083617,-0.0010026497725339478,0.05510814173370582,2238304.5,0.6749385528197794,0,23.223707679553627,6.665383152379491,63.8881918618951,0.020073584611439373,0.021383112159879657,0.020253749639871584,-0.010864626178422347,0.06954504784843618,0
2021-12-13,3158.93994140625,3204.753474268667,3151.982641122708,3194.2518244349085,1883864,64.39893272274495,17.428957969817475,4.2620692022072655,13.16688876761021,3224.3132809190706,3100.3627319335938,2976.412182948117,3100.3627319335938,3129.7299560546876,3120.151463236892,3121.0637423281964,3134.9721192421207,3117.543161272303,3096.05091022621,-0.0074652866472164625,0.012672999353977093,0.01670523470682611,-0.0074652866472164625,-0.004756149827718992,0.020713054522362384,0.03073947787251008,2245134.75,0.8390872752737892,0,27.11702272197772,8.917858935619279,63.08494977773697,0.019970290967182412,0.012431601038084897,0.012135669824480846,-0.020275120255742133,0.061324758547836804,0
2021-12-14,3171.3232421875,3181.1247392304226,3130.104181424236,3154.8706148351234,1747007,68.11889339751829,19.037728725530542,7.217201106871921,11.82052761865862,3231.3760284589725,3103.4475830078127,2975.519137556653,3103.4475830078127,3127.20046875,3125.024965994093,3123.0347031069928,3140.5645996952558,3121.526870969725,3098.133749284163,0.003920081106618678,0.012401731072634738,0.01608809758887717,0.003920081106618678,0.006121975871023588,0.010963924754137766,0.02681957810229818,2242027.25,0.7792086380752062,0,27.809979263336572,9.916886679565778,62.41296898810307,0.019680418620793807,0.014815330020468942,0.01546205651588397,-0.01858427671140193,0.06580502278053964,0
2021-12-15,3124.547119140625,3170.6230209966334,3113.870271191835,3167.9976086138045,1603233,61.335307847933244,16.349778861161667,9.04371665772987,7.306062203431797,3232.281236301023,3104.057995605469,2975.834754909915,3104.057995605469,3124.5276953125,3124.979456769953,3123.094013539684,3138.10037191762,3121.7505930564585,3098.8061898835517,-0.014749717854244948,0.013344126783896721,0.01816351222778414,-0.014749717854244948,-0.018271465498976736,-0.015591824289669654,-0.0020823633740462144,2221528.7,0.7216800755263706,0,20.448170412364107,7.587243528528688,64.70709634972152,0.020709272058447484,-0.00013834895086787218,0.0004652775723821418,-0.03333067554594581,0.049973327311049566,0
2021-12-16,3134.392578125,3157.889891975921,3124.2408975889543,3134.742547664884,2072320,62.04741746987771,14.842905708501803,10.203554467884258,4.639351240617545,3235.142524889982,3106.6702880859375,2978.198051281893,3106.6702880859375,3121.298896484375,3125.8759445180526,3123.5370945038144,3137.5299421033706,3122.6870363948688,3100.9912962035505,0.0031510035243389467,0.013327378687455944,0.010735411582391946,0.0031510035243389467,-0.0077707597284431,-0.005594506448565406,-0.01682719791885634,2243499.0,0.9236999882772402,0,16.821293877555945,6.598173852777563,62.22857279705662,0.01985347120566559,0.0027245590542015175,0.0034753816883708395,-0.031142351840714667,0.05244598383102046,1
2021-12-17,3136.79931640625,3195.433531388944,3127.478973442637,3152.68297724115,4333992,58.123733027452744,13.685147680181672,10.899873110343743,2.785274569837929,3236.7752810326347,3111.424462890625,2986.073644748615,3111.424462890625,3117.0700830078126,3126.9162656502617,3124.057181637243,3137.417538149967,3123.7323904697855,3108.214164522848,0.0007678483856956575,0.012779638083665865,0.02166366129668785,0.0007678483856956575,-0.010886284098065135,-0.014421841471124797,-0.015410031187588213,2353368.7,1.8416119837065903,1,10.847800115407608,4.53940661835486,59.40000317069764,0.018936500929473132,0.0031606381227906135,0.004078713681651982,-0.030887521049805206,0.05047620708307206,1
2021-12-20,3112.776123046875,3155.745454717675,3071.8634497224016,3140.8681189633207,2312310,52.73586000634794,10.70573610590418,10.86104570945583,-0.15530960355165035,3234.559333616795,3115.7344970703125,2996.90966052383,3115.7344970703125,3112.7521240234373,3125.5695854023197,3123.614787182719,3133.62655121103,3122.9208151051257,3113.284372145254,-0.007658505035284757,0.012884994317154844,0.02694765112537781,-0.007658505035284757,-0.003767264709065299,-0.014613705615062922,0.005796654426120984,2310587.4,1.000745524709431,0,5.418122165427576,2.551044854522388,60.8439857588959,0.019546534461122776,-0.004093161904055948,-0.0034699106241648774,-0.037650634293279535,0.038661980389089405,1
2021-12-21,3157.759033203125,3186.550974674627,3121.090639703937,3135.311625651659,2340989,52.990803000377504,11.837816895149444,11.056399946594553,0.7814169485548916,3235.3381374112582,3122.0376953125,3008.737253213742,3122.0376953125,3107.901328125,3128.6352470976344,3124.953777222735,3137.339240748275,3125.5014238531257,3119.7206462484,0.014451058597885647,0.012938366924880927,0.0207299969004567,0.014451058597885647,0.007454859114075285,-0.00427714488511699,0.006639885574337923,2319963.8,1.0090627276166981,0,3.610281103541638,1.9190741157422053,62.30986351736247,0.01973230473325808,0.009308782841498725,0.010497837190265676,-0.02397866958975973,0.04952967555748095,1
2021-12-22,3177.405517578125,3182.7001422501903,3155.9646485618987,3171.498339379777,1224328,48.69985336332937,14.157111801023802,11.676542317480402,2.4805694835434,3233.7419275874,3130.2399169921873,3026.7379063969747,3130.2399169921873,3102.696669921875,3133.280034762443,3127.0107082170643,3143.503283337483,3129.346171536459,3125.76430893814,0.006221654080764694,0.012057574272348093,0.008414252930696078,0.006221654080764694,0.012945106484655966,0.016917139163527217,0.0010615458125360355,2273092.9,0.5386176693438267,0,8.300577992490162,3.916694677380292,59.60007191452821,0.018757464725483463,0.014082840450303875,0.016115969551570353,-0.017421430426671637,0.049778876083956945,0
2021-12-23,3205.365478515625,3212.1915924691875,3176.7485303536714,3192.501002405012,1792861,52.23951760866525,18.043312821426298,12.949896418269581,5.093416403156716,3233.304548337789,3139.7263793945312,3046.1482104512734,3139.7263793945312,3102.419384765625,3140.145315119889,3130.083444307204,3153.02054413412,3134.9772313126937,3133.0444023057703,0.008799619936082914,0.012290744000219575,0.011057416807249533,0.008799619936082914,0.029744945286370505,0.02264327094376961,0.01692208656989269,2270255.0,0.7897178951263184,0,14.269370601836272,6.546349803389603,59.93763378882675,0.018699157456635276,0.020769791474840087,0.024051126926133284,-0.008641026356928653,0.05226839177361114,0
2021-12-24,3212.542236328125,3242.3845112192694,3189.70127525278,3224.8817608213244,2209923,66.77471185822652,21.454940308819914,14.650905196379648,6.804035112440266,3228.7132419149893,3149.5301025390627,3070.346963163136,3149.5301025390627,3102.857744140625,3147.040259996864,3133.3171224256716,3162.1777275485824,3140.7227872397625,3141.856957902212,0.0022389826871860308,0.008999508004253717,0.016399235275644332,0.0022389826871860308,0.017348759848033746,0.024146562238049674,0.009376482874255077,2283688.6,0.9676989235747816,0,20.123994346602103,9.259940788428594,55.19938565397456,0.017182462234976374,0.02081383487967404,0.025284741635446358,-0.005008498548874881,0.04631244444715669,0
2021-12-27,3234.595947265625,3238.008898209195,3196.9650330431937,3212.629909547556,1534135,64.76192444255182,25.64263747134919,16.849251651373557,8.793385819975633,3235.3266675593877,3158.0233154296875,3080.7199632999873,3158.0233154296875,3103.6961279296875,3155.378896879603,3137.2888410468463,3173.318992120435,3147.6763546490856,3151.21939922737,0.006864878129262175,0.008540633979542502,0.012689023864231968,0.006864878129262175,0.017999096864126818,0.039135427477999585,0.023949808246653603,2211308.1,0.6937680913844615,0,29.809311477283245,13.674053864127472,53.52411980503913,0.016547389744393237,0.025105400325888233,0.031016304570257353,-0.0002258567275724105,0.04994805947919062,1
2021-12-28,3243.7412109375,3259.887456413105,3232.6270065019958,3246.7603928302337,1456218,61.508478429463054,29.360909701043965,19.35158326130764,10.009326439736327,3244.8498203078066,3165.7858154296873,3086.721810551568,3165.7858154296873,3105.36064453125,3163.7943553613077,3141.463443787656,3184.1531796307527,3154.7922699297087,3163.528357586775,0.0028273279942756524,0.00808901046492841,0.008404015036461748,0.0028273279942756524,0.011972342211549192,0.027228859716745824,0.02283525305356382,2004696.7,0.7264031511599734,0,35.15910826367326,16.50966656492119,51.598799227774116,0.01590718737172659,0.02526929585063449,0.03255736346450295,-0.00034165198135468854,0.05086930731793872,1
2021-12-29,3233.37060546875,3255.4678282113414,3224.881814116782,3231.226561240893,1456923,63.96687036634923,31.112203921091805,21.703707393264473,9.408496527827332,3253.6584943701478,3170.900988769531,3088.1434831689144,3170.900988769531,3106.1929052734376,3170.4206648953495,3145.067646206523,3191.725091298137,3160.6128873770454,3168.480741851001,-0.00319711246809129,0.007844270950564107,0.009459482944153597,-0.00319711246809129,0.006483453790923965,0.017613454619189506,0.03482856304566018,1972436.95,0.7386411007966567,0,37.14063013290661,18.056937989458675,49.48596413245874,0.015304760935464939,0.019855390570222117,0.028076648643387717,-0.006235408214015759,0.047027323403642525,1
2021-12-30,3267.54443359375,3273.014042622196,3220.505795949113,3221.687316961898,1966475,64.39490087051036,34.85586284510555,24.33413848363269,10.52172436147286,3268.0789914649195,3174.8762939453127,3081.673596425706,3174.8762939453127,3107.9361767578125,3179.6705476285306,3149.8706574766106,3203.389605497462,3168.5337426523565,3172.779549244682,0.010569103358334608,0.007911929134384557,0.0160696350853699,0.010569103358334608,0.010186275771469466,0.019398397934615508,0.04248091205869353,1913113.8,1.027892329248788,0,39.52523250864169,19.78721316940664,49.054652751368586,0.015012696460080485,0.027636160617570182,0.037358288296005425,-0.00016356944632168707,0.060314900768085,0
2021-12-31,3271.570068359375,3290.51670809093,3265.400306800385,3275.464387157578,1207141,70.48044131239473,37.71284440111913,27.00987966712998,10.702964733989148,3281.8843603429095,3179.1600952148438,3076.435830086778,3179.1600952148438,3110.202783203125,3188.42288293623,3154.643183393582,3213.878907476218,3176.166063075099,3174.9496510178706,0.0012320061279771366,0.00744694848724187,0.007677170522329814,0.0012320061279771366,0.008579247113807753,0.018374180847725574,0.042964416387188065,1849157.7,0.6528058693966448,0,41.38262293936623,21.326060967910507,47.079336190267604,0.014390441044069375,0.026077841138366944,0.03706501121309374,-0.0031427956780466317,0.06342867169996938,1
2022-01-03,3341.05615234375,3351.776586595917,3277.3898999482267,3281.765587398091,2346158,75.55658483865987,45.0644936941726,30.620802472538507,14.44369122163409,3309.5183057852346,3191.471081542969,3073.4238573007033,3191.471081542969,3115.1954345703125,3202.9593847845654,3161.9534959014322,3233.4446374558383,3188.3801437616657,3186.653199284864,0.021239369028468014,0.008976803670128871,0.02226442276209811,0.021239369028468014,0.03330442439628367,0.03291298412963184,0.0733364753111212,1873983.5,1.2519629975397328,0,47.58048790496241,24.664654854585933,49.16404764957867,0.014715121628557516,0.043115366437427735,0.05664303939778782,0.009529437109740527,0.08707952676533857,0
2022-01-04,3399.68994140625,3403.540460420657,3335.76111298223,3352.7389063704118,2488606,89.99977994504304,54.98811669862607,35.494265317756025,19.493851380870048,3351.9505617819595,3204.6090698242188,3057.267577866478,3204.6090698242188,3121.9497412109376,3221.6956282723445,3171.2764937643665,3259.020838063594,3204.032721364968,3201.5779628372834,0.01754947728770384,0.007942387942080919,0.019936920309382912,0.01754947728770384,0.040441839582625594,0.04807681017921839,0.07661474661596279,1924190.9,1.2933259376707373,0,57.90127291103681,29.813049976710317,49.901645966918814,0.01467829326408439,0.05524864346957448,0.07202571207241294,0.014242268417858557,0.11200274585672099,0
2022-01-05,3378.862548828125,3386.7825870148768,3336.374574675718,3382.406898917958,1733031,84.44089340389249,60.474945380228746,40.49040133025057,19.984544049978176,3380.5718277169385,3214.850390625,3049.128953533061,3214.850390625,3128.39076171875,3236.663906420514,3179.41712337471,3277.45802433506,3216.9830789548314,3210.0667542274923,-0.006126262376006553,0.008567568966636031,0.014918633596575689,-0.006126262376006553,0.03279540961277805,0.044996989554274336,0.06340299660697823,1939409.45,0.8935869627736422,0,66.24324152516465,34.34947716818715,52.020672562887775,0.015395912621817026,0.043933706593858514,0.06273018534973436,-0.0005056182728612137,0.10814025917565662,0
2022-01-06,3332.0419921875,3356.1520713111595,3301.0184127733232,3336.023910257664,1810293,74.44651634834071,60.34959643430966,44.46224035106239,15.887356083247269,3394.6812335921527,3223.8511596679687,3053.0210857437846,3223.8511596679687,3134.0765185546875,3245.7475336364178,3185.4024123477607,3285.8555578508203,3225.5059614165107,3217.9811078584453,-0.013856898871741241,0.009956485913693655,0.016546507717221406,-0.013856898871741241,-0.002697997203646718,0.0197388466796804,0.039520146616958574,1951526.25,0.9276293362694967,0,66.07698600788717,35.53175487115004,52.72707099920883,0.0158242516519407,0.026586928791223964,0.04603486808175689,-0.01845217182243933,0.09139173907006921,1
2022-01-07,3372.342529296875,3382.319011846157,3322.372090020068,3343.0254215425102,2460591,81.22764804571665,62.77850154313455,48.12549258947683,14.653008953657725,3415.239503935679,3233.33330078125,3051.427097626821,3233.33330078125,3140.44314453125,3257.8041998897943,3192.7333973261575,3299.161245765598,3236.3827442224633,3228.616743127765,0.012094846704773232,0.009510721115941256,0.01777604774879971,0.012094846704773232,-0.008044090073126786,0.030802476741094376,0.049742627867018774,1999019.9,1.2308987019088704,0,69.38131695356424,38.09021393257535,51.017422201409964,0.015128185158595668,0.03515813792951564,0.056255599706864376,-0.012560458670429969,0.10516896566843724,1
2022-01-10,3395.402587890625,3481.2972549604933,3378.906159226361,3481.2972549604933,3937092,80.18227416038042,65.80561419093829,51.66151690976913,14.14409728116916,3437.161487748204,3245.1564331054688,3053.1513784627336,3245.1564331054688,3148.4629150390624,3270.908808270826,3200.6812087208427,3313.967606092525,3248.1619919015866,3248.9478140350748,0.006837994181616569,0.009188951548609431,0.030155804233436174,0.006837994181616569,0.0048951500167524475,0.016266244285882747,0.04971459905554454,2101681.3,1.8733059098922373,1,67.94942348626046,38.7277128194105,53.53027034682899,0.015765514975378626,0.03806091423429598,0.06083748004619397,-0.012149240007031634,0.11209768760310056,1
2022-01-11,3426.950927734375,3434.914764625837,3374.530275769995,3374.530275769995,1906106,80.76382710535218,69.94403879779702,55.31802128737471,14.626017510422308,3462.8479863041716,3257.9378173828127,3053.0276484614537,3257.9378173828127,3157.5319775390626,3285.7699625054497,3209.554531035099,3331.3496555758866,3261.4056167780896,3259.967547271732,0.009291487246980479,0.009250717557771636,0.017620470829374648,0.009291487246980479,0.028483715322136893,0.008018668407404395,0.056480990585535684,2109636.25,0.9035235339741626,0,64.07433423310522,38.27803727073251,55.93377000165401,0.01632173065245289,0.042967391765086516,0.06773413400431133,-0.010366339704131465,0.12247621781655223,0
2022-01-12,3377.94384765625,3438.415946844274,3357.5095110096217,3434.915396122112,3203744,70.2257829153493,68.47991449439951,57.950399928779674,10.529514565619834,3472.0977429619506,3270.6076538085936,3069.1175646552365,3270.6076538085936,3164.244306640625,3294.548427757907,3216.158033647693,3338.5179928190196,3270.03807832462,3274.100223692215,-0.01430049076031692,0.01057371759531567,0.023951385660477546,-0.01430049076031692,0.001660957720253542,-0.0002718965801653539,0.0447128584465315,2189661.8,1.4631227525638892,0,57.884521337392925,36.740910272983,59.18115383873516,0.017519874961745553,0.025313156484725687,0.0503040622742854,-0.027117294003762855,0.1006238035836548,0
2022-01-13,3411.198486328125,3433.164523752587,3375.405446880889,3428.788836110792,6684507,71.94090460499706,69.20520236163748,60.20136041535123,9.003841946286244,3484.564691953227,3284.44794921875,3084.3312064842735,3284.44794921875,3171.4851904296875,3305.657957145547,3223.8066788508477,3349.6996072050356,3280.494404843398,3298.1868955400987,0.009844639275146116,0.01068191956652488,0.016932194682658483,0.009844639275146116,0.004652143016511401,0.02375615143093035,0.04396391714140502,2420271.15,2.761883518712356,1,59.91042350912903,38.404266503087,59.54371390339289,0.017455364776350735,0.03192723825356481,0.05812749527030407,-0.02105462578855938,0.10597671195514591,0
2022-01-14,3472.6767578125,3480.421810089149,3378.074523001532,3393.65201311017,3348123,74.18871073280573,73.88903414399238,62.938895161079465,10.950138982912911,3505.5177743595464,3301.2418212890625,3096.9658682185786,3301.2418212890625,3179.8147412109374,3321.5645095900186,3233.5662897905204,3368.619168836953,3294.7301346929607,3321.7106900816325,0.01802248439390919,0.011283450880289392,0.02947216059121134,0.01802248439390919,0.013343006959354087,0.029752087056395427,0.06147100176704323,2370977.7,1.4121275792682486,0,63.7603097002243,40.832892464362885,63.92252975493687,0.018407278941562875,0.04549429878185122,0.07394636342447455,-0.00936837827132295,0.12131579926324339,0
2022-01-17,3517.308837890625,3538.180952966991,3467.557398640576,3494.161493482207,3442604,75.92473741709765,80.27705649658174,66.40652742817991,13.870529068401822,3527.2759599090596,3321.46845703125,3115.660954153441,3321.46845703125,3188.7498876953123,3340.206826571029,3244.693448539544,3391.4945025375177,3311.217446040936,3344.816081030481,0.012852356608692661,0.01144205273389728,0.020078860737395055,0.012852356608692661,0.041257343674043545,0.03590332717385758,0.05275358375022643,2427492.4,1.418172926102673,0,69.29801830020324,44.012239818701346,67.01989435603011,0.019054310396076222,0.05302127099159435,0.08401884297383679,-0.0028257278794516375,0.12891257734631023,0
2022-01-18,3492.3232421875,3537.0426331908243,3483.04670068786,3530.260318635465,2389041,73.87831552595915,82.37392612988151,69.60000716852024,12.773918961361275,3542.3577910583563,3338.196667480469,3134.0355439025816,3338.196667480469,3197.28859375,3354.694104248788,3254.404420839464,3407.0066163298225,3324.632690199941,3361.7853365578403,-0.007103611554937883,0.01172409931101314,0.015461321521069406,-0.007103611554937883,0.02378189254730212,0.019075941217618686,0.027247573272206393,2429895.0,0.9831869278302149,0,68.92414174333817,44.84988980436492,68.6920313852019,0.019669436825147664,0.041025838321414175,0.07310671649304902,-0.014124645736563884,0.11432151718316805,0
2022-01-19,3431.876708984375,3517.2211308607257,3428.238592280874,3517.2211308607257,3102539,64.45297888905924,78.25609283914218,71.33122430264463,6.924868536497556,3544.323409811425,3350.9202270507812,3157.5170442901376,3350.9202270507812,3204.5667431640627,3362.04482850932,3261.364118413774,3410.8327844305227,3332.5766915913805,3372.3703640769368,-0.01730840160295788,0.013098710398511841,0.02592824455112349,-0.01730840160295788,-0.011748876061193125,0.01596618054072918,0.015689942810676483,2523805.55,1.2293098412435142,0,67.4964007514127,45.20608476608095,71.29733794997108,0.02077502894067273,0.020770657155698185,0.052282598440290956,-0.03172585789315219,0.0868909528739909,0
2022-01-20,3354.6416015625,3436.5668579592284,3341.0092591027087,3427.800105770557,6176776,56.47260819891732,67.9768576991928,70.66035098195427,-2.683493282761461,3539.251098952517,3358.384033203125,3177.516967453733,3358.384033203125,3210.67474609375,3361.3397592762894,3265.0220589294104,3402.1879870662115,3334.2111293670187,3378.632530403993,-0.02250521040563014,0.014847103683517573,0.028485188644894757,-0.02250521040563014,-0.046247640973625326,-0.016579769542083733,0.006782510372914885,2743001.3,2.251831233182427,1,55.68180213074265,41.2153800785627,76.32885206182641,0.02275320619236181,-0.0019927047527119315,0.02744837278755647,-0.05216061031800047,0.05574309623614818,0
2022-01-21,3360.734619140625,3376.5586504367925,3306.0301683677976,3337.5027246819773,3112358,51.70133877291181,59.63471353367868,68.45522349229915,-8.820509958620477,3533.140691641456,3365.79365234375,3198.446613046044,3365.79365234375,3216.836337890625,3361.2821268824164,3268.7754926631833,3395.8105458468904,3336.1758323132117,3383.400038853332,0.0018162946453912365,0.01376878860425221,0.020986031347821732,0.0018162946453912365,-0.03767939389380559,-0.03223511615932528,-0.003442091085175236,2788123.05,1.116291477881509,0,39.71761729239779,35.2092028726629,75.63756376414449,0.022506258998660777,-0.00016288657753914593,0.028132591756101142,-0.04879683192596934,0.050739632618105726,0
2022-01-24,3306.24951171875,3374.893017177605,3278.8534083165705,3366.4331860598354,3258414,41.863060832088195,48.072857387058775,64.37875027125108,-16.305892884192303,3527.722955756491,3369.376330566406,3211.029705376321,3369.376330566406,3221.2457568359373,3356.0409254382575,3270.245062037912,3382.031925211792,3333.959067824733,3384.0818639686863,-0.01621226118586161,0.013508558810340271,0.029047901109891888,-0.01621226118586161,-0.036605976239397875,-0.06000591244596254,-0.026256997179018082,2874337.0,1.1336228145829803,0,15.834098867228477,25.551613498367715,77.65615386575931,0.02348768705765036,-0.014836354748267977,0.01100970997519109,-0.06278084952117446,0.029653978654572893,0
2022-01-25,3304.978271484375,3339.606947339262,3263.160900663494,3304.627686961961,3330501,43.33917619984189,38.36517477614416,59.1760351722297,-20.810860396085545,3522.718821397137,3372.43818359375,3222.157545790363,3372.43818359375,3225.1527978515624,3351.177815537888,3271.6071486828714,3370.1775169460357,3331.8123421698915,3382.9108726325994,-0.000384496157918246,0.013457566374578489,0.02313057466530144,-0.000384496157918246,-0.014804362425778428,-0.05364479680459844,-0.03559218057745539,2968051.15,1.1221171171527822,0,-3.516288710899971,17.2027278434075,78.59405957613333,0.02378050719856447,-0.01378606167637737,0.010200223096754937,-0.06181036890886585,0.025703499756619348,1
2022-01-27,3199.207275390625,3272.979414816956,3178.0356529262563,3270.875479751297,5718297,39.175235170463516,21.88465822990156,51.71775978376408,-29.83310155386252,3528.267703530792,3370.730017089844,3213.1923306488957,3370.730017089844,3226.890166015625,3336.704430761958,3268.7679379655283,3343.874402860588,3321.9897446306863,3371.296250602733,-0.032003537513801805,0.01546425312390933,0.029677277437144753,-0.032003537513801805,-0.04806310585490514,-0.06779655952809738,-0.05291283109683409,3181119.85,1.7975735808885038,1,-25.34039774736175,7.403819551754168,82.10109404065598,0.025662949278780753,-0.041207472290236594,-0.02128039184641466,-0.09326401956712954,-0.004352386604709228,1
2022-01-28,3234.9755859375,3269.823427522156,3196.357997928472,3196.357997928472,3143862,38.722599457310615,11.576487324420214,43.68950529189531,-32.113017967475095,3531.7216013288116,3369.1015747070314,3206.4815480852512,3369.1015747070314,3229.9467431640624,3327.015969350105,3267.4427476899195,3327.1207387185746,3315.5442513941543,3368.190524631515,0.011180366718348322,0.015398335687731768,0.02270973231236735,0.011180366718348322,-0.02155733423282935,-0.03567177357165752,-0.051660113328765744,3239989.2,0.9703310122144851,0,-34.32378992618442,2.420688760509165,83.06670173834134,0.025677690459066788,-0.027664545124075277,-0.009936566379127472,-0.08402304849840396,0.008886387594921283,1
2022-01-31,3275.47802734375,3294.545714756189,3262.459313773471,3286.6556372062146,2739393,40.428681046445966,6.599323253393777,36.271468884195,-29.672145630801225,3531.4322360767046,3369.29697265625,3207.1617092357956,3369.29697265625,3234.6219873046875,3322.107593920928,3267.7578566959523,3319.1757061993703,3312.5763829459765,3366.125774035854,0.012520169111110091,0.0157444765625843,0.009795944504851018,0.012520169111110091,-0.008926002447627424,-0.025368439183298563,-0.05678580075876938,3316601.8,0.825963792216479,0,-39.17453296148824,-1.0176359672309445,79.53923053513212,0.02428324350556993,-0.014036139787436397,0.0023625283715494037,-0.07247886738931472,0.02130117664825603,0
2022-02-01,3331.936279296875,3338.3799291111163,3275.6098847471403,3305.0662638521294,2105169,42.7067622956964,7.128421948954838,30.44285949714697,-23.31443754819213,3531.3615047897747,3368.8409790039063,3206.320453218038,3368.8409790039063,3240.7292041015626,3323.043659194828,3270.274657582263,3321.138871291294,3314.010449342339,3366.023569239849,0.01723664499709976,0.01633244161967318,0.018838909001351645,0.01723664499709976,0.04148809141791032,0.007769155802391792,-0.05270295192642804,3304552.35,0.6370511878863108,0,-32.99726624342975,0.029595544351195713,79.71904574309815,0.023925741389004274,0.0026760467252488285,0.018855181344370288,-0.056472616927609534,0.03917756441118109,0
2022-02-02,3380.635009765625,3387.473119428021,3331.935657491249,3355.8250577253107,1984212,50.20666897902937,11.346521397981633,26.623591877313903,-15.27707047933227,3529.869818342499,3367.888232421875,3205.9066465012506,3367.888232421875,3247.7080029296876,3328.52854972538,3274.6025145306303,3330.292123364268,3318.945601966286,3365.52590315176,0.014615744836220745,0.01646897324003906,0.01642811536185993,0.014615744836220745,0.04502643681804264,0.022891750585479764,-0.03198106952777846,3279332.65,0.6050657898337944,0,-22.64926581250802,2.995365847758876,77.90697617896386,0.0230450716962684,0.015654502961840046,0.03238026440292801,-0.042277708883595416,0.05450201223265913,0
2022-02-03,3352.932861328125,3403.6922819940964,3345.4372437603306,3376.077006557441,1960538,45.486978089181804,12.312137086415987,23.76130091913432,-11.449163832718334,3528.6185635089673,3366.591748046875,3204.564932584783,3366.591748046875,3254.4994384765623,3330.8527698780226,3277.6742928364147,3333.7753138202456,3321.4631767338296,3365.532597569096,-0.00819436240749949,0.016360283448228374,0.017374352736275946,-0.00819436240749949,0.023646879428828704,0.04805114914560504,-0.023003112975935713,3290708.0,0.5957799962804357,0,-5.851660883935438,8.906354870886389,77.94240199054015,0.023246037190159097,0.006628960502181235,0.022960966150966603,-0.0497888051708641,0.04629893038980155,0
2022-02-04,3344.4287109375,3353.0201721837657,3304.189397939181,3344.779509497143,2307366,39.17836100696304,12.249970576548094,21.459034850617076,-9.209064274068982,3528.775876563658,3367.211083984375,3205.6462914050917,3367.211083984375,3261.0752880859377,3332.145716645592,3280.2921131541043,3335.414297992131,3323.164327415583,3365.408398089425,-0.0025363318450869476,0.015406216208992579,0.014600632414406114,-0.0025363318450869476,0.0037493008849680542,0.033834297073460196,-0.0030444058823581033,3315561.65,0.6959201015007518,0,5.12974729548705,12.849365464184757,74.11979393032354,0.02216216888939053,0.0036862116295061018,0.019552099499372432,-0.052241109119595446,0.04329311686835465,0
2022-02-07,3312.956298828125,3359.2448022267936,3292.9241805536844,3323.4764035081826,1919149,32.36497755349532,9.551044047823325,19.077436690058327,-9.526392642235002,3527.5825716434597,3364.2417724609377,3200.9009732784157,3364.2417724609377,3267.00505859375,3330.3181530439283,3281.573061611909,3331.9592211976687,3322.4081771498454,3364.372574622345,-0.009410400050223422,0.014829702458522264,0.020018562181628657,-0.009410400050223422,-0.02001952613695257,0.011442076903433795,-0.014216629911920076,3288489.55,0.5835958943521654,0,8.210559123000166,13.815204915956656,73.81244159794457,0.02227993216332309,-0.005213271951190153,0.009563473561914405,-0.060842310124959824,0.03500743274633092,0
2022-02-08,3281.7900390625,3331.103023636924,3262.1087218032067,3323.958205706961,2946443,32.02336946959659,4.841459304153432,16.23024121287735,-11.388781908723917,3525.207907003096,3358.561145019531,3191.9143830359662,3358.561145019531,3271.3462255859376,3325.69642790284,3281.58157053154,3324.2408854845658,3319.3994261804123,3357.7737557053706,-0.009407386320383737,0.014877540727565013,0.02102337474746756,-0.009407386320383737,-0.0212180873306973,-0.015050179844662948,-0.007397951234338285,3238957.1,0.9096888007562681,0,2.6527687080119904,11.30691294927692,74.88375369299833,0.022817959955290183,-0.01320216375492421,6.352684718616424e-05,-0.06905064165351145,0.028157289087763434,0
2022-02-09,3296.781005859375,3312.03506891022,3284.1130918732606,3287.532039581612,1638721,37.493897830701414,2.2923009810388066,13.442653166509642,-11.150352185470835,3517.6172925992623,3352.0526489257813,3186.4880052523004,3352.0526489257813,3275.512021484375,3322.9425781844143,3282.177626818906,3320.016288619152,3317.723987638113,3354.6402184116396,0.004567923791114037,0.014554677513559093,0.008469466727493812,0.004567923791114037,-0.014246889139032826,-0.024804216859856565,-0.0024802782202009155,3225587.85,0.5080379379529223,0,-5.585971540965602,7.5751122882757045,70.68821735498894,0.021441587181361042,-0.007873013664693965,0.004449295772764936,-0.06278007764076729,0.03461271482123211,0
2022-02-10,3305.37255859375,3322.423849111696,3294.5455338263955,3322.423849111696,2112459,44.77501651853493,0.9543401086220911,10.944990554932131,-9.99065044631004,3514.7786142082396,3348.4240844726564,3182.0695547370733,3348.4240844726564,3278.9981298828125,3321.269242985303,3283.087231986547,3317.7634070767826,3316.8090669681606,3351.216893965249,0.002606042900364036,0.013439488177092295,0.008434242975975254,0.002606042900364036,-0.0022891156871153173,-0.014184686870090224,0.03318487177113649,3171023.6,0.6661757421168357,0,-9.58352689271942,5.412939150132388,65.85398281418757,0.01992331625158912,-0.004786328125949996,0.0067879179054643685,-0.05957873271675793,0.03874931133202867,0
2022-02-11,3239.271484375,3289.724192681431,3234.931984275677,3289.724192681431,3851488,38.57320103245034,-5.377815670506607,7.680429309844385,-13.058244980350992,3510.242961212947,3339.827734375,3169.412507537053,3339.827734375,3280.02279296875,3313.4599326414645,3281.3689673743293,3305.6877266611236,3311.0655423316302,3338.968592504347,-0.01999807073090487,0.014326660947156232,0.016914978775335803,-0.01999807073090487,-0.012955903388519707,-0.03144250801896231,0.001327953897449552,3029372.65,1.2713813865058827,0,-18.685784004127527,1.0768542202249591,65.8477036891217,0.020327936082772224,-0.022390024257007417,-0.012829243958205233,-0.07719450756887618,0.022041617073138373,1
2022-02-14,3273.286376953125,3325.4485569139447,3252.4653387334697,3264.738792841898,5951745,46.77472909941231,-7.5641820078026285,4.631507046314983,-12.195689054117612,3490.604811155445,3329.8582153320312,3169.1116195086174,3329.8582153320312,3281.7706396484373,3309.633879718766,3281.052003044086,3300.7029036291237,3308.2670856369264,3328.2157948429403,0.010500784741939606,0.014141913147256394,0.022296618680950852,0.010500784741939606,-0.007126536116439985,-0.011974176021890881,-0.0006691085613547143,3159553.75,1.8837296247927418,1,-20.684273325162394,-0.5210585678228199,65.14323680897243,0.01990147799704887,-0.010982333420133323,-0.0023668098170210056,-0.06225810309657605,0.032871911738047356,0
2022-02-15,3346.970947265625,3362.04971936746,3285.7789695408705,3319.092630384668,3931683,53.59879584017516,-3.3129741615775856,3.0426108047364693,-6.355584966314055,3456.242324015322,3321.3413208007814,3186.440317586241,3321.3413208007814,3286.813330078125,3313.189790913705,3283.637059680225,3307.8210641885858,3311.1340383501633,3318.7226127809017,0.022510884116741403,0.015436086089837387,0.022787992793573672,0.022510884116741403,0.012585083204530667,0.019861388884508058,0.004512291565168525,3184007.7,1.23482207659234,0,-12.506636989134677,2.0554891486849556,66.02304364744148,0.019726207573262725,0.010195961741933228,0.019287724688905744,-0.03161565842488441,0.05037929905462272,0
2022-02-16,3342.850830078125,3378.794519077385,3336.6263495410367,3369.9400125159605,3256906,64.90771549352016,-0.27317138918942874,2.37945436595129,-2.652625755140719,3422.981426114209,3313.8677001953124,3204.7539742764156,3313.8677001953124,3290.9317431640625,3316.014651786507,3285.9591683232798,3313.2102589408228,3313.483430330012,3313.5773538740095,-0.001230998790373694,0.01223117675652744,0.012614433511938269,-0.001230998790373694,0.03197612370644198,0.013974183950001606,-0.011176651598990395,3227400.95,1.0091420466366288,0,-6.927926397907413,3.781541504373763,59.96772586017216,0.01793909716838028,0.008092901000048386,0.017313563206531032,-0.02340959124836647,0.04309125034563363,0
2022-02-17,3317.5146484375,3362.049796765604,3312.9559796550766,3353.283043710153,3134372,58.755718358416765,0.09043363082719225,1.9216502189264706,-1.8312165880992783,3402.166185463555,3308.1495971679688,3214.1330088723826,3308.1495971679688,3293.8013134765624,3316.157508610411,3287.1966381316806,3313.8724727095423,3313.782039078715,3307.423432000638,-0.0075792139489613275,0.012318283244703963,0.014798372370005858,-0.0075792139489613275,0.01351188572921136,0.0036734406268912334,-0.010563352848227181,3228992.6,0.9706965571862878,0,-5.111734374892421,4.109406145133562,58.226896397089504,0.017551360752698864,0.00040925071368455704,0.009223059537761936,-0.024881658452707515,0.03216470484567374,0
2022-02-18,3326.018310546875,3345.3490435758326,3294.195168617033,3304.1891813505617,3688883,55.75177668726247,1.0526335882168496,1.7478468927845463,-0.6952133045676967,3398.602380543267,3306.7184326171873,3214.8344846911077,3306.7184326171873,3297.2811474609375,3317.09663260436,3288.719056657767,3315.7410631460552,3314.6884295578384,3301.3190546631936,0.0025632628670924085,0.011937738782826583,0.01537991381364012,0.0025632628670924085,-0.006260178844954667,0.02677973321788807,-0.0055047967775232465,3104597.95,1.188199908461577,0,3.6366999628953636,7.350089283437683,57.62573540709741,0.017325742081564906,0.002689604473629817,0.011341575016448576,-0.021357035001190502,0.03458461901700367,0
2022-02-21,3260.7060546875,3355.737786485923,3248.564230091958,3340.1329231984278,7465922,42.05372740182469,-3.4155963551820605,0.715158243191225,-4.130754598373286,3392.0983477088453,3301.717004394531,3211.335661080217,3301.717004394531,3298.8412744140624,3311.7261013741827,3287.6205075608937,3307.274138767816,3310.689735122998,3297.684254337491,-0.019636769783337726,0.012183147500725465,0.032868205412105576,-0.019636769783337726,-0.02457326981255259,-0.003843330774295106,-0.015771486076984198,3322276.15,2.247231013592895,1,2.092221655416779,6.568504516807479,60.78799645185446,0.018642587044749814,-0.015405877516716193,-0.008186605726389528,-0.038734812364769056,0.015373787986608638,0
2022-02-22,3144.10791015625,3215.5569402853985,3129.730522221603,3199.8645395262893,5408531,27.085076721702947,-16.178698622672073,-2.6636131299814347,-13.515085492690638,3408.1408461881692,3293.6099243164062,3179.0790024446433,3293.6099243164062,3298.5446337890626,3295.762464115332,3281.9925625646333,3282.1716420583443,3298.3503406810164,3286.0152809882516,-0.0357585573724537,0.014317620136871495,0.027297542106158184,-0.0357585573724537,-0.052270074636421526,-0.0606109345750695,-0.04195336303281039,3429782.0,1.5769314201310753,1,-17.427326798373088,-1.6444971155915482,66.17643006107765,0.021047760430649133,-0.046015013402912225,-0.0420124816799209,-0.07747125132085622,-0.011000384784870476,0
2022-02-23,3124.295166015625,3176.106542670108,3117.150134612468,3165.674193251161,2426203,27.505543748534805,-27.57441134348892,-7.645772772682932,-19.928638570805987,3421.6222506996914,3284.5757690429687,3147.529287386246,3284.5757690429687,3297.604072265625,3279.432245248693,3275.8083509352605,3257.8829534363877,3285.4573647798766,3279.937425004193,-0.006301547118222284,0.014294782887844398,0.018870306717155193,-0.006301547118222284,-0.06065004028738552,-0.06538002297200685,-0.05231947148967142,3384567.1,0.7168429309615401,0,-36.58240653781377,-10.150817388019277,66.2265279056401,0.021197269907791066,-0.0473060785011899,-0.04625215174031096,-0.08689652536111071,-0.007381701407428307,0
2022-02-24,2982.142578125,3054.205462139813,2972.8938245340382,3045.5701244470206,5039136,21.77830149924992,-47.52824557080521,-15.62226733230739,-31.905978238497823,3463.478863945392,3273.7225341796875,3083.966204413983,3273.7225341796875,3294.7559814453125,3251.118943617865,3264.292046119172,3215.4613572346357,3262.989602805441,3264.5112459142033,-0.045499090302633105,0.017897474292409673,0.02726618043088293,-0.045499090302633105,-0.08543041656945582,-0.10109136080844594,-0.09778927329337606,3350609.05,1.503946275080944,1,-65.03856499254562,-22.9045920125086,73.55299699399741,0.024664480341594974,-0.08273347427687361,-0.08643511793915984,-0.13897480098148535,-0.03301710185515206,1
2022-02-25,3086.554443359375,3094.6636895714246,3035.049771472032,3040.309823069037,2549723,34.16320332480818,-54.290807404612224,-23.35597534676836,-30.934832057843863,3473.2668103819788,3266.301477050781,3059.3361437195836,3266.301477050781,3293.79921875,3235.4461340694374,3257.3219440501607,3195.6295243307495,3249.9203317353617,3258.581891694907,0.03501236527061802,0.021252578527311706,0.019314066605126714,0.03501236527061802,-0.018305181769036283,-0.07199715841255439,-0.04714548988940048,3320902.1,0.7677802365808977,0,-81.65049853492246,-31.397112607606232,76.85303197780566,0.02489929576429554,-0.046018905752200356,-0.052425736118196856,-0.11133966612259033,0.00889679929277044,0
2022-02-28,3115.879638671875,3124.2519314805745,3029.702404742474,3059.597121253513,3288942,38.364608441625364,-56.63108035597588,-30.010996348609865,-26.620084007366017,3475.8355120670226,3258.3215576171874,3040.807603167352,3258.3215576171874,3293.3808251953124,3224.0588487934792,3251.7751869765025,3183.360311152461,3239.9913915084367,3249.526067349383,0.009500948663190512,0.02153834750895446,0.030344409188540363,0.009500948663190512,-0.002693576277712051,-0.04441566138947928,-0.04808828808549559,3348379.55,0.9822488612439412,0,-87.66725258070346,-35.845320584391175,78.67840518526161,0.02525078446829795,-0.03355373310325508,-0.04179118804058009,-0.10355952465112128,0.024688189882952995,0
2022-03-02,3108.8212890625,3131.4395492219805,3073.622869763436,3114.3882615044517,2761341,36.6699621681052,-58.38231833108557,-35.68526074510501,-22.69705758598056,3471.5600616736533,3247.165808105469,3022.7715545372844,3247.165808105469,3293.301728515625,3213.0838431048146,3246.1691517641884,3171.8927692924667,3230.2750876235523,3241.5614588565036,-0.0022652831392369066,0.021418997910575308,0.018597620796652413,-0.0022652831392369066,0.04247909267207084,-0.011223094786207977,-0.07115378709746079,3381188.15,0.8166777113542173,0,-82.67862101051742,-35.82341080044489,80.64780872889193,0.025941603337775707,-0.032449372357979095,-0.04231075346983822,-0.10448869273956202,0.02846716431350957,1
2022-03-03,3107.287841796875,3137.27030822549,3094.7515562563644,3123.462672276753,1928039,35.80984061856715,-59.211371588260135,-40.39048291373604,-18.8208886745241,3456.96001775257,3233.4984497070313,3010.0368816614928,3233.4984497070313,3292.2923046875,3203.0080334564395,3240.7228258831174,3161.9535496777603,3221.1649212660204,3234.2215984303407,-0.0004932568079805133,0.02136174603979228,0.013683557537604288,-0.0004932568079805133,0.006717327951919705,-0.005443571530547531,-0.0704676936708375,3378379.5,0.5706993545278143,0,-76.42421179225357,-35.08552505214311,81.69355420630801,0.026290951584023982,-0.029884468181077484,-0.04117445127380818,-0.10115019385819304,0.032308893199242544,1
2022-03-04,3089.71044921875,3122.015803200218,3057.0104201560107,3069.678334491801,2370257,38.48540963688747,-60.58832643600226,-44.43005161818928,-16.15827481781298,3445.1823996732414,3220.3373291015623,2995.492258529883,3220.3373291015623,3290.5384033203127,3192.2177873385644,3234.8007718962795,3150.8392265302205,3211.4275529662227,3225.3384610382227,-0.0056568279068605065,0.020883946713817766,0.02103931229563744,-0.0056568279068605065,-0.008398652222741054,0.03607066673565362,-0.0686671268583674,3398865.45,0.6973671170184156,0,-58.90115627930072,-29.49127422289257,81.30532625817477,0.026314869174466904,-0.03211163678317747,-0.044852939302495516,-0.10317942831944288,0.03145332471501925,1
2022-03-07,3055.1259765625,3110.444279204016,3008.355472993152,3024.5300911087525,3054130,33.218714377198395,-63.73554726722841,-48.29115074799711,-15.444396519231304,3434.298856287659,3205.8721923828125,2977.445528477966,3205.8721923828125,3287.53361328125,3179.161424407511,3227.7547014910333,3136.114111150571,3199.849658417799,3214.2565689643116,-0.011193434862155072,0.02059466472323805,0.03341557991193865,-0.011193434862155072,-0.017271919968160132,-0.010182378886752663,-0.08144643495358084,3436203.65,0.8888093696076482,0,-56.28470966192663,-29.567242559127408,82.44187866331185,0.026984772246960505,-0.039015146224645345,-0.053482603510356275,-0.11040765396143475,0.026089628623447315,1
2022-03-08,3155.9873046875,3163.92125921347,3033.296635322418,3033.296635322418,3300992,35.89876705310948,-57.42906963765017,-50.11873452592772,-7.310335111722452,3421.6957542552,3198.0237426757812,2974.3517310963625,3198.0237426757812,3286.4025146484373,3176.9543653865576,3224.9402937732475,3139.1715255408676,3196.600595178518,3206.770284439426,0.0330138033255456,0.021817747780558824,0.041389464303940325,0.0330138033255456,0.015672659042254455,0.01287202031742174,-0.03211536036787466,3505295.8,0.9417156748939705,0,-47.104483406921645,-26.83489320325498,85.43197019736307,0.027069807939491184,-0.00659973618994883,-0.021381167651036127,-0.07765402556240325,0.06106728121363965,0
2022-03-09,3184.611083984375,3203.371851580032,3153.445231291898,3160.4147577848976,2719654,38.7244061503176,-49.5502563983423,-50.00503890041064,0.4547825020683405,3413.3701876405075,3193.164794921875,2972.9594022032425,3193.164794921875,3285.4028173828124,3177.683576681588,3223.3587561344684,3146.1622268398687,3195.712483238211,3202.1672603007173,0.009069675044117265,0.022089075202896498,0.015677462324746143,0.009069675044117265,0.03071505771345695,0.024378948763803088,0.012882246724830848,3493956.35,0.7783880871894693,0,-35.40026642322664,-22.810395629720006,85.98614525106207,0.02700051685541516,0.002180049440297431,-0.012020899652063734,-0.06701854503928338,0.07119225429862203,0
2022-03-10,3174.3974609375,3229.671882735904,3169.1812855836843,3229.671882735904,2005441,39.577360814682955,-43.62748368868233,-48.72952785806498,5.102044169382651,3401.8632775490105,3187.045617675781,2972.227957802552,3187.045617675781,3284.0159423828127,3177.370613277389,3221.4387053424307,3150.506109008735,3194.1335926974175,3199.6235379423238,-0.0032071806501711153,0.022053738807545888,0.0190557729133122,-0.0032071806501711153,0.03903979256174539,0.021597490338010283,0.016036351323927445,3512292.35,0.570977811684725,0,-25.637420179050423,-19.284120540686672,86.80020096832583,0.02734383518020172,-0.0009357272731940983,-0.014602557648207785,-0.06686506718617924,0.06801951465540265,0
2022-03-11,3155.285888671875,3190.9667453797583,3149.763005387988,3158.880343092492,1623423,37.75544222022695,-40.01452526568028,-46.986527339588044,6.972002073907767,3387.3253792265896,3179.5412841796874,2971.7571891327852,3179.5412841796874,3282.454248046875,3175.267306172102,3218.8444772377034,3151.2414597261413,3191.2559849918216,3195.560388474205,-0.0060205353931894745,0.022008905162591203,0.013058639199604784,-0.0060205353931894745,-0.0002222493146861737,0.021223813859226226,0.058060037711455514,3487840.55,0.46545218358677554,0,-16.950481166462396,-15.956294658576098,86.08947704210944,0.02728420817625064,-0.006292830043438253,-0.019745778031615886,-0.06850227379328258,0.06175763625986109,0
2022-03-14,3193.72802734375,3198.418325678582,3138.497485009779,3138.497485009779,1765688,45.00392631637223,-33.66124449587778,-44.321470770846,10.660226274968217,3383.282735818855,3177.264111328125,2971.245486837395,3177.264111328125,3280.977919921875,3177.0254700932114,3217.8595184183328,3157.777854744235,3191.4390992401127,3191.7103539369496,0.012183409056494732,0.021860266335488418,0.018762036139514132,0.012183409056494732,0.002862812167308215,0.04536704929503399,0.03472272592338532,3383550.55,0.5218447231414941,0,-2.135954314299397,-9.895183072700547,82.71428306174069,0.025898975226934035,0.005257294097188505,-0.007499236973043513,-0.05602686008718313,0.07487854554325837,0
2022-03-15,3150.68359375,3207.7552471656413,3143.2318529462536,3207.7552471656413,3651133,50.55095528372132,-31.73374293162078,-41.80392520300096,10.070182271380176,3372.3628944757697,3171.1339721679688,2969.9050498601678,3171.1339721679688,3278.5601904296873,3174.5167199652865,3215.2251684313396,3156.686429975891,3188.4201729075116,3181.964316240887,-0.013477801874554274,0.01987637372153779,0.020479172947541452,-0.013477801874554274,-0.007470352241428668,-0.001680523533672873,0.011169865050679517,3268519.95,1.1170600320184676,0,-2.4376454212710996,-9.715125341907878,77.9677017584186,0.024746281065189425,-0.007507639214937605,-0.02007373396894268,-0.06573411808346609,0.06087014259878236,1
2022-03-16,3205.037353515625,3215.645210953025,3170.277261207437,3191.536638624452,3090475,56.394975597305255,-25.52604157739097,-38.54834847787896,13.02230690048799,3348.465664698992,3164.0372924804688,2979.6089202619455,3164.0372924804688,3275.839814453125,3177.4234469700805,3214.825646277782,3164.1250335973887,3189.6510751747796,3173.566665968749,0.017251418033040977,0.020264583201137575,0.014155201559764621,0.017251418033040977,0.015767656750967696,0.006414054649867662,0.030949371323348185,3226459.55,0.9578533225373925,0,-0.26012971150748854,-8.533109856686224,78.39664526880324,0.024460446672426292,0.008690659903034493,-0.0030447351860248984,-0.04283403969031302,0.07565705409213953,1
2022-03-17,3219.80908203125,3252.465235677881,3208.8945177799264,3240.717872730569,3600452,73.58209287858497,-19.193191329071396,-34.67731704811745,15.484125719046055,3324.552168286646,3157.885205078125,2991.2182418696043,3157.885205078125,3272.242197265625,3181.4601741187635,3215.0210751308596,3172.6918102795207,3191.885001608592,3167.539171704497,0.004608909939667782,0.014956939375056984,0.013532081184909136,0.004608909939667782,0.008166335537717062,0.014305587643816509,0.0362120427727437,3243636.85,1.1100046541893245,0,4.08956084137435,-6.417630211571122,70.96996960313676,0.022041670109944723,0.012053870177114146,0.0014892614351511037,-0.03150592349085527,0.07642064927324371,0
2022-03-21,3179.43798828125,3255.927901483996,3169.1809309790942,3240.1916240383766,2413831,60.558012162842445,-17.23331680313322,-31.18851699912061,13.955200195987388,3300.348189382978,3150.9813720703123,3001.6145547576466,3150.9813720703123,3268.2537060546874,3181.267584991381,3213.625659960287,3173.7296838182483,3190.9630006213815,3160.8389705906643,-0.01253835016967264,0.013038807983982726,0.027283743486941073,-0.01253835016967264,0.009126398661004842,0.007654488519118319,0.029040759817861916,3207609.8,0.7525326179013421,0,6.000278819279174,-5.218817277416292,69.12895953588512,0.02174250914491182,-0.0005751156296197523,-0.010638349109852311,-0.03663558938741339,0.05924259437033581,1
2022-03-22,3244.531494140625,3253.342123943976,3177.948046159232,3191.0981760054083,2907611,63.52406088827568,-10.308767156671365,-27.012567030630763,16.703799873959397,3279.6959888503325,3146.90703125,3014.118073649667,3146.90703125,3266.50349609375,3187.292719196071,3214.837653457555,3184.622270021691,3194.931037178362,3154.4225488792176,0.020473274238810735,0.013818004886673084,0.023237277221965547,0.020473274238810735,0.012322521165526679,0.015907261470579526,0.06199597628089837,3168546.2,0.9176482893006263,0,10.26724910285975,-3.021864960777748,67.76071318207391,0.02088459098160846,0.01795843055136496,0.009236497728317415,-0.010721876304771182,0.07644472275499149,0
2022-03-23,3254.569091796875,3269.823369469125,3234.9316519345334,3250.711806334214,1596195,65.22584110502456,-3.9653513282419226,-22.403123890152997,18.437772561911075,3278.3058580964666,3146.6001831054687,3014.8945081144707,3146.6001831054687,3264.14802734375,3193.6999927771003,3216.3957490787047,3195.3833195255656,3199.3486708538076,3139.7747446901894,0.0030936970944424047,0.013735444516085216,0.010720840931764456,0.0030936970944424047,0.010795674178202042,0.032972367727737595,0.031236433354137505,2875059.85,0.555186703330715,0,19.183272811813822,1.1705806473651137,66.12321590179155,0.02031704168409108,0.01905911612156332,0.011868360020406234,-0.007240558790745133,0.07949683912234061,0
2022-03-24,3287.40087890625,3294.720989062963,3239.31515426463,3243.69853065741,1879046,67.66097312825423,3.6688104871241194,-17.188737014697576,20.857547501821696,3299.718904122295,3153.7648315429688,3007.8107589636425,3153.7648315429688,3261.9879931640626,3202.623886694162,3219.1802639739026,3209.539867122594,3205.87105663547,3142.100694630183,0.010087906012543169,0.013797799746888271,0.016853994033355257,0.010087906012543169,0.0339565957955239,0.025698148353959116,0.03227703233176937,2698585.6,0.6963077250541914,0,25.20043972408166,4.3546176961203855,67.04372181816348,0.02039414245106291,0.026471104697716172,0.02119192133966825,-0.003733052897522967,0.09295469108533339,0
2022-03-25,3250.2294921875,3313.393984412324,3219.151398534741,3296.2110645371786,1690133,65.15725613472748,6.6429427639109235,-12.422401058975877,19.065343822886803,3311.4281683312756,3160.0615478515624,3008.694927371849,3160.0615478515624,3258.453564453125,3207.157753884004,3220.3978807665926,3215.799809440272,3209.156866676361,3146.006074964531,-0.01130722661700978,0.014183060035793353,0.0289956712607868,-0.01130722661700978,0.0017561851555965013,0.009447892524441004,0.02388863782281514,2661782.1,0.6349629445625921,0,25.697579765240334,5.376805635733035,69.13209344911886,0.021269911437112377,0.013429878293742958,0.009263330968844815,-0.01848105199111579,0.08027884868561125,0
2022-03-28,3250.448486328125,3255.0949075374247,3209.683090906501,3239.3147544709896,1760990,69.72369991731262,8.914869946242106,-8.15494685793228,17.069816804174387,3304.662963650917,3173.476843261719,3042.2907228725207,3173.476843261719,3255.9036572265627,3211.280680783444,3221.576335886653,3221.1303751153264,3212.2155051690843,3163.6799215858387,6.737805473466807e-05,0.013578861700837285,0.013970938724896732,6.737805473466807e-05,-0.0012660986301185062,0.022334292509746945,0.03015973861446386,2497874.8,0.70499530240667,0,30.013095792062813,7.950675926365875,65.08373705055169,0.02002300215625741,0.012196942415860496,0.008962118984998619,-0.016405448276909002,0.06842139112170792,0
2022-03-29,3248.38916015625,3262.985719419384,3235.8087830136874,3239.0963156434086,2689063,61.65675348706564,10.428999184257918,-4.438157649494242,14.86715683375216,3310.11786861041,3181.5685791015626,3053.0192895927153,3181.5685791015626,3252.647470703125,3214.814821676092,3222.627819191343,3225.3240343523917,3214.8950351681337,3172.924545407553,-0.0006335513946881255,0.010851779141384153,0.00836628096751485,-0.0006335513946881255,-0.011867040311487553,0.0011889747480002821,0.017115149550778197,2504841.8,1.0735460419097127,0,27.52210248002075,7.790165733787944,57.69461651588345,0.017760992809466306,0.010443630610939385,0.007993892689529183,-0.018648492562614902,0.0639923472575235,1
2022-03-30,3271.357666015625,3277.0121787343182,3249.133862176236,3277.0121787343182,1583455,61.10173071443212,13.328679263403046,-0.8847902669147842,14.21346953031783,3319.9537893952465,3189.34248046875,3058.731171542254,3189.34248046875,3248.6210888671876,3220.199854470333,3224.538793576609,3232.4061315313506,3219.0774522679476,3181.6045034148715,0.007070737133684446,0.010766088375290713,0.008521940858896283,0.007070737133684446,0.0065005175415797645,0.005158462993170243,0.038300917459628714,2419567.45,0.6544372218265706,0,26.49986169323256,8.143044497904157,56.17293067945018,0.017171137006204044,0.015886533090259614,0.014519556264071282,-0.014637590298651014,0.0695146067269985,0
2022-03-31,3278.7216796875,3291.608763532692,3261.407342859666,3278.765556258031,2168110,63.449394180507014,16.03605729053652,2.4993792445754766,13.536678045961043,3328.498502472139,3197.8375,3067.176497527861,3197.8375,3243.849345703125,3225.773361633873,3226.663612639781,3239.531600478451,3223.4955431879143,3190.3897818269397,0.0022510573357281682,0.010662313671174395,0.009211340157394663,0.0022510573357281682,0.008698243789525106,-0.00264014020147052,0.02299016143791599,2389905.9,0.9071947142354015,0,23.14947493971067,7.483348665878566,54.009418073793476,0.016472705935485565,0.016414146971195944,0.0161337137356966,-0.01495473792392242,0.06897065830093049,0
2022-04-01,3295.202880859375,3298.928750428687,3268.2889952474547,3285.778622536997,1387014,68.16115673670853,19.289215014502588,5.8573463985609,13.431868615941688,3337.5030829616976,3207.233251953125,3076.9634209445526,3207.233251953125,3239.9069384765626,3232.3856967982065,3229.351427079765,3248.096412844747,3228.8071978302446,3196.392436506019,0.005026715525742853,0.01039953355845557,0.009298290966910575,0.005026715525742853,0.01441136464723125,0.013836988674177153,0.02341561158047356,2362854.65,0.5870077535238996,0,25.227942914202686,8.95354631317241,53.25484773018362,0.01616132592002802,0.01943369076388105,0.02039154154218455,-0.012674206150780671,0.07092689449256703,0
2022-04-04,3305.37255859375,3313.832389000472,3276.223107023838,3298.0522347671367,1472994,65.63924832457144,22.42942154041475,9.17176142693167,13.25766011348308,3342.9186722726286,3218.016357421875,3093.1140425711214,3218.016357421875,3237.37685546875,3239.33682649302,3232.3326479234506,3256.9081275753633,3234.4787060349486,3205.0970425757323,0.0030862068595067793,0.010070974764032565,0.011378227812429925,0.0030862068595067793,0.010397790780105609,0.01689738277552899,0.03960906637483386,2317991.5,0.6354613466011415,0,28.056145709575958,10.75631203679768,51.6611649664573,0.015629452974110798,0.02038557138012159,0.022596656540663427,-0.011231536677903517,0.06862291952423154,0
2022-04-05,3344.340576171875,3362.5754630314427,3306.818835025309,3306.818835025309,2314947,77.44100429179204,27.742651171900434,12.885939375925425,14.85671179597501,3344.2523054885482,3232.477087402344,3120.7018693161394,3232.477087402344,3237.1708349609376,3249.337183605292,3236.7251156978987,3270.359273513288,3242.6166223413875,3221.6857555882193,0.011789296633691437,0.009214119669806849,0.01667193479138897,0.011789296633691437,0.020013561044507133,0.02953815299981155,0.03076224786583137,2281032.35,1.0148681144307312,0,34.52236192920009,14.097296506555722,51.13827283919337,0.015290988365105203,0.029237775951947303,0.0332482545249359,2.6394743955737426e-05,0.07166295154773725,0
2022-04-06,3292.22265625,3339.5192456312348,3271.0069428753104,3339.5192456312348,2051729,62.43285040166165,27.431727485742613,15.795096997888864,11.636630487853749,3347.9998815193826,3239.288854980469,3130.577828441555,3239.288854980469,3235.800595703125,3253.4215143333595,3238.901489837197,3273.7228708573975,3246.291143371655,3233.0827397628163,-0.01558391519488489,0.009825075578222743,0.02081034908919652,-0.01558391519488489,-0.0009044130868803846,0.006378082852611877,0.011569446950144835,2218569.2,0.9247982889152161,0,33.221659863026616,14.362696260588109,51.73627398873191,0.015714694718631825,0.0119262572481608,0.016462731756464496,-0.016659864767996913,0.05163418278245264,0
2022-04-07,3229.80322265625,3283.587337953615,3225.2884304715926,3283.587337953615,2494829,51.25468637744556,21.896185992120536,17.015314796735197,4.880871195385339,3347.31296371185,3241.5484619140625,3135.783960116275,3241.5484619140625,3234.271669921875,3251.1721532212537,3238.5446950457876,3266.966001903375,3245.0698159112544,3237.0663569218864,-0.018959663458743337,0.011252458154127263,0.01805029701904762,-0.018959663458743337,-0.022862577394195616,-0.014919978519162491,-0.0175207278855396,2207327.95,1.1302484526596965,0,25.398791587380856,11.881082406006499,53.12958424702843,0.01644978984302755,-0.006572685037250759,-0.00269919769917335,-0.03510569293326338,0.02998269770360352,0
2022-04-08,3231.1181640625,3248.081916364023,3193.2897112971536,3234.9317871479743,2296773,57.19346178679445,17.41458970910162,17.095169779208483,0.3194199298931366,3345.5074436208056,3244.3844970703126,3143.2615505198196,3244.3844970703126,3232.7944677734376,3249.2622494918487,3238.2534585366393,3261.4509499278556,3244.036360218754,3238.474622325648,0.000407127405479768,0.010632897703559116,0.016957660563542788,0.000407127405479768,-0.0338549288060177,-0.01944788200117198,-0.005879993449981802,2221894.55,1.0337002716893113,0,16.876552693642225,8.902031456874283,50.8471010014547,0.015736688793059925,-0.005584063099919452,-0.002203439158021845,-0.03419190705327002,0.02795078046500809,0
2022-04-11,3240.54248046875,3254.525622673996,3205.212637244365,3234.9318441838004,2291660,49.3429333667919,14.456708007415727,16.567477424849933,-2.1107694174342058,3340.7405903332196,3248.647326660156,3156.5540629870925,3248.647326660156,3233.621171875,3248.431795299173,3238.343224102605,3258.2342623187624,3243.7775543113466,3240.85042268617,0.002916735299584472,0.009112144633550973,0.015217509329641011,0.002916735299584472,-0.01569765510335086,-0.019613546423517647,-0.003047581249492559,2255306.4,1.016119140175366,0,9.094968806152792,6.010576179154214,48.98416583323238,0.015116038789328488,-0.00242865337109416,0.0006791301026328401,-0.029992783682277903,0.026607628383902304,0
2022-04-12,3235.896240234375,3277.8889009048767,3198.4183716829752,3228.7950847907623,4483476,46.86860796268729,11.603890267941097,15.574759993468167,-3.97086972552707,3339.422002918482,3250.7557373046875,3162.089471690893,3250.7557373046875,3233.6395849609376,3247.2379329120495,3238.247263950909,3254.797643536549,3243.193753268608,3242.8888360890146,-0.001433784701906693,0.009072279427861568,0.02455904742364217,-0.001433784701906693,0.0018864980799400133,-0.032426223785387176,-0.003845881544954466,2391195.8,1.8749932565120766,1,-2.0992506932425385,1.5221482530105277,52.168366668040235,0.01612176744711125,-0.0034927199398362223,-0.0007260173559648968,-0.03100110216487493,0.023341138574429633,0
2022-04-13,3210.341064453125,3252.3339396432675,3204.730428159187,3249.835329431341,1621672,36.75398110355444,7.197949067649461,13.899397808304427,-6.701448740654966,3331.5833521361064,3253.7386108398437,3175.893869543581,3253.7386108398437,3232.336845703125,3243.723945439771,3237.1529031862906,3247.958169831407,3240.7602207637574,3248.1984056804918,-0.007897402723703872,0.008744582159155839,0.014828178853386031,-0.007897402723703872,-0.006430312527862414,-0.024871219339138495,-0.018651767184117096,2289722.75,0.7082394582488207,0,-9.697568893588596,-1.748586650906418,51.611057859879374,0.01607650303307297,-0.010291529596277027,-0.008282537011697847,-0.03639179179030436,0.010846456564524511,0
2022-04-18,3092.954345703125,3164.7978439809917,3088.0887549648314,3164.7978439809917,3820792,28.809285244831756,-5.70020976810838,9.979476293021866,-15.679686061130246,3352.3969886315563,3248.1344604492188,3143.8719322668812,3248.1344604492188,3227.55720703125,3229.3649359410424,3231.498057794794,3224.1114276578246,3229.811637425933,3240.6844817161914,-0.036565186188401655,0.012630724917376842,0.024801235466901772,-0.036565186188401655,-0.045544267867235644,-0.04237065465572787,-0.05665846391758411,2326238.6,1.6424763994544669,1,-21.807217280211262,-7.046637250993626,53.61175240350157,0.017333509134391682,-0.04224068599982093,-0.042872905882608704,-0.07739019090168536,-0.016195820841544976,0
2022-04-19,3043.728759765625,3124.076176032698,3015.0176449045566,3112.1971834135416,3170014,25.396429663155388,-19.667472580104914,4.050086518396511,-23.717559098501425,3377.791804808885,3239.3304443359375,3100.86908386299,3239.3304443359375,3220.81908203125,3211.685300114812,3224.1345559112974,3196.3602479821016,3216.0277205622065,3229.3876029074195,-0.015915393644877596,0.01300403536647137,0.03583056827197025,-0.015915393644877596,-0.05938616883921821,-0.05799521861536294,-0.07631521644827122,2304716.7,1.375446275023737,0,-37.576949377036726,-14.118902625341889,58.15794629616,0.019107466823238977,-0.052295453836396374,-0.05595479748663311,-0.09889983289309366,-0.01842719655425792,1
2022-04-20,3118.15869140625,3128.985502739102,3050.829986821705,3068.3634924930943,2640370,36.777872299922066,-24.448923568826103,-1.6497154990480118,-22.799208069778093,3382.785804201904,3236.2664794921875,3089.747154782471,3236.2664794921875,3216.1235986328124,3202.77800404733,3219.9786396561976,3184.329239278124,3208.77816284695,3223.426233661858,0.02445353627580027,0.015145276006849067,0.02506463706699598,0.02445353627580027,-0.028714199269222584,-0.03776645108037502,-0.056639263462376244,2316043.65,1.1400346448565424,0,-45.653791251842904,-18.364584446407207,62.306503908144286,0.01998182583839081,-0.026420598784601058,-0.0316213117056016,-0.07822756985291504,0.009195424479896996,0
2022-04-21,3181.147705078125,3194.6047563908915,3127.451343571829,3138.4975378373742,2280996,41.529456858228556,-22.891689793357273,-5.898110357909864,-16.99357943544741,3381.5925340023005,3233.0972900390625,3084.6020460758245,3233.0972900390625,3212.857978515625,3200.717975574072,3218.455857908038,3183.8397724781244,3206.7314622714816,3220.528612475022,0.020200708144032298,0.016175736476833805,0.021109806599632002,0.020200708144032298,0.028514277780246733,-0.01691912567390741,-0.04879672610393948,2284712.9,0.9983731435140056,0,-46.5199573379773,-19.79140604287113,65.72243579432809,0.02065997617445243,-0.00611433767213967,-0.011591941750030081,-0.059275275453408334,0.03129922679171017,0
2022-04-22,3167.033447265625,3170.9346096051195,3131.0458828323704,3139.4620514565872,1581465,39.64396847610195,-22.536684583450096,-9.225825203017912,-13.310859380432184,3379.6905268833316,3228.7205078125,3077.750488741668,3228.7205078125,3209.939521484375,3197.5099252589816,3216.439292784806,3181.2541839838937,3203.7908685673438,3217.1678431946543,-0.004436844535690376,0.01614329242215276,0.012594981214103856,-0.004436844535690376,0.04051106298627438,-0.01349003620426148,-0.03802574189407093,2283976.4,0.6924173997594721,0,-46.21402018078925,-20.713610401484402,67.14389304952299,0.021200879045813092,-0.009531316150922722,-0.015360415982359613,-0.06292205689430795,0.029009160700502433,0
2022-04-25,3110.619140625,3142.0041580007246,3097.3814725080088,3119.210601050943,1960694,34.06495713237305,-26.502004853761264,-12.681061133166583,-13.82094372059468,3376.9624958126997,3219.8814208984377,3062.8003459841757,3219.8814208984377,3206.516103515625,3189.2346124366977,3212.289482896186,3170.3872542363715,3196.889259090133,3210.535877440317,-0.017812981005720818,0.016490708043689944,0.01434527451784086,-0.017812981005720818,-0.0024179496707558146,0.005711301541329261,-0.036901344699641125,2288058.8,0.8569246559572683,0,-40.13032350434469,-19.20857489860782,69.93048016212184,0.022481209367235837,-0.024650262951847395,-0.03165042964294758,-0.07887068793862974,0.015612769112920614,0
2022-04-26,3108.953857421875,3145.4234238079243,3084.275317734149,3134.245813020245,1943469,32.7905525164184,-29.439563214468308,-16.03276154942693,-13.406801665041378,3376.7108541483276,3212.8176391601564,3048.9244241719853,3212.8176391601564,3202.759560546875,3181.5888262448098,3208.2371054266055,3160.9359624187564,3190.3755256332247,3204.560648210304,-0.000535354258377807,0.016399451242007864,0.01966838649849975,-0.000535354258377807,-0.02269427714437955,0.02142933973567107,-0.03780867812244515,2300725.6,0.84472003093285,0,-30.096473870002228,-15.897450484691944,71.61182474048906,0.023034058408275552,-0.02282977870168878,-0.03094635612710694,-0.0792952101295585,0.01968872457905948,0
2022-04-27,3122.015869140625,3128.3717647268363,3073.88648334889,3108.6904480973217,1727648,29.59444428012,-30.36359161393102,-18.89892756232775,-11.464664051603272,3374.1011486910224,3206.3960083007814,3038.6908679105404,3206.3960083007814,3199.0924267578125,3175.915211282507,3204.855880474214,3154.9482557605825,3185.3118473745135,3199.6396934371487,0.0042014170418025465,0.015948084995140454,0.017451955294815323,0.0042014170418025465,-0.014214430909742282,0.0012370049494292434,-0.036576163417854635,2299058.5,0.7514589124200189,0,-26.862792764823098,-15.122759181983838,71.41770880765002,0.022875511144441637,-0.016971278688550383,-0.02584827974271691,-0.0747118324085197,0.02742134848596178,0
2022-04-28,3142.26708984375,3159.8881336605136,3101.720860196266,3145.510745409141,1703660,35.38155359400466,-29.126039658686295,-20.94434998159946,-8.181689677086837,3369.9123376469724,3201.0899047851562,3032.26747192334,3201.0899047851562,3197.1523388671876,3172.7106282883396,3202.4014180965487,3152.997307157993,3182.1233468166793,3194.224519205167,0.006486584806725926,0.01588900361098709,0.01851124420716887,0.006486584806725926,0.010174163980869455,-0.01222219740765551,-0.028934534187611494,2249788.35,0.7572534545305117,0,-28.00734728573252,-16.054439811489374,70.33439739105594,0.02238332878143511,-0.009595434948636893,-0.018777885843100046,-0.0675522758441173,0.03627635719438634,0
2022-04-29,3109.3046875,3176.4142341000725,3100.6695629817277,3153.401504190426,2051115,37.53742091612059,-30.454006380332885,-22.846281261346146,-7.607725118986739,3363.159753593459,3192.987255859375,3022.8147581252915,3192.987255859375,3193.872705078125,3166.671967260879,3198.750565916292,3146.275365672148,3176.729372052481,3188.7785510158924,-0.01049000654663923,0.015396674055000802,0.024360646102922243,-0.01049000654663923,0.00011284505792441557,-0.018228023393774828,-0.03147216290252208,2273171.35,0.9023142932009942,0,-30.837957998102866,-17.688726868514095,70.96371491533718,0.02282301737768733,-0.018115952758599296,-0.02796275501108666,-0.07548112034292173,0.028612381603015713,0
2022-05-02,3105.53466796875,3110.400258957858,3062.007822541794,3085.809472633501,1324161,37.077134726001795,-31.44812424302927,-24.566649857682773,-6.881474385346497,3353.7551769409083,3184.3279052734374,3014.9006336059665,3184.3279052734374,3189.0439794921876,3160.849367328295,3195.0950405065846,3140.0075660254715,3171.455690268501,3181.6269683651885,-0.001212496011216313,0.015378402924457243,0.01558264247222722,-0.001212496011216313,-0.005279025431863538,-0.0016345532597823453,0.004067412854994901,2230973.9,0.5935349579840445,0,-28.385245108402614,-17.19444238960159,70.50658858313679,0.02270352648462087,-0.017499947935291773,-0.02803058168924914,-0.0740127098957086,0.030062030354340675,0
2022-05-04,3050.610595703125,3108.2081148301027,3037.9426815850666,3102.1152648596903,2305825,32.128977363308536,-36.25001580629714,-26.90332304740565,-9.346692758891493,3343.1306924992023,3172.098291015625,3001.0658895320475,3172.098291015625,3183.1991748046876,3150.3504366973266,3189.4289838476257,3126.25418597588,3162.504201782177,3172.527411761263,-0.01768586673081629,0.015778369424088015,0.023033235819742783,-0.01768586673081629,-0.02916890624507118,-0.018766203808226245,0.0022609885704893973,2276914.45,1.012697249121503,0,-31.238389547483166,-18.808121578979808,72.00319199852285,0.02360287874825501,-0.031659919427491995,-0.04352452706974355,-0.08749885173570643,0.016509036453978988,0
2022-05-05,3080.11083984375,3097.293760926186,3055.5202694917,3078.97133320661,1612262,35.99682408847258,-37.24578013887776,-28.97181446570007,-8.273965673177692,3324.419987458002,3160.835205078125,2997.250422698248,3160.835205078125,3178.4510986328123,3143.6609512827004,3185.141997808258,3119.15520964786,3156.4009897867377,3165.1167200624213,0.009670275249871851,0.016200941900177967,0.013562333827118092,0.009670275249871851,-0.009389188448985064,-0.013422426743913363,-0.012202025402799799,2283877.85,0.7059317992860257,0,-32.254259999806436,-19.71388266595568,69.66123742717711,0.022616470980866044,-0.020215319789184057,-0.03297534553774417,-0.07348925482819688,0.027645476840372867,0
2022-05-06,3009.27587890625,3046.008490298316,3002.174722989375,3032.420022432544,2010812,33.28718636192619,-43.25213619914621,-31.8278788123893,-11.424257386756906,3296.8063524660265,3144.0819702148438,2991.357587963661,3144.0819702148438,3172.11625,3130.8623729611336,3178.2452872630815,3102.250697226074,3145.50283342522,3149.8320764603463,-0.022997536329274926,0.017006330013940828,0.014566217612747649,-0.022997536329274926,-0.030995882949025444,-0.042323331255750496,-0.05402824455384858,2268671.1,0.8863391436511003,0,-41.84825532720606,-24.15613083346716,71.82785209648387,0.023868815950031933,-0.038834825543573315,-0.053164369985533144,-0.08721485062193671,0.005990019720372756,0
2022-05-09,3020.233642578125,3029.789316093041,2934.1003091562093,2978.9421574317576,2481830,42.655974010988515,-46.59094528451578,-34.7804921068146,-11.810453177701184,3275.930173097793,3130.48251953125,2985.034865964707,3130.48251953125,3167.3068017578125,3120.326303400847,3172.048752177397,3089.6326888186973,3136.223634103213,3134.659094297202,0.0036413290481887017,0.014359028065724418,0.03168265050353855,0.0036413290481887017,-0.009957663284781981,-0.02864661198368812,-0.0463524642640718,2290176.15,1.0836852003720325,0,-46.34566386003189,-26.701813738894998,69.93047334280803,0.023153994564180186,-0.03207762621288382,-0.04786026995803935,-0.0780531076698365,0.011791747230410455,0
2022-05-10,3014.667236328125,3037.50467106659,2999.982924817112,3010.5030285861963,1622685,46.781255374218674,-49.119914208557475,-37.64837652716318,-11.471537681394295,3266.0640073095215,3119.725720214844,2973.3874331201664,3119.725720214844,3164.71798828125,3110.2635351082067,3165.8769280264455,3078.0995422816864,3127.219456490244,3124.228963042139,-0.0018430382906563514,0.013760062088691061,0.012446397332788212,-0.0018430382906563514,-0.021247158598664218,-0.02925983489344175,-0.030846561394718308,2246568.95,0.7222947686515474,0,-50.58583222008838,-29.218112480139098,64.8207029943321,0.02150177711596585,-0.030735755250641778,-0.04776234046235717,-0.07697239564771698,0.013883089283336697,0
2022-05-11,2991.2158203125,3023.170588951108,2965.0469796480074,3011.379350168065,1841769,34.15050192099241,-52.41229724478217,-40.60116067068698,-11.811136574095187,3254.950173294838,3107.730603027344,2960.51103275985,3107.730603027344,3162.0564013671874,3098.9256575086156,3159.027472821977,3064.7328158248883,3117.1451130696705,3113.6401105869936,-0.00777910600978593,0.011803661733858177,0.01943143283356544,-0.00777910600978593,-0.006001463249130201,-0.01946979908687274,-0.03787062867732949,2223818.75,0.8282010393158166,0,-51.424779188711,-30.401511025648688,62.882622017876656,0.021022428937042446,-0.034757154285110864,-0.05312130203146663,-0.08102561911581325,0.01037144844686709,0
2022-05-12,2988.27978515625,3024.2673563668977,2936.95060709892,2961.409767344252,2807195,21.671265081713614,-54.62872211759577,-43.40667296006874,-11.222049157527032,3237.5750620328504,3095.117468261719,2952.6598744905873,3095.117468261719,3162.1791455078123,3088.387955379819,3152.3314850703796,3052.970811106636,3107.599533224232,3099.3980583876337,-0.0009815524297217548,0.00980287870693947,0.02921973695425313,-0.0009815524297217548,-0.01057992897350768,-0.029814204573286873,-0.04283645234038724,2249595.5,1.2478665608995039,0,-55.272995902881576,-32.810512737878526,63.659099466686385,0.02130292477394576,-0.03241437658412872,-0.05204138609504988,-0.07700061685058497,0.012063668752842075,0
2022-05-13,2993.75830078125,3015.675182581552,2965.047185622854,3011.3795593615127,2187823,23.88662120506362,-55.305655206066604,-45.786469409268314,-9.51918579679829,3215.9298326690955,3083.0105712890627,2950.09130990903,3083.0105712890627,3160.32322265625,3079.375607322812,3146.112928823747,3043.8611941335,3099.1668493395664,3079.377343352459,0.0018333342320264734,0.009943901834772513,0.016911183827193317,0.0018333342320264734,-0.0069357358234808375,-0.005156582097963103,-0.047261669621433966,2134812.85,1.0248312867331673,0,-51.486765638321685,-32.13235843933444,63.69668337475374,0.021276494952224927,-0.027803463253382395,-0.04842630620365515,-0.0690846950797592,0.014801911630852765,0
2022-05-16,2960.35693359375,3006.9960126156675,2951.4148891323207,2993.845884280613,1195813,25.666962918917548,-57.870248538702526,-48.20322523515516,-9.667023303547367,3199.985625373675,3070.511364746094,2941.037104118513,3070.511364746094,3157.2127685546875,3068.0404955390914,3138.8283799911983,3031.014384819692,3088.8846333583947,3070.876197054088,-0.011157001945943157,0.009373631233776677,0.01877514256899881,-0.011157001945943157,-0.010316502911356662,-0.0198251910515318,-0.04790387847966415,2113519.9,0.5657921650039822,0,-52.28580786175553,-33.2203721861988,62.69162256944878,0.021177048570742367,-0.03509848129511735,-0.056859255999829064,-0.07488430256680995,0.0065690532935413146,0
2022-05-17,3025.932373046875,3039.4330862596703,2937.2126666815007,2954.3955871632797,1754076,38.86131608737579,-53.98896611030523,-49.360373410185176,-4.628592700120052,3197.654086616116,3067.160266113281,2936.6664456104463,3067.160266113281,3155.554990234375,3064.0301981588805,3134.401085601225,3030.2325368546435,3084.2215029649487,3063.601397577977,0.022151193563513694,0.01161625843077545,0.03378146203420989,0.022151193563513694,0.012600087875860089,0.003736776179805057,-0.025632396167691418,2010184.1,0.8725947041368002,0,-46.23333694932626,-31.475842425220435,65.6253592483341,0.02168764901452657,-0.012433893482805016,-0.034605881504008014,-0.053702404612177276,0.030397026386792432,0
2022-05-18,3023.4775390625,3063.979891386872,3018.4366565516343,3037.679634808444,1866781,36.392165430335595,-50.52864365820278,-49.594027459788705,-0.9346161984140764,3197.7169113662776,3066.147705078125,2934.5784987899724,3066.147705078125,3153.8787841796875,3060.1680401497015,3130.0511425997065,3029.193306425083,3079.7219500832857,3062.4599647356536,-0.0008112653165156525,0.011491346448747419,0.015063196020751521,-0.0008112653165156525,0.009927066681867602,0.010785486801360156,-0.008894303546589266,1945022.45,0.9597734977300648,0,-38.7576173589141,-28.976330222270462,64.98664163814065,0.021494005097948,-0.011989701416987091,-0.03404851827714558,-0.054488679621527515,0.03029363171207849,0
2022-05-19,2859.67041015625,2985.078830864309,2831.66068243516,2978.0654297932624,4642963,22.054473588402246,-60.308975169353744,-51.737017001701716,-8.571958167652028,3211.378169967873,3053.223291015625,2895.068412063377,3053.223291015625,3149.2779833984373,3041.073027769373,3119.447976621532,3003.1128608452627,3063.4218360146165,3040.7466285552473,-0.054178384588576156,0.017708828434002847,0.05364889180385172,-0.054178384588576156,-0.034011616063901684,-0.0430379295937563,-0.07156899252972426,2045152.1,2.270228703283242,1,-47.31492761044592,-32.883508448847806,74.53304043550439,0.02606350723873524,-0.059650858745138945,-0.08327677474096866,-0.10951925970622808,-0.012227000149505257,0
2022-05-20,2886.8916015625,2905.2140286957065,2866.771947358323,2901.795080829601,3065125,27.753325264980916,-65.11285524204413,-54.412184649770204,-10.70067059227393,3201.239728013972,3038.5104858398436,2875.781243665715,3038.5104858398436,3145.9132958984374,3026.3890824163373,3110.3281187760795,2985.232667109453,3050.345522351497,3022.4417119123605,0.00951899607366391,0.018168709819868904,0.013316080630314347,0.00951899607366391,-0.04594972865978886,-0.03569650201583141,-0.04066901217053975,2084358.55,1.470536343183374,0,-52.98652490647464,-35.784810047667634,72.37582239415522,0.025070502250580714,-0.04609370343830983,-0.07183696017946241,-0.09819574701032828,0.003863422477372717,0
2022-05-23,2912.095947265625,2927.130841857703,2864.097978389944,2897.2363449132604,2293690,31.446995060649527,-66.1239490293201,-56.754537525680185,-9.369411503639917,3186.024357080829,3025.7636108398438,2865.5028645988587,3025.7636108398438,3141.03546875,3015.504021925793,3102.554308128611,2973.9808640565566,3040.1048130858767,3010.883679427217,0.008730617280358954,0.01852451610845309,0.021645187730488572,0.008730617280358954,-0.03683890168121162,-0.016302421434545744,-0.0358044138665351,2119969.8,1.0819446578908813,0,-52.53647361329831,-36.274071862587334,73.42156718356205,0.025212619540404498,-0.0342921362094979,-0.061387599360949154,-0.08597812794695289,0.016260002124719185,1
2022-05-24,2882.50830078125,2914.813870239504,2871.6376129969626,2906.3099488564503,1711510,33.05342838845536,-68.52283534540675,-59.1081970896255,-9.414638255781249,3181.511671321115,3014.3580688476563,2847.2044663741976,3014.3580688476563,3134.9934130859374,3002.83776276917,3093.9250529385185,2959.9081620142015,3028.430997359608,3001.0403538589217,-0.01016025811654897,0.018216604155323446,0.014978710462287057,-0.01016025811654897,0.007986196781240906,-0.04739830722694183,-0.043838647912545436,2107510.6,0.812100304501434,0,-61.19243538971068,-40.47603266270653,71.48662604052672,0.024800145769277266,-0.04007191579905864,-0.06833286150757632,-0.09398154130162427,0.012399472824658217,1
2022-05-25,2795.70654296875,2906.2058140394383,2783.7035752705465,2906.2058140394383,3548046,24.298283934110827,-76.54577441746414,-62.59571255519323,-13.950061862270914,3186.015011117306,2998.695703125,2811.3763951326937,2998.695703125,3127.4195947265625,2983.1109799310348,3082.2302094102924,2934.646374468747,3011.1921488862113,2982.0845077120407,-0.030113272454054707,0.019024805959253863,0.04381798907935709,-0.030113272454054707,-0.03158589624369579,-0.075334112177455,-0.06536114044867702,2187739.45,1.6217863603456069,1,-77.05706021866672,-47.82093318941406,76.90227415094319,0.02750727695092095,-0.06282181193494091,-0.09295985276075844,-0.12250678882133657,-0.005573729718678985,1
2022-05-26,2848.0439453125,2860.8855384874714,2807.092284167208,2816.3152100303937,2813186,34.92543132413955,-77.78417294031578,-65.63340463221775,-12.150768308098037,3174.403683254967,2984.997106933594,2795.590530612221,2984.997106933594,3121.274755859375,2970.2474528245075,3073.0464343476337,2921.3229238293243,2999.10709676964,2968.232330454144,0.018720635209507064,0.019540112959676514,0.018887789427828098,0.018720635209507064,-0.021995155074910233,-0.0040656660300635306,-0.0469286177754662,2242016.35,1.2547571296703524,0,-70.82557494486537,-46.40154227389803,75.99105119839649,0.026681839415949888,-0.041142534234243716,-0.07321805701347911,-0.10280977799516174,0.01876291042121684,1
2022-05-27,2878.3603515625,2893.893641905069,2850.029426167201,2871.2113620219907,3103153,37.19878383456908,-75.44959609422767,-67.59664292461973,-7.852953169607943,3151.6032715216493,2971.8017700195314,2792.0002685174136,2971.8017700195314,3114.96740234375,2961.496300323364,3065.411686003119,2914.7132973267358,2990.1628934209634,2955.7841564575024,0.010644641315979975,0.019831223571068344,0.015239306542718562,0.010644641315979975,-0.001439006859971892,-0.0029551681107051753,-0.038546180962115706,2311991.0,1.3421994289770158,0,-64.89278209297345,-44.916432772960434,72.4311004595206,0.025164014095803475,-0.028072278446468514,-0.06101997173649083,-0.08669965614905038,0.030931258860854148,1
2022-05-30,2978.93017578125,2988.947551799698,2900.4688464824417,2909.8682437006983,2094624,47.24736741746842,-64.73802317349737,-67.02491897439526,2.286895800897895,3133.1518158087333,2965.2830444335937,2797.414273058454,2965.2830444335937,3111.532333984375,2963.156669414591,3062.0202542297125,2924.592817088969,2989.330840262466,2948.13186707852,0.03493996996038251,0.022312572823356403,0.029701503592326397,0.03493996996038251,0.06553750545575343,0.022950558541307897,0.006273987429263439,2314166.45,0.905131089425309,0,-52.34735251120219,-40.53405389889849,77.65006145864342,0.026066425487223453,0.005323210388931411,-0.02713570504103826,-0.04922252386537338,0.06488702959406223,0
2022-05-31,2969.310546875,2986.123537298889,2934.5809091738997,2960.308051105404,4840965,48.27602108340674,-56.37538774181712,-64.89501272787963,8.51962498606251,3112.8960614770945,2958.4718383789063,2804.047615280718,2958.4718383789063,3106.8177978515623,2963.742752982249,3058.3845794314884,2931.4724678252815,2987.8478555670986,2945.76745341444,-0.0032292226868751994,0.022233227547312155,0.017358449819010826,-0.0032292226868751994,0.042578908152765216,0.0301134418486233,-0.018712191546720325,2490006.65,1.9441574583746595,1,-39.095009786920855,-35.54047350703013,77.1799913744926,0.025992562972478362,0.0018786360210070558,-0.029124536252090983,-0.04612602276671004,0.05893727720373857,0
2022-06-01,2961.234375,2990.1830616669745,2947.8633651492946,2990.1830616669745,1493835,47.888567409626845,-49.82526386096424,-61.88106295449656,12.055799093532315,3102.2497411928343,2954.00302734375,2805.756313494666,2954.00302734375,3101.6463037109374,2963.5038598410824,3054.574767492999,2936.051222775238,2985.876486636202,2940.7576421157755,-0.0027198811803297307,0.02224222541655105,0.01429123505892027,-0.0027198811803297307,0.02879209456609999,0.059207870886003766,-0.020586613678565624,2449407.15,0.60987614901018,0,-19.607120089952332,-27.6554419172935,73.96591617804276,0.024978068876443715,-0.0007658113329415847,-0.030557573344196388,-0.04545583945753286,0.05541395764041992,0
2022-06-02,3021.07373046875,3029.016956753944,2953.3798339996915,2961.058242980618,2657939,51.96566913285959,-39.352081308817105,-57.37526662536067,18.023185316543568,3090.8346123696506,2951.051171875,2811.2677313803492,2951.051171875,3098.4790185546876,2968.986704662765,3053.2610013351855,2949.13160857424,2988.483689883057,2939.5553462135604,0.02020757153636321,0.022917054760313842,0.02503650340983794,0.02020757153636321,0.014147211314359698,0.06075390284656024,0.05644123173749982,2501691.0,1.0624569541162359,0,-1.2607481617424128,-19.785433012448266,75.75228230629669,0.025074622159103332,0.01754370463302606,-0.010541932331484288,-0.02257024093806721,0.07463038711911824,0
2022-06-03,3036.209716796875,3068.9977170114703,3028.3106631264545,3053.1993941968394,1913622,55.605875855289725,-29.490710527441024,-51.798355405776746,22.307644878335722,3095.0330541618027,2952.3978637695313,2809.76267337726,2952.3978637695313,3094.3125830078125,2975.388896294585,3052.5923235101536,2962.5282406084916,2992.0189511359326,2940.3719804684506,0.0050101346999487095,0.022668970516429188,0.013400607230761245,0.0050101346999487095,0.022530203178741992,0.05484002902857088,0.051722799412890375,2496831.5,0.7664201609119398,0,13.892595971220999,-12.81936249296541,75.2053439533948,0.024769482666939933,0.020441301161684678,-0.005366785006666196,-0.019005721856776188,0.08059294315680823,0
2022-06-06,3028.089599609375,3047.550543219036,2980.60672441929,3016.6602249414027,1084210,50.17422509661645,-22.076247491149843,-45.85393382285137,23.777686331701524,3096.2532908950793,2952.790661621094,2809.3280323471085,2952.790661621094,3089.7829931640626,2980.4080108959934,3051.6314323767897,2972.6146035317047,2994.6908510228545,2939.344455241309,-0.0026744256638723263,0.02193478022783917,0.0221076083113201,-0.0026744256638723263,0.022576809581097423,0.016502375325139207,0.03983167259741727,2426950.5,0.4467375828225586,0,17.251341481402505,-10.388821852922774,72.68558675493598,0.02400377675888866,0.015998342689680006,-0.007714507236242133,-0.02201489506241243,0.07786971287916769,0
2022-06-07,2967.853271484375,3017.410293626629,2961.940025493663,3001.700318334684,2308256,45.891087126908,-20.820791259113776,-40.84730531010385,20.026514050990073,3091.1630666812775,2950.4499633789064,2809.7368600765353,2950.4499633789064,3083.392041015625,2979.2123214282205,3048.3460143025777,2971.8820909090387,2992.7028821681524,2938.790887331504,-0.019892518415825733,0.02259065399658165,0.018690367433570047,-0.019892518415825733,-0.017616405203098817,-0.0004907790436937676,0.029607883758736797,2461229.05,0.9378468858881704,0,15.469568445971618,-10.038565128910705,74.1574681321127,0.02498690512924945,-0.0038127695237243353,-0.026405382604382074,-0.03989106771041035,0.05627445532516262,0
2022-06-08,3004.436767578125,3013.086100853081,2953.556080411676,2983.254832442945,2185707,63.16896638261677,-16.681556160905075,-36.0141554802641,19.332599319359026,3092.7516405869924,2951.1110107421873,2809.4703808973823,2951.1110107421873,3078.4761865234377,2981.6146496329734,3046.6240830584816,2976.8905027042824,2993.5720588651875,2939.045231707855,0.012326585160139292,0.01682370492121231,0.019814036721895245,0.012326585160139292,-0.010464675428372483,0.014589318880956492,0.07466099227557876,2478425.95,0.8818932032244093,0,18.110789791890966,-7.95068443451737,64.70840840454593,0.021537617001241585,0.007654281530968775,-0.01384723363638781,-0.02855543647601317,0.06939613530236538,0
2022-06-09,3024.692138671875,3033.429600648325,2959.381172582851,2987.535408261443,1279197,62.6962079472457,-11.632649416528693,-31.13785426751702,19.505204850988328,3097.489899116558,2952.9316284179686,2808.3733577193793,2952.9316284179686,3073.9610595703125,2985.717267636678,3045.764006808027,2984.2446005454503,2995.877249961979,2938.2455113206424,0.006741819735510024,0.016765642723185526,0.024481310715472805,0.006741819735510024,-0.001121981640813452,0.001197722573478499,0.062024391740904905,2402026.05,0.5325491786402566,0,16.730562973913038,-7.496994527158677,66.74446622783292,0.022066532118915093,0.013053771520049903,-0.006918417871197844,-0.02350217847859508,0.07702636131264384,0
2022-06-10,2965.38232421875,2994.5958268148506,2958.410024015143,2984.887440697856,1527582,54.61922372169823,-12.275654693787146,-27.365414352771047,15.089759658983901,3094.936484379174,2951.512829589844,2808.089174800514,2951.512829589844,3068.3009228515625,2983.7806063587805,3042.611783961389,2981.3427118798045,2993.6183665735916,2936.9006795922996,-0.01960854584002969,0.017762353622872516,0.012202744483965028,-0.01960854584002969,-0.0008325705618152934,-0.02332756930006996,0.030233175150919056,2369014.0,0.6448176329899274,0,8.39171006419565,-9.980539548764682,66.97655559847382,0.022586145149468797,-0.006166097500875768,-0.02538262033616675,-0.04186003842544506,0.056014299983692756,0
2022-06-13,2841.55615234375,2906.337472308968,2817.5939634259803,2903.6897309129977,3030921,46.94855067981794,-22.51741151706665,-26.395813785630168,3.8784022685635193,3097.0675943232095,2945.572790527344,2794.077986731478,2945.572790527344,3059.704892578125,2970.235420262111,3034.7272493881483,2959.837087335796,2982.3544988528624,2930.991605567781,-0.041757236786532315,0.021052660882123674,0.03123060186925772,-0.041757236786532315,-0.05421336105058816,-0.061601032971312364,-0.04611522101268195,2460769.4,1.2316964767198422,0,-10.172590633882464,-16.904182988641423,74.44884870920441,0.026200027280051497,-0.043322918796452,-0.06365352836349454,-0.08250108665622956,0.016992426781835084,0
2022-06-14,2833.569580078125,2858.5906142622416,2801.928975005278,2815.432503146479,2611493,53.19674337707461,-30.922076769975774,-27.301066382499293,-3.621010387476481,3090.365308701503,2935.9546508789062,2781.5439930563093,2935.9546508789062,3050.8018505859377,2957.219625958874,3026.838713336775,2940.4113169884617,2971.3333937584375,2923.348082566876,-0.0028106332718561555,0.01932338755861438,0.01999655828299841,-0.0028106332718561555,-0.06318744183917868,-0.04524606815858112,-0.045714641380213084,2503640.25,1.0430783735802298,0,-21.992695469346472,-21.507300965802642,69.74594874406668,0.024614164845086918,-0.04181293969353248,-0.06385181093629892,-0.0830955899939472,0.01870385194398846,0
2022-06-15,2829.818115234375,2854.265553846968,2825.140395134244,2840.5855550576584,1404536,48.323681510040664,-37.45380227736905,-29.331613561473247,-8.122188715895803,3081.8568927952592,2926.2716796875,2770.686466579741,2926.2716796875,3041.4941552734376,2945.086148747017,3019.112415371975,2923.396978257064,2960.850780534433,2916.674171232338,-0.001323936024061445,0.018651111203912725,0.010292237001356444,-0.001323936024061445,-0.04571559217750798,-0.0581202620831025,-0.04437887823912112,2480528.0,0.5662246102442706,0,-36.52850088595642,-27.51166768650637,67.17067468649543,0.023736746303545424,-0.03913910415207467,-0.06269865910715944,-0.08178146692992089,0.021341876595524216,0
2022-06-16,2773.068603515625,2863.842116144225,2765.1695492197227,2859.5615134916056,2032028,40.76485086500226,-46.67145365500119,-32.79958158017884,-13.871872074822349,3089.677323146307,2921.9415893554688,2754.2058555646304,2921.9415893554688,3030.848076171875,2928.703525391646,3009.463638436432,2900.26953598915,2946.940989644151,2914.083740273031,-0.020054119879026167,0.01906586633763585,0.03558244711270681,-0.020054119879026167,-0.024102127551354435,-0.08318980035658652,-0.08209171608487842,2349981.25,0.8646996651569029,0,-57.01374224503206,-36.300368371594686,70.94373685306209,0.025583116394279407,-0.05314123485927395,-0.07855055362743184,-0.10247306968232862,0.006848706647284224,1
2022-06-17,2726.202880859375,2752.547995559484,2668.7911904372145,2728.938966659696,5240434,25.527791344935892,-57.09996803848753,-37.65965887184058,-19.440309166646955,3102.774503019032,2913.9071533203123,2725.0398036215925,2913.9071533203123,3018.485322265625,2909.4177497219057,2998.3553734334105,2873.490050584569,2930.5900186230565,2894.690503382479,-0.01690031130020908,0.016029793982214057,0.03072288042475667,-0.01690031130020908,-0.03789096974134998,-0.08065720275121302,-0.10210323556455425,2458746.7,2.1313435824845235,1,-74.36285663687477,-44.25641052797846,70.49303777029156,0.02585759052094839,-0.06297303605851828,-0.09076725693872445,-0.12136609405332197,0.00042681110060734134,1
2022-06-20,2746.944091796875,2770.200179493253,2708.6401755045144,2730.7046930632023,1502769,28.921703624128526,-62.965175095623636,-42.720762116597186,-20.24441297902645,3108.755074552828,2905.649560546875,2702.544046540922,2905.649560546875,3007.5797509765625,2893.94406801476,2988.4961074868797,2854.0214415403084,2916.986616635932,2889.64158639279,0.007608095157966233,0.0164402794078032,0.02241035926889577,0.007608095157966233,-0.02928598943916083,-0.033295861659759174,-0.09284583515916034,2419200.65,0.6211841088915051,0,-76.29135224735091,-46.23114190126853,71.20856461770222,0.025922829965979444,-0.05079572125895532,-0.08082728134892349,-0.11638452502019535,0.016428981171567648,1
2022-06-21,2834.804931640625,2857.5755559549466,2758.417531780241,2762.4774890399144,2964461,39.59020562085276,-59.834029012161864,-46.14341549571012,-13.69061351645174,3108.6220772782212,2903.2643920898436,2697.906706901466,2903.2643920898436,2999.67978515625,2888.3117693124614,2982.4690025517325,2851.0650554018957,2910.8990844140576,2885.2988002481434,0.03198493922978862,0.019254016818680896,0.03497878216167718,0.03198493922978862,0.022262820345206213,0.00043597008211304633,-0.044829824008518315,2481848.2,1.1944570179594383,0,-68.90785664641271,-44.36971078504257,76.08797659201592,0.02684063927741952,-0.018525298494550407,-0.049510680843545894,-0.0880831245583056,0.05074238645426925,1
2022-06-22,2844.51318359375,2868.87249504478,2809.254130703088,2824.169657083125,3336315,34.15448149173886,-55.92453515550051,-48.0996394276682,-7.824895727832306,3106.7964072158316,2905.704724121094,2704.6130410263563,2905.704724121094,2991.947685546875,2884.1404754344885,2977.0589704357335,2850.0570751237196,2905.98161027922,2886.3750182079843,0.0034246631381109616,0.018195402540189136,0.020959074714630224,0.0034246631381109616,0.043397468165348174,0.005192937411865328,-0.05322913955459585,2471261.65,1.3500452289218343,0,-60.94567331252847,-42.0534449362417,74.9437795625473,0.02634678580320853,-0.013739723213297632,-0.04452239211861618,-0.08442240470373395,0.05172649116352108,1
2022-06-23,2920.282958984375,2928.402658039696,2844.513322405252,2844.513322405252,3692578,40.617239258857616,-46.17991218643692,-47.71569397942195,1.535781792985027,3108.6348254351246,2909.3166748046874,2709.99852417425,2909.3166748046874,2985.5424951171876,2887.582616724954,2974.832460182739,2860.861057256128,2907.040969442565,2889.8763307280133,0.026637167944111084,0.01987255171951961,0.0287264408321648,0.026637167944111084,0.06310243725204945,0.05308716678776548,-0.03451894437539205,2515231.25,1.4680868806794605,0,-41.12090866669223,-34.63117825369318,77.51274298420627,0.02654288782041994,0.011324469842012465,-0.018336999454084568,-0.060589897825771635,0.07759577465976647,0
2022-06-24,2906.42626953125,2952.232116631172,2892.6579259368214,2946.9366330138964,2132118,40.24353713847387,-39.124346201962,-45.997424423929964,6.873078221967965,3109.514956485173,2910.719970703125,2711.924984921077,2910.719970703125,2978.953095703125,2889.377250325553,2972.149864470916,2867.8710899138387,2906.9954361158007,2892.045829985727,-0.004744981786951263,0.019880909414170193,0.02049740305435616,-0.004744981786951263,0.02526499692843931,0.06610784176673734,-0.01988143458130054,2466679.5,0.8643676651141747,0,-20.040499396352516,-26.205508962494605,76.98634097667802,0.02648831721063904,0.005900586087806937,-0.02211314971876951,-0.06531201483059709,0.07172074658836242,0
2022-06-27,2925.48974609375,2968.0300860921525,2918.2526285792947,2956.644883030588,2037686,46.362574138956745,-31.62988644615416,-43.12391682837481,11.49403038222065,3104.4042797048996,2908.04794921875,2711.6916187326005,2908.04794921875,2973.2560693359374,2892.81653563681,2970.3200559071056,2876.7354985569023,2908.3653850030564,2891.1919822076684,0.0065590779860293935,0.019375991589073813,0.017015085279079516,0.0065590779860293935,0.028467634801992547,0.06499792071854005,0.029537897282364334,2463832.6,0.827039142188475,0,-1.1275323779500468,-18.17605157977414,76.66164400847735,0.026204721486663744,0.01129460166396192,-0.01509275396912232,-0.05763248516979786,0.07884308299816006,0
2022-06-28,2928.53466796875,2938.993334040657,2888.333294892649,2918.693980682418,1400046,43.084592651711,-25.15480442013768,-39.53009434672739,14.375289926589709,3100.5253197420216,2906.0091552734375,2711.4929908048534,2906.0091552734375,2969.96767578125,2896.2182625255664,2968.6814132428567,2884.7046015433402,2909.859405963478,2884.4100058377535,0.0010408246616027128,0.01901700585147157,0.017298767094038187,0.0010408246616027128,0.0028256539178808104,0.0330639104235928,0.033514295381448456,2291786.65,0.6108971792815008,0,7.906493213105023,-13.787589308875795,76.02807391609183,0.025961131601978056,0.011158138825836625,-0.013523426628070599,-0.055471455329892935,0.080045081399776,0
2022-06-29,2904.1318359375,2941.641516237559,2886.92151203512,2886.92151203512,2133994,39.098193198521216,-21.741734682359947,-35.9724224138539,14.230687731493951,3095.9256254166676,2903.1540283203126,2710.3824312239576,2903.1540283203126,2967.1757373046876,2896.9719361838456,2966.1500572700975,2887.6934068347496,2909.4351415171095,2882.9900455186335,-0.00833277894851625,0.01893143026134628,0.018842121258167425,-0.00833277894851625,-0.0007894346461849722,0.020959175962906862,0.02626095306375187,2323794.6,0.9183229877545975,0,12.83146074935712,-10.908913165636022,74.6474722115893,0.025703885508176975,0.002471511602934629,-0.020908659418827948,-0.06195038663222242,0.07148415754231731,0
2022-06-30,2883.478759765625,2922.135612241278,2872.7994498149087,2887.80331790918,2719603,42.03707299288438,-20.4674469792094,-32.871427326925,12.403980347715603,3080.9786879127655,2896.274279785156,2711.5698716575466,2896.274279785156,2962.482138671875,2895.6868717630628,2962.9080456032557,2887.044999593346,2907.5124465725553,2876.8146369723268,-0.007111617976946261,0.018360595045693037,0.017109944805135134,-0.007111617976946261,-0.014360325953703956,-0.012602956540742172,0.03981515499112609,2326877.8,1.1687777501680578,0,8.104255038108931,-11.924414579483255,73.43704705227768,0.02546821154952665,-0.00421596413496351,-0.026807880843787265,-0.06410298419848483,0.06339828816691814,0
2022-07-01,2925.8427734375,2941.640878585132,2870.196028454121,2877.2125005063094,1502879,59.73695076330195,-15.856360685488653,-29.468413998637732,13.61205331314908,3064.1025512985807,2890.7559326171877,2717.4093139357947,2890.7559326171877,2957.3760400390624,2898.5588623987237,2961.454505518324,2893.013887877062,2908.870248562551,2871.022406150776,0.014691980486555956,0.01476724392361718,0.02441855412725149,0.014691980486555956,-0.0009191950365802226,0.006680542393178168,0.07323002039935966,2306340.65,0.651629237857816,0,9.181612073170527,-10.69535895259196,67.98393914786637,0.023235677516599336,0.009412922881337415,-0.012025081599080998,-0.04512243815158392,0.07670300474528736,0
2022-07-04,2855.192626953125,2928.358477983081,2846.3668202921517,2923.10716611456,2622535,52.182021725612394,-17.698896093031635,-27.114510417516513,9.415614324484878,3043.449259681357,2882.111083984375,2720.772908287393,2882.111083984375,2951.1392236328124,2894.428744737238,2957.287373025571,2887.195232350303,2904.8941284433345,2867.971201734349,-0.024146938832728115,0.016340289845948975,0.02871668164064475,-0.024146938832728115,-0.01685157966273132,-0.024029179809804124,0.0394068941845267,2383256.9,1.1003996254033714,0,1.6122091004281174,-13.032682881534583,69.79322617886389,0.024444314376554924,-0.013555738021001094,-0.034523106209997406,-0.06185634018026708,0.049404975423084224,0
2022-07-05,2838.64404296875,2887.80373957271,2830.3918281224514,2872.7998692876445,2170627,50.868216748938835,-20.260896105181473,-25.743787555049504,5.482891449868031,3032.8266503628442,2875.6506225585936,2718.474594754343,2875.6506225585936,2945.6997216796876,2889.115915997382,2952.6346934155,2879.7258185992946,2899.986714704476,2861.697072141403,-0.005795960604603634,0.016425682704757753,0.020225118254071535,-0.005795960604603634,-0.015548828527011338,-0.030694745048843397,0.001354277073979615,2376375.45,0.9134192158061555,0,-7.102346528184171,-16.04671982735681,71.81370851725923,0.02529859588951985,-0.01746966009538191,-0.03860641843061516,-0.06402693914960898,0.0442047346869785,0
2022-07-06,2877.87451171875,2884.7145109415733,2826.243549843247,2840.585483697553,2182144,60.6779185464987,-18.90777158643641,-24.376584361326884,5.468812774890473,3014.3913623521244,2869.322509765625,2724.2536571791256,2869.322509765625,2941.078134765625,2888.045306066084,2949.702921584255,2879.441002156134,2898.3487737425703,2855.836925266246,0.013820143757429904,0.015666691476712076,0.020317411638426798,0.013820143757429904,-0.016394681954284618,-0.00904136785177101,0.011728308491385286,2376197.3,0.918334517087449,0,-8.92663011776176,-16.447135685842568,68.94216524396094,0.02395593170001936,-0.0035216879478902263,-0.024351065776795792,-0.04528836312974653,0.05639007004167654,0
2022-07-07,2901.792236328125,2929.637477315577,2881.6693588512844,2886.9206694658974,1989921,68.76708496898482,-15.724191477994282,-22.646105784660364,6.921914306666082,2989.770903694169,2863.1775146484374,2736.5841256027056,2863.1775146484374,2936.673662109375,2889.3545375196118,2947.824071182054,2882.8796535672095,2898.603845045204,2853.861034055089,0.008310899072208278,0.014648004631793016,0.016530514439927896,0.008310899072208278,0.01632100368118694,0.006351174427928985,-0.00633182568811097,2411733.5,0.8250998711093079,0,-6.332334243450987,-15.083974421201674,65.1911332809907,0.022465816975057583,0.004304663428113072,-0.015615529876404941,-0.029426558154451738,0.060370192598787335,0
2022-07-08,2882.02294921875,2916.9290571272395,2868.3871212295094,2912.51615386381,2136916,64.46735840876656,-14.627777641325338,-21.04244015599336,6.414662514668024,2976.6037162227217,2859.0095458984374,2741.415375574153,2859.0095458984374,2931.468779296875,2888.656291014768,2945.2436350266303,2882.7478528982156,2897.375630539541,2851.6836445570866,-0.006812785168379465,0.014922220992431331,0.01684300810681911,-0.006812785168379465,0.015281558939187256,-0.01497682124841837,-0.008396332144505303,2442200.2,0.8749962431417374,0,-9.902571383955546,-16.21087049169364,64.2612712744901,0.022297279517468745,-0.0022963416646872526,-0.021465350117736065,-0.031774725835521586,0.051290138261206944,0
2022-07-11,2748.179931640625,2846.3228661315457,2741.2957588231257,2829.686133112073,6974600,41.55409136785177,-24.279001506105942,-21.68975242601588,-2.589249080090063,2981.8492268554373,2854.3407348632813,2726.8322428711253,2854.3407348632813,2924.2462841796873,2875.2775901219925,2937.5156466585518,2862.0450957816633,2886.3240972877693,2841.827618710001,-0.046440649480049,0.017854050834673507,0.038216969019826984,-0.046440649480049,-0.045066099842090646,-0.03748002649709026,-0.060608592010919615,2639384.15,2.6425103750054726,1,-19.15115461524556,-19.771726367019255,66.41096600574386,0.024165435909466612,-0.044203613215646066,-0.06445436817785045,-0.07836388678217392,0.007828750311028422,0
2022-07-12,2722.49658203125,2767.949487076794,2718.569141097803,2749.150475487469,3734815,38.462820540048405,-33.61263212107133,-24.074328365026968,-9.53830375604436,2989.134063244402,2848.7870849609376,2708.440106677473,2848.7870849609376,2916.5855224609377,2860.7270179228744,2929.083526477089,2840.576093666215,2874.1887257872863,2835.0265106138545,-0.009345585168450854,0.017878244637328802,0.01813789089944365,-0.009345585168450854,-0.06178790199113371,-0.040916528870604374,-0.07035535149748096,2695550.25,1.3855482753474917,0,-28.38889807450778,-23.551166938410915,65.67967897983665,0.024124797589583438,-0.0483200371883058,-0.07052955048171955,-0.08920224907000128,0.005189878601753703,0
2022-07-13,2681.941650390625,2744.825514673745,2678.631973323092,2739.530031365693,3863530,25.85598160768535,-43.77740698309026,-28.014944088639627,-15.762462894450632,3000.3015489193644,2841.39326171875,2682.484974518136,2841.39326171875,2909.2121435546874,2843.69984006266,2919.391688199188,2816.1707947007394,2859.9482016838297,2825.8608884570276,-0.014896228670512102,0.015925559204667872,0.024681201151789397,-0.014896228670512102,-0.0694239089533838,-0.06808248953534402,-0.07650829855496155,2818499.95,1.3707752593715674,0,-44.34546600342401,-30.31123338506677,64.41568375874431,0.02401830172157629,-0.05688300410372094,-0.08133545038453986,-0.10610930046128361,-0.00020254507766945205,1
2022-07-14,2653.62451171875,2705.170531829669,2625.528612344988,2704.285621613172,4764908,25.120041673394383,-53.50129114814854,-33.112213500541415,-20.389077647607124,3013.020107490661,2835.4210571289063,2657.822006767152,2835.4210571289063,2900.6824169921874,2825.59742783943,2908.969445984269,2791.163674241972,2844.6649653901204,2813.470568088176,-0.010558446962390278,0.01596764898638751,0.03001250521050442,-0.010558446962390278,-0.034406560805291475,-0.08552222364596374,-0.07971421577787452,2955143.95,1.6124114698371967,1,-63.75710968018166,-38.854625197785026,65.84909295805362,0.02481477415785673,-0.06086249740543464,-0.08777848616389346,-0.11928084876646473,-0.0015792987783660754,1
2022-07-15,2649.952392578125,2680.304642138172,2613.140038767697,2671.145950429042,4574806,22.035273286449637,-60.80295017018807,-38.650360834470746,-22.152589335717323,3021.899759068495,2831.608532714844,2641.317306361193,2831.608532714844,2893.495947265625,2808.8693292431153,2898.811914478146,2769.438861678303,2830.241811848491,2809.255325830347,-0.0013838126398095785,0.01561048450337337,0.025345588682493484,-0.0013838126398095785,-0.02664620037796339,-0.0805234936465492,-0.09429432892432499,2921862.55,1.5657156768034828,1,-79.78696177165284,-46.43172054848446,66.2462920158802,0.02499904987026183,-0.056576835031273046,-0.08584879917772152,-0.12308395252826758,0.0032692347095654743,1
2022-07-18,2710.922607421875,2722.8246073241294,2667.385065422238,2675.083741549316,3202795,30.237814295463338,-60.966991237866296,-43.113686915149856,-17.85330432271644,3024.112272787631,2829.8074584960937,2635.5026442045564,2829.8074584960937,2887.3097265625,2799.541070022045,2891.4437063582923,2760.436361023468,2821.4033522613345,2805.1391368553905,0.02300804158388381,0.017466522858639748,0.02045043327688919,0.02300804158388381,0.010805961056993496,-0.013557090563756424,-0.050528996947293736,3006863.85,1.0651612975426206,0,-75.73652009994748,-46.071940300259485,67.83287598716568,0.025022062895287033,-0.031654639236806115,-0.06243285959171569,-0.1035641659815286,0.028616918060456634,1
2022-07-19,2720.435791015625,2724.5948266776545,2681.322794633056,2681.322794633056,1865074,32.85417070197228,-59.641846474433805,-46.41931882700665,-13.222527647427157,3024.413152445141,2824.089001464844,2623.764850484547,2824.089001464844,2881.42509765625,2792.007233926195,2884.7375135997563,2754.2824271761074,2813.924273650541,2801.5029963901993,0.0035092051568366145,0.017597558796417025,0.015906286848418306,0.0035092051568366145,0.025177367408925955,-0.0007569489817641495,-0.04164250612750264,2951894.5,0.6318227158863571,0,-68.71978399667933,-44.34601287733267,67.01516369017706,0.024633981037706528,-0.025634404539104448,-0.05695551911033504,-0.10050788239158395,0.03684436145763032,0
2022-07-20,2800.56396484375,2806.890986629367,2741.4962064485426,2750.1240812703145,3402251,43.03427086473992,-51.531957405974936,-47.441846542800306,-4.09011086317463,3022.2365531558708,2821.8915405273438,2621.5465278988167,2821.8915405273438,2877.612060546875,2792.8221606802476,2881.4365901191286,2761.40266374036,2812.934621146335,2798.214188915347,0.029454168369917877,0.019762273020517425,0.023350575456137806,0.029454168369917877,0.056835576626754314,0.04423001314582953,-0.026863765796663608,2955191.3,1.1512794450904076,0,-50.877679382412225,-37.95509808005954,69.66652320356083,0.024875890741330627,0.0027720362121506133,-0.028066772509484597,-0.0733471998016325,0.06828695773270012,0
2022-07-21,2811.62548828125,2817.554343974949,2782.202221341185,2802.5108691484493,2420640,39.871837614794096,-43.70839621024743,-46.69515647628973,2.986760266042303,3011.389309291925,2816.4586669921873,2621.5280246924494,2816.4586669921873,2874.078974609375,2794.612953785105,2878.698899850977,2769.129252131266,2812.8376483415136,2792.0934456207005,0.00394974854220731,0.019270985341717707,0.012573553192311782,0.00394974854220731,0.037147088073880896,0.059541572616904626,-0.031072778718634342,2891594.4,0.8371298547265136,0,-30.98447405432489,-30.2705461332921,67.08847123947173,0.023861097973074286,0.006087617418756508,-0.023299905236077004,-0.06633609955188628,0.0725139925258294,1
2022-07-22,2806.05078125,2829.058450853437,2781.715746092518,2818.4395264210816,2075886,45.073839182269786,-37.52543006554424,-44.86121119414064,7.335781128596395,3001.730905368483,2811.439892578125,2621.1488797877673,2811.439892578125,2870.32482421875,2795.7022706865237,2875.8499540234875,2774.809487380302,2812.3349174458463,2787.965669612234,-0.0019827345620834214,0.018254148914728305,0.01687164932198031,-0.0019827345620834214,0.031471057143536596,0.05890611058110662,-0.026360708886563278,2888782.8,0.7186023123649172,0,-13.167058556591655,-22.96196045465831,64.61354603018529,0.02302650631340398,0.0037015781944960535,-0.02427079781260293,-0.06518909598742395,0.07054231176567279,1
2022-07-25,2802.289794921875,2819.722485260362,2786.671213973187,2800.741201840289,1797504,46.259826598742215,-32.55360729383983,-42.39969041408048,9.84608312024065,2987.845311793298,2805.279895019531,2622.714478245764,2805.279895019531,2867.1634814453123,2796.3296539470334,2872.9652419018557,2779.0372270020825,2811.5908342959224,2783.1447270193103,-0.0013403129954938642,0.01820443481532405,0.011794380205454974,-0.0013403129954938642,0.0006162437636811902,0.03370335517873424,0.019689345176517214,2876773.7,0.6248332984968543,0,-3.2114160750115843,-18.47846445643654,62.87350030425075,0.022436473350538534,0.0021314157171808444,-0.024600174742523077,-0.062103455001173785,0.06846925891689981,1
2022-07-26,2757.291748046875,2804.1919910670576,2740.1245756980134,2800.4754112437777,2639367,37.73978325614231,-31.876911057674533,-40.29513454279929,8.418223485124756,2970.809703232996,2796.7177490234376,2622.625794813879,2796.7177490234376,2861.7906689453125,2792.6117581470185,2868.4290264565625,2775.6917687012815,2807.568679758956,2779.20172916938,-0.016057599380528864,0.01811416829642306,0.023235631635435888,-0.016057599380528864,-0.019324671959631945,0.013547813608749237,0.012780609623268768,2938739.75,0.8981288662937914,0,0.6045242208233503,-16.308487143193815,63.27324703787345,0.02294760686194814,-0.012647662173985599,-0.03874499852868173,-0.07187197313707414,0.05134775746478646,1
2022-07-27,2821.8466796875,2826.4924593932465,2752.0714066422543,2756.4959587429653,1389808,42.49198772697237,-25.833785145669935,-37.40286466337342,11.569079517703486,2959.7581156343786,2792.6034912109376,2625.4488667874966,2792.6034912109376,2857.7580517578126,2795.396036388969,2866.6022677597366,2782.7925242376227,2808.6263093832927,2774.8601605657364,0.0234124414604846,0.019247259080953136,0.02637317373998286,0.0234124414604846,0.005629227576011031,0.007599438938341585,0.05216557536831501,2901530.45,0.4789913543729999,0,2.5738757087215163,-14.83432235939199,64.89168183459954,0.0229961756255963,0.00946221678581873,-0.015612765180435481,-0.04659550901081637,0.07480542294480716,1
2022-07-28,2885.249755859375,2888.346941611716,2833.1727032922854,2845.871251293897,2106333,50.28008752920714,-15.746944977018302,-33.0716807261024,17.3247357490841,2960.0511156276607,2792.692041015625,2625.332966403589,2792.692041015625,2858.269638671875,2803.9535334813886,2867.3335418028596,2798.5551752563542,2814.3021202333725,2772.7243226972055,0.022468646729912445,0.02022893441496206,0.01912286387248885,0.022468646729912445,0.029604347518887852,0.02618565946460083,0.08728636742603846,2870866.95,0.7336923085202537,0,9.340579696283385,-11.365358048117287,66.17441940791994,0.022935421543155043,0.028993427104709903,0.006248388544728017,-0.025270293263981194,0.09900336177617981,1
2022-07-29,2921.884765625,2935.51251168997,2898.0807687808765,2911.354421156972,2430257,68.13856482281697,-4.742246687204442,-27.40579391832281,22.66354723111837,2959.1983498778627,2792.494140625,2625.7899313721373,2792.494140625,2858.969501953125,2815.185079399828,2869.4728054821594,2817.528958389992,2822.2712050771966,2775.194103000551,0.012697344377631925,0.015297891809438403,0.012810821066410745,0.012697344377631925,0.05969372580711285,0.041280074170076064,0.10261783336504138,2917235.85,0.8330683993205417,0,19.482808713304166,-6.377148541328097,59.71267408184641,0.02043635491185214,0.03790148186204496,0.018265362209638987,-0.012609355589294238,0.11276409842052174,0
2022-08-01,2919.142333984375,2944.0967628868952,2894.541782808246,2944.0967628868952,1306913,71.56740360871864,3.7149411490067905,-21.18164690485689,24.89658805386368,2969.750345656743,2795.6916259765626,2621.6329062963823,2795.6916259765626,2859.1104296875,2825.085770312642,2871.420630129305,2833.1617854045126,2829.4468442555058,2773.830559972203,-0.0009385830929709016,0.014871860845533562,0.01697586976206505,-0.0009385830929709016,0.03447942618471744,0.04169894893606374,0.07680769860137016,2851454.75,0.45833201456204065,0,28.756116365608705,-1.5446117725505246,59.72514794610772,0.02045982727556422,0.03329334799676683,0.016619544818454828,-0.01704116702819213,0.1134824890904686,1
2022-08-02,2912.94775390625,2931.6192315155813,2895.116681826572,2911.354872165856,1269114,77.40116102957828,9.804452967167435,-14.984426930452027,24.788879897619463,2980.361075793362,2799.4068115234377,2618.4525472535133,2799.4068115234377,2859.71921875,2833.4535782739385,2873.0491447872246,2845.436549789395,2835.6320968222276,2773.9486286782235,-0.0021220548261755567,0.013911805960604703,0.012531137793343392,-0.0021220548261755567,0.00959986149920855,0.05645249762548121,0.07076511914980887,2806379.1,0.4522247190338611,0,40.841820126920084,4.6201183306620806,57.60436282741888,0.019775281842996217,0.028055577208622243,0.013887200360431106,-0.022619179412402855,0.11246917839379283,0
2022-08-03,2955.157958984375,2963.5646068688943,2899.895353730968,2902.5057959181763,2895824,84.62564978410151,17.830902198828426,-8.421361104595938,26.252263303424364,2994.3007257145705,2803.2709838867186,2612.2412420588666,2803.2709838867186,2862.9082470703124,2845.0444716749325,2876.2690982851523,2862.3167665886226,2844.485864389794,2778.968227418094,0.01449054656799853,0.013210346798584629,0.021545126866858933,0.01449054656799853,0.011387578918519603,0.04724256645709701,0.05520102239451985,2842063.1,1.0189161528468527,0,49.64843528596339,9.666830525415662,56.46345808836496,0.019106747886928607,0.038703608469296276,0.027427496525362218,-0.013072423352151552,0.13127298941779006,1
2022-08-04,2968.830078125,2997.9878323495136,2926.708473067324,2964.4498148906173,2150567,85.79523436545082,25.006883013213155,-1.73571228103412,26.742595294247273,3007.0526214521083,2806.6228759765627,2606.193130501017,2806.6228759765627,2865.3239697265626,2856.8335770511294,2879.898940631813,2878.7034299019115,2853.6965468886983,2781.5906843426983,0.004626527356704768,0.012984756272020588,0.02400924182471461,0.004626527356704768,0.017021350265167046,0.028968141179421147,0.055912350524268906,2850095.4,0.7545596543891128,0,52.88004356974079,12.56539882895322,56.75736922491602,0.019117756062604234,0.03920301902551679,0.030879950764410097,-0.012710965898777843,0.1391443110565905,0
2022-08-05,2977.767333984375,2988.341968455179,2968.87394260205,2974.3603430430594,1106933,83.91637859877987,31.057054967530803,4.822841168678865,26.23421379885194,3023.64844124182,2811.4100952148438,2599.1717491878676,2811.4100952148438,2867.312109375,2868.3510777114384,2883.7369168417176,2893.9440305299827,2862.886975562452,2781.37644302282,0.0030103628783697545,0.012316382107706155,0.006537792805685686,0.0030103628783697545,0.022252228860336398,0.019125520970852294,0.06119509806514656,2798596.25,0.3955315097703,0,53.165998311610565,14.264111359558228,52.94591748092849,0.017780407782929327,0.03814604743580977,0.0326071413080358,-0.015174087910366136,0.14566008764707553,0
2022-08-08,2986.0859375,2990.023745678865,2952.0611749006835,2977.72357720048,1068836,83.8673893515818,36.10688393050668,11.07964972104443,25.027234209462254,3046.981821412675,2823.3053955078126,2599.6289696029503,2823.3053955078126,2867.455224609375,2879.5639215008255,2887.7506039263562,2908.11970852537,2872.012824594863,2785.9194211126405,0.0027935706798469795,0.012332557823331015,0.012713154133120639,0.0027935706798469795,0.010465761541306629,0.02293262741466018,0.06558784281025765,2503308.05,0.42696942551676775,0,54.47815118818335,16.329973797051025,52.56667024761301,0.01760387053415572,0.03699241235931841,0.034052571382009664,-0.019985640703442623,0.14865850950879136,0
2022-08-10,2968.210205078125,2995.4211952566006,2951.1756827712743,2995.4211952566006,1878359,75.40562559242758,38.22584382020432,16.508888540876406,21.716955279327912,3062.916097574908,2835.5910766601564,2608.266055745405,2835.5910766601564,2867.4332177734377,2888.0064246986635,2890.905882402896,2917.3644003027166,2879.1385564825123,2796.995098717625,-0.005986342254048038,0.01086286010154717,0.014906461951255834,-0.005986342254048038,-0.00020879371016968573,0.01897131560213139,0.0764947913765941,2410485.25,0.7792451748045337,0,54.552846424724976,17.85673761567159,49.551692881297605,0.016694131971018333,0.027771330317532098,0.026740518653957056,-0.03092017197982245,0.13800131644540115,0
2022-08-11,3028.605224609375,3034.0916247588166,2986.6162779251963,3008.6947446813365,1449248,78.60471283893605,44.26821174402539,22.060753181506207,22.207458562519186,3083.7587564944324,2852.9242553710938,2622.089754247755,2852.9242553710938,2868.780634765625,2901.3967865949217,2896.3058566070717,2934.478373272972,2890.2101615289466,2811.9707654688355,0.020347285184830977,0.011684868621169388,0.01567564714207464,0.020347285184830977,0.01707248583353116,0.02485392207266046,0.07327065159499457,2289771.15,0.6329226394524187,0,56.35231491998911,20.03675832191948,51.732356956078156,0.017081248006745587,0.04384386120581085,0.04567865914454479,-0.017885164255765282,0.15503491812325249,0
2022-08-12,3010.066650390625,3025.508291795108,2992.102928234048,3025.508291795108,1472354,76.00673720481937,47.01891902023499,27.052386349251965,19.966532670983025,3091.616644501286,2870.7463623046874,2649.876080108089,2870.7463623046874,2868.5604931640623,2911.7462974326077,2900.767064206427,2946.10733898338,2899.088419963145,2835.679492330315,-0.006121159029942924,0.011935313058555195,0.011097881688674635,-0.006121159029942924,0.008030818065035916,0.013889839155654338,0.043260343156696024,2125143.45,0.6928257007779874,0,54.912720381478266,20.8681235746144,50.95804207139304,0.016929207220305262,0.0337667993412441,0.03767954605279526,-0.02637778336965057,0.13592732618192616,0
2022-08-16,3002.235107421875,3021.836000034544,2997.633617107446,3018.4290089899623,839942,75.22605549032389,48.013464951151946,31.24460206963196,16.768862881519986,3090.4842979760624,2888.360498046875,2686.2366981176874,2888.360498046875,2867.8810009765625,2920.3642793363474,2904.7462031560526,2954.74238028161,2906.728915330458,2861.5671615731258,-0.0026017839065901605,0.01199223064707316,0.008061454903137751,-0.0026017839065901605,0.011463104023272663,0.008216818405607729,0.027499490309190078,1938400.25,0.4333171129130839,0,52.013201624909016,21.009286314334986,50.325978617101846,0.016762837291686504,0.028034457435608933,0.033561935345641954,-0.028555133126539817,0.11763610017152082,0
2022-08-17,3009.66796875,3024.578575009149,2983.1206645043176,2995.509406485636,1622326,85.17517610845735,48.83844041663633,34.76336973903283,14.075070677603499,3094.0444996786387,2903.2977661132813,2712.551032547924,2903.2977661132813,2867.512568359375,2928.8693926138385,2908.8607821989526,2963.1924708152087,2914.3540303985724,2881.741464804767,0.0024757759010112235,0.010406877926594015,0.013774911696339091,0.0024757759010112235,-0.006252797725334935,0.007897304948210282,0.031011038314827655,1859376.8,0.87251061753594,0,49.30547111301303,21.110178272596386,48.71101398394379,0.016184846464699844,0.027586950903281372,0.03465521181623626,-0.027270626177937126,0.10953413692017853,0
2022-08-18,2992.102783203125,3001.615568391867,2975.0682608884013,2999.845747891636,1430659,77.30631973229688,47.52701390959646,37.31609857314556,10.210915336450903,3090.743241454698,2916.8811157226564,2743.018989990615,2916.8811157226564,2867.99755859375,2934.8916202890086,2912.125174395195,2967.64021118258,2920.1131972729836,2894.716689207136,-0.005836253609786124,0.009618733554454546,0.00887245841035114,-0.005836253609786124,-0.005967930040741365,0.008049489919589758,0.02717351493542175,1837656.05,0.7785238157053384,0,46.88519559034512,21.219291992298622,45.86663220612997,0.015329230153326661,0.019493449951818863,0.027463657644641037,-0.03191480189248801,0.09080644141415961,0
2022-08-19,2996.0849609375,3027.7205032408347,2983.253761961322,2997.191098780274,1398410,71.96223884885961,46.275591207283924,39.10799709997323,7.167594107310691,3094.877153476621,2926.6571655273438,2758.4371775780664,2926.6571655273438,2867.8305224609376,2940.719557493627,2915.4177150439127,2972.016326529491,2925.740735322207,2909.9878950382436,0.0013308960363025424,0.00807110572380937,0.014841615594772201,0.0013308960363025424,-0.0020485226054318684,-0.01073770308775368,0.013849344949124376,1737464.0,0.80485696394285,0,39.32277089870513,19.111858436840976,44.29280930293687,0.01478356250921445,0.01882716197904336,0.0276691897278851,-0.03192119998305688,0.08615305263833868,0
2022-08-22,2968.475830078125,2994.62497212314,2962.148591935472,2977.723099317719,1536532,59.57460472275655,42.56533687102274,39.79946505418314,2.7658718168395993,3094.5666048653734,2934.4996826171873,2774.4327603690012,2934.4996826171873,2866.7061962890625,2943.363012025484,2917.4984254374117,2971.471634767742,2928.9062978967195,2920.532003909851,-0.009215069405353549,0.008113270790084308,0.010940422643364983,-0.009215069405353549,-0.013686605665336304,-0.013817242321562118,-0.00011932243932888387,1693258.6,0.9074408362668289,0,31.61671459287618,16.731361230984476,43.126638815182105,0.014528209520253054,0.008532015232249487,0.017472984456905205,-0.04074585907732752,0.06993972695280455,0
2022-08-23,2906.576171875,2957.2813542430517,2893.6563963489066,2937.857618277289,1849256,47.922691900068365,34.235502911924414,38.68667262573139,-4.451169713806976,3088.541724942884,2939.5259521484377,2790.5101793539916,2939.5259521484377,2865.5300732421874,2939.8595034397235,2917.0701017682977,2961.487717399628,2927.2522144877034,2927.5493169041397,-0.020852336938682714,0.010029109664863076,0.02189000188944004,-0.020852336938682714,-0.028584115428202828,-0.03186257309109297,-0.023907563662510345,1681927.1,1.0994864165040208,0,19.49522410337613,12.323898612245102,44.93124264736561,0.01545847760059939,-0.01132140210298521,-0.003597421223074621,-0.05891633310255792,0.041593108450110695,0
2022-08-24,2880.69287109375,2927.283312611736,2876.135453360613,2913.1247476172416,1691923,44.99383114619425,25.254366808577743,36.00021146230066,-10.74584465372292,3080.9404457683095,2943.4461059570312,2805.951766145753,2943.4461059570312,2866.3128076171874,2934.22458607344,2915.643543702629,2949.0577410448773,2923.8033742362995,2932.574091892204,-0.008905082561298516,0.01028645086546853,0.017755401752253805,-0.008905082561298516,-0.038514291599942796,-0.042853596807164385,-0.03529471978106791,1676648.05,1.0091104093074275,0,5.355193459601651,6.782761503676284,45.977336187516585,0.015960513058811358,-0.01824390513042696,-0.011987292714285096,-0.06499560059643501,0.026636632122390733,0
2022-08-25,2847.818603515625,2900.868938739498,2844.765705846881,2898.9664677982364,1946930,32.84302095072786,15.30761641586514,31.861692453013557,-16.554076037148416,3063.938607775023,2947.972448730469,2832.006289685915,2947.972448730469,2866.5977880859373,2925.995444877458,2912.983742126668,2933.4824891173,2918.1748727014347,2941.8282004105868,-0.011411930757353916,0.009644579809880467,0.019700423623666845,-0.011411930757353916,-0.04064618796620778,-0.048221665544871395,-0.04056033543599091,1642026.2,1.1856875365326083,0,-8.896175411550757,0.8585677314731583,45.43690616999451,0.015954986077379635,-0.026718032490001695,-0.022370580950605703,-0.07053666274871619,0.005583431748473894,0
2022-08-26,2851.357666015625,2882.152584862205,2846.57923724742,2862.065166088405,1457962,30.59477152123712,7.6224509638441305,27.013844155179672,-19.391393191335542,3059.24386069877,2949.447998046875,2839.65213539498,2949.447998046875,2867.0285791015626,2918.887084985855,2910.5670332595682,2920.8479009478115,2913.2254499839673,2944.1882118847993,0.0012427275022470763,0.009490826642304597,0.012475933145382485,0.0012427275022470763,-0.018997783850871586,-0.04830547090913895,-0.05852448419275613,1645433.9,0.8860653715715958,0,-21.832472507771854,-4.850681784344488,42.886476765179886,0.015040721574963887,-0.023135331036814387,-0.02034289764411788,-0.06795345652361987,0.004122170626021644,0
2022-08-29,2772.026123046875,2781.007877210316,2726.408948614383,2765.345006303131,2539173,22.42641621545924,-4.813997772013863,20.64827576974097,-25.462273541754833,3076.7513960115666,2943.78681640625,2810.8222368009338,2943.78681640625,2867.0077294921875,2904.900326705952,2905.1340563884823,2897.952242809206,2902.76624058122,2934.9017750934922,-0.0278223752545238,0.011412235417682114,0.019696397570712877,-0.0278223752545238,-0.03772243446612766,-0.06617864462318357,-0.0790814805754746,1667075.9,1.5231298107062792,1,-38.46268531953183,-12.364369048929348,50.41767869882723,0.018188024376700532,-0.04574139857313155,-0.045818172503571314,-0.09904123984788339,-0.013802407440113882,0
2022-08-30,2841.579833984375,2855.1632945129086,2780.4769460757943,2791.892203374625,3431525,33.36378216028524,-8.954349638176154,14.727750688157546,-23.6821003263337,3080.16359660019,2939.7715698242187,2799.3795430482473,2939.7715698242187,2869.3152685546875,2898.8698035896114,2902.6417339412624,2889.2795645284627,2898.233914166639,2925.1555372168846,0.02509128985445841,0.013878958879773003,0.026283389100629762,0.02509128985445841,-0.002190718721883589,-0.022361821623514078,-0.053511889538677804,1717139.3,1.9983964026680887,1,-40.989699850112174,-14.428367827035345,53.644435890816666,0.018878384217556225,-0.019762863973502832,-0.0210366643746889,-0.07745814633974571,0.015074872944943977,0
2022-09-01,2771.2734375,2822.8637492288995,2761.8049408599986,2822.8637492288995,3546935,29.76991990257295,-17.70465865870119,8.241268818785798,-25.94592747748699,3091.649439570484,2932.378125,2773.1068104295164,2932.378125,2869.80185546875,2886.717768723934,2897.490036041605,2871.124775754853,2888.8294344135543,2911.8076246960813,-0.02474200993529485,0.015002607091728765,0.022032762102314498,-0.02474200993529485,-0.028086349695838564,-0.037983720754030004,-0.07920957850676535,1829140.4,1.939126706730659,1,-47.506817349506036,-18.153507661023923,56.18224879360595,0.020273080250171435,-0.03999155458656631,-0.04356066698128678,-0.10362623846350223,-0.0006611259698404504,0
2022-09-02,2770.123046875,2798.9712083448303,2761.1855826958235,2798.9712083448303,2052900,19.768010960399906,-24.450320435082176,1.7029509680122032,-26.15327140309438,3100.2100584326704,2925.2368896484377,2750.263720864205,2925.2368896484377,2868.5082177734375,2875.613509500226,2892.495252152719,2855.5860482348758,2880.036368669958,2904.339942277133,-0.0004151126371845226,0.01325083661679158,0.01364041416558483,-0.0004151126371845226,-0.0006865289457601564,-0.027282480894222028,-0.07418853977017792,1868329.7,1.098788934308543,0,-50.38193537723191,-20.488489973949072,54.17540636277132,0.01955703968597607,-0.03668450655024219,-0.04230679555537532,-0.10647246648975388,0.007220880623242454,1
2022-09-05,2772.777587890625,2785.653074758153,2754.06182321566,2764.1497132737554,2147912,21.175762320800487,-29.244988692423703,-4.486636964074978,-24.758351728348725,3103.1217184156353,2916.11787109375,2729.114023771865,2916.11787109375,2867.073505859375,2865.8196122040736,2887.8004417894995,2842.8462851049912,2872.091273797415,2893.7252240545336,0.0009582754883830091,0.013391297701008392,0.011393359381026237,0.0009582754883830091,-0.02421267397484228,-0.027558828926153134,-0.0745330576263099,1830934.1,1.1731235984954347,0,-53.06747278178136,-22.76659147006876,53.8246174461403,0.01941180485633075,-0.03246611333010275,-0.039830610257680275,-0.10645542150814327,0.015999171796572,1
2022-09-06,2767.1591796875,2779.370986725636,2748.8415771515884,2774.636629548569,1936453,21.290234091973005,-33.11641104480759,-10.212591780221501,-22.90381926458609,3102.5760813440015,2906.034326171875,2709.4925709997483,2906.034326171875,2864.0110302734374,2856.4233805358285,2883.0694119031464,2831.202115040762,2864.3185260855694,2882.7031126969364,-0.0020262743855338217,0.013402631780682555,0.011032762335521133,-0.0020262743855338217,-0.0014846091175367837,-0.001755735026777283,-0.06781818748557122,1820228.4,1.0638516572975127,0,-48.47694617012348,-22.064644485335975,54.276547920922404,0.019614537652673795,-0.03125033965783591,-0.0402037605258809,-0.10810916247094983,0.021283176527209995,1
2022-09-07,2787.11376953125,2797.997994176971,2744.9919497778506,2744.9919497778506,1291534,23.626166969680483,-34.180362575010804,-15.006145939179364,-19.174216635831442,3096.8514355177663,2896.5016479492188,2696.151860380671,2896.5016479492188,2861.6247802734374,2849.822465202059,2879.306445535621,2824.419292654683,2858.599655229694,2876.0684965822516,0.007211218635424954,0.013682310453171873,0.019018256440975996,0.007211218635424954,0.006133562433415118,-0.019167529203905742,-0.04110072995839853,1829458.45,0.7059651997015839,0,-49.04733838755237,-23.335288405641222,55.10141462765734,0.019770062933930594,-0.022004421832067633,-0.03201905658472593,-0.10001695994652415,0.033737680168258705,0
2022-09-08,2804.85546875,2817.111561173687,2796.404749355589,2805.165273730356,1346113,27.819496251121365,-33.20913078692183,-18.64674290872786,-14.562387878193974,3087.122309172323,2887.4401245117188,2687.7579398511143,2887.4401245117188,2859.2120947265626,2845.5398941113867,2876.3867993871654,2821.409473592424,2854.618604379346,2870.6157182850984,0.006365617153021308,0.014035436712329728,0.007382487992269308,0.006365617153021308,0.011568861851547929,0.012117906084465835,-0.026326097830400075,1843322.3,0.7302645880213134,0,-41.177874612547384,-21.10323665443957,54.772706326288635,0.019527817720568115,-0.014297612008736844,-0.024868467152055374,-0.09143364342373617,0.04356699208760302,0
2022-09-09,2847.331298828125,2861.357212310276,2803.838047689843,2827.2881686504807,1561185,33.851924136019164,-28.68135726253513,-20.653665779489316,-8.027691483045814,3078.0797118739215,2881.3961791992188,2684.712646524516,2881.3961791992188,2857.58802734375,2845.7105040844094,2875.2473679926934,2825.397446705609,2854.0788039681443,2864.0116165437785,0.015143678721190712,0.01493456814202039,0.020201079039908754,0.015143678721190712,0.02897271675917068,0.027871777046230672,-0.0001711150727431443,1827463.6,0.8542906135038749,0,-29.90300541581655,-17.247884160025478,55.705022279211526,0.019563941260413924,0.0005695571427203412,-0.009709101719500936,-0.07496505439923057,0.06057208860476235,0
2022-09-12,2869.719970703125,2893.4798999711134,2853.8358731602502,2867.020950932398,1785928,39.156574830420695,-23.021112360095685,-21.127155095610593,-1.893957264485092,3057.531168154691,2873.4519165039064,2689.372664853122,2873.4519165039064,2856.8997900390623,2847.9971199528586,2875.030607314671,2832.2162965513808,2855.2374089114765,2858.426293868064,0.00786303718299819,0.01513041146470671,0.013814597666527628,0.00786303718299819,0.029638618299305364,0.034962192148360716,0.006439846149907558,1844297.6,0.9683513116321357,0,-17.822492251214953,-12.769834474828258,56.5773245749944,0.019715277153377477,0.007627413173306142,-0.0018471582869534883,-0.06142576710507107,0.06705924701582873,0
2022-09-13,2857.68505859375,2887.8603690881314,2853.835612513342,2887.8603690881314,1972678,43.97161156392877,-19.284148660526625,-20.7585538085938,1.4744051480671736,3038.355032305038,2865.8328369140627,2693.3106415230873,2865.8328369140627,2856.383916015625,2848.919780775801,2874.3503897177725,2836.134567634822,2855.4187162953485,2852.911385467153,-0.004193758356996202,0.014185292825713158,0.011906405316593186,-0.004193758356996202,0.018835048875903038,0.032714373488435644,0.0309012006902456,1869313.8,1.055295263962637,0,-7.503599760027555,-8.719022185373888,53.663419063963765,0.018778633041658978,0.003076702221345846,-0.005797946966952358,-0.059463088345611606,0.06103061954179477,0
2022-09-14,2761.274169921875,2779.857287273214,2755.433891236994,2774.193947449832,5090269,37.456938752379045,-23.827462822318466,-21.372335611338734,-2.4551272109797324,3019.7285911223985,2853.7847900390625,2687.8409889557265,2853.7847900390625,2853.0925439453126,2840.5725797420937,2869.9160281571494,2824.6175833712914,2848.44504619361,2839.114405112016,-0.03373740866998065,0.016583759778550054,0.008844973201958742,-0.03373740866998065,-0.03022378496723177,-0.009271096103737775,-0.028260921302322828,2081830.15,2.445093323295371,1,-9.249885459965299,-9.390417378471739,57.31365535722326,0.020756234922823632,-0.027916347001919768,-0.03785541359725298,-0.08558862606405927,0.027320507897559285,0
2022-09-15,2747.07177734375,2776.627699262423,2743.2223305596403,2769.769643436024,2138023,38.98612065279533,-28.24845580063993,-22.747559649198973,-5.5008961514409584,2995.8747926854994,2840.65498046875,2685.435168252001,2840.65498046875,2850.930126953125,2831.667741418442,2865.098606556624,2812.687459367054,2840.935915167694,2828.465649253614,-0.005143419922885362,0.01641981373538544,0.012160355247464118,-0.005143419922885362,-0.042738732214810615,-0.0206013079996602,-0.008733046630751362,2107615.0,1.014427682475215,0,-13.872152692944837,-11.288192830541448,55.69237934366366,0.020273361549189215,-0.02987496125951415,-0.041194683122869113,-0.08304853592319945,0.02295218660291451,0
2022-09-16,2662.429443359375,2738.222136392532,2654.73076734259,2721.983946781936,5322221,32.45682045087911,-38.142372032544245,-25.826522125868028,-12.315849906676217,2981.6757545645137,2824.1713134765623,2666.666872388611,2824.1713134765623,2847.4058349609377,2815.5498082699596,2857.1507962351634,2789.5708415197187,2827.713213552263,2806.890580157431,-0.03081183924004305,0.01802292578517038,0.031359091696565325,-0.03081183924004305,-0.06832649897762322,-0.06493865169285007,-0.03887683026828537,2302193.1,2.311804774325837,1,-30.16069581444981,-18.09657175753,59.7472123712619,0.022440862243423298,-0.05438382388435559,-0.06815228413297983,-0.10706942588120752,-0.0015890357633761604,0
2022-09-19,2680.21630859375,2691.897081121864,2643.934986987571,2686.5876194233983,2072220,40.374748332583394,-44.04044966525362,-29.469307633745146,-14.571142031508472,2956.358266147318,2808.377880859375,2660.3974955714325,2808.377880859375,2843.4526708984376,2802.660903538892,2850.2121888766765,2772.747067223416,2816.7875168886694,2795.0572368728194,0.006680689803344464,0.01694979422451389,0.01789485944866065,0.006680689803344464,-0.029355238321161825,-0.06603559373179668,-0.033382150700118185,2335883.6,0.8871246837813322,0,-45.33621641396667,-24.81841843799475,54.24816785219413,0.020240220044275805,-0.043688694122978766,-0.05964323671983352,-0.09340612087364904,0.007449568365369617,0
2022-09-20,2690.392333984375,2725.4789345157837,2681.277716360521,2698.9759191087755,1544295,31.895618210096714,-47.34780248404695,-33.04500660380551,-14.30279588024144,2930.9243047339824,2794.4737060546877,2658.023107375393,2794.4737060546877,2839.2246728515624,2791.9686588194145,2843.9447435867824,2760.077108263564,2807.4249107476107,2785.9641258902907,0.003796717958172602,0.01516750003789322,0.016429283415999887,0.003796717958172602,-0.02063267652008005,-0.05854134419266577,-0.02774211410266414,2336271.75,0.6610082923786584,0,-56.95112195638649,-30.405646130990135,51.542843170479856,0.019158114048796276,-0.03638161356653305,-0.05399275423640865,-0.0820669337522992,0.012177932734732421,0
2022-09-21,2655.79248046875,2691.3658277213344,2653.093461118295,2679.508117317984,2253818,34.87825494275597,-52.15955950304897,-36.8679171836542,-15.291642319394768,2921.0747645736387,2781.934521484375,2642.7942783951116,2781.934521484375,2834.7000634765627,2778.999498976494,2836.566223464507,2744.033319372054,2796.192878875103,2775.0364826450073,-0.012860523381132194,0.01420692651623349,0.014410902540203042,-0.012860523381132194,-0.002492822075408907,-0.03820036800478577,-0.047117304825552986,2356499.85,0.9564261164710025,0,-61.57308076559957,-33.349804692642465,48.57837699038435,0.01829148073414615,-0.04433502724743969,-0.06372978057073693,-0.0908166703989206,0.004918355613185215,0
2022-09-22,2661.279052734375,2681.233822480048,2636.413203836875,2645.881700493006,2017983,35.907374474243056,-54.897368388450104,-40.47380742461338,-14.42356096383672,2911.9061059921055,2770.963830566406,2630.021555140707,2770.963830566406,2832.9620458984373,2767.788027905816,2829.692216769208,2731.3018937354877,2786.199262123938,2765.8631105003915,0.002065888922411885,0.014256241056759945,0.016841758325614648,0.002065888922411885,-0.0070655699686086315,-0.031230609013183974,-0.05118852561754661,2372802.85,0.8504638301492262,0,-63.87971351262604,-35.406389787416174,49.08087648996765,0.018442589265315373,-0.0384816229052152,-0.05951642480294835,-0.08606975779266764,0.011884882666673008,0
2022-09-23,2638.846435546875,2674.6410089846663,2636.147416299528,2658.270170716274,2652374,33.50405165331752,-58.20626084195919,-44.02029810808254,-14.18596273387665,2908.286257968713,2760.5152221679687,2612.7441863672243,2760.5152221679687,2831.28904296875,2755.5078762525836,2822.2080684859793,2717.0779770910854,2775.2842379330446,2755.4887679569783,-0.008429261547920452,0.014288459738764107,0.014587280323176941,-0.008429261547920452,-0.019159249670163248,-0.008857702453419214,-0.07322114689184778,2408075.05,1.1014498904425758,0,-60.041932017375984,-34.94272774918409,49.57390085729948,0.0187862014968013,-0.04233754572473407,-0.0649709831768257,-0.09264556461165818,0.009990357768604751,0
2022-09-26,2649.775146484375,2677.605746474014,2589.3359496927173,2619.2016704081934,2925489,35.72880015719528,-59.263572736822425,-47.06895303383052,-12.194619702991908,2899.6103598824498,2750.4360961914062,2601.2618325003627,2750.4360961914062,2830.645712890625,2745.438092465135,2815.4459931133674,2706.7236954592836,2765.987268196106,2745.5454011669062,0.0041414728762854125,0.014429589307202185,0.033312183827525745,0.0041414728762854125,-0.0022657395216786336,-0.011357725871516289,-0.07664330543194431,2481451.4,1.1789426945859185,0,-57.22281107375693,-34.76619576330904,53.698214229245814,0.020265196577336247,-0.03484432821242894,-0.05884355339588341,-0.08616165014950598,0.018649915736233556,0
2022-09-27,2670.17236328125,2676.853478808768,2633.4928770032707,2663.048792633268,2227447,35.797898646893685,-57.789454246303194,-49.213053276325056,-8.576400969978138,2898.320181565012,2745.343408203125,2592.366634841238,2745.343408203125,2830.976669921875,2738.2699277809556,2809.748988021912,2701.1004135857397,2758.889867832043,2740.954842838077,0.007697716096378038,0.014456615347061521,0.01623887746040996,0.007697716096378038,0.003341742962932548,-0.007515621587123711,-0.06561699118963582,2465865.1,0.9033125940263318,0,-53.698731038458845,-34.195755564870524,53.00925404398702,0.019852371619503404,-0.02486882823670005,-0.04967583415304475,-0.0787172582708127,0.030013396791297994,1
2022-09-28,2686.277587890625,2698.931847080091,2637.0324212069117,2637.0324212069117,2739767,35.54168485013744,-54.69120156556073,-50.3086829341722,-4.382518631388535,2885.675258974708,2737.5782958984373,2589.4813328221667,2737.5782958984373,2831.703173828125,2733.318276362829,2804.906972330489,2698.8199788634142,2753.511180428975,2731.2035429019143,0.006031529960704107,0.014440306427045,0.023042825563602702,0.006031529960704107,0.017974199523255185,0.011478723449241057,-0.0271601360155308,2431277.2,1.126883845248086,0,-45.68122261366534,-31.659251134017723,55.287942203325755,0.020581619134432086,-0.017210102782029422,-0.042293518327026595,-0.06909913735578471,0.03738055719558486,1
2022-09-29,2652.341552734375,2704.153091416389,2645.881664658973,2702.5159210262555,2493902,25.71905439422129,-54.34768216643988,-51.11648278062574,-3.2311993858141435,2883.5340767505168,2731.631701660156,2579.7293265697954,2731.631701660156,2830.531552734375,2725.606207445833,2798.9240146992693,2691.6694517666388,2746.0171339330786,2723.827441972196,-0.012633108100677748,0.013644539957914667,0.021969805019018903,-0.012633108100677748,0.0009685373694461319,-0.00335834755502884,-0.03448407332879133,2378625.55,1.0484634708476919,0,-42.181820459982646,-30.768202069938525,55.34167521311026,0.02086521442008739,-0.026880132027624983,-0.05237100442708654,-0.08017679620303808,0.02814722669417817,1
2022-09-30,2658.757080078125,2672.163383672452,2610.573761166664,2646.63385311136,2817353,22.64167311494053,-52.94741627171334,-51.48266947884326,-1.4647467928700735,2880.1734684222497,2726.0634033203123,2571.953338218375,2726.0634033203123,2829.297978515625,2719.2396238870037,2793.427272165107,2686.606009968406,2739.5534262401193,2717.1110287065103,0.0024188164367957565,0.013324595240622168,0.02316481748831975,0.0024188164367957565,-0.0042751109853812475,0.0075452077328341804,-0.0013793279256317792,2416848.2,1.1657136761837172,0,-36.26825236557988,-28.78079632087247,56.44460531045307,0.021229696286805752,-0.022242447218543494,-0.04820966467568091,-0.07687605999141986,0.033750123133991276,1
2022-10-03,2641.412841796875,2673.048383644793,2631.723117642175,2650.30623313326,1763331,22.334118893353505,-52.63053845330387,-51.71224327373539,-0.9182951795684815,2876.3945642148237,2719.495166015625,2562.595767816426,2719.495166015625,2826.1149560546874,2711.8275494022296,2787.465921954588,2679.6532148650936,2732.2837533183974,2712.1901655325105,-0.0065234384935762835,0.0133235183430547,0.01564513708296559,-0.0065234384935762835,-0.01670145568573933,-0.0031558544499878938,-0.014477736991770795,2397619.15,0.7354508325477798,0,-33.610543062905435,-27.980071158779538,56.96607026958366,0.021566515225553053,-0.02596577633444138,-0.05239636438507545,-0.08169314646236381,0.030756733063525155,1
2022-10-04,2735.39013671875,2741.4518581351917,2675.083591718103,2681.233674530913,2145875,46.668129047342795,-44.285729872995034,-50.22694059358732,5.941210720592288,2873.411378733632,2717.9067138671876,2562.4020490007433,2717.9067138671876,2824.5902490234375,2714.071605337136,2785.4237342982806,2688.2281259195024,2732.5138557924975,2710.289897277792,0.035578419789140225,0.014826263563808539,0.024262815576538244,0.035578419789140225,0.0313114213736001,0.024424555633313805,0.016725368328616597,2408090.25,0.8911107048417309,0,-24.198322443819507,-24.32525372363125,56.80805948255228,0.02076780884744165,0.007854815377638397,-0.01796265213204099,-0.048033930343698475,0.06751012698630436,0
2022-10-06,2744.947265625,2764.4595795534674,2736.540618376038,2752.95574647594,1790816,49.72321636452233,-36.48070170076744,-47.477692815023346,10.996991114255906,2868.469864627973,2715.798388671875,2563.1269127157766,2715.798388671875,2823.3681787109376,2717.0121444121705,2783.8364218012894,2696.9541474126563,2733.4348491134238,2709.938936505114,0.0034938814679335017,0.014801034585381028,0.010171037355456313,0.0034938814679335017,0.03241747288336039,0.021840511940705687,0.03356993658650387,2433054.35,0.7360361678726988,0,-16.306131950658255,-21.070550529199863,56.49835049197619,0.0205826724613276,0.01028155920108089,-0.013969626904703696,-0.04306219163260874,0.07093692942288782,0
2022-10-07,2712.161376953125,2747.6463648942195,2706.144160002529,2740.9209604826137,1939879,57.49134660505949,-32.565315172696046,-44.49521728655789,11.929902113861843,2857.9669592282817,2711.163684082031,2564.3604089357805,2711.163684082031,2821.5656103515626,2716.550166558928,2781.025635728812,2699.293721188113,2731.859036360809,2707.784631769355,-0.011944086898299622,0.012446927556631775,0.015302262337469907,-0.011944086898299622,0.026784353447801834,0.022553590112510236,0.019119499763269987,2462742.65,0.787690504324518,0,-9.056040886905066,-17.898378970457088,52.8670072698712,0.019492574342778467,-0.001615574657825093,-0.024762180503107876,-0.0510172386018513,0.05763658162180195,0
2022-10-10,2759.637451171875,2767.114901060243,2659.155829128887,2663.580381257221,3064063,60.981346742380616,-25.339324762338492,-40.66403878171401,15.32471401937552,2841.1718046448323,2706.7789916992188,2572.3861787536052,2706.7789916992188,2821.6125244140626,2720.653717474447,2780.1868833932463,2708.5773719548456,2733.916696717184,2705.0533548904923,0.017504885447519047,0.013118638531612483,0.0391207446056044,0.017504885447519047,0.00886429841492764,0.03794268075471785,0.04577417389578686,2537886.55,1.2073285939436498,0,1.4140935874434035,-13.24038877186058,57.15250568394712,0.020710150045136332,0.01432881128790474,-0.007391385213748823,-0.028697438620101212,0.07279283101614174,0
2022-10-11,2716.27685546875,2783.0433042492978,2701.941349701484,2743.222334872122,4730645,53.278156814025984,-22.848133929830965,-37.100857811337406,14.25272388150644,2809.755631789017,2699.1068359375,2588.4580400859827,2699.1068359375,2819.5011279296873,2720.2368734739043,2777.680607788364,2709.7619078800617,2732.6100418098927,2702.0181210724354,-0.01571242471894707,0.013942511075542684,0.02985776445597923,-0.01571242471894707,-0.010444794519475775,0.028342413002333755,0.02509711402214898,2685122.4,1.7617986427732308,1,8.409324071674746,-9.785314166223998,59.712457728645695,0.021983200132352144,-0.0014557621962153415,-0.0221061241337263,-0.033269361670697196,0.04938029259246615,1
2022-10-12,2743.8857421875,2751.9825853975053,2709.6397551702103,2729.8598268537053,1665247,61.3577273339637,-18.4335503321563,-33.36739631550118,14.933845983344881,2778.4748375146733,2693.4168701171875,2608.3589027197017,2693.4168701171875,2816.67384765625,2722.489146684723,2776.3553189412714,2715.0117285427445,2733.445278874901,2696.9767038531213,0.010164238841546824,0.013563374702819679,0.015431703141377236,0.010164238841546824,0.011697078759382196,0.0031058112532864612,0.027606224946342905,2669750.85,0.6237462196144633,0,8.417541347586848,-9.068415357009144,60.003205130378255,0.021867967826729576,0.007859203232759423,-0.011695036486235235,-0.012448950359439988,0.051958662332275744,0
2022-10-13,2746.14208984375,2752.0709454566427,2701.0559547014504,2743.8855254420205,2054781,61.033158609411736,-14.584768494366472,-29.61087075127424,15.02610225690777,2775.4147683607403,2692.660266113281,2609.905763865822,2692.660266113281,2813.158994140625,2724.741807937964,2775.1704864276435,2719.8010148967455,2734.385783391112,2691.521754750533,0.0008223183719200389,0.0135699298179179,0.018576966918013655,0.0008223183719200389,-0.004890266046503444,0.00043528130165304546,0.022285300008824782,2517976.45,0.8160445662627225,0,7.729663525793512,-8.66593537364588,60.44566028123677,0.022011118982075688,0.007854058628028801,-0.010460040824828919,-0.010547136539984526,0.05219971075742341,1
2022-10-14,2742.469970703125,2787.4677508118325,2717.559829442266,2783.043198826417,2245977,64.16313624362988,-11.696065521625314,-26.027909705344456,14.331844183719141,2774.571000410655,2692.43017578125,2610.289351151845,2692.43017578125,2809.625546875,2726.4302043917887,2773.8881132619763,2723.2885465592653,2734.9846120808907,2691.370761324708,-0.0013371919662154008,0.013266389024068544,0.025490861200439353,-0.0013371919662154008,0.009643021174973176,0.01117507018850361,0.03398069825352401,2523374.15,0.8900689578673856,0,9.88003783286058,-7.13752246683589,62.68954090155304,0.022858788453928067,0.005883065073699338,-0.011326391431810443,-0.011569727248925616,0.05063830164765162,0
2022-10-17,2760.74658203125,2775.5183859957915,2724.9923530417946,2726.056950485792,1517005,64.86878320655336,-7.84158490402433,-22.390644745080433,14.549059841056103,2783.5924007732674,2697.3460327148437,2611.09966465642,2697.3460327148437,2806.5815234375,2729.6984308336423,2773.3727590960657,2729.0513212472633,2736.8929061512877,2694.110911236322,0.006664288587794109,0.013302571412388563,0.018301583087290053,0.006664288587794109,0.006144876801724264,0.00040191180145932037,0.03835984216735144,2333113.35,0.6502063005211469,0,9.044713359195157,-6.81412429718057,59.99355777103165,0.021730918064522504,0.01137420560707348,-0.004552643355785676,-0.00820731466850928,0.05731183661827833,0
2022-10-18,2789.978759765625,2799.427572988243,2775.6505614602315,2794.6809647091136,1793722,65.6812951327708,-2.400418277190056,-18.39259945150236,15.992181174312304,2797.9989164467393,2702.8341552734373,2607.6693941001354,2702.8341552734373,2803.277939453125,2735.4394145414503,2774.023974808598,2738.4247733270113,2740.8251916042013,2698.74244744535,0.010588504546066302,0.013402887099618383,0.008522291234220287,0.010588504546066302,0.015963001362529372,0.027133428666701986,0.05624486851047683,2319188.45,0.7734265837689903,0,15.202541067546008,-3.656632979766073,59.65929985328132,0.021383424387895002,0.019938056362808262,0.005751494976941587,-0.0028663902026449996,0.06991276044346935,0
2022-10-19,2769.706787109375,2802.6661968962776,2760.967776113079,2802.6661968962776,1194289,60.80210854265765,0.2728217829608184,-14.659515204609725,14.932336987570544,2806.2935294082085,2706.7998779296877,2607.306226451167,2706.7998779296877,2799.2954736328124,2738.7029738336337,2773.854673330197,2743.23739083199,2742.9645690490293,2700.7826793701056,-0.007265995336090958,0.01365727944273131,0.015055175146073012,-0.007265995336090958,0.009931491209461463,0.009410393634426528,0.012545431794160677,2301688.15,0.5188752438074636,0,16.213827148910696,-2.5006456110745603,58.21637091828273,0.021018965324860497,0.011320619129551759,-0.0014953509499623717,-0.013037389679813344,0.0622867229827673,0
2022-10-20,2801.158203125,2803.5536011727536,2754.7575733042404,2754.7575733042404,1587601,69.39301174169418,4.873076420702546,-10.752996879547272,15.626073300249818,2818.9644697756553,2714.0681640625,2609.1718583493443,2714.0681640625,2795.763291015625,2744.6510909090016,2774.925399988817,2752.148285030915,2747.2752086102123,2705.4726142121986,0.011355503825171809,0.013138266392351914,0.01741994715402931,0.011355503825171809,0.014637932129220266,0.020033964551477546,0.020477966263297676,2268377.3,0.6998840095957582,0,19.909282971037555,-0.24508643882654724,57.53955671193252,0.020541344879321993,0.020588085823791832,0.009453516529233104,-0.006316598467831127,0.07358133354125362,0
2022-10-21,2783.502685546875,2803.908296485969,2774.2758872411737,2801.601705210383,1021913,65.79353098197473,7.013313536111582,-7.199734796415501,14.213048332527084,2826.3598253258465,2720.179345703125,2613.9988660804033,2720.179345703125,2791.7116259765626,2748.351242779275,2775.2617641283487,2756.9720389564472,2749.9587254203357,2709.439874984061,-0.006302934821185158,0.013422025020836127,0.010645726838583397,-0.006302934821185158,-0.002321191226306696,0.014961955930999693,0.026304227027189597,2218573.8,0.46061708652648836,0,21.921038387486078,1.3736508663723725,55.25689862186164,0.0198515700770755,0.012790011051154163,0.002969421308304819,-0.015163369998025837,0.06484464154364249,0
2022-10-24,2805.061767578125,2819.523178997157,2799.1175675695504,2812.5143817126964,260949,70.5001339546218,10.330026497559174,-3.693782537620566,14.02380903517974,2833.8831153083283,2728.4901123046875,2623.0971093010467,2728.4901123046875,2788.4486572265623,2753.75224514107,2776.4303917146144,2764.3704587443976,2754.0404322468385,2713.815117343048,0.0077453067112864815,0.013152572227771516,0.007274567591866219,0.0077453067112864815,0.012764882056576221,0.01605188460082041,0.016460247844136466,2099002.55,0.12432047783839044,0,24.05381430742773,3.0576326185487233,54.87798629669481,0.01956391368311157,0.018632584876722078,0.010312297383342274,-0.010170266929681595,0.06937015699184879,1
2022-10-25,2805.416259765625,2825.067660501938,2795.7012428374555,2821.740659253015,2069643,61.46021705238041,12.839148262965864,-0.38719637750328006,13.226344640469144,2840.1667325923077,2736.27216796875,2632.3776033451927,2736.27216796875,2783.9848779296876,2758.672627486266,2777.5670924224974,2770.685197363048,2757.846049100082,2723.9206868730957,0.00012637589360675605,0.009623788422886668,0.01046775770342753,0.00012637589360675605,0.0015201057319342848,0.005533196246016114,0.03281675949835838,2056210.25,1.006532770663895,0,23.233212944815477,3.5431176138995397,49.82994353427807,0.0177620498779176,0.016944247684058302,0.010026460717763823,-0.012235363659430242,0.06573473965153666,1
2022-10-27,2801.246826171875,2815.974441397047,2780.797027533188,2804.174631198769,2438421,59.37917654666954,14.326064934788974,2.555455884955171,11.770609049833803,2845.69563904705,2742.825891113281,2639.9561431795123,2742.825891113281,2779.8084814453123,2762.727313075371,2778.4957094322767,2775.3869864105595,2761.0609214757706,2731.804950628963,-0.00148620853651793,0.009650361756344941,0.012557770181191632,-0.00148620853651793,0.00637475247181718,0.011387501091917773,0.020905055594131694,2066758.95,1.1798284458862511,0,24.02433924173738,4.641036102079852,50.26622717921675,0.0179442335140133,0.013942567880007445,0.008188285719630265,-0.015619665105878915,0.06109597063158303,0
2022-10-28,2806.436767578125,2819.966574171207,2790.245359688043,2794.681361849709,1355739,67.29603637725275,15.741780559824292,5.192720819928995,10.549059739895297,2851.833186348866,2748.833850097656,2645.834513846446,2748.833850097656,2775.8925146484376,2766.8901182661098,2779.5914372027023,2780.163875820954,2764.42209526113,2738.2660829326865,0.0018527254927200865,0.008843164366792488,0.010590373824389534,0.0018527254927200865,0.0004901852842931209,0.0018844221105527303,0.02195613910779315,1997557.55,0.6786983433843996,0,22.23902735710817,4.6660372138853745,49.424727864321994,0.01761120308688591,0.014292815262500343,0.00965801305044997,-0.01591832894996956,0.06070003731949189,0
2022-10-31,2832.964111328125,2838.154320749786,2819.345713992005,2838.154320749786,1919414,64.57288529019036,18.787707339441113,7.9117181238314185,10.875989215609694,2856.8365449113594,2757.8649780273436,2658.8934111433277,2757.8649780273436,2772.3584375,2773.1828795101114,2781.684483246837,2788.286988975904,2769.499281636463,2747.2297380764016,0.009452321910994765,0.008013709026918062,0.006639196974847434,0.009452321910994765,0.009819523739696745,0.01776949095040381,0.03299731322191968,1968833.15,0.9748992696511637,0,24.831636730836635,6.422719118488203,43.97890509577236,0.015523989492106401,0.021556902092433963,0.018434739234492025,-0.008356247621431593,0.06546734797840077,0
2022-11-01,2892.007080078125,2894.5800911808988,2842.102057931558,2851.90566560246,2991060,82.87524515154864,25.66999269567077,11.46337303819929,14.206619657471482,2874.136486873775,2769.527478027344,2664.918469180913,2769.527478027344,2770.3565234375,2784.4994700403986,2786.010859593162,2804.2439260685533,2778.5739333728825,2764.113655289426,0.020841410773227098,0.007783823684700729,0.01814588685167497,0.020841410773227098,0.03239994885787367,0.030995863800556522,0.04754529043020628,1977518.5,1.5125319940116868,1,30.747224899328558,9.580467878547552,42.587049760412356,0.01472577645254655,0.03860931244356338,0.03804587484646113,0.006217726014740492,0.08521409323528385,0
2022-11-02,2876.037841796875,2901.1456594790648,2858.6044384654506,2901.1456594790648,1405955,75.84845113198448,29.495661727880815,15.069830776135595,14.42583095174522,2877.676803990207,2781.2587280273438,2684.8406520644803,2781.2587280273438,2767.9555810546876,2793.217410207682,2789.541329483504,2815.2891438729107,2785.79348214503,2773.4117430544898,-0.005521853107226304,0.008033181257470582,0.014791606840275617,-0.005521853107226304,0.024800513955214987,0.02517329889474218,0.03084578394370263,1959649.7,0.717452205871284,0,34.54478272141614,11.974237061006534,42.60122053086372,0.014812468706686963,0.029650549680282554,0.031007431723331494,-0.0005695435258954702,0.0712136079976946,0
2022-11-03,2845.030029296875,2863.927442110941,2834.6054240597227,2863.927442110941,1422652,67.38657699337494,29.683290180718814,17.99252265705224,11.690767523666572,2884.634243127331,2786.74072265625,2688.847202185169,2786.74072265625,2765.4866650390627,2798.1519453590336,2791.7173569271654,2819.864664707367,2790.181374526648,2779.2941886541676,-0.010781434113755317,0.008873723264269493,0.010306400195875868,-0.010781434113755317,0.004259114303814204,0.015629898342386817,0.027195384918744958,1923488.55,0.7396207271418381,0,35.424632283662504,13.221647494888657,41.91675102957515,0.014733324639084572,0.01675323029387043,0.019096729916953596,-0.013729371037182086,0.0580854229964349,1
2022-11-04,2854.479248046875,2856.830459700242,2809.010215317734,2854.1244544321157,1464013,69.30147986847109,30.24580524854673,20.44317917535114,9.80262607319559,2892.4925991275245,2792.217321777344,2691.942044427163,2792.217321777344,2764.4447265625,2803.516450376923,2794.178607559311,2825.1899852211372,2794.9441799725905,2783.067094797159,0.0033213072103619456,0.008803143961697513,0.016752703462541593,0.0033213072103619456,-0.012976397011530194,0.017118675547501905,0.019035356468759757,1907148.4,0.7676450348593744,0,36.62633211081311,14.587170356608567,40.33905981621384,0.014131845534983343,0.01817816965657553,0.021580811020608368,-0.013142073757462902,0.06037916156337579,1
2022-11-07,2868.939697265625,2877.0133070034576,2834.693894089148,2864.7698989863147,1474498,68.89235053327228,31.4953807493539,22.65361949015169,8.841761259202208,2898.4756089491857,2800.0562377929687,2701.6368666367516,2800.0562377929687,2764.2096630859373,2809.7472357948946,2797.110414998774,2831.9207101510583,2800.4253294017044,2789.231216753431,0.005065879959941677,0.008760820570309554,0.014750889659564424,0.005065879959941677,-0.0024680289070241335,0.0126989204676633,0.030694064770397045,1883879.35,0.7826923735853891,0,36.564356284783116,15.425931751937242,39.752872670521874,0.013856294263839069,0.021066827904177843,0.025679816528402,-0.010190153607767862,0.06192646861424699,1
2022-11-09,2853.281494140625,2883.2245139833467,2840.5056757133734,2883.2245139833467,1162267,61.60380719156073,30.866383747144937,24.29617234155034,6.570211405594598,2903.96816723743,2804.7384399414063,2705.5087126453827,2804.7384399414063,2764.3189208984377,2813.8933556373454,2799.313202416102,2835.2069846109916,2804.3406008638467,2796.6877075791544,-0.005457836266103411,0.008710893559147902,0.014971827475732355,-0.005457836266103411,0.0029003085235586035,-0.013390557099346334,0.0171902548171452,1788789.55,0.6497505533839909,0,29.393885596946802,13.302342822939863,40.04129033573476,0.014033417459147235,0.013997736774341334,0.019279118777399705,-0.017454279860451647,0.0546192221834516,1
2022-11-10,2844.053955078125,2861.221369938422,2812.4253465751312,2812.4253465751312,1573092,64.20342606826765,29.285726184905343,25.29408311022134,3.991643074684003,2902.5199902941886,2811.127294921875,2719.7345995495616,2811.127294921875,2764.1728466796876,2816.7657936793244,2801.0677417361812,2836.5680569905503,2807.282330805645,2807.8669238919892,-0.0032340093613087983,0.008456779529203226,0.01715720732940536,-0.0032340093613087983,-0.003652257404177406,-0.011120815677017393,0.013772535600733882,1630911.9,0.9645475025352381,0,23.54838347164241,11.526412252677346,40.548261948598466,0.014257205590702171,0.009687763696944152,0.015346366923386041,-0.02014319812148397,0.04571010551880797,1
2022-11-11,2941.912353515625,2964.6691755192865,2887.881931563793,2900.790741715342,3265394,71.44794828049305,35.51994676010327,27.33925584019773,8.180690919905537,2923.9312834691573,2821.0286254882812,2718.125967507405,2821.0286254882812,2767.5705712890626,2828.684513663734,2806.591059845179,2852.7748718405614,2817.254925080458,2823.2016724993964,0.034408066788877756,0.011954695613494468,0.026101132436434325,0.034408066788877756,0.025435409576419543,0.034053181590738335,0.050215327699623113,1710919.25,1.9085611433736571,1,30.532568304700362,14.873702918013805,45.6782042752162,0.015526704669032757,0.040028444071777206,0.04821553649426596,0.006149621281500746,0.08233113133216484,0
2022-11-14,2959.25732421875,2971.2345311973,2935.746510520115,2949.05451827406,1342074,76.80665084338301,41.383166278127646,30.148037927783715,11.235128350343931,2945.4947748732643,2831.6843872070312,2717.873999540798,2831.6843872070312,2769.92412109375,2841.120019430878,2812.577972173555,2869.156787591052,2827.773621312924,2834.0236455928966,0.005895814905021668,0.011619318923788369,0.011992205066706691,0.005895814905021668,0.037141736732163366,0.036706546822355524,0.054453589835378624,1675283.9,0.801102428072042,0,37.6035690539552,18.39936461424395,46.09646223467261,0.015577037474036553,0.04158124400937371,0.05215121269396903,0.004672406640435427,0.08881328741462445,0
2022-11-15,2956.68408203125,2963.204874883112,2920.663659852912,2946.392470951252,1400708,74.54760190074,45.2999808681393,33.17842651585483,12.12155435228447,2961.0694796148828,2842.3950927734377,2723.7207059319926,2842.3950927734377,2773.632333984375,2852.1261206309136,2818.2291921679744,2882.622525197236,2837.3225443290967,2844.6979349277367,-0.0008695567521082026,0.011659133663219383,0.014388150323105888,-0.0008695567521082026,0.039601965620947865,0.030584255517553727,0.04367156301359709,1633020.45,0.8577406363772113,0,42.3788848360191,21.118777169200257,46.56222806180959,0.015748124172204836,0.03665965563164061,0.04912832861431213,-0.0014810181300450715,0.08553130120569498,0
2022-11-16,2976.8681640625,2988.002356606377,2946.7919383664444,2962.273543145715,1748235,76.08325044588372,49.46259735148897,36.43526068298166,13.02733666850731,2979.6741759613124,2853.201171875,2726.7281677886876,2853.201171875,2777.767236328125,2864.006315243446,2824.450328320701,2897.1218542534307,2847.6592569019417,2855.581886785974,0.006826594073379377,0.011632920705545538,0.013843548309406198,0.006826594073379377,0.011882002706539607,0.04331387217688376,0.02934331819895908,1644581.95,1.0630269899289604,0,50.1129596061005,25.13712590459909,47.408228102913164,0.015925538347729737,0.03940698322428826,0.05396371613035953,-0.0009417176956628396,0.09173631579002245,0
2022-11-17,2971.234130859375,2980.993335230666,2943.5091184409357,2963.249327282864,1417986,75.74570959072683,51.7107916928785,39.49036688496103,12.220424807917475,2995.4597038826155,2862.2639404296874,2729.0681769767593,2862.2639404296874,2781.7363671875,2874.2184881592484,2830.206555871237,2908.5237429620374,2856.812951269159,2864.0728919574995,-0.001892604204358328,0.011648987700542204,0.012615706180949406,-0.001892604204358328,0.004047233926771421,0.044717919487486046,0.033099804070388705,1625795.15,0.8721799914337302,0,57.45269447992405,29.13881413505578,47.572999740475424,0.016011191863468464,0.03375374666184785,0.049829428419483235,-0.008087430784610489,0.08873576553550423,0
2022-11-18,2966.310546875,2983.4335602983065,2946.39293844344,2972.1217536240656,1164540,74.2335011705182,52.49013621010954,42.09032074999073,10.399815460118809,3005.5474491929767,2872.094128417969,2738.640807642961,2872.094128417969,2785.71939453125,2882.9891604178915,2835.5439672831494,2917.4140204871087,2864.923884276999,2870.8768177718594,-0.0016570838135030463,0.011742613633063326,0.012487101828865711,-0.0016570838135030463,0.0032558313897157465,0.00829331075421691,0.04262890596205704,1624307.7,0.7169454408176481,0,54.3046467541576,28.952907437970225,48.0958145527399,0.016214018658096574,0.02890104048987509,0.046116928921099885,-0.013054827109288285,0.08313238399013893,0
2022-11-21,2913.122802734375,2957.660223917546,2903.80719760914,2947.723621770964,1304194,61.24177573011794,48.25965860743281,43.32418832147915,4.935470285953663,3007.9723321906104,2877.6923583984376,2747.412384606265,2877.6923583984376,2788.2395751953127,2885.8590311146995,2838.5862745557465,2916.753833140534,2868.494174533101,2877.2235407027997,-0.017930605477790684,0.012984530684119311,0.018486356379434864,-0.017930605477790684,-0.021413565470475016,-0.015589898555562254,0.02054439692550769,1610137.35,0.8099892844545218,0,44.739011683821445,26.008302382191687,50.29479998803981,0.017264908963271673,0.009447367777054759,0.026258327550848826,-0.03153271339672179,0.06031508740973312,1
2022-11-22,2941.025390625,2944.5741927896725,2888.0595616376004,2910.017775031512,1149739,57.532445802360655,46.621061700800055,43.98356299734333,2.6374987034567283,3010.821793499194,2885.568493652344,2760.315193805494,2885.568493652344,2790.9629736328125,2891.1129701156806,2842.6034947937565,2920.487918907375,2873.866857206575,2881.75124320894,0.009578239497639585,0.012047265165601654,0.01921596166161017,0.009578239497639585,-0.01016706826319258,-0.005296031287689185,0.025126249055732908,1616528.65,0.7112394822077543,0,38.986849484766935,24.374302625782093,49.930417937989695,0.01697721417066003,0.01726408515517894,0.03462385661999775,-0.023181844579740537,0.06546723259178636,1
2022-11-23,2935.12548828125,2954.3776960130094,2919.776876149794,2954.3776960130094,1150011,59.36971793634927,44.33531907472525,44.05391421281971,0.2814048619055356,3013.1619744294567,2892.0716796875,2770.981384945543,2892.0716796875,2792.718857421875,2895.304638512401,2846.2318082638544,2922.739852657202,2878.4045335824767,2884.224134646572,-0.0020060698430407475,0.011930925668758958,0.011788531700386287,-0.0020060698430407475,-0.010513079497560862,-0.014022346130466268,0.028684163938502483,1660981.75,0.6923682334258038,0,31.2983232689553,21.7814799431535,49.363246427246914,0.01681810424267517,0.013753595818265478,0.031232059089248598,-0.0258985367565522,0.05923681199285022,1
2022-11-24,2998.87060546875,3010.2268148938447,2935.125381162029,2942.178581633321,1296591,72.10041462981785,47.12432985187752,44.66799734063128,2.456332511246238,3024.582932059568,2901.7443969726564,2778.905861885745,2901.7443969726564,2795.3018701171877,2905.168063936815,2852.2176434483604,2934.452276166671,2887.3279463147933,2892.9232463952353,0.02171802106656351,0.012501579735964993,0.025043239143049525,0.02171802106656351,0.02943501134036941,0.009301345297006769,0.05443520159460968,1622329.15,0.7992157448443801,0,30.94957577756668,22.011087577123362,51.76817614115144,0.017262557459713945,0.03225374211396152,0.05141717090112544,-0.008501114754790156,0.07915516196498242,1
2022-11-25,3007.299072265625,3019.4538923326327,2970.3472582768977,3001.3992756125285,1588981,72.01835056014093,49.4447791812845,45.623353708761925,3.821425472522577,3033.955821980031,2912.047009277344,2790.138196574657,2912.047009277344,2798.294150390625,2914.894826634797,2858.299268107861,2945.65947556651,2896.2146963852256,2905.4814631021186,0.002810547004430619,0.012503956276066446,0.016329148806187483,0.002810547004430619,0.022534209276765527,0.01381801559307605,0.02222592344461316,1579857.15,1.0057751107433985,0,31.9056662169055,22.755300824711412,51.86006111781051,0.01724473019530459,0.03170071344821292,0.05212883263144072,-0.008786136410189787,0.07783158409772249,0
2022-11-28,3012.267578125,3031.564189515684,2985.917765891163,2986.3169628064943,2195437,71.23147172360618,51.09566981639637,46.71781693028882,4.377852886107547,3041.427792377872,2922.3385498046873,2803.249307231503,2922.3385498046873,2803.3140185546877,2924.1684220148168,2864.3372410497095,2955.9068759601237,2904.8112061437273,2916.726767086342,0.001652148901715833,0.012510738231935188,0.015153508923312143,0.001652148901715833,0.026282382184934505,0.034033846873040785,0.017913364097272177,1621842.05,1.3536688113370843,0,38.30939090011725,25.750966493963006,52.097704739968485,0.01729517826314651,0.030127934987233384,0.05164557264949627,-0.009587672712779926,0.07456285473942531,0
2022-11-29,3014.13037109375,3042.210177164446,3001.398958689799,3001.398958689799,1576028,74.84221854042441,51.95541468396095,47.765336481023255,4.190078202937698,3049.4178815077894,2931.396862792969,2813.3758440781485,2931.396862792969,2808.6551904296875,2932.736226689001,2870.2114814435936,2964.864336749912,2912.908922065951,2926.9388673844633,0.0006184022237192277,0.01227704052709263,0.0135399645834953,0.0006184022237192277,0.005088504184599385,0.024856970192023597,0.01942929561248019,1604672.75,0.9821491640585285,0,41.623256573320305,27.60798664983713,51.96144618315946,0.017239282906102032,0.02775365328256658,0.05014225975354658,-0.011571884138290495,0.07135716596066184,0
2022-11-30,3008.3193359375,3029.700736869522,2994.3015254756792,3001.399129091621,3410702,75.64046769594734,51.57336110979986,48.526941406778576,3.046419703021286,3058.479166397634,2937.2124755859377,2815.9457847742415,2937.2124755859377,2815.57298828125,2939.9346180460007,2875.627475737472,2971.54972124031,2919.9763601305103,2940.3983736000905,-0.001927930925609389,0.012222732159294565,0.011767105629699149,-0.001927930925609389,0.00033926245689497314,0.02493721237762503,0.01056518802367079,1625654.85,2.09804805737208,1,44.62997953359945,29.395667473617777,51.00453104248462,0.01695449363808639,0.02326062541382318,0.0461436195472427,-0.016400252455933385,0.06831578654795778,0
2022-12-01,3083.59814453125,3087.45755311331,3034.2255263354946,3038.661528566979,2180856,73.79315377721365,56.69144789980419,50.1598427053837,6.531605194420486,3081.6635369692717,2947.5904907226563,2813.517444476041,2947.5904907226563,2823.640625,2953.616858663643,2883.783188239189,2988.787940208147,2932.096492308343,2951.3964379863587,0.025023543110755053,0.010578739431220589,0.017262958492896444,0.025023543110755053,0.023680023290178598,0.02825314933828449,0.03781728693301445,1664399.9,1.3102956807435522,0,48.448794726828055,31.565544790828426,48.04188795210238,0.015579814781411933,0.04400749727790238,0.06928917441053062,0.0006277802682770858,0.09599396676408592,0
2022-12-02,3051.215087890625,3077.6092990888296,3028.014884688159,3068.0277083049227,2411749,64.69993185857493,57.47202479357793,51.62227912302255,5.849745670555379,3090.4677466091284,2957.8997436523437,2825.331740695559,2957.8997436523437,2830.857080078125,2962.911928113832,2890.349145088265,2998.3921167746826,2940.9200919811046,2962.7920850248393,-0.010501711028091054,0.011174181242191751,0.01625398832009464,-0.010501711028091054,0.012303620690241823,0.014603142078554399,0.02862294411657995,1713854.75,1.4072073493976078,0,48.017101479034864,32.04987698040395,49.477262178238526,0.016215593051633503,0.029802829756403273,0.05565623207692015,-0.012701203163039503,0.07994931849647385,0
2022-12-05,3039.46044921875,3051.215857169985,3022.6924445176714,3045.7596601200958,1475065,62.85489616808441,56.490944063665665,52.59601211115118,3.894931952514483,3095.065927974738,2967.1488037109375,2839.231679447137,2967.1488037109375,2838.530439453125,2970.2022634571576,2896.196647211029,3004.7103217660774,2948.2193777024117,2971.256796466364,-0.0038524451188399755,0.011266212788264085,0.009384367103590786,-0.0038524451188399755,0.01035166476817695,0.009027375685753736,0.043368458880548966,1714407.35,0.8603935348270643,0,46.03384144234087,31.859406161319384,48.47599057981808,0.015948880200852143,0.023317666481399657,0.049466185987640326,-0.017965846301818005,0.07052216669074429,0
2022-12-06,3003.48388671875,3023.534485303333,2988.090873517657,3016.5256889568245,1166999,53.94007164686596,52.20859441414859,52.518528571750664,-0.309934157602072,3093.9578786379498,2973.876013183594,2853.794147729238,2973.876013183594,2845.3745361328124,2973.3719418630235,2900.403989936822,3004.521639451104,2952.3130450369554,2977.235221451766,-0.011836496345674519,0.011749158110692617,0.011800833006764443,-0.011836496345674519,-0.02598077118271147,-0.003532191068144397,0.02123697955578585,1699032.4,0.6868609450885104,0,40.63571517402261,30.192508493228615,49.20164468418667,0.016381524436256772,0.010127204212756272,0.0355398410495819,-0.029242153729329062,0.05245288596187644,0
2022-12-07,2999.2705078125,3010.892705993621,2975.6708846389,2988.357896847238,1167505,54.16790974083809,47.92239743224354,51.59930234384924,-3.676904911605696,3087.332806059008,2981.1754638671873,2875.0181216753667,2981.1754638671873,2852.583017578125,2975.8384719534497,2904.2811082848884,3003.713773045165,2955.7913756129215,2981.8983760928477,-0.0014028305345273884,0.0117415722986663,0.011743462706339743,-0.0014028305345273884,-0.01702422758863431,-0.003007934701912296,0.021854268169233304,1699294.3,0.6870528548233228,0,35.90385390744905,28.653632547416237,49.04004501025741,0.016350657562403222,0.007874095344855413,0.03270668230311465,-0.028523746475819615,0.04321794885408491,0
2022-12-08,2972.609375,2999.2697906224844,2962.761363815113,2980.9933755483976,1285619,50.879543455583054,41.891327692919276,49.657707413663246,-7.76637972074397,3072.1756032352087,2987.603234863281,2903.0308664913537,2987.603234863281,2859.0397021484373,2975.530938910264,2906.960648156069,2998.928481038217,2957.0371533452976,2988.4176015288863,-0.008889205806229539,0.012010897774312315,0.012281609253611233,-0.008889205806229539,-0.021994388588255198,-0.035993266414460656,-0.008757040207356681,1684920.65,0.7630145668877641,0,21.91408024662087,23.177459916880252,49.00208230615174,0.016484534671210117,-0.0009818630591466758,0.022583287078747682,-0.03240902900549001,0.023967540032648692,0
2022-12-09,2921.3291015625,2993.502940359297,2906.77910172055,2993.502940359297,1797896,51.152032036039174,32.59800249253249,46.2457664294371,-13.64776393690461,3073.9422908405877,2986.574072265625,2899.2058536906625,2986.574072265625,2864.0628369140627,2970.368859162858,2907.524116917106,2986.99011496503,2954.3921124724975,2991.5144391610897,-0.017250929055385944,0.011933018503570146,0.029686432313415854,-0.017250929055385944,-0.02735316327799664,-0.04256861040167381,-0.028587103788901613,1611545.75,1.1156344770230693,0,7.456931049026025,17.17497182884108,50.73211726135797,0.017366108198567366,-0.016509652479382256,0.0047480206836708165,-0.049647382689267966,0.007630795806953421,0
2022-12-12,2915.740478515625,2924.2132878855155,2871.070056581924,2888.281662230369,1527610,46.21315885887621,24.499603958660373,41.89653393528175,-17.39692997662138,3076.6612797403895,2984.398229980469,2892.135180220548,2984.398229980469,2868.6520947265626,2965.1661562440736,2907.8463271758715,2976.0286324343524,2951.529028475692,2988.86967343755,-0.0019130412399910313,0.011634741225418297,0.01822632422027022,-0.0019130412399910313,-0.027850115246122686,-0.04070458318841608,-0.03204466306723608,1620822.55,0.9424905891147677,0,-5.036107213084051,11.649679964842562,50.49130298646651,0.01731680283568006,-0.016668771705884863,0.0027147759721609533,-0.052303710611375176,0.008161893142656206,0
2022-12-13,2956.240966796875,2960.1001591337144,2899.193929510556,2907.5335278353573,1378016,52.86542453764719,21.106315238504976,37.738490195926396,-16.63217495742142,3076.667354325915,2984.37607421875,2892.0847941115853,2984.37607421875,2874.7300830078125,2964.316138201483,2909.7441561806168,2972.9843761824327,2951.8780609439277,2988.5443625458324,0.013890292561932194,0.012241975913766537,0.020602593058965463,0.013890292561932194,-0.005506410744978929,-0.015729373522122336,-0.019206005437604312,1619687.95,0.8507910428054984,0,-9.055803661540267,9.340166243794556,52.37026082646246,0.017715152930583435,-0.0027241262497419098,0.015979690350951956,-0.039141829018244575,0.02218336502993084,0
2022-12-14,2985.739990234375,2996.0757883833653,2964.047766900936,2971.056780109854,1213311,48.03555526984589,20.56042634179039,34.3028774250992,-13.742451083308808,3077.044263125465,2984.8196655273437,2892.5950679292223,2984.8196655273437,2881.2697412109374,2966.356505061759,2912.724384967039,2974.9467783442697,2954.3863520024793,2989.2805972405054,0.009978558503457302,0.011024314053870813,0.010726996184257534,0.009978558503457302,0.022048487668651973,-0.004511269504661408,-0.007505634602480993,1592941.75,0.7616794524972429,0,-9.481966891690718,8.443276682150554,49.851217101796365,0.016696436148106498,0.006534442215404739,0.025067804439094662,-0.029672720014222016,0.032201161973160024,0
2022-12-15,2932.2861328125,2985.207550106407,2926.829720383816,2979.928751039301,1415694,40.10989258595215,15.63430337946511,30.56916261597238,-14.934859236507272,3077.906770040183,2982.872265625,2887.8377612098175,2982.872265625,2887.08720703125,2963.1117077046865,2913.4915123335277,2968.3836021086126,2952.7492987291475,2988.520731707797,-0.017903051704672657,0.01193340166601009,0.019908640248077626,-0.017903051704672657,0.005674597728704045,-0.013564931378681422,-0.0490699516041353,1592827.15,0.8887932378601157,0,-12.41923120557749,6.530864177458625,50.55147680142665,0.017239612545226015,-0.01040310927597965,0.006450892477088078,-0.047311581573922,0.015391575039195252,0
2022-12-16,2874.75146484375,2920.6640914329523,2861.399053790707,2905.581682698335,2703680,34.07634993096414,7.006976509715059,25.856725394720918,-18.84974888500586,3084.814939274559,2978.2943115234375,2871.773683772316,2978.2943115234375,2889.87443359375,2954.6964464798352,2911.972294784909,2953.978657914018,2946.971681404303,2980.995744050383,-0.019621096087770185,0.012792180644509826,0.02061570830279287,-0.019621096087770185,-0.027565243452200683,-0.015943988198329873,-0.05783388517814003,1669784.15,1.6191793412340152,1,-15.672412683022685,4.448177867803224,52.354380758374646,0.018211793749349472,-0.02705691873401413,-0.012782000023770272,-0.06809597287551021,0.0010369135591222745,0
2022-12-19,2840.860107421875,2879.40892179746,2834.161701026648,2862.9957142629496,2120965,31.32166740795911,-2.535760820861924,20.17822815160435,-22.713988972466275,3094.5726186110574,2974.6811767578124,2854.7897349045675,2974.6811767578124,2891.7926904296874,2943.854890379077,2909.183581554986,2936.57580399215,2939.111564813012,2975.1061502224056,-0.01178931738494382,0.012932135000933867,0.01592729633275555,-0.01178931738494382,-0.04852394491361156,-0.02568142523160044,-0.06534065671027978,1710622.7,1.2398789049157364,0,-21.311265864996585,1.337254379114711,52.67123806524358,0.018540595479389358,-0.034986365426435635,-0.023485446077140183,-0.08198628452385667,-0.00487938824789074,0
2022-12-20,2878.03369140625,2882.5140967421403,2806.791456036551,2838.0652701055446,1529971,36.84486879627036,-7.0179527612122,14.738991969041043,-21.756944730253245,3098.2604166381807,2971.531591796875,2844.8027669555695,2971.531591796875,2895.11013671875,2937.5862047626174,2907.962017235428,2927.5693251327807,2934.587277893993,2971.508769491476,0.013085327182164708,0.01372789631355985,0.026310547000090858,0.013085327182164708,-0.018501755609441117,-0.026454973146307292,-0.04176822651429368,1729634.3,0.884563286007915,0,-26.729933438865828,-1.7821389451887626,55.55148301608259,0.01930188766794433,-0.020272601110332272,-0.010291855826105518,-0.0710807665002193,0.011681275354721106,0
2022-12-21,2899.85888671875,2912.723292412185,2874.529272188241,2882.514075722097,1432566,29.202586564235773,-8.708623712213011,10.049468832790232,-18.758092545003244,3099.574037348597,2969.76826171875,2839.9624860889035,2969.76826171875,2897.9145654296876,2933.9931268536775,2907.6442474112446,2923.3061807613913,2932.0148044736043,2969.5517703574124,0.007583370332901129,0.011610447033198851,0.01317099269860031,0.007583370332901129,0.008733771312771532,-0.028763758330102807,-0.03314526676897023,1743762.05,0.8215375486580867,0,-32.363378208081485,-5.080137555794408,52.62689751952072,0.018148089122732844,-0.011634055929616981,-0.0026775492563872274,-0.06443309571681824,0.02109056049973877,0
2022-12-22,2892.007080078125,2922.4380969029407,2879.054084290856,2922.4380969029407,1384101,30.919672063995506,-10.560334830771353,5.927508100077916,-16.48784293084927,3097.931778672381,2964.425085449219,2830.9183922260568,2964.425085449219,2901.429169921875,2929.9944557321965,2907.031025162887,2918.490934502427,2929.0512693331984,2966.272907549984,-0.0027076512848904777,0.011477118792834553,0.015001350761185873,-0.0027076512848904777,0.018004044804116326,-0.013736399147289635,-0.027114997214147896,1748137.55,0.7917574907077535,0,-33.11725197249007,-6.46048717064059,51.75552271730599,0.017896056712249774,-0.012964999158873333,-0.005168140606246287,-0.066471669909563,0.021579105925420873,0
2022-12-23,2864.19384765625,2898.35106722634,2854.1240352462114,2854.1240352462114,1360281,29.77365626722174,-14.109479349554022,1.9201106101515286,-16.02958995970555,3096.325544524657,2957.26982421875,2818.214103912843,2957.26982421875,2903.83533203125,2923.727731153535,2905.3511358489013,2910.1375365260924,2924.2470158756464,2961.090956931131,-0.009617276739558922,0.011583642716436287,0.01544135429811057,-0.009617276739558922,-0.004808784480642259,-0.003672532153340069,-0.019557965542359,1736702.55,0.7832550254503858,0,-30.9687153263003,-6.62115893600776,52.87720981214992,0.018461463373164837,-0.020362321314302507,-0.014166028912930608,-0.07497005516067057,0.016315206030502922,0
2022-12-26,2885.974365234375,2902.9199811046005,2861.265961737632,2864.193766652603,870157,35.979630631885016,-14.991879158897973,-1.4622873436583719,-13.529591815239602,3090.962031200867,2950.9551635742187,2810.9482959475704,2950.9551635742187,2906.6319775390625,2920.132172494567,2904.591262491469,2906.4201255581356,2921.4120047170336,2955.8585504148054,0.007604414622965461,0.01175798421525042,0.014433260346574717,0.007604414622965461,-0.004787999011940047,0.01588049256443047,-0.010208766349604437,1670438.55,0.5209153009549498,0,-23.722717884510075,-4.592319063517152,52.18324150256961,0.01808167187179146,-0.011697349723390127,-0.006409472305967423,-0.06631840310469694,0.026690661437980427,0
2022-12-27,2891.830078125,2904.5170888075672,2866.9884637094456,2900.4358797986224,835883,37.2310422428631,-15.045248019286646,-4.178879478784027,-10.86636854050262,3083.9091851470635,2944.8401489257812,2805.771112704499,2944.8401489257812,2909.6191796875,2917.4367349355607,2904.0908238888624,2904.1755028761145,2919.220750895401,2951.0585901275463,0.002029024568327875,0.011824541855955174,0.012977465509472262,0.002029024568327875,-6.120384501973053e-05,0.00479368492451826,-0.02178810502773898,1633431.3,0.5117344084198705,0,-20.14946982705669,-3.871193346565633,52.348013198526814,0.018102036352173268,-0.008777107830283867,-0.0042218878497209044,-0.062284294215655935,0.030672126115643204,0
2022-12-28,2889.7001953125,2897.6849980443926,2862.1081792316395,2883.2235897763044,910795,39.53637845972198,-15.085510592733499,-6.360205701573921,-8.725304891159578,3076.691031079281,2938.9091918945314,2801.127352709782,2938.9091918945314,2912.198251953125,2914.7951597333645,2903.526485513319,2901.948532481712,2917.0340430744454,2942.25779723774,-0.0007365172762435757,0.011687613108918155,0.012311595116498148,-0.0007365172762435757,0.008905244900627718,-0.003503167499900206,-0.03216616156664598,1508435.95,0.6038009104728643,0,-19.197967120313024,-4.117761897925448,52.281418542481525,0.01809233311721726,-0.008609512176890013,-0.004761895670593395,-0.06077660508575212,0.031620426867430225,0
2022-12-29,2900.03662109375,2902.4764224575765,2863.883200884321,2866.633609062399,1037927,47.00303771717616,-14.120582511399789,-7.912281063539096,-6.208301447860693,3050.312740703714,2929.7311157226563,2809.1494907415986,2929.7311157226563,2914.3994091796876,2913.3895846248297,2903.389628085101,2901.6543922681794,2915.774974779579,2930.8664236996033,0.0035769889893828566,0.010889123791869026,0.013307839388145401,0.0035769889893828566,0.004872619808677037,0.0027764596673836017,-0.010998078038113479,1451289.5,0.7151757109797873,0,-16.604871107366762,-3.6413970777862232,48.843517323517844,0.016842379495572195,-0.004583308597500604,-0.0011548594645777205,-0.049265807274337076,0.03235396715329584,0
2022-12-30,2889.345947265625,2926.8745733236387,2880.030341621521,2915.3853696829165,1163131,46.33751553249527,-14.056483693094833,-9.141121589450243,-4.91536210364459,3028.877856131158,2921.637658691406,2814.3974612516545,2921.637658691406,2916.7921923828126,2911.0997144001435,2902.838895503945,2899.76078534471,2913.8172690378046,2918.979909138772,-0.0036863926994455953,0.010917514324572443,0.016212745914503383,-0.0036863926994455953,-0.0008590168828265243,0.00878156331142077,0.0050767805844629255,1388858.6,0.8374725836021032,0,-12.628016753391421,-2.5122403449563535,48.39358878055542,0.016748976987803556,-0.007472697354511973,-0.004648190521085579,-0.04606719567218189,0.02663038431701771,0
2023-01-02,2893.559814453125,2898.350826761541,2870.27080304208,2893.1606175778406,709547,40.328469353006234,-13.50992702341955,-10.014882676244106,-3.495044347175444,3006.6453216232885,2914.342626953125,2822.0399322829617,2914.342626953125,2918.640224609375,2909.429247738523,2902.47500997254,2898.8067898229274,2912.316716846347,2911.6621857951686,0.0014584155945354116,0.010125674058662586,0.009704317698636644,0.0014584155945354116,0.0013356469113599,0.002628384129161887,0.0185506167282119,1350582.7,0.5253636078708842,0,-10.702924756044013,-2.1162525189288317,46.048859787434175,0.015914258816224706,-0.005454483314118433,-0.0030715839029737376,-0.03761185476613138,0.025343327481658094,0
2023-01-03,2937.831787109375,2945.5059856421267,2879.2321442855205,2885.176344972348,1245178,42.93019689901702,-9.396086491711685,-9.891123439337623,0.49503694762593753,2994.232710935359,2911.060021972656,2827.887333009953,2911.060021972656,2921.726806640625,2912.134251488128,2903.8615502524162,2904.810635559304,2914.2067220510157,2908.062351811337,0.015300175387809478,0.01067402537900889,0.022558759710955112,0.015300175387809478,0.013032651291613906,0.015907473033201613,0.0207774133713865,1354491.65,0.9192954419467998,0,-5.302483447432678,-0.22927363644612342,47.93736119958531,0.016317258670127056,0.008824296341459975,0.011698297687093906,-0.018836519826932633,0.0388786543282822,0
2023-01-04,2940.759033203125,2952.026652767493,2915.5182224485047,2933.705832590389,1231668,51.46947862618886,-5.8324016403971655,-9.079379079549533,3.246977439152367,2981.8177231023033,2908.1344482421873,2834.4511733820714,2908.1344482421873,2924.440751953125,2914.8604211752704,2905.3085103681306,2910.341158273738,2916.1735599141352,2905.5842611113158,0.00099639676668839,0.0095182219368213,0.012414628300647502,0.00099639676668839,0.01779402220289872,0.01766925093940519,0.014104185093866572,1357699.8,0.9071725575859995,0,0.06526144190593186,1.782024854811425,46.33722980447312,0.015756894489244097,0.008885026480071485,0.012201982236475988,-0.01376968470643488,0.03750562395266344,0
2023-01-05,2937.60986328125,2960.854474652095,2911.747836974885,2954.555264030216,1826057,63.43641255904929,-3.2250905781165784,-7.908521379262942,4.683430801146364,2975.11637644466,2906.38447265625,2837.6525688678403,2906.38447265625,2927.0846240234373,2917.027034709173,2906.5752300902136,2914.536343659509,2917.7614342376255,2904.2668068524795,-0.0010708697606022222,0.007646638220012822,0.01671652804922127,-0.0010708697606022222,0.015223479607402002,0.012956126799988255,0.01576855863087756,1384721.7,1.3187176889045649,0,3.637450084343527,3.1856020051127416,44.78148399414577,0.015244190371871155,0.0070560979816660764,0.010677388587692996,-0.012606738163376093,0.03522534629857468,0
2023-01-06,2849.28857421875,2929.136612636604,2839.0413659681253,2927.761408654629,2488376,51.46154712402512,-8.191145248516023,-7.965046153113558,-0.2260990954024642,2975.6434706668288,2902.7824462890626,2829.9214219112964,2902.7824462890626,2928.045458984375,2910.5757527577043,2904.328694565843,2904.4982252840077,2912.6893705325238,2899.183626960421,-0.030065697343433784,0.010949995792630172,0.031620260398924946,-0.030065697343433784,-0.030138966185584537,-0.013863820317114972,-0.005204003021547221,1419245.7,1.753308817493687,1,-0.5239616424391897,1.4897990618978838,48.590146604310966,0.017053431177161113,-0.021056719956828514,-0.018951064474925276,-0.04246304965418561,0.006843706739522551,1
2023-01-09,2945.4609375,2951.715743667599,2857.805494277546,2864.7701040885718,2885060,59.70624909503185,-4.316713002051074,-7.235379522901062,2.918666520849988,2979.4186205177284,2904.2684692382813,2829.1183179588343,2904.2684692382813,2930.8259423828126,2913.8981513045896,2905.9417237005155,2910.8001810095448,2915.116894011596,2900.809941640836,0.033753114427035324,0.013826384575280118,0.031883040170195005,0.033753114427035324,0.0015988743871182542,0.017936772133630097,0.020612300989996557,1487118.2,1.9400340874047537,1,4.468903566066729,3.466713727975275,50.497612943115236,0.017144214102522023,0.010831808305063542,0.013599451591602998,-0.011397419209197145,0.04112327816148218,1
2023-01-10,2915.6953125,2925.9869237968323,2865.746103182856,2914.4533185787127,3864655,52.22872598482984,-3.606461663629034,-6.509595951046657,2.9031342874176227,2973.578892826287,2902.2411865234376,2830.9034802205883,2902.2411865234376,2932.48056640625,2914.069309513676,2906.3242173789267,2911.5532781619227,2915.1597398255517,2899.397722104058,-0.01010559149538881,0.014058023256722159,0.020660876448823463,-0.01010559149538881,-0.007459993600638315,-0.007534970077764602,0.008252640622119056,1611450.15,2.3982466972372682,1,1.9350580255481873,2.462667126510496,53.4633853783438,0.018336410237770277,0.0005579836351233334,0.003224380495829404,-0.01946596421770752,0.029952215916879143,1
2023-01-11,2953.22412109375,2971.6779339396694,2902.1656914177715,2918.978313377468,2720512,57.951157515016334,-0.015146548684697336,-5.210706070574266,5.195559521889568,2965.0929206515057,2900.6153930664063,2836.137865481307,2900.6153930664063,2933.7049072265627,2917.798339187969,2908.1634292893123,2917.9641770745116,2917.9793236231963,2899.892775294766,0.012871306694104412,0.014398698140513522,0.02353774711014938,0.012871306694104412,0.0364777186191112,0.004238731480507463,0.021982877630106756,1686810.2,1.6128145300520473,1,2.9379180126984465,2.8549189211817065,55.329687514759016,0.01873534999242361,0.012141271529971548,0.015494552799410427,-0.004002842364598742,0.04128369676153696,1
2023-01-12,2958.23681640625,2972.1214163824147,2941.5574051372632,2953.4902075036,2250391,62.98375614807144,3.198607615288438,-3.528843333401725,6.727450948690163,2970.0164717852113,2901.9129272460937,2833.809382706976,2901.9129272460937,2935.34888671875,2921.649622732567,2910.127091529192,2924.159967740933,2920.9613601256447,2901.655607844332,0.0016973636632235944,0.014033969647668478,0.010331833839550929,0.0016973636632235944,0.0043374803391871275,0.007021678876704351,0.020068779438567885,1728545.05,1.3018989583175746,0,4.622588023393746,3.551861438978449,54.353757462260646,0.01837370056407152,0.012522786233163606,0.016531829491947585,-0.0039661919355890845,0.043908187494395096,1
2023-01-13,2993.90185546875,2997.8498535358844,2932.19703046348,2965.8218356396374,1742837,64.35050377760163,8.525129149138593,-1.1180488368936619,9.643177986032255,2986.0676573826954,2907.8704467773437,2829.673236171992,2907.8704467773437,2938.3263232421873,2928.5307877550604,2913.412376389567,2934.889488929828,2926.3643597806895,2906.7318458554387,0.012056181190330362,0.0142102514287872,0.021928849455262175,0.012056181190330362,0.026822604760335267,0.05075417160567941,0.036186704573079265,1680502.9,1.0370925274809106,0,17.95503499735605,9.083681823723964,56.06795772693464,0.018727386679198998,0.022322137771958163,0.027627218079896196,0.002623583583809786,0.058038015555085115,0
2023-01-16,3025.20654296875,3042.401100769178,2992.541335802722,3009.7358936031505,1843607,66.61019567017857,15.098417340625929,2.1252443986102563,12.973172942015673,3004.895586537318,2917.0877685546875,2829.279950572057,2917.0877685546875,2941.740869140625,2937.7380025373163,2917.7964613534564,2948.7844203204313,2933.6860029798054,2916.515250738693,0.010456150205063741,0.014356482075312257,0.016481441600191184,0.010456150205063741,0.024374181885098656,0.027074066558979704,0.04549646005520924,1666635.0,1.106185217519133,0,23.839851232726687,11.854737652940912,56.94875343181564,0.018824748863570044,0.029774112039905303,0.036812054246398704,0.006759288583080875,0.06924963093775095,1
2023-01-17,3065.447998046875,3068.533178172047,3013.3652308156584,3021.5315322541837,1688475,69.98945355649512,23.28651228502531,6.357497975893267,16.929014309132043,3034.4086106812274,2926.4584838867186,2818.5083570922097,2926.4584838867186,2945.67103515625,2949.9008592525124,2923.586717694375,2966.7326630475764,2943.446150762551,2925.974919949585,0.013302052110013785,0.014540336814638167,0.01799669979446345,0.013302052110013785,0.0362415818253754,0.05136088291011198,0.04343891011645207,1674560.2,1.008309525092021,0,35.8315497388362,17.26250031544805,58.34811975636103,0.01903412479792091,0.03916983800724799,0.048523028064779324,0.010229138968426282,0.08761359189632746,0
2023-01-18,3075.973876953125,3093.168435883575,3059.8681140280755,3066.900207699576,2421189,70.00238150354477,30.275984279169734,11.141195236548562,19.134789042621172,3061.2962523969995,2935.2642333984377,2809.232214399876,2935.2642333984377,2950.1248828125,2961.9078133192374,2929.5626847241297,2983.53900364843,2953.2630193692603,2937.7911017533575,0.0034337163484607913,0.01454095361846802,0.010825944298488266,0.0034337163484607913,0.027413063435750118,0.04156465978407131,0.04597957269648223,1723991.35,1.4044090186415377,0,44.1094741312686,21.399255434817405,57.970055490807034,0.01884608186212189,0.03851101074819083,0.049977149488024196,0.004794578291673948,0.09495180255514478,0
2023-01-19,3060.63916015625,3073.251470554388,3049.659932841245,3066.899902708541,1585044,69.2709040021314,34.18375861239065,15.74970791171698,18.434050700673666,3079.710684607099,2943.695837402344,2807.6809901975885,2943.695837402344,2954.4565869140624,2971.310798732286,2934.702938662644,2995.4005661880947,2961.216807575704,2945.0253223925374,-0.004985320880574129,0.014599952443305263,0.007708042823296701,-0.004985320880574129,0.011712462168856907,0.03461600612299898,0.04188074747869308,1734038.5,0.9140765905716626,0,49.661175999719035,24.575847133452044,56.50360637721864,0.018461374706560982,0.03006362089825005,0.04291276634322503,-0.006192635089449092,0.09009505383332733,0
2023-01-20,3051.56591796875,3080.1931683946414,3044.7606657549622,3053.289826586188,1529349,67.58381337047203,36.1320552674797,19.826177382869524,16.305877884610176,3091.8070324939454,2953.0644409179686,2814.3218493419918,2953.0644409179686,2956.649658203125,2978.9541434214734,2939.285800596217,3004.0413895389647,2967.909334271485,2952.861624975574,-0.002964492615012082,0.014711759369622497,0.011611252580532316,-0.002964492615012082,-0.0045285648580467575,0.019260505281650797,0.07099222787760717,1742491.9,0.8776792592263988,0,50.423355666413045,25.87342420665027,57.02878344294849,0.01868836688309497,0.0243749218857993,0.038199795797250316,-0.01301540299969357,0.08429884047633981,1
2023-01-23,3098.567138671875,3102.2874315724907,3044.760458713778,3074.1590576682065,1067916,67.77953732349332,40.99612232949403,24.060166372194427,16.9359559572996,3112.969754866602,2963.6940795898436,2814.418404313085,2963.6940795898436,2959.4358544921874,2990.3458572548448,2945.5321275795764,3018.5838124824895,2977.5876901529955,2958.517531425587,0.01540232849841594,0.01471786972044844,0.01856566931880981,0.01540232849841594,0.00734507594099898,0.024249780853354164,0.05198038759319812,1752379.85,0.6094089703211321,0,52.607854717528426,27.735666226119974,56.404007121670375,0.018203254794035728,0.03619022232979366,0.05195496245293093,-0.004626648290498537,0.10096179513441686,0
2023-01-24,3117.985107421875,3132.185311637761,3100.745135300925,3107.7318165396514,1387863,68.9136305036805,45.88882055666227,28.425897209087996,17.46292334757427,3135.218336570417,2975.0018310546875,2814.785325538958,2975.0018310546875,2962.661875,3002.501976318372,2952.2949895341762,3033.8763193962413,2987.987498839579,2966.355894374719,0.006266757465943851,0.01470493780306991,0.010083491502893187,0.006266757465943851,0.018736592020438536,0.017138476793106205,0.06937960700304657,1779978.85,0.779707579109718,0,52.6011170658594,28.708271839801455,56.19756016787736,0.018023678186950887,0.038462299780101086,0.05612248046860722,-0.005496659976604069,0.10771684047516551,0
2023-01-25,3112.04150390625,3116.805179945468,3089.58417400708,3108.003765663745,874110,68.5050350171978,48.725047997708316,32.48572736681206,16.23932063089626,3152.1632983063932,2986.118896484375,2820.0744946623568,2986.118896484375,2965.365341796875,3012.934312279122,2958.559558725238,3045.9017323977814,2997.176684400073,2971.922376227316,-0.0019062321694472972,0.014730033467022499,0.008746993221080092,-0.0019062321694472972,0.019817886148681074,0.011725595988757664,0.053777626180867344,1778144.6,0.49158544248876046,0,51.02649895988452,28.996874001108154,54.71858129199057,0.0175828571769713,0.032893910505522705,0.051877253823865335,-0.012728336257737675,0.10353166549199616,0
2023-01-27,3095.073974609375,3126.7864041362013,3068.9871756775947,3108.6390657488755,1785879,80.72664454909764,49.038357211338734,35.796253335717395,13.24210387562134,3163.5296305259376,2995.8707641601563,2828.211897794375,2995.8707641601563,2967.842138671875,3020.757137262956,2963.913065230498,3053.4666927380267,3004.428335526688,2980.4476258691343,-0.005452218190399205,0.01141849822543287,0.018674587080233326,-0.005452218190399205,-0.0011273481922994266,0.011250857305036499,0.0462563231733959,1815542.2,0.98366151995806,0,49.44633853066989,29.210126567853877,51.80649065952499,0.016738369126076676,0.024602056361855036,0.04425261689268774,-0.021639012088273634,0.09435717211398355,1
2023-01-30,3115.58056640625,3138.083311989628,3071.9363472451823,3103.1950956433448,1953798,76.22962791201908,50.36083919201019,38.70917050697595,11.651668685034238,3175.107226678387,3007.1824951171875,2839.257763555988,3007.1824951171875,2970.8275390625,3029.7879400385073,2969.860810374645,3063.022673302369,3012.661834110359,2989.7539436902944,0.006625557891378975,0.008189491145443751,0.021231023667843883,0.006625557891378975,-0.0007711842529014579,0.020977639073944898,0.040642184283776084,1855075.55,1.0532174821666966,0,50.83379661703384,30.57500977842801,49.215047466353326,0.015796429081954937,0.028316379913589713,0.049066190416251355,-0.018747921258209132,0.09732219680688153,0
2023-01-31,3047.573486328125,3129.508770403356,3040.5868047612767,3129.508770403356,2820375,68.18856171187096,45.39799288354516,40.0469349822898,5.351057901255359,3174.803689581033,3014.8831787109375,2854.962667840842,3014.8831787109375,2973.516552734375,3031.4818015898995,2972.9083662943895,3060.6458753063316,3015.2478824227865,2997.561770963948,-0.02182806017325034,0.010119876250999853,0.02917795618087522,-0.02182806017325034,-0.020715667672556504,-0.01645717199647545,0.007393526042497989,1960616.95,1.4385140350847216,0,41.13594433505477,27.3762387148131,49.8726997038487,0.01636472423965662,0.005308191106338153,0.02511517707046,-0.040074982799864996,0.06746526693918242,1
2023-02-01,3092.623779296875,3102.2871472877746,3044.2156710004338,3051.474605536352,2205161,68.83514444826365,44.58612250395299,40.954772486622446,3.631350017330547,3181.823322173509,3022.6227783203126,2863.422234467116,3022.6227783203126,2976.5485205078126,3037.304847085802,2977.6030883729186,3065.5655528433385,3020.9794303393855,3004.44858006413,0.014782348373501897,0.010271928126000382,0.018777413753361134,0.014782348373501897,-0.0007916435382806508,-0.008133883662443164,0.008865190754276275,2008616.1,1.0978509034155406,0,34.80287076743025,25.308098838742353,49.05550211566606,0.01586209821060714,0.018213164300629782,0.03862861755251883,-0.028034096756730565,0.08004462006016844,1
2023-02-02,3139.85205078125,3147.655494032016,3103.2853452081667,3109.5460876470797,1813847,72.0263784992491,47.20943520241099,42.205705029780155,5.003730172630831,3195.088637298307,3032.577429199219,2870.066221100131,3032.577429199219,2980.6430517578124,3047.0712474377497,2983.9657927810886,3076.9942448337865,3029.7848096313755,3012.1137852990278,0.015271263126325874,0.010734251537680421,0.014131286476638066,0.015271263126325874,0.0077903568396553435,0.008936431869591699,0.02076681284803339,2037725.05,0.8901333376649612,0,34.13693515862769,25.406234055850746,50.80319522209389,0.016180123904071586,0.030449174242813896,0.05224130195369088,-0.017287966872732395,0.09399986233687214,1
2023-02-03,3159.723388671875,3179.413203532569,3133.046672371015,3179.413203532569,1804469,70.91203769557937,50.31191586396017,43.82694719661616,6.484968667344006,3209.1982668830033,3043.68310546875,2878.1679440544967,3043.68310546875,2983.860107421875,3057.800022793381,2990.8582475219036,3089.7218054242617,3039.4098895603015,3021.928845558855,0.006328749752932072,0.010523750287527556,0.01467423741197893,0.006328749752932072,0.036799736855196885,0.020887841322325462,0.03237370474948986,2036645.65,0.8860004684663727,0,37.04288553042488,26.945182291405672,49.42560294274741,0.015642382849064027,0.03333225361983762,0.05646042947367557,-0.015416585108398963,0.09782453633360567,0
2023-02-06,3139.44384765625,3151.421045615969,3118.4838066080183,3151.421045615969,1138714,64.81874185297929,50.55153800080552,45.17186535745404,5.379672643351483,3201.313126745902,3058.190869140625,2915.0686115353483,3058.190869140625,2986.5030029296877,3065.575625161273,2996.6851338016822,3097.371350383029,3046.8198123822235,3034.6822174025583,-0.0064181380839634095,0.010681410847525058,0.010491424789310992,-0.0064181380839634095,0.015139270632530621,0.0076593369169475345,0.02879765079628216,1969162.55,0.5782732360007558,0,35.78768512276565,26.824323427037143,48.80987559256177,0.01554730008278401,0.024096036610119855,0.04763887678565011,-0.01932621916074217,0.07697082505468875,0
2023-02-07,3150.876953125,3169.4325618085195,3140.7596793384228,3147.564931045713,1455647,61.9769044201153,51.07523284056106,46.35253885407545,4.722693986485609,3206.9283055821015,3068.461669921875,2929.9950342616485,3068.461669921875,2989.2751904296874,3073.699561157818,3002.7318718143615,3105.6029815741012,3054.52774873354,3048.0912324242345,0.0036417614149351074,0.01024733010893617,0.009099968959961872,0.0036417614149351074,0.00351128083917418,0.03389695679540128,0.016881936750786863,1897691.9,0.7670618186229282,0,42.21775956791862,29.82350551997206,47.01135893512469,0.014920087212069458,0.02510895760355649,0.04933676652958153,-0.017478205658522646,0.07538644819547048,0
2023-02-08,3194.02197265625,3211.9876581401045,3155.867154275453,3155.867154275453,1986946,65.16316097458177,54.34524906975139,47.95108089721064,6.394168172540752,3211.851704248492,3082.3780029296877,2952.9043016108835,3082.3780029296877,2992.8730224609376,3085.158838443383,3010.2334443963964,3119.2059032790476,3064.860654209296,3071.3569527302348,0.013693019490481628,0.010712910664845032,0.017570481463526102,0.013693019490481628,0.010854932462550648,0.03278710913308314,0.024386538939323632,1803806.45,1.1015294905947366,0,47.85399135758098,32.630356023477816,48.99781487509647,0.015340475204792764,0.03528607112747357,0.061054576548532885,-0.005551231262843637,0.08165441423680095,0
2023-02-09,3212.85009765625,3218.9748240809963,3180.5931608475644,3189.394575256621,1655427,69.37744138803866,57.78986720863486,49.918838159495486,7.8710290491393735,3222.347321711955,3095.3593017578123,2968.3712818036697,3095.3593017578123,2996.9636376953126,3097.3199107493706,3018.1791955046265,3133.612702414002,3075.822835205367,3087.659250182069,0.005894801338621303,0.01050138938627314,0.011946297544797086,0.005894801338621303,0.023381927998107566,0.023248881060124127,0.03239307497135391,1750552.2,0.9456598894908704,0,50.24866331162093,34.21340272353791,49.859794812350174,0.015518867453144645,0.0373000497965765,0.06449945133859933,-0.0029472999362028032,0.08236126570528865,0
2023-02-10,3209.855712890625,3214.2111181684145,3183.17899401736,3193.931380028924,1187821,70.46811595026445,59.59119981809636,51.853310491215666,7.7378893268806905,3227.359495207953,3107.9402465820312,2988.5209979561096,3107.9402465820312,2999.4887890625,3108.037606191395,3025.6959216766263,3145.3423963334826,3085.7511965153863,3100.315405774789,-0.0009320026377231949,0.010418508893068867,0.00966776295471199,-0.0009320026377231949,0.018718204691278384,0.015866048401098176,0.03708529722483811,1697423.7,0.6997787293767608,0,50.23758339801407,34.83767415472266,49.54548206316271,0.015435423425479985,0.032759612205593154,0.06086526735705496,-0.005423561379919992,0.07406162281807264,0
2023-02-13,3159.814208984375,3220.244929405752,3151.6479073882488,3220.244929405752,1087939,57.857943831557314,56.33148346184089,52.748945085340715,3.5825383765001746,3224.8630425488172,3116.2358642578124,3007.6086859668076,3116.2358642578124,3001.660771484375,3112.968711219298,3030.9554623553618,3147.5688290490043,3091.2373455871634,3109.407238367979,-0.015589954310184617,0.011009556420085803,0.021709194743937666,-0.015589954310184617,-0.010709933733933141,0.006488525457568617,0.014197560177090063,1664678.8,0.6535428936801502,0,47.39308605802489,34.27032855367952,50.33619986021917,0.01593011377602425,0.015048496181874118,0.04251423296364667,-0.02017103756227426,0.050606823862340444,0
2023-02-14,3175.875,3198.332330949659,3171.2473401639604,3180.32100923453,1579818,57.49175839279023,54.416823110330824,53.08252069033874,1.3343024199920848,3226.5565414205885,3123.769287109375,3020.9820327981615,3123.769287109375,3004.3890625,3118.9597863412696,3036.6385814786813,3151.9236245799266,3097.5068014695958,3117.8582899989506,0.005082827645359389,0.010974248250427282,0.008528355425102897,0.005082827645359389,-0.011508503830671368,0.007933679177857922,0.04209956355357969,1651489.35,0.9566019908030288,0,45.26022518345144,33.906709664319806,50.68619621731903,0.015959757930434613,0.01824813962269627,0.04585215355247115,-0.015707625380175238,0.051272389415163135,0
2023-02-15,3194.521240234375,3199.375741838991,3139.625541884613,3163.98843215898,1429449,60.33425733948631,53.78404771846772,53.222826095964535,0.561221622503183,3233.797244295057,3130.22294921875,3026.6486541424424,3130.22294921875,3008.2098095703127,3126.15611528347,3042.8300582926304,3158.4771039113803,3104.6930561929125,3124.0166008379665,0.005871213518912066,0.010992427394135725,0.01870396076940598,0.005871213518912066,-0.004777309021918752,0.0001563131319695099,0.03294854732076957,1638538.05,0.87239292367974,0,40.997276840087125,32.596613896233976,52.92542954157495,0.016567562260970264,0.0218687494897246,0.04985200587470876,-0.012145475146894713,0.0554648409098204,0
2023-02-16,3228.456787109375,3243.836611493812,3200.283001045783,3200.464430117626,1618931,66.03051553651594,55.38246905426149,53.65475468762393,1.7277143666375636,3246.910704869968,3137.8470947265623,3028.7834845831567,3137.8470947265623,3012.79353515625,3135.8990364097467,3050.1095378540713,3169.243209018764,3113.8607399645025,3132.700744178627,0.010623046247928647,0.011001960924286146,0.01349053536102163,0.010623046247928647,0.021723612081313792,0.004857584069829501,0.028219398524232497,1598425.15,1.0128287833809422,0,38.57912566037612,31.9303423494448,52.31943974163427,0.01620571164233513,0.029515539124498263,0.05847240797154497,-0.005683531035489933,0.06592524805506156,0
2023-02-17,3176.827392578125,3211.0804915355684,3166.710340701401,3199.511564073121,1061369,56.848567508349575,51.88507003503446,53.30081775710604,-1.415747722071579,3247.664654525932,3143.6565063476564,3039.648358169381,3143.6565063476564,3016.8778955078124,3139.7969750924494,3055.078865490309,3170.410006489435,3118.5249364544006,3138.066704073234,-0.015991973235446877,0.01205102254978233,0.01396681196398246,-0.015991973235446877,0.0002998835212737472,-0.010289658871537433,0.0054131333038742735,1572241.4,0.6750674546542281,0,31.759368901054586,29.382943813682687,52.00511700331487,0.01637014246503037,0.011793889152525612,0.03985118959221257,-0.021811753824117378,0.04512990262181499,0
2023-02-20,3164.260986328125,3195.7465769521814,3153.1457405678566,3177.599236935417,1296082,64.8946301647175,47.55121138709228,52.15089648310329,-4.599685096011008,3244.096222905934,3149.291259765625,3054.486296625316,3149.291259765625,3021.736533203125,3142.1268809244184,3059.3605172878706,3169.464003387695,3121.9127920006026,3143.318472497044,-0.0039556465294142695,0.01019864528221619,0.01346312348077195,-0.0039556465294142695,-0.009472547411840004,0.0014072907613069674,0.00790494746080661,1560578.05,0.8305140521488176,0,29.1581697051206,28.405054932508847,48.696464913475275,0.015389522268826401,0.0070443066885939095,0.03428836465904609,-0.024609392290557856,0.03593883849604805,0
2023-02-21,3131.323486328125,3183.8599465034627,3125.652442633674,3170.3402669459488,1139541,55.097470463008825,40.98635106306847,49.917987399096326,-8.931636336027857,3243.1406935272257,3150.9290771484375,3058.7174607696493,3150.9290771484375,3026.048193359375,3141.0979862009617,3062.1825945051355,3163.5962315323764,3122.609880469308,3145.5481982707215,-0.01040922355719509,0.010131837949850186,0.018588786538322244,-0.01040922355719509,-0.030086603967903525,-0.014028106796355355,-0.006205722117292534,1564159.3,0.7285325733766375,0,22.138199859692122,25.544013026454195,48.7061811693644,0.015554503193944549,-0.0031118099198995694,0.02257895788025763,-0.03447806239867097,0.02373740840391523,0
2023-02-22,3086.45361328125,3127.693390442905,3080.510316377622,3098.61223991111,1218430,42.922461606166316,31.796497961440764,46.29368951156522,-14.497191550124455,3244.951703022246,3149.352502441406,3053.7533018605664,3149.352502441406,3028.6524462890625,3135.893760208608,3063.1343991630224,3151.7281364168184,3119.9316384553777,3144.969446790017,-0.014329363683689755,0.009997977353734372,0.015287148286386248,-0.014329363683689755,-0.028447809128066326,-0.033829052564132045,-0.033678027357320506,1555687.65,0.7832099200633238,0,9.737644925137829,20.304340870392025,48.40485654189024,0.015683001466019246,-0.015765887082880355,0.007612860253405592,-0.04884451426299376,0.01070823612397251,0
2023-02-23,3097.569091796875,3132.593320365543,3092.306319600513,3104.1020890121345,1441570,41.56619002375926,25.120822188346665,42.05911604692151,-16.938293858574845,3245.6260846618366,3148.6288818359376,3051.6316790100386,3148.6288818359376,3030.8890283203127,3132.2437917884426,3064.484779266311,3143.3959757060575,3118.275153517711,3144.3352598525635,0.0036013755294406202,0.00986615977302683,0.013006005538898312,0.0036013755294406202,-0.021076609931799828,-0.04054187617908045,-0.03588122768113944,1584060.65,0.9100472257801493,0,-3.655244621304064,14.375241412239575,48.38865482208592,0.015621493302677567,-0.011070243025932906,0.010796044005310769,-0.045617390605975396,0.01505339360015382,0
2023-02-24,3085.455322265625,3115.852109390893,3068.986703821226,3105.462804066529,977592,42.5081935333931,18.63797411646874,37.37488766083096,-18.736913544362217,3246.3510867592836,3148.14794921875,3049.9448116782164,3148.14794921875,3033.952412109375,3127.787747071984,3065.307153501578,3134.482029022914,3115.8440549064453,3145.358937657788,-0.00391073424748789,0.009789989675418097,0.015189137639255825,-0.00391073424748789,-0.0146481716956961,-0.02876205063138415,-0.03875575781347862,1543646.3,0.6333005170938446,0,-12.009228020465343,10.228288011268887,48.79049935821523,0.015813062988184433,-0.013534302270346745,0.006572968957134149,-0.04956203447923283,0.011643001031179025,0
2023-02-27,3023.21044921875,3075.9737450556004,3008.828595458516,3075.9737450556004,1128022,34.473664832920036,8.381018100671554,31.576113748799077,-23.195095648127523,3255.8545819562705,3143.529443359375,3031.2043047624793,3143.529443359375,3036.921591796875,3117.828004419295,3063.6563023532317,3117.363324437658,3108.9823063369863,3143.6481320267812,-0.020173642637991263,0.010892192117189316,0.022209882747142546,-0.020173642637991263,-0.020490560360395427,-0.04457613885795586,-0.043231579685038546,1502357.5,0.7508346049458934,0,-24.29887650512319,4.295785065361088,52.12178597641806,0.017240541752522466,-0.03034726581018314,-0.013201824598736726,-0.07145409196922332,-0.002637187975475537,0
2023-02-28,3005.970703125,3077.788708946888,2994.2201238468547,3020.170907349562,4116217,25.591934980949077,-1.1258191283081942,25.035727173377623,-26.161546301685817,3262.461501375179,3141.4493041992187,3020.4371070232582,3141.4493041992187,3040.2238037109373,3107.1749281055527,3061.3941219913404,3100.2259980818644,3101.3518172101726,3134.593864159264,-0.005702463121019297,0.009798655829957129,0.027800864796571633,-0.005702463121019297,-0.029571055869084595,-0.04003188547923453,-0.053498420710827777,1567149.6,2.626562901206113,1,-33.92305809540903,-0.7884725137951136,53.725920268198706,0.017873068494095888,-0.03257113851721795,-0.01810398029714946,-0.0786187969243665,-0.004789506745437707,1
2023-03-01,3072.072021484375,3075.0663765130616,3007.921226952139,3015.1801620398064,1669307,33.72495846756463,-3.2883263858398095,19.37091646153414,-22.65924284737395,3263.510839431361,3140.4217163085937,3017.332593185826,3140.4217163085937,3044.1045703125,3103.831794141631,3061.81286314793,3095.894617066866,3099.182943452706,3134.030114417716,0.021990007517590282,0.011820009976159002,0.02185663262167896,0.021990007517590282,-0.004337544829987272,-0.004659584623267876,-0.038331007854252364,1540356.9,1.0837144300778605,0,-32.06196606697722,-1.3215360150925335,55.91977813638654,0.018202626027422043,-0.010232440017271938,0.0033506810491015495,-0.058660389796757244,0.01814166208331465,0
2023-03-02,3013.773681640625,3057.7355627061675,3010.643310207188,3049.660086077865,1556538,29.901423000232228,-9.59570446533553,13.577592276160207,-23.173296741495736,3269.6180720840016,3134.1177978515625,2998.6175236191234,3134.1177978515625,3046.3828662109377,3095.2548310462967,3059.928973677055,3083.2606270012902,3092.8563314666258,3128.8200091599065,-0.018976879264562707,0.012524687668590108,0.015625676468627118,-0.018976879264562707,-0.0031214391907661287,-0.027051990665248105,-0.06649712838838029,1527491.45,1.0190158511198213,0,-36.98896074214599,-4.5558055892556695,58.0909629311103,0.019275157681875765,-0.02632453670321173,-0.015083778882934756,-0.0782490140447216,0.005054381861681768,0
2023-03-03,3032.555908203125,3046.9377608122345,3022.52968213048,3043.308293556949,1043190,36.06278950627649,-12.929732414765112,8.276127337975144,-21.205859752740256,3269.969152749388,3127.759423828125,2985.549694906862,3127.759423828125,3049.1938427734376,3089.283505061233,3058.855520129058,3075.459901032342,3088.389633447107,3123.7687795173797,0.006232129066929604,0.012384668215270896,0.008048682174574287,0.006232129066929604,0.008844133128272702,-0.017144767477513256,-0.045413699438645816,1489427.5,0.700396628906073,0,-38.50424201075111,-6.451633372520064,55.56003844211789,0.018321191801221822,-0.0183627034440737,-0.008597860131956543,-0.07260412360362664,0.01574457573975483,0
2023-03-06,3059.50537109375,3089.539084539037,3047.845617053764,3050.476892626339,1334132,37.55219122174205,-13.24470049310321,3.9719617717594735,-17.216662264862684,3269.049667689261,3123.7625,2978.475332310739,3123.7625,3053.1000732421876,3086.447492302425,3058.8810044806146,3073.0053579648666,3086.2500584579698,3120.700320943683,0.008886715927553412,0.01261198587531844,0.013627518970613256,0.008886715927553412,-0.004090610605070766,0.012005423533905546,-0.033105870750546273,1499198.4,0.8898968942336118,0,-31.38051211687025,-4.775297872617102,56.878970897162745,0.018590904083567256,-0.008729168818153684,0.0002041160189693036,-0.06409945332633257,0.02720520727635069,0
2023-03-08,3076.33642578125,3081.4177686623493,3022.3029080296496,3052.382029970596,1844590,37.30874038294657,-11.997885360113287,0.7779923453849213,-12.775877705498209,3266.215564176344,3120.0354736328127,2973.8553830892815,3120.0354736328127,3056.907314453125,3085.484533586123,3059.5655308061296,3073.517829936618,3085.5157152967313,3115.4340153469,0.005501233907454495,0.012593268545070166,0.01921599345809104,0.005501233907454495,0.02075893904102566,0.023408652181173384,-0.01756032578140121,1518645.55,1.2146283904101256,0,-21.6903945194299,-1.8285911852108256,56.833589517042874,0.018474438959519755,-0.0029648853219952256,0.005481462909114961,-0.05813429477150156,0.034460667884095214,0
2023-03-09,3027.7470703125,3071.436694206459,3022.302869377422,3071.436694206459,1648500,29.104439296638176,-14.760381799179413,-2.3296824835279457,-12.430699315651466,3259.092881753001,3111.721728515625,2964.3505752782485,3111.721728515625,3059.625654296875,3079.9857275600634,3058.3177480416734,3066.4761746098307,3081.23655640901,3106.567051207105,-0.015794551942221458,0.01243524887090966,0.016227849846111985,-0.015794551942221458,-0.001585737587761149,-0.014428356777409723,-0.019020711251298672,1501723.25,1.0977388809822315,0,-23.846066581567356,-3.495115106256435,57.170602741642206,0.018882225434947414,-0.016960681596711946,-0.00999591286704879,-0.07098472484038713,0.021386301459401718,0
2023-03-10,3022.43896484375,3028.1100076327843,2985.2369241476845,3006.0155363166627,1024404,32.21116330201316,-17.179959994825367,-5.299737985787431,-11.880222009037936,3246.6371818913403,3102.201171875,2957.7651618586597,3102.201171875,3062.2804296875,3074.505083491843,3056.9107369358726,3059.701219261203,3076.881179256028,3097.776522165277,-0.0017531535314810887,0.011997838108368438,0.014184929450615478,-0.0017531535314810887,-0.012115162993405426,0.0028752269143208498,-0.024254544362573904,1470172.1,0.6967918925954315,0,-20.749747554453734,-3.0182367411825908,55.822505390008345,0.018469357376384336,-0.016934796734490765,-0.01127666950677001,-0.06905551944581095,0.02186576670084562,0
2023-03-13,2977.932373046875,3057.644633647456,2968.9041178492653,3024.2534916844747,1901233,30.00284026000432,-22.430241288659545,-8.725838646361854,-13.70440264229769,3235.886710966674,3090.6050048828124,2945.323298798951,3090.6050048828124,3063.8383447265624,3065.3076824970844,3053.813546195128,3047.121396766691,3069.5516380553504,3087.571333690394,-0.01472538976454596,0.012369811688803757,0.029799372410662144,-0.01472538976454596,-0.0319874159112441,-0.01801237530641797,-0.03484832479758504,1505842.7,1.262570785115869,0,-23.97582256414853,-5.041973933929967,59.11819677671305,0.019852095135466825,-0.02850458045341507,-0.02484800463433543,-0.07971673947841605,0.011071475332172028,0
2023-03-14,2917.13916015625,2998.3030847586924,2912.1032295746863,2976.163421089901,2670334,28.310158412913935,-31.137695281785,-13.208209973446483,-17.929485308338517,3239.1363853769435,3078.4712524414062,2917.806119505869,3078.4712524414062,3064.394208984375,3051.1963946551,3048.453766350466,3027.124129595854,3058.261824877639,3072.2745113973665,-0.020414571345159338,0.013024457990953092,0.029549449118289228,-0.020414571345159338,-0.036531423394238094,-0.04653242719642792,-0.035085645159076084,1584962.45,1.6847932264893721,1,-35.25109764732497,-10.427238130148453,61.1176504420143,0.020951228956365822,-0.04393595729651598,-0.0430758070349293,-0.09940835670716044,-0.0002285824768000492,0
2023-03-15,2902.575439453125,2958.3333040655743,2896.3146974202405,2948.94196949116,1780522,30.1614812465659,-38.76670738056009,-18.319909454869205,-20.446797925690888,3236.687701088485,3064.8062744140625,2892.92484773964,3064.8062744140625,3064.574521484375,3037.0420179691973,3042.7330476486095,3007.9627926508183,3046.7295000313784,3058.2984671619365,-0.00499246690114874,0.01274433850349256,0.021366750990292543,-0.00499246690114874,-0.03965788119622837,-0.056483089714089885,-0.03439663053415176,1594997.65,1.11631637827178,0,-48.44251561692545,-16.832483157520073,61.91803877735937,0.02133210318524068,-0.044275508116277944,-0.04606306435715639,-0.10322659845217672,0.003335928937464597,0
2023-03-16,2889.963623046875,2921.540035980481,2878.167853156888,2910.833062083006,1901060,27.67364290935366,-45.30813859712953,-23.717555283321268,-21.59058331380826,3226.9489727558635,3049.5783935546874,2872.2078143535114,3049.5783935546874,3063.617158203125,3023.0345517861188,3036.7420898210908,2989.8090742502113,3035.117212847341,3043.521311625199,-0.004345043451696173,0.012540578001423358,0.015007864624214856,-0.004345043451696173,-0.02954021078389857,-0.045506921174695125,-0.05927868785755497,1618578.2,1.1745246537980063,0,-56.95117577394467,-21.57565822058268,61.720358473023644,0.021356794245026574,-0.04401899034221114,-0.0483341892175187,-0.10442847177133943,0.006181937325228044,0
2023-03-17,2884.79150390625,2922.9915158184126,2852.761409425427,2858.6592940187047,6739966,28.093084248654662,-50.32945018147575,-29.039934262952166,-21.289515918523584,3203.2681072801433,3032.395129394531,2861.522151508919,3032.395129394531,3062.4978076171874,3009.8685472261313,3030.783243314627,2973.652524966525,3023.981975148001,3007.5551353892374,-0.0017896831293578996,0.012565844149717403,0.024344950509556186,-0.0017896831293578996,-0.011088828634513104,-0.04554184965803465,-0.04279756589557859,1874629.95,3.5953581132105565,1,-64.63653626571158,-26.127493621245776,63.38926567468928,0.021973603842376437,-0.041555649809075966,-0.048169640547673226,-0.09942240009510413,0.008131809283762129,0
2023-03-20,2852.126220703125,2876.0352039233617,2808.345770853856,2876.0352039233617,2289468,30.032761997678335,-56.29574879873189,-34.49109717010811,-21.80465162862378,3190.909899476982,3016.1600708007813,2841.4102421245807,3016.1600708007813,3060.788134765625,2994.8454685096544,3023.777085565156,2954.9561704644634,3011.2519192631953,2993.1128862896217,-0.011323273504824649,0.011935308987580617,0.02373297246740315,-0.011323273504824649,-0.017380846700578823,-0.04224614147803207,-0.05949756342889967,1936034.9,1.182555128525834,0,-70.46221398743,-30.03646062997177,63.37633754935249,0.022220733812309518,-0.047654962270073924,-0.05676703672418658,-0.10617149635888704,0.0037713591721735165,0
2023-03-21,2818.372802734375,2864.33085390423,2810.523945059239,2852.126811732659,1815297,28.91807967111808,-63.02123263826297,-40.197124263739084,-22.824108374523888,3180.238861003712,2998.8656616210938,2817.4924622384756,2998.8656616210938,3060.1698193359375,2978.038547959628,3015.7220156502235,2933.9433446598346,2996.9645772980975,2979.739568358264,-0.011834475530479449,0.01211041488234069,0.019091480301253197,-0.011834475530479449,-0.024772221955175366,-0.0338572663145027,-0.0788142327310809,1961995.65,0.925229880096829,0,-73.15784669547202,-32.73175070024263,61.25050353113517,0.021732576851334274,-0.05361439842162093,-0.06544012077097823,-0.11378581109317328,0.00031245531539062014,0
2023-03-22,2840.784423828125,2852.3079395141376,2818.372505000973,2840.103898631804,1123939,21.178133503380664,-65.78447404764529,-45.31459422052033,-20.469879827124963,3167.573434567088,2984.3387084960937,2801.1039824250993,2984.3387084960937,3058.0762890625,2964.9667266137703,3008.8617179317102,2919.6112029934175,2985.3956770410628,2970.7962835718968,0.0079519718157961,0.010172293490275236,0.011945797163811054,0.0079519718157961,-0.015254856379927517,-0.02128834096268728,-0.0765689994043176,1961215.55,0.5730828516019058,0,-72.075291355427,-33.871329716899254,58.73905789721396,0.02067705574717972,-0.0418832028268565,-0.0558607572763834,-0.10316698807130426,0.014166000852518073,0
2023-03-23,2835.203857421875,2854.8938961077,2813.7447191349406,2826.357030265614,1372218,24.381590044916678,-67.64489954839837,-49.78065528609594,-17.864244262302428,3159.918670104279,2971.776220703125,2783.633771301971,2971.776220703125,3056.4664599609373,2952.6083581193043,3002.051605754854,2906.6254575208727,2974.270357069271,2962.1080186817203,-0.0019644455803971006,0.009431128180552256,0.014513657233161897,-0.0019644455803971006,-0.0059332448747931865,-0.018948254292303846,-0.06359289875252105,1968904.95,0.6969447661757364,0,-70.42619366681447,-34.69048406623688,57.29051973261198,0.02020684318083136,-0.03976297783435503,-0.05557790812560855,-0.10276049689332298,0.018526174905466576,1
2023-03-24,2831.4384765625,2876.3531391453694,2818.2816562099424,2857.207608505045,1329577,19.847616035747578,-68.6319880913502,-53.550921847146796,-15.081066244203399,3146.7964338905904,2958.469689941406,2770.142945992222,2958.469689941406,3054.0307470703124,2941.0683693996084,2995.360894806134,2895.058229681123,2963.6902177724733,2952.7045377510153,-0.0013280811711362528,0.008986939439672003,0.020509533728569118,-0.0013280811711362528,0.004635892673761521,-0.01849458696460582,-0.06319415892361091,1963305.3,0.6772135744756559,0,-68.80017782652294,-35.42234850849263,59.06962000145609,0.020862053154398534,-0.03727553360464324,-0.05472543175944866,-0.10021555698097467,0.022127208510650687,1
2023-03-27,2833.072021484375,2860.701302261853,2818.2818951154754,2844.595538051196,1524217,13.263499452203035,-68.49290586666075,-56.53931865104959,-11.953587215611158,3132.162334694366,2945.8505249023438,2759.5387151103214,2945.8505249023438,3051.527451171875,2930.783002931491,2988.9966252641043,2885.521889958546,2954.014795825207,2944.914630306529,0.0005769311024756973,0.008254313594448004,0.014972936383082886,0.0005769311024756973,-0.0027148847617789462,-0.006680699851373539,-0.048644607538312234,1990636.55,0.7656932653024984,0,-64.06246557816348,-34.78046030105179,58.029350773632196,0.020482836416995845,-0.033339548287737907,-0.05216620268547542,-0.09549004210191299,0.026646955873968915,1
2023-03-28,2827.26416015625,2857.79718628707,2822.046800988624,2837.336020376838,1303530,8.091585618537309,-68.06669755307394,-58.84479443145446,-9.221903121619476,3125.8125318770044,2936.0532104492186,2746.2938890214327,2936.0532104492186,3048.194697265625,2920.924065524325,2982.654175652032,2876.5591622966544,2944.6258598497284,2938.785025128653,-0.0020500224788080335,0.0077129535819818185,0.012644869129055915,-0.0020500224788080335,-0.00280039731352677,0.003154783999209876,-0.030809294677318744,1999411.95,0.6519566915662378,0,-57.11448243530276,-33.06783999819163,56.36045967832836,0.019934628137193086,-0.032065162690650996,-0.052097898832610186,-0.09551064520861732,0.029483469143088987,1
2023-03-29,2848.133544921875,2858.205404958912,2816.5573576681204,2839.150702259186,1740616,16.669430256506445,-65.29229057334169,-60.13429365983191,-5.157996913509777,3118.803830660518,2928.1613525390626,2737.518874417607,2928.1613525390626,3044.6532373046875,2913.9916349907585,2977.378856799869,2872.185990392842,2937.478280966184,2924.7143814733804,0.007381476785838004,0.007929604584751527,0.014622926430204988,0.007381476785838004,0.005896320367746011,0.002587004150018002,-0.018756409839086663,1880631.9,0.9255484818693122,0,-50.97509162301185,-31.48286113184122,55.475780455968625,0.019477942161413058,-0.022600644860496434,-0.043409091719321474,-0.08678656960650166,0.04040690697623066,1
2023-03-31,2908.927490234375,2915.369883910021,2860.0205023605317,2894.455032314574,2382581,32.532851656802464,-57.524878748641186,-59.61241067759377,2.087531928952586,3098.2797774854757,2920.0041259765626,2741.7284744676494,2920.0041259765626,3041.5228271484375,2913.5093354901505,2974.694489483575,2877.838528830001,2935.363407578642,2917.3226676200325,0.021345187770739793,0.010494890802889048,0.019027418777299895,0.021345187770739793,0.026774987778198422,0.026002938948996412,0.006561974357139677,1916295.6,1.2433264471305991,0,-39.09902262915375,-27.357116271278755,57.216012991900506,0.019669109382747303,-0.0015726207566809504,-0.02210882478241242,-0.06111529650326693,0.0609830686458439,0
2023-04-03,2903.573974609375,2926.2127336376348,2879.7555943489074,2926.2127336376348,1521830,36.99006267214336,-51.210806585429964,-57.93208985916102,6.7212832737310535,3087.2949137454866,2914.494140625,2741.6933675045134,2914.494140625,3038.0748291015625,2912.5631106443625,2971.905449684587,2881.797828180674,2933.008634766104,2912.2866154311487,-0.0018403743795513128,0.00990569113158657,0.015999984741211,-0.0018403743795513128,0.02699069140002397,0.025476625624742733,0.0065108589919555815,1914560.2,0.794871845763847,0,-28.505258755245904,-23.4554451215472,54.19577181265312,0.01866519409754119,-0.0030863317612365073,-0.0229924794823012,-0.05950871046304499,0.05904402331184292,0
2023-04-05,2939.687255859375,2961.9631570208894,2890.4171900754327,2890.4171900754327,2655065,54.317979292101434,-42.799453462282145,-54.90556257978525,12.106109117503102,3074.0716066839964,2909.8507080078125,2745.6298093316286,2909.8507080078125,3035.655791015625,2915.146362569602,2970.6419911032062,2890.7038939773975,2933.5033474396796,2910.3289157576933,0.012437527531861337,0.008995812805861775,0.024337951869829528,0.012437527531861337,0.03214516085481223,0.037632376998004924,0.030700266531213938,1995153.95,1.3307569573766476,0,-15.636640361889022,-18.35463416089806,53.14906550989959,0.018079836691458608,0.008418408627737342,-0.010420217359256943,-0.04371542632007258,0.07067866391463239,0
2023-04-06,2922.3564453125,2955.611574142893,2917.1844984383324,2926.258167173755,1703464,53.74835419941691,-37.10413372609355,-51.345276809046915,14.241143082953364,3051.614841089478,2902.99326171875,2754.371682348022,2902.99326171875,3033.0716015625,2915.833037116545,2968.7484402878845,2895.573517259721,2932.6776509858146,2906.088854614628,-0.005895460652261986,0.00904201713169212,0.013149345887014621,-0.005895460652261986,0.004616462638964869,0.03363402914250324,0.03689492123868088,2013620.55,0.845970706844445,0,-5.0910284077804135,-13.905735364147404,51.463956156987216,0.017610430869764743,0.0022372365334080205,-0.015626785464815527,-0.04235737552345582,0.06098841490458384,0
2023-04-10,2961.1005859375,2968.9040286570857,2917.1841235123875,2921.72095729701,2203187,62.26521044031119,-29.12844882621812,-46.90191121248116,17.77346238626304,3025.0342943976157,2897.2314697265624,2769.428645055509,2897.2314697265624,3030.3222705078124,2920.1442322423504,2968.4485244310067,2905.6546047486104,2934.7830535748285,2901.430880493794,0.01325784220714965,0.0095240576234537,0.017466446560552573,0.01325784220714965,0.019812345692299393,0.03966353376127363,0.042353147637736566,2031550.4,1.0844855239623885,0,6.152597251591942,-8.93033236886231,52.06022203706617,0.01758137575072737,0.014025455743910151,-0.002475346442099808,-0.02113487062891199,0.06920992213473298,0
2023-04-11,2916.095703125,2969.766365096571,2896.4510773934976,2961.6454758816367,2348779,54.74553914435067,-26.13787781761266,-42.74910453350746,16.6112267158948,3004.3036187320877,2891.6489013671876,2778.9941840022875,2891.6489013671876,3026.284482421875,2919.758658040698,2966.395472615085,2907.2609275757472,2933.39880539336,2897.362200232136,-0.015198701126949765,0.010531638185944929,0.02514159176069082,-0.015198701126949765,-0.008025191348961513,0.00246421160881094,0.028531227301828777,2066564.35,1.1365622367384784,0,6.2493225505472765,-8.299016868490071,52.28059213064385,0.017928284066472157,-0.001254540304422227,-0.01695652853924507,-0.029360519708162596,0.04933494280483159,0
2023-04-12,2941.365966796875,2958.8781931293734,2902.666855227049,2928.9350839632298,2417727,63.83851095341505,-21.481108810634396,-38.49550538893285,17.014396578298452,2985.2733045154087,2887.595251464844,2789.917198414279,2887.595251464844,3022.8709716796875,2921.8164969698573,2965.4139233673122,2912.5078566866896,2933.988965497324,2896.7057186831794,0.008665786806926201,0.010104660925188908,0.019110623613945648,0.008665786806926201,0.006504860662998935,0.013015680853312617,0.038823902106406516,2136230.5,1.1317725311009275,0,9.25338632549483,-6.491526317274747,50.835278191353154,0.017282881071311363,0.006690861608623245,-0.008109477189993799,-0.014707979216549828,0.05428432373142678,0
2023-04-13,2893.45703125,2930.7950906210835,2885.4267455650293,2912.6477525986616,4174070,61.153724798990325,-21.409639531861558,-35.07833221751859,13.668692685657035,2971.434285512353,2883.371484375,2795.3086832376466,2883.371484375,3018.8386328125,2919.1155954727283,2962.592084460751,2909.5769604656607,2930.9865999975223,2892.88307812119,-0.016287988671823572,0.010638194615211512,0.01567963324357879,-0.016287988671823572,-0.022844058391242927,-0.015726239081123028,0.021314322159020405,2249872.35,1.8552474765957276,1,3.96923290312634,-8.049906642455426,50.98758621898563,0.01762168425807192,-0.008789841780340002,-0.023336001460806822,-0.026242294720277778,0.03511181022722462,0
2023-04-17,2848.677978515625,2870.363955739805,2785.842829602675,2843.778286560608,5505048,51.09951696341246,-24.681778753435992,-32.99902152470207,8.31724277126608,2967.806633112891,2879.9484252929688,2792.0902174730463,2879.9484252929688,3013.5005810546877,2912.407251000623,2958.1248646197655,2900.207886319501,2924.889665072937,2883.446021442192,-0.015475969489351704,0.011431501918749814,0.02967029856465978,-0.015475969489351704,-0.023119174222275163,-0.025212005508450597,0.007574042306040418,2391608.05,2.301818644572634,1,-3.42578611592171,-10.623575668118974,56.25035529999708,0.019746126352023732,-0.021881992109140116,-0.036998737752136336,-0.040140302022411006,0.02026716783306267,0
2023-04-18,2840.739013671875,2864.421379134705,2822.4556586580384,2862.6972490540998,2617302,50.765975963922905,-27.5974544985761,-31.91870811947688,4.32125362090078,2965.708658742473,2876.8566040039063,2788.00454926534,2876.8566040039063,3009.3638916015625,2905.5817045883614,2953.5214979159264,2891.058828989097,2918.656283487673,2879.942676024942,-0.0027868944484510383,0.011445910412415529,0.014772818014852702,-0.0027868944484510383,-0.03421095989445411,-0.04064757976720934,-0.002596272658346499,2433447.05,1.0755532979441653,0,-14.562527653989036,-14.927026515080343,56.30867983599046,0.019821841980199068,-0.02231659526699586,-0.0381857671676449,-0.04213820690114172,0.01891476985589248,0
2023-04-19,2803.401123046875,2849.132330441354,2786.9776920224904,2840.739185837347,3298034,46.44994760286994,-32.54583612085298,-32.0441337197521,-0.5017024011008857,2966.950852203029,2872.5284790039063,2778.1061058047835,2872.5284790039063,3003.5794384765627,2895.8502206320295,2947.63442439165,2877.573028074909,2910.118864195762,2874.9132573517695,-0.01314372437781175,0.011989948418817255,0.022171154141263572,-0.01314372437781175,-0.031123983259644272,-0.038645706983264305,-0.0362767265742322,2503295.75,1.3174767703736165,0,-23.908437408668306,-18.761048223434955,56.600333799093086,0.02018988054680418,-0.03192468205934255,-0.048931882512717906,-0.055123841716054965,0.009105129998180481,1
2023-04-20,2817.1923828125,2824.632745997743,2792.874909149069,2803.763310354329,2419999,48.04939622240896,-34.95172309579675,-32.62565159496103,-2.326071500835724,2966.516243057823,2869.1485229492187,2771.7808028406143,2869.1485229492187,2997.1262451171874,2888.3589979825506,2942.519050212076,2868.2836980345382,2903.235421130335,2869.8037473398435,0.004919474295792536,0.01207979499791307,0.01127286764028834,0.004919474295792536,-0.01105270442660966,-0.04221629861298726,-0.02975009162922948,2287297.4,1.0580167668620617,0,-33.457498987306735,-22.894873155236382,55.838793063542816,0.019820724138050177,-0.024639116958715575,-0.042591624815663705,-0.05033643776425207,0.016383539392922537,1
2023-04-21,2868.05078125,2871.3171692054207,2813.563354091303,2821.91108534421,1929184,54.51084902094201,-32.381286826499036,-32.57677864126863,0.19549181476959632,2966.9862646624188,2869.9447509765623,2772.903237290706,2869.9447509765623,2991.29279296875,2886.4248821032597,2939.5987259390536,2868.2478646830705,2900.6291515095695,2870.2293684488086,0.01805286665823158,0.01301842731241488,0.020136956950583113,0.01805286665823158,0.009614317769664593,-0.008780586587464945,-0.02436874006464107,2269283.2,0.8501292390478191,0,-32.69071336946854,-22.993358521697246,57.41046662180507,0.020017242022745328,-0.0063656951432150295,-0.024339357633310174,-0.03334544705877685,0.03431333004330112,0
2023-04-24,2880.708251953125,2886.2884693393776,2836.564722823472,2859.203702418767,1640676,53.66929132125948,-28.988681980201363,-31.85915930905518,2.8704773288538163,2967.0860608216185,2873.0615234375,2779.0369860533815,2873.0615234375,2986.1180810546875,2885.88044113658,2937.289295586664,2870.164847340002,2899.1535293202032,2871.7152381573137,0.004413265896780372,0.012932182534868907,0.017260944936785164,0.004413265896780372,0.027576192458048432,0.011243908114243917,-0.014251578867519488,2260552.15,0.7257855121811723,0,-26.526809864043116,-20.835569033101365,57.98730228074179,0.020129529688202995,-0.0017922395916782857,-0.019263013595069878,-0.02911199981997642,0.03658507116313368,0
2023-04-25,2881.796875,2895.588805663496,2855.9369219340365,2888.1484424197106,2024090,46.468999886247445,-25.91346116548584,-30.670019680341312,4.75655851485547,2967.9541837683323,2875.1121459960937,2782.270108223855,2875.1121459960937,2980.7364794921873,2885.4915300759535,2935.1131222303243,2871.9543900569247,2897.8678512224105,2872.823592338464,0.00037790117973135473,0.01151785099329913,0.01375943046973403,0.00037790117973135473,0.022932225921682647,0.014453232461877796,-0.026781836224719857,2305559.7,0.877916976081773,0,-20.090174512407884,-18.408375685602095,56.01698404797844,0.019438213891455634,-0.001280424855676583,-0.018164971846063128,-0.0290291909624227,0.03577178451580349,0
2023-04-26,2901.89501953125,2911.1955291566424,2886.33376764612,2886.33376764612,2000029,49.789563551685,-21.605519240745707,-28.857119592422194,7.251600351676487,2970.035687760867,2878.4467041015623,2786.8577204422577,2878.4467041015623,2974.8939404296875,2887.0537671669344,2933.810451536243,2876.5606407452824,2898.166159986028,2875.100095292329,0.006974171117195782,0.011684976954060528,0.008567422785176498,0.006974171117195782,0.01180043202251091,0.03513371514145902,-0.004869759102395732,2336950.25,0.8558286595959841,0,-8.796453465095055,-13.823972855407192,54.798520824258084,0.01888370201383433,0.005140622087852305,-0.010878491481370552,-0.02294271025443089,0.04127849737184881,0
2023-04-27,2892.64013671875,2902.8480138926443,2876.942645737427,2889.963448787062,2434446,43.67754546832523,-18.722415572607588,-26.830178788459275,8.107763215851687,2970.536613063302,2881.506787109375,2792.4769611554484,2881.506787109375,2968.4897412109376,2887.585802362345,2932.1959293865375,2879.034409356585,2897.7568249291926,2876.8186478649104,-0.0031892548662890707,0.011141508818035937,0.008955613878953807,-0.0031892548662890707,0.004141996940348003,0.026781186250023792,-0.01656571491890446,2392193.7,1.017662574732138,0,-0.7731956202055699,-10.323120825538354,51.538478053526696,0.017817106732118112,0.0017503668123974043,-0.013490160146311644,-0.02622303189329247,0.03586893534185395,0
2023-04-28,2921.04052734375,2928.2994616355104,2900.1710912549383,2903.936574808752,2931312,49.828268912403765,-13.984654579649487,-24.26107394669732,10.276419367047833,2973.540868765192,2885.9052124023438,2798.2695560394955,2885.9052124023438,2962.7134375,2890.7719666462885,2931.7584626397615,2885.496889046918,2899.4815436265676,2880.4020369087775,0.00981815548518794,0.011408895026622363,0.009629572105304065,0.00981815548518794,0.013617771843738913,0.018475874430178285,0.009533058827499996,2462548.45,1.1903570871874622,0,4.347084543028814,-7.840263299292019,51.34078156868382,0.017576196252015234,0.010470753503458573,-0.003655804334699897,-0.017655833142540128,0.04387389021878839,0
2023-05-02,2921.177001953125,2935.332014652381,2912.647841432502,2935.332014652381,2321159,44.206006758897004,-10.10247742738511,-21.429354642834877,11.326877215449766,2975.0113605744673,2890.6008544921874,2806.1903484099075,2890.6008544921874,2957.940693359375,2893.667684294559,2931.3435033971487,2890.986137186335,2901.08861461372,2883.530529085758,4.6721231046875644e-05,0.010758294659280888,0.007765422363900662,4.6721231046875644e-05,0.006644617497220784,0.014048194562070737,0.025450059285141657,2513429.9,0.9235025810745707,0,7.787243157978992,-5.945792189515487,49.26680071691102,0.016865393875130058,0.00950673009477675,-0.0034682054260244976,-0.018095513628878044,0.04097607049656243,0
2023-05-03,2885.335693359375,2918.0917245239298,2879.210967258462,2918.0917245239298,2468285,45.41391031002961,-9.804893421809538,-19.10446239862981,9.299568976820272,2974.5385040033793,2892.4609619140624,2810.3834198247455,2892.4609619140624,2952.1299072265624,2892.874161348351,2929.5392755525304,2890.116838136033,2899.9217315578426,2885.5004058056966,-0.012269475136147623,0.010484129433405983,0.013475297642126067,-0.012269475136147623,-0.0025251821914014094,0.0012279902133542908,0.015698971103246695,2549813.35,0.9680257576500648,0,7.382631272397703,-5.573846677793881,47.027568359167425,0.01629882043444781,-0.002605874838835912,-0.015088919463221162,-0.02998879003379779,0.02666976790636756,1
2023-05-04,2922.3564453125,2925.7590710882832,2883.611924117269,2885.5626742853387,1953253,47.2617640087412,-6.506784504692405,-16.58492681984233,10.078142315149925,2975.993117617788,2893.1324096679687,2810.2717017181494,2893.1324096679687,2946.686611328125,2895.6819979163656,2929.2575959352744,2895.0767777016436,2901.583562206336,2886.0321129126164,0.012830656771871896,0.010824093004887273,0.014422315607193875,0.012830656771871896,0.00045049630651528005,0.007051056514289389,0.04243250146676769,2528346.95,0.7725415216451997,0,8.628230749431168,-4.552855600968542,46.02298329264526,0.015748586510200273,0.009211801370222424,-0.002355938457700207,-0.018023117052173424,0.0398839526889247,0
2023-05-05,2931.4306640625,2943.498690049919,2912.6936232183302,2921.7218809989945,1710027,56.158995047144785,-3.124775344504542,-13.892896524774773,10.768121180270231,2979.044865821496,2894.525244140625,2810.0056224597542,2894.525244140625,2940.7460888671876,2899.0866327874264,2929.3428142932053,2900.6696832956213,2903.794458640126,2886.9725894129324,0.0031051033369167147,0.00983095357354449,0.01050854356176301,0.0031051033369167147,0.003510113253157643,0.013410077130351805,0.040550401153630844,2537756.8,0.6738340726739458,0,11.500830425081404,-2.853115093332235,44.22768654976975,0.015087406668686873,0.011156628059774569,0.000712736576650382,-0.01598304285553817,0.0432116721163197,0
2023-05-08,2949.487060546875,2953.3433700376554,2931.974834319009,2944.405717078382,928235,67.9021894645567,1.000953208179908,-10.914126578183838,11.915079786363746,2980.7422586527528,2895.015234375,2809.2882100972474,2895.015234375,2936.1992822265624,2903.8866735264214,2930.132784734526,2908.1800490265837,2907.1790958184038,2885.7025552178147,0.006159585046897176,0.00867870228864353,0.00724483114521085,0.006159585046897176,0.022233588741561228,0.00973849316256925,0.02839429476955857,2451415.3,0.37865269095775,0,13.114706880132871,-1.6256779052355341,38.10615114461478,0.01291958579996258,0.015703225417222424,0.006605255541039418,-0.010485709730570465,0.04990547069742424,0
2023-05-09,2979.11279296875,2992.496456624058,2945.3133711951764,2951.302082186596,1107375,72.81573877345966,6.585261034299947,-7.4142490556870815,13.999510089987028,2990.8410262838356,2897.8530517578124,2804.865077231789,2897.8530517578124,2932.496318359375,2911.051065854262,2932.053569371162,2919.09277886384,2912.50751782954,2886.0642851641264,0.010044367652313646,0.00875213778326039,0.015837965430594684,0.010044367652313646,0.019421432230585012,0.019833029965965254,0.034159842791753325,2421610.85,0.4572885854058673,0,17.38338155970314,0.7100659740135598,38.478820069772965,0.012916201145720297,0.023380464847501687,0.016049919445257813,-0.003921383053133426,0.06212338595228667,0
2023-05-10,2982.333740234375,3000.2088248723344,2963.505875992397,2985.237270173894,1559987,83.24340310032512,11.142326935962046,-3.7029338573572566,14.845260793319303,2995.363572372005,2898.9147094726563,2802.4658465733078,2898.9147094726563,2929.5165234375,2917.8398919857013,2934.0253407775626,2928.8221575362304,2917.6798306002684,2886.292075995884,0.0010811766755616237,0.007400263214128971,0.012306787930801196,0.0010811766755616237,0.017364584738747135,0.03361759503347983,0.03488686732453172,2389450.85,0.6528642344746283,0,24.965730637350134,4.486065225032235,36.66084224556396,0.012292669244550367,0.022103285524958372,0.016464888283483567,-0.0043500001995790075,0.06418201095331785,0
2023-05-11,2978.11376953125,3003.1117684671635,2968.904085382536,3002.476656030199,1719623,80.99963127814796,14.249063789311094,-0.1125343280235862,14.36159811733468,3004.584011052745,2902.0156127929686,2799.447214533192,2902.0156127929686,2927.3497265625,2923.5802612757534,2935.754298767903,2936.405482458541,2922.15641866923,2887.782891795068,-0.0014149894246220374,0.007561546435126433,0.011486358726319543,-0.0014149894246220374,0.009705656745301106,0.0190795767943317,0.026265164482866643,2357993.05,0.7292739900145169,0,27.898263359387784,6.496702832628671,36.835831262417805,0.012368846227192892,0.01865298824794363,0.014428820143812672,-0.008809952201077087,0.06382208389946395,0
2023-05-12,2970.990966796875,2985.236580337237,2958.0155780849213,2975.3915625792824,1027479,73.84882877766856,15.952533598289392,3.1004792572390096,12.852054341050383,3009.2638157413885,2903.496862792969,2797.729909844549,2903.496862792969,2924.8181640625,2928.095566563479,2937.1361288866865,2941.7263262029,2925.7737926046107,2887.2029228782844,-0.002391716128257948,0.00654513526592469,0.009162263553316456,-0.002391716128257948,-0.0027262566865692284,0.013495220343895387,0.02708626941995007,2288480.65,0.448978670630228,0,29.0089337760528,7.793314593481227,34.65491605800337,0.011664429964715107,0.01464959023989077,0.011526479000148042,-0.012718342853261693,0.06192915775846024,0
2023-05-15,2953.524169921875,2987.051326870769,2947.444857030648,2979.792392905105,1150390,66.50200843209507,15.712002973149538,5.622784000421116,10.089218972728421,3014.4554831507826,2906.5002197265626,2798.5449563023426,2906.5002197265626,2922.179541015625,2930.517338311898,2937.778797162576,2943.5413790827424,2927.829376109593,2887.6693506136944,-0.005879114770191207,0.006887825400776611,0.01340990205648754,-0.005879114770191207,-0.009660075907613197,0.0013687496476935124,0.011120572369348158,2137296.65,0.5382453577513444,0,26.63066478547671,7.646012428050199,33.93225343830448,0.011488733961910335,0.007850774779319265,0.005359618217173566,-0.020213041316908313,0.05537849705452047,0
2023-05-16,2956.33740234375,2980.700292430745,2949.3507214579936,2954.5680811783823,986306,66.76182591566987,15.568916289406843,7.612010458218261,7.956905831188582,3018.4259082173826,2911.883190917969,2805.3404736185553,2911.883190917969,2920.842080078125,2932.976392029217,2938.5065856010538,2945.509998045974,2929.941081756567,2897.180884641446,0.0009525002200843069,0.0068803647814331455,0.010604192521427934,0.0009525002200843069,-0.007312134079729082,-0.0076450246122785614,0.01203638135146079,1911359.55,0.5160232673125263,0,21.92532617495499,6.453016229891546,33.33923109853962,0.011277207761234784,0.007964950000286328,0.006067985972898222,-0.02056982936192087,0.053824813831038,0
2023-05-17,2911.46826171875,2976.1635689712307,2901.986321482389,2954.341349716888,1588815,51.936938360982246,11.700083125057063,8.42962499158602,3.270458133471042,3016.57868630052,2915.4196533203126,2814.260620340105,2915.4196533203126,2918.95203125,2930.9279986663155,2937.4462591742968,2940.272807841786,2928.5727247167288,2902.421831093236,-0.015177273267059532,0.008057164530654016,0.02547760814162268,-0.015177273267059532,-0.020034630109393547,-0.02376175327381569,0.009057028760819597,1859935.2,0.8542313732220349,0,13.088106680614146,3.4209183967341232,36.53770205083957,0.01254957937589537,-0.006639445580519349,-0.0088437353958091,-0.03484425089228343,0.03454109426684771,1
2023-05-18,2903.437744140625,2929.8419851105737,2899.036926549752,2927.119884710057,1369364,52.19553991705727,7.895000660999813,8.32270012546878,-0.4276994644689669,3007.118186217272,2920.421484375,2833.724782532728,2920.421484375,2915.579345703125,2928.3098791876787,2936.1125919180745,2934.605874964684,2926.7108743036842,2911.0917698359917,-0.002758236345459686,0.008043760689490198,0.010609856754459008,-0.002758236345459686,-0.016958190588491018,-0.02507494043868541,-0.006473782896066926,1763501.7,0.77650279554593,0,4.729617911925288,0.35829315017144836,36.887679936954164,0.0127048289605646,-0.008493682729354206,-0.011128608578359723,-0.03447833961160976,0.02460117582258246,1
2023-05-19,2924.307373046875,2934.878108354694,2906.3414649157826,2912.647620287082,1152449,50.68525280251547,6.488652880701466,7.955890676515318,-1.467237795813852,2997.577662984954,2925.777233886719,2853.976804788484,2925.777233886719,2913.79001953125,2927.92868812665,2935.6496421584197,2933.021490054252,2926.5328371735504,2918.5394632178613,0.007187903011995456,0.00783218773781352,0.009758428167275346,0.007187903011995456,-0.010834361893700573,-0.015713138906083945,-0.002429970834020412,1700124.2,0.6778616526957266,0,-0.16687843682939274,-1.4864867282667547,36.58632560104765,0.01251110807921941,-0.0012368180599684703,-0.0038636317320228306,-0.02444316650835898,0.024643006257229667,1
2023-05-22,2993.130859375,3001.9776857947654,2919.0444477620817,2930.7948036761345,1333243,61.7167727998079,10.803061331079334,8.525324807428122,2.277736523651212,3004.447576344851,2932.0312377929686,2859.6148992410863,2932.0312377929686,2913.0015185546877,2934.138418721731,2937.903807539462,2942.269085334367,2931.4660240032877,2924.5501203883578,0.02353497001117799,0.010026333959197149,0.027707855730036837,0.02353497001117799,0.028048596211741383,0.013409976412745106,0.014797080960929243,1670327.15,0.7981927372730546,0,3.621080409832757,0.1250103768857116,40.88983023053369,0.013661223699077412,0.020105541128141256,0.01879811438816016,-0.003766654828312413,0.04669018900738961,0
2023-05-23,2991.63427734375,3019.671827774928,2985.328121281898,2999.7551673241283,1687418,69.48929339734885,13.94079860075044,9.608419566092586,4.332379034657855,3010.433334940335,2937.5775390625,2864.721743184665,2937.5775390625,2911.6440966796877,2939.6142147809705,2940.010884786689,2949.8637302588872,2935.922931658137,2931.079900567657,-0.0005000055465541609,0.009217994602971586,0.011479914758672787,-0.0005000055465541609,0.030376588367053037,0.01193939330876681,0.004203091740787146,1672664.25,1.008820508957491,0,6.637822751753447,1.5042991856353183,40.34537821613133,0.013486066302179722,0.017696220919470363,0.017558912051717262,-0.0062446350757531825,0.04430187136360358,0
2023-05-24,2997.350830078125,3009.9177299537914,2972.534254332538,2972.534254332538,1016555,65.53283326540581,16.69629156747169,11.025993966368407,5.670297601103282,3015.9123957371544,2943.3552368164064,2870.7980778956585,2943.3552368164064,2910.064384765625,2945.112940047366,2942.2595100922354,2957.1694379233854,2940.4731463559137,2936.353711632999,0.0019108461143353406,0.008737649240858809,0.012472172174879925,0.0019108461143353406,0.024978036749654375,0.029498026644698916,0.0050353485396874564,1622287.5,0.6266182782028463,0,14.184941381050521,4.813250917938603,40.005115976862726,0.013346824661102485,0.017737143224775227,0.018724153935749402,-0.006154544039563369,0.04408277724472762,0
2023-05-25,2988.412841796875,2999.7549278823344,2964.458444594432,2988.8665252402934,1374917,61.80880979437202,17.951880535287273,12.411171280152182,5.540709255135091,3020.146789774461,2947.6811279296876,2875.215466084914,2947.6811279296876,2909.2777001953127,2949.236740213986,2944.0694446688876,2961.9761154423836,2944.0242349070963,2940.7184563503138,-0.0029819626690202883,0.008821266420433158,0.011811113509564278,-0.0029819626690202883,-0.0015762817597324563,0.029267063785933356,0.0034582534660003716,1591031.9,0.8641668341156453,0,20.926861026307506,7.956852750813141,40.325931438028,0.013494096556545647,0.013283471295711013,0.015061939930895402,-0.01050741907149349,0.03937004967008541,0
2023-05-26,3020.53369140625,3029.3805189934887,2986.144573292574,2988.412990622636,1791115,63.91247684895238,21.293371227796342,14.187611269681014,7.105759958115328,3028.6323047933147,2954.0758056640625,2879.5193065348103,2954.0758056640625,2909.2395947265627,2956.026926041821,2947.068042580157,2970.9849732829784,2949.691602055182,2948.7116846903123,0.010748464589672047,0.00909233608302061,0.01431400875412373,0.010748464589672047,0.009660075859325712,0.03290567853649229,0.016675488132765537,1558865.35,1.1489863444588078,0,28.098237915171012,11.41840042173726,41.84901998986795,0.013854842973257675,0.021822116976046968,0.024928385692029646,-0.0026740167085477114,0.04897150178900354,0
2023-05-29,3012.77587890625,3059.6412922971317,3005.199276419958,3049.4788269717515,1210372,57.20940981597402,23.049831927308787,15.96005540120657,7.0897765261022165,3035.90081052763,2958.6625732421876,2881.4243359567454,2958.6625732421876,2909.93646484375,2961.4315882193855,2949.644820475298,2977.4143433788663,2954.3645114515575,2955.0873703643374,-0.002568358208376198,0.008827180313266392,0.01807038361477393,-0.002568358208376198,0.005146227352946564,0.006563368076513809,0.020061359100353116,1472818.35,0.821806708206752,0,27.293169497654617,11.741012935835897,42.36751502188882,0.014062617574218566,0.017337658884680224,0.021402935700163186,-0.007617156509589904,0.04558562975622637,0
2023-05-30,3009.01025390625,3018.7644486791137,2995.535987530445,3007.9214578645388,1344224,55.699842150673604,23.86290846479187,17.54062601392363,6.32228245086824,3041.2998371031545,2963.054235839844,2884.808634576533,2963.054235839844,2911.77388671875,2965.9628897133725,2951.9728766882768,2982.275252690771,2958.4123442259793,2960.1849470548204,-0.0012498855379070584,0.008844226811935982,0.007719635092141697,-0.0012498855379070584,0.006892425243692379,0.005808188752914001,0.01781692831161341,1423971.6,0.9439963549834841,0,26.34867493240199,11.96199190158768,41.40505161251248,0.013760355771058304,0.014513790560959283,0.019321782279368923,-0.010617033810010777,0.04305367705887659,0
2023-05-31,2984.782958984375,3019.4443249341693,2962.688489753799,3002.47661081602,5815424,51.31273793585331,22.295330562046274,18.491566923548163,3.8037636384981113,3037.6402013736015,2968.0265991210936,2898.4129968685857,2968.0265991210936,2913.418037109375,2967.755277262992,2953.2595465822415,2982.661053659018,2960.3657230969716,2970.56138858458,-0.008051582705782878,0.009137701872849822,0.019015062723248273,-0.008051582705782878,-0.011835899239789893,-0.004192993014909274,0.025181348610114895,1591328.55,3.654445840238334,1,22.642337215625957,11.000036490006096,43.01563390506554,0.014411645501923654,0.005737562612334663,0.010674108355499966,-0.017400758116555337,0.029799052864137213,0
2023-06-01,3016.087890625,3030.605762541365,2992.0426652635188,3007.014220677271,1177314,58.10511369370492,23.310352899466125,19.455324118731756,3.8550287807343686,3042.0006735457255,2972.713171386719,2903.425669227712,2972.713171386719,2915.9405224609377,2972.358383297469,2955.7234032113693,2987.8036439614766,2964.4932910620105,2975.940573690083,0.010488176886160216,0.009498145890457678,0.012785800240673741,0.010488176886160216,0.0010993223033743948,0.009260785003013305,0.03879888477433768,1552531.6,0.7583188644920335,0,23.121643083482923,11.653958542481632,44.34433399825658,0.014702600058868793,0.014712057460250916,0.02042291486004584,-0.00851833569468668,0.03880320498346184,0
2023-06-02,2999.3916015625,3026.88463672217,2991.996429674022,3018.128636240968,2030661,58.266489374340544,22.508055570242504,20.065870409033906,2.4421851612085987,3043.514418346127,2976.111218261719,2908.708018177311,2976.111218261719,2918.2325244140625,2974.932975513186,2957.43588157808,2989.586406669326,2967.0783510990836,2980.4395829365276,-0.005535743541956295,0.009479111156259386,0.011631761264508954,-0.005535743541956295,-0.0031966166719649136,-0.006999455064481297,0.025675901653728683,1568563.3,1.2945993317579214,0,18.90604947136535,10.367838997923172,44.00731522740138,0.014672080566097555,0.008221572133098095,0.014186518884741591,-0.014497324710425979,0.031176585211881946,0
2023-06-05,2984.23876953125,3018.809535417948,2980.745540044345,3007.9211331260885,1861468,54.81440665399496,20.41420005829832,20.135536338886787,0.2786637194115329,3044.144768999675,2977.8488037109373,2911.5528384222,2977.8488037109373,2920.874775390625,2975.8192416101447,2958.4869752233026,2988.763693263468,2968.34949320517,2982.275607655323,-0.0050519685470067355,0.009623130535210423,0.012755010008660276,-0.0050519685470067355,-0.00018232128117956492,-0.009472031947281745,-0.002970832302870541,1615224.95,1.152451242162895,0,14.38765339075917,8.84215474800476,44.48691697031937,0.014907291408625177,0.0028293142954979086,0.008704379814281153,-0.019679090192583168,0.02496466152008406,0
2023-06-06,2932.8818359375,2984.193474251993,2922.265688378492,2976.1631892319806,2022849,53.614016003691894,14.444225110597927,18.997274093229017,-4.55304898263109,3044.8049315696276,2975.537255859375,2906.2695801491222,2975.537255859375,2923.1649560546875,2971.729964879417,2957.4828521140557,2980.166484444089,2965.722259333491,2980.4261938853724,-0.017209391593628,0.009892812394855233,0.02111499519506061,-0.017209391593628,-0.02758741048168123,-0.02530015239061456,-0.019638911698262707,1660998.65,1.2178510801318232,0,5.767075166044378,5.5099754257789755,43.615190803456244,0.014871104000517834,-0.01307256359125256,-0.008318227833162425,-0.036758708077377585,0.009156843525510893,0
2023-06-07,2971.53564453125,2975.119920852353,2940.7759965528526,2951.6643988850446,1567196,60.41632590262327,12.685782459785969,17.73497576654041,-5.0491933067544394,3044.210283417288,2974.997351074219,2905.78441873115,2974.997351074219,2925.77998046875,2971.7114581795913,2958.0339420127693,2978.838662919037,2966.152880459251,2979.5049626612954,0.013179463325154517,0.010385258009140303,0.011557634976617662,0.013179463325154517,-0.00928720245023651,-0.0044382840009353774,-0.008612667322030587,1661359.1,0.9433216455130019,0,3.956180916599351,4.774395430527875,44.43183554302992,0.014952482775968483,-5.916242233322948e-05,0.004564417712290871,-0.023873067928952902,0.022627702652769872,0
2023-06-08,2936.6474609375,2967.089663718905,2933.517089542269,2958.923361892156,1759366,51.80993222914755,8.380414940021183,15.864063601236563,-7.48364866121538,3044.19752195101,2972.924035644531,2901.6505493380523,2972.924035644531,2927.8088525390626,2968.372029870821,2957.195256480406,2972.347708768031,2963.96729382801,2977.5197320584016,-0.011740792562242142,0.010839084520303357,0.011432279367274882,-0.011740792562242142,-0.01594755388866742,-0.026338897461982813,-0.0173220313255813,1663346.25,1.0577268563295226,0,-3.986353426648293,1.4718532690367283,44.901706312666484,0.015290124848125962,-0.010687531284514034,-0.006948406770867595,-0.035329527810856944,0.012061035953289227,0
2023-06-09,2912.0126953125,2948.942484583645,2908.4286402901084,2944.405649991978,1775689,36.330416694779835,2.946593956558445,13.28056967230094,-10.333975715742495,3046.2876437569716,2969.9751220703124,2893.662600383653,2969.9751220703124,2929.4203369140623,2963.0044741986,2955.423391336567,2963.0653990056417,2960.118805049083,2974.864743899508,-0.008388737821847903,0.00874278777410852,0.013912660600261924,-0.008388737821847903,-0.0071155749847416905,-0.029132210080364596,-0.03592775554945937,1700756.75,1.0440581817476249,0,-11.928501314586356,-2.0124902415132055,41.87174961701313,0.01437897220860835,-0.017209484268460824,-0.014688486310056178,-0.044078223774978456,0.006341477035509911,0
2023-06-12,2946.12939453125,2952.934646039938,2913.5550125863747,2917.184480057675,2324605,43.091305901383166,1.377307437602667,10.899917225361287,-9.52260978775862,3046.3240838954835,2969.6053833007813,2892.8866827060792,2969.6053833007813,2931.681484375,2961.3973237540904,2955.0589208736133,2960.4598598557354,2959.0825524181328,2972.79760486887,0.011715848379942884,0.009474898138170415,0.01336656615512598,0.011715848379942884,-0.008549872200509179,-0.012770216441490012,-0.022121288490664304,1759467.5,1.321198032927576,0,-14.421917856054279,-3.4280543496893188,42.341624205185134,0.014371949950257356,-0.00515565037503499,-0.003021776073325603,-0.032890357888681894,0.01840470010230964,0
2023-06-13,2943.225830078125,2962.552788439429,2938.961250154766,2958.015954153917,1371928,41.71177853412849,-0.09950973376726324,8.700031833535578,-8.79954156730284,3046.3667907097447,2968.9498046875,2891.5328186652555,2968.9498046875,2934.0007177734374,2959.6667053087604,2954.59487809732,2957.80847065918,2957.907980392947,2972.146581553313,-0.0009855522498484204,0.009436759597146282,0.008015537932417886,-0.0009855522498484204,0.002240094947769,0.0035269044984618247,-0.021862479113430977,1778748.6,0.7712883090955067,0,-12.063259570656555,-2.887974016735825,41.35648582400011,0.014051414404345026,-0.005554975227834041,-0.0038479211155054427,-0.03385703945636495,0.017877373232350596,0
2023-06-14,2949.8955078125,2954.25091368528,2927.029903886838,2943.226271801824,1658544,44.06053647058823,-0.7233721458155742,6.815351037665347,-7.538723183480921,3044.0741392900027,2970.8711669921877,2897.6681946943727,2970.8711669921877,2936.03595703125,2958.7361150710212,2954.410589066543,2956.5910917596907,2957.3144639055063,2972.7084501651393,0.002266111443510299,0.009467257874228958,0.009227787806839256,0.002266111443510299,0.013009150873888764,-0.007282475900491359,-0.01168843820515042,1782235.05,0.93059779067862,0,-12.975343108570087,-3.6233529462265324,40.77966628903865,0.013824105355948314,-0.0029879674680987974,-0.001528251107260401,-0.03093835010847299,0.018023910816895968,0
2023-06-15,2940.068115234375,2968.5427081775592,2934.309146107493,2966.577450199209,2273810,36.67593512670893,-1.9878612253528445,5.054708585061709,-7.0425698104145535,3040.429970344313,2972.702685546875,2904.9754007494366,2972.702685546875,2936.65876953125,2956.958210324674,2953.8481391123405,2954.0490953711806,2956.0369565965334,2973.4694071863305,-0.00333143752112508,0.00886512658711864,0.011643798962575206,-0.00333143752112508,-0.002057370361303934,0.0011648161185078276,-0.02520476131578253,1827457.35,1.2442479163740812,0,-11.413819546146897,-3.347117368065483,40.13663888683521,0.013651601702308048,-0.005711983020701667,-0.004665109114954885,-0.03300909940003405,0.012080210550452516,0
2023-06-16,2902.22412109375,2924.6199424279303,2884.947433905012,2922.4261553213955,4156189,33.35274447003185,-5.974798227942301,2.848807222460907,-8.823605450403209,3043.2540108989147,2971.598522949219,2899.943034999523,2971.598522949219,2936.6317724609376,2951.745439921729,2951.823667817494,2946.076022405422,2952.0508206333643,2967.6665626448457,-0.012871808630735782,0.00934067799754729,0.01366969154262523,-0.012871808630735782,-0.013930874269096338,-0.0033614462720258365,-0.032395729993419886,1977644.35,2.1015856566930244,1,-11.259034276870807,-3.5997235190729953,40.185114990563015,0.013846316932759352,-0.016776961237311906,-0.016803018169583503,-0.04634180692774552,0.000786596863006024,0
2023-06-19,2934.674560546875,2938.7880778419694,2902.314980427836,2916.026704744818,1468186,39.696400157830226,-6.441738906326464,0.9906979967034326,-7.432436903029896,3041.394051559267,2968.6757080078123,2895.9573644563575,2968.6757080078123,2936.5315185546874,2950.1196418860286,2951.151153806881,2944.321951350261,2950.7636902565873,2965.9728803364874,0.011181231393285973,0.010045822754130239,0.012428327796366191,0.011181231393285973,-0.00515982590749875,-0.003888096023765275,-0.01660866063748656,1984391.5,0.7398671078766463,0,-11.27768186806179,-3.907767066732049,41.13765039053091,0.014017789551037963,-0.005235408462715591,-0.00558310720165993,-0.03508900497706932,0.013369394372208132,0
2023-06-20,2950.489013671875,2954.87681041467,2926.127937589783,2937.9656824973704,1528452,45.13304201158912,-5.47261367393412,-0.3019643374240779,-5.170649336510042,3038.928903237784,2966.618444824219,2894.3079864106535,2966.618444824219,2937.094169921875,2950.1548201513474,2951.1251875270773,2945.2707301689707,2950.743343842905,2963.71207082325,0.005388826869461516,0.010038297410730493,0.009743765420468172,0.005388826869461516,0.003544441158863876,0.0024677629285270175,0.00600337099116266,1976443.2,0.7733346447800777,0,-9.511885157412962,-3.4696905702426193,39.13715307942497,0.013264632709382265,0.00011327999406839986,-0.0002155699317301327,-0.02910232268733966,0.019410866958527742,0
2023-06-21,2978.36962890625,2981.294752449042,2947.0611882584167,2970.8739300864027,1645987,44.59452840064602,-2.426866892833459,-0.7269448485059542,-1.699922044327505,3036.769622243863,2965.669384765625,2894.5691472873873,2965.669384765625,2937.43955078125,2952.8419447946717,2952.1935969929273,2950.3628684362448,2952.789735329078,2963.1769003876343,0.009449489594837601,0.009952091288934638,0.011494061669973727,0.009449489594837601,0.026236949537792098,0.009652586343597225,0.002299815715681275,2007914.8,0.819749423630923,0,-5.894170276349541,-2.216992073615529,38.30935026754177,0.012862523810253247,0.008645123778663133,0.008866637994197046,-0.01923095940826141,0.02895093444127786,0
2023-06-22,2960.362060546875,2987.008429225919,2952.683582173944,2980.0155372495947,1529603,44.427550311170414,-1.4494426241403744,-0.8714444036328381,-0.5779982205075362,3034.5803817828087,2964.266845703125,2893.9533096234413,2964.266845703125,2938.3248779296873,2953.558146294881,2952.5139288970036,2951.901205684034,2953.350648308174,2962.592684000643,-0.006046116030933302,0.009971481967828228,0.011594813860583609,-0.006046116030933302,0.00875310003546459,0.006902542566052938,0.008075398877400275,2015649.1,0.7588637327796788,0,-3.400064029792702,-1.3342102153369524,38.269110267815094,0.012927172246203407,0.0023036330808414956,0.002658118416668518,-0.024457523577718045,0.022947416153052836,0
2023-06-23,2940.1142578125,2970.3255840143474,2933.5324504051714,2959.2649249571587,1119505,43.79045579856139,-2.282345849710964,-1.1536246928484635,-1.1287211568625006,3026.0653940085667,2960.2458740234374,2894.426354038308,2960.2458740234374,2938.29984375,2952.277775963226,2952.0276672858467,2950.0878290884134,2952.3701749381244,2959.947059038984,-0.006839637287688549,0.010040103012446835,0.012514184954346237,-0.006839637287688549,-0.0035162835080221333,0.013055551583132319,0.009650219775908075,1982068.6,0.5648164750705399,0,0.5323360414968192,0.2039994683527766,38.178334427498875,0.01298532338532458,-0.004120045291726424,-0.004035669992314189,-0.02840359509951271,0.015784787099678,0
2023-06-26,2915.707275390625,2937.8745675991736,2900.487347535049,2929.7390320989075,1978803,47.3846851636361,-4.8558914663649375,-1.8940780475517585,-2.961813418813179,3019.1867901049172,2955.392443847656,2891.598097590395,2955.392443847656,2938.7448486328126,2948.794871146788,2950.6033381919165,2944.7985131349074,2949.6544046012723,2955.9194914864793,-0.008301372083421743,0.009180418827096476,0.012822693272292084,-0.008301372083421743,-0.021039146017157284,-0.0064631647444803875,-0.010326131363101676,2020490.15,0.9793678034015657,0,-1.3247707392406483,-0.5478156149647475,36.58217936497694,0.012546588498008918,-0.011220718022781684,-0.011826755006206705,-0.03427396908778085,0.008337665535304017,1
2023-06-27,2922.74560546875,2933.989041126568,2908.9881304563214,2926.996150834744,863542,41.77872780169293,-6.255402111741205,-2.766342860389648,-3.489059251351557,3011.1669200217916,2951.079211425781,2890.9915028297705,2951.079211425781,2940.226201171875,2946.3139887012603,2949.510878085126,2941.4057581093443,2947.6611602210855,2953.438352205123,0.0024139357669854533,0.008372587951645074,0.008553912671519273,0.0024139357669854533,-0.012706707594805522,-0.009402986445490424,-0.006958427858331007,1996456.05,0.43253744554006085,0,-3.84083145008708,-1.6143094419512636,35.35095263321932,0.012095117880623667,-0.007999277511796797,-0.009074478353425333,-0.029364467962606906,0.010983810435934457,1
2023-06-28,2939.291259765625,2953.460043363007,2919.134977819985,2932.4811471226985,1575872,50.47484076237616,-5.960716922906158,-3.4052176728929497,-2.5554992500132085,3006.9325596186327,2948.8046264648438,2890.676693311055,2948.8046264648438,2942.19724609375,2945.645157374057,2949.1101087392635,2941.080450671849,2947.0411675947553,2946.935556575417,0.005660997065880968,0.007960830914402275,0.011678007556746528,0.005660997065880968,-0.0002799204298568059,-0.013120725097836794,-0.0035947876861369688,1784478.45,0.8830994848943119,0,-7.196787420614783,-3.083488253663745,35.08713195850795,0.011937276321947677,-0.0021570478686225034,-0.0033294277295858763,-0.02249511703767197,0.016817711426207898,1
2023-06-30,3018.636474609375,3025.720866365972,2938.057320866292,2943.450510482909,2672406,66.00484765507329,0.667622992325505,-2.590649539849259,3.258272532174764,3007.688812992262,2948.9320556640623,2890.175298335863,2948.9320556640623,2946.501953125,2952.5967113964684,2951.8366328910324,2953.0121466622377,2952.344523669912,2948.2390394043823,0.026994675869609797,0.010326053919690907,0.029040775938753746,0.026994675869609797,0.0353016230701555,0.019684894236124295,0.02672331262255012,1859233.05,1.4373701026883101,0,-0.9614348984127901,-0.6772960059711295,38.454967758946786,0.012739184755237224,0.022366672345737394,0.02262992503515302,0.0036398917234465216,0.0444475379564274,0
2023-07-03,2991.2587890625,3033.76513982982,2988.0136359285348,3029.651622013628,1687264,56.9140643701824,3.6691836459058322,-1.3386829026982408,5.007866548604073,3005.908289765974,2948.5254150390624,2891.1425403121507,2948.5254150390624,2949.98328125,2956.2788140313287,2953.382599799718,2958.896245493047,2955.227061847141,2947.6198835200394,-0.009069553679999731,0.010411727441178195,0.015295067103045347,-0.009069553679999731,0.023441377677740682,0.017395423022795287,0.030678081448511918,1842063.2,0.9159642296746388,0,4.001038068102844,1.3549325138710628,38.79993584279301,0.01297110633980065,0.011832434364832752,0.01282468084742923,-0.004873568749036809,0.034628610438397815,0
2023-07-04,3024.669677734375,3030.2913960326277,2995.8293032220745,3007.4385197427887,1656681,61.410962109177774,8.644275748366454,0.6579088275146983,7.986366920851755,3015.5676779849036,2950.5469604492187,2885.5262429135337,2950.5469604492187,2953.1156591796876,2962.7922296220954,2956.1781714834297,2969.015235068636,2960.3709593202693,2948.367138691868,0.011169507898828979,0.010723302737741101,0.011393671535189604,0.011169507898828979,0.029047280593607505,0.03737083048885692,0.030666131910288996,1831823.85,0.9043888144594252,0,13.997358475307465,5.574833291513187,39.90286932032619,0.013192471764459047,0.02088484217476568,0.023168937147173326,0.003018337083236547,0.04822116422006522,0
2023-07-05,3034.816162109375,3043.08894780055,3021.150186987329,3034.861912495592,1453008,61.783291902867745,13.25303582723609,3.1769342274589767,10.076101599777113,3030.126110573667,2955.6436767578125,2881.161242941958,2955.6436767578125,2956.1978173828124,2969.6516517637415,2959.2620142530745,2979.138454613365,2965.885418786129,2951.8851590145814,0.003354576021868283,0.010729288572189221,0.007229024639822772,0.003354576021868283,0.005359932418524727,0.03834427342254143,0.02858073629379665,1803331.8,0.8057352507175883,0,23.33766306248117,9.751136167948516,39.525565821381825,0.013024039582651109,0.021943486303159794,0.025531415431414756,0.0015478073732119201,0.05333089897131889,0
2023-07-06,3037.51318359375,3042.586567379138,3018.4082659703854,3022.567534593457,1848238,63.79408900295211,16.92800300655972,5.927147983279125,11.000855023280595,3041.7659755516765,2958.9425537109373,2876.119131870198,2958.9425537109373,2959.3121435546873,2976.114654795171,2962.330687560552,2988.1191821488087,2971.191179142249,2955.5447228111952,0.000888693528803497,0.01062425597386625,0.007959900071988121,0.000888693528803497,0.015463187170691617,0.03341687337101695,0.019857694664049852,1817383.9,1.0169772055315336,0,30.469497421114283,13.220578821288655,38.80733291700228,0.012776021229013548,0.020630431256958584,0.02537950821928993,-0.001398132529625403,0.05611521787646026,0
2023-07-07,3043.31787109375,3068.59306578827,3018.408233191128,3018.408233191128,1789326,71.96532494937394,20.077391075756168,8.757196601774535,11.320194473981633,3054.4651859751875,2964.27607421875,2874.086962462313,2964.27607421875,2962.1406005859376,2982.5149611093216,2965.5066555422463,2996.6112881403383,2976.533897064582,2960.341703874178,0.0019109999361821561,0.009684454761077285,0.01649017116279928,0.0019109999361821561,0.0061653652617510435,0.00817633944728935,0.02802218406067203,1818881.9,0.9837505117841902,0,29.91824971285314,13.670022651213912,38.4547722932722,0.012635805368386243,0.020386455986733186,0.02623875937222464,-0.0036495144657798947,0.05888162426597286,1
2023-07-10,2990.938720703125,3039.2040404212626,2984.768444058913,3039.2040404212626,1407431,58.24739685475351,18.13766441988264,10.633290165396156,7.504374254486484,3055.647327359347,2968.222375488281,2880.7974236172154,2968.222375488281,2964.106572265625,2983.317223927779,2966.5039914309086,2995.73858545769,2977.6009210378074,2963.9211013505724,-0.017211199292764046,0.010842232553298668,0.018200171065207507,-0.017211199292764046,-0.014458022846350116,-0.00010700122655560307,0.017286560464639722,1800469.0,0.7817024341990892,0,27.038409896450503,13.121391631190818,40.02516302803061,0.013382140781079358,0.0025547054514408916,0.008236877261179802,-0.021176726147955804,0.03823291987938983,1
2023-07-11,2991.350341796875,3012.0094335540425,2980.7467399101047,3012.0094335540425,1110172,56.272853067239545,16.44407439874385,11.795447012065695,4.648627386678156,3057.8415927888955,2970.4834228515624,2883.1252529142293,2970.4834228515624,2965.5127685546877,2984.082282772455,2967.478358111927,2995.063471048334,2978.6193966495903,2966.665714132274,0.0001376227105225336,0.010784740599340821,0.010451030495197243,0.0001376227105225336,-0.015197577428210152,-0.011015859411946716,0.025943299262137343,1739747.35,0.6381225411839253,0,21.290053150359654,11.300186628497158,40.2047216579628,0.013440325292627614,0.0024356094556706757,0.008044535057750804,-0.021744504734588724,0.037537421856110136,1
2023-07-12,2979.92333984375,3006.661203060888,2970.965191560364,2999.1655048447924,1515240,50.25120946859171,14.01823505944003,12.240004621540564,1.7782304378994667,3058.8030850983637,2972.3182983398438,2885.833511581324,2972.3182983398438,2966.6876953125,2983.686192969721,2967.9663966112143,2992.734220093783,2978.715985034343,2968.220981388451,-0.0038200145912233863,0.010569446073776105,0.011978835503330676,-0.0038200145912233863,-0.020830729465409537,-0.01808769274099009,0.019563021245507795,1746912.95,0.8673815143450623,0,14.034541205979622,8.70438235813981,40.30918218009843,0.013526919179810852,-0.001261142386500728,0.004028665299643531,-0.025787781383801337,0.03260403896649902,1
2023-07-13,3053.647216796875,3078.23682351536,2991.670168892645,3001.9539636829727,4585146,62.780104971215195,17.83900370941501,13.359804439115454,4.4791992702995564,3070.527191709871,2977.5058837890624,2884.4845758682536,2977.5058837890624,2970.05392578125,2990.3491476199265,2971.3264287753577,3002.105450355797,2984.266446646382,2978.1292813202363,0.024740192463135857,0.012261967557818582,0.028348610195227133,0.024740192463135857,0.020966158771386745,0.005311592815553379,0.038905963011086175,1893243.05,2.421847527711775,1,14.234492824755307,8.995741214805548,44.87979908150094,0.014697113286248446,0.021167451040735023,0.027705063713058975,-0.005497419126777485,0.05864570826408459,1
2023-07-14,3212.794189453125,3222.1183409737173,3064.113474251122,3075.9969692288264,6306101,77.05901249965477,33.32467492958676,17.352778537209716,15.971896392377047,3129.813781672887,2991.1421875,2852.470593327113,2991.1421875,2975.8626806640623,3011.534389699279,2980.7957527235053,3034.5191025246168,3001.19442759503,3008.112590905898,0.05211701331471663,0.017772032717684686,0.0491798905890982,0.05211701331471663,0.07402805500984244,0.05568801076256502,0.06431967428899332,2094857.6,3.0102766889739905,1,29.019428589957442,15.289097181258967,54.28536983633425,0.016896622265609423,0.06682965349565312,0.07783104109620609,0.026512889765564488,0.12631982849145929,0
2023-07-17,3191.8154296875,3245.016880200195,3178.4237336660526,3208.5437794971795,2743228,77.58690587991364,43.40403564865119,22.56302995949801,20.841005689153178,3164.2419704574277,3005.6217529296873,2847.001535401947,3005.6217529296873,2981.0703759765624,3028.7040125553,2989.071034173074,3058.718537472753,3015.3145018241016,3032.1551028551876,-0.006529755262410952,0.017664523667669275,0.020863720976705167,-0.006529755262410952,0.07110655734347193,0.0671617601503891,0.06704757253311988,2024209.55,1.3552094939972987,0,45.38678862752067,22.56704274216554,56.211529568955065,0.017611146636526707,0.05385518573489919,0.06782856385696936,0.008714080493056057,0.121114755295301,0
2023-07-18,3196.523681640625,3221.341818927721,3167.409024569964,3177.4642913146304,2600090,77.48205962952235,51.181924850461655,28.28680893769074,22.895115912770915,3194.9279355888807,3018.714208984375,2842.5004823798695,3018.714208984375,2986.0111083984375,3044.6868381824734,2997.206432112978,3079.919328883195,3028.737404032733,3046.106252703824,0.0014751015705147807,0.017683513875732654,0.016872327481107754,0.0014751015705147807,0.046788792123020784,0.06858887004205072,0.05681744528049659,2080804.75,1.2495598157395593,0,60.60455541001829,29.728074001051027,58.27809268949152,0.018231709974249315,0.04986944520993518,0.06650100820287244,0.0004994622989673713,0.12454639900864725,0
2023-07-19,3172.02490234375,3214.8055303533806,3149.720361723245,3199.4026028392373,2405370,72.99483261104386,54.73812431138276,33.57707201242915,21.161052298953614,3215.540779521933,3029.7910034179686,2844.041227314004,3029.7910034179686,2989.8693505859374,3056.8142728645,3004.062058396538,3094.0894171078953,3039.3512927965126,3057.2991726051705,-0.007664194524065304,0.018089484761997055,0.02051849233026056,-0.007664194524065304,-0.012689666597135663,0.06446526993881418,0.04521154920270587,2124650.65,1.1321249448703485,0,73.1280798947787,36.0956617853235,60.47524290999964,0.019065185416834406,0.0376897708513013,0.0559119088361526,-0.01353298874494532,0.11532310849779884,0
2023-07-20,3174.08740234375,3188.3845460576213,3149.1129905127177,3164.739226886032,1715404,68.1273868232269,57.065054096306085,38.27466842920454,18.790385667101546,3234.3243249771895,3039.5768920898436,2844.8294592024977,3039.5768920898436,2993.704423828125,3067.983142338714,3010.7297189434876,3106.396799451873,3049.331745355567,3065.280943855911,0.0006502155763266071,0.017032841748918802,0.012372550143359438,0.0006502155763266071,-0.0055542144382345615,0.03944142102741344,0.044962510611531226,2128121.5,0.806064879284383,0,77.63399471878756,39.40329016812984,57.01867219894416,0.0179638002900744,0.03458436864948123,0.05425850164244807,-0.018624267878226557,0.11573907956983633,0
2023-07-21,3087.020751953125,3148.058998813378,3078.543199020897,3119.785348420925,3770223,59.80238341456149,51.292345445397586,40.87820383244315,10.414141612954438,3238.0309406119727,3045.9098266601563,2853.78871270834,3045.9098266601563,2995.8825634765626,3069.796248016277,3013.721524159552,3103.4158690674503,3052.1235236220527,3071.9508520038094,-0.027430451450812243,0.018717349744459297,0.0225187342030334,-0.027430451450812243,-0.034256880471881024,-0.03914767958460763,0.01436027477592039,2240152.5,1.683020687207679,1,58.26185831699786,32.92577143604649,60.575293586198995,0.019622574143006215,0.005610959993836305,0.024321831730625625,-0.04663642547847535,0.08172715737719773,0
2023-07-24,3111.26171875,3128.4000771633,3090.5032611034767,3098.659951717726,1680132,59.03331477503626,48.118792196197774,42.32632150519407,5.7924706910037,3241.9370997564542,3054.4671997070313,2866.9972996576084,3054.4671997070313,2998.687978515625,3073.745340467108,3017.5466298297656,3104.6229228647653,3056.5041306685675,3076.4212561235454,0.007852544166260689,0.018618722345681335,0.012180529793247026,0.007852544166260689,-0.01915596045568657,-0.02523758428769385,0.040229175279989926,2268183.85,0.7407388955705685,0,45.04132791180791,28.47559565669144,60.74291631763094,0.0195235636885075,0.012205428273114834,0.031056716073189997,-0.040307808876449525,0.08519869171888055,0
2023-07-25,3115.2939453125,3122.305243933692,3097.926465252558,3113.7818228908627,1272980,58.50395663056158,45.40568687265204,42.942194578685665,2.4634922939663753,3241.7909264999857,3064.446533203125,2887.1021399062643,3064.446533203125,3001.9233740234376,3077.7023504523836,3021.379857887912,3106.2646186259553,3060.8589317533033,3084.4495991486297,0.0012960100843333322,0.018616831696478677,0.007825514737643332,0.0012960100843333322,-0.01852294835606505,-0.02541189880577821,0.04143399781156143,2232892.7,0.5701035253507702,0,33.01551226991023,24.173425774934003,60.91720330819616,0.019554239303760292,0.012214174919998651,0.03108317783326939,-0.039020709248532195,0.07903835553723931,0
2023-07-26,3105.3505859375,3135.182451989526,3102.3261169074967,3116.394361768964,1066803,57.0601477777439,41.969388371325294,42.7476333372136,-0.7782449658883053,3238.577050408427,3073.5767822265625,2908.576514044698,3073.5767822265625,3004.9036376953127,3080.3355157366805,3024.672827615347,3106.123998212347,3064.1546098410217,3088.2879304569838,-0.0031917884955804388,0.01866793727373502,0.010580555777121642,-0.0031917884955804388,0.005937709998476093,-0.02101948076037663,0.04209076267724621,2243055.75,0.4756025346226905,0,23.521242872180665,20.61076921880931,61.53706285628732,0.019816462313452247,0.008120891400635958,0.026673218202498683,-0.04113734593843475,0.06765304984848618,0
2023-07-27,3113.23193359375,3126.750192106114,3102.3716364305046,3111.444818744401,1701769,57.2449585746481,39.427559576524345,42.08361858507575,-2.656059008551402,3235.379443001587,3082.273815917969,2929.168188834351,3082.273815917969,3008.9389111328123,3083.4685079135443,3028.145733732147,3107.217526732563,3067.7899671560385,3094.5542176048803,0.002537989653065509,0.01866913622274349,0.007830626241671614,0.002537989653065509,0.0006332526871257738,-0.01917258759322893,0.019512639334735127,2249350.6,0.7565601378460076,0,15.485365574830212,17.416014788659595,59.69375736189214,0.01917420822964026,0.009652579750310279,0.028098449461590243,-0.037753689037016286,0.06283823013681107,0
2023-07-28,3075.197265625,3110.298955097925,3052.8349496111605,3102.325519193569,2599831,58.99896275027104,33.952676784497726,40.45743022496015,-6.504753440462423,3235.320462602262,3085.10185546875,2934.8832483352376,3085.10185546875,3012.3741015625,3082.680770552731,3029.9908918455926,3102.2913327160145,3068.3386559315168,3099.6543056169317,-0.012217100678665105,0.018322789639018598,0.018686282707488566,-0.012217100678665105,-0.012870913753686875,-0.0038300637663819526,-0.042827805241874684,2245721.85,1.1576816603534403,0,12.884522536453915,16.269367686040823,59.825725715303015,0.019454272538559927,-0.0024275964605926367,0.0149196401550474,-0.0494922215057702,0.047809062718032536,1
2023-07-31,3135.732177734375,3140.4978924006705,3080.2385305428656,3083.4462532273114,2743678,63.665268532365666,34.105309445799776,39.187006069128074,-5.081696623328298,3237.348225544151,3092.3255249023437,2947.3028242605365,3092.3255249023437,3016.60259765625,3087.7332855224113,3034.13760893927,3107.4360781034543,3073.3307686576545,3104.296440207529,0.019684887465933665,0.0188943613015374,0.019216998915176278,0.019684887465933665,0.009783626987064586,0.00786512392605987,-0.01757095708965095,2298542.55,1.1936598693811433,0,13.987945055303499,16.590979109504588,62.257006653283916,0.01985405740175992,0.015545025354689216,0.03348383688853918,-0.031388667739843064,0.06393281067788294,0
2023-08-01,3163.7763671875,3171.0624340990767,3129.820292615129,3129.820292615129,1956167,66.87042430216408,36.07337226278696,38.56427930785985,-2.4909070450728876,3243.9841116110792,3099.280859375,2954.577607138921,3099.280859375,3020.0155078125,3094.9754837762293,3039.22148181175,3116.103814885615,3080.030442622828,3109.563323265702,0.00894342624419786,0.01881991349765736,0.013035732206512041,0.00894342624419786,0.016235357555067997,0.01556271181021307,-0.01024466505322974,2313516.85,0.8455382548867106,0,17.27313332384574,17.841623923838142,62.653158794957044,0.01980328301480227,0.02222986378144928,0.04098249703785983,-0.024725073139690933,0.07080496364120138,0
2023-08-02,3153.32861328125,3158.598443121832,3128.5376797292315,3148.1046527985704,1914899,60.34852368885412,36.37077020080778,38.12557748644944,-1.754807285641654,3248.49390062777,3105.2064819335938,2961.9190632394175,3105.2064819335938,3023.24939453125,3100.5329246814695,3043.696271281142,3121.8307069464818,3085.459936745674,3113.4699663435185,-0.0033023048071939565,0.01796695945514881,0.009533025916166846,-0.0033023048071939565,0.025406938452246175,0.015450116183666207,-0.005894117996578685,2336611.4,0.8195196685251129,0,20.197408944789004,19.02344366579473,58.1478162082898,0.01844013845032887,0.01702793999686504,0.03601947508184253,-0.029295202717828518,0.06462349103911369,0
2023-08-03,3116.02734375,3146.546576146607,3086.7454652186043,3134.4030555367062,2026351,36.55177889323112,33.21369272296579,37.143200533752704,-3.929507810786916,3248.86884860918,3109.132189941406,2969.395531273632,3109.132189941406,3025.6229248046875,3102.0085836403773,3046.5327839269794,3120.9378818393307,3087.724189116365,3116.7751792728836,-0.011829172948909839,0.011234691802483472,0.019191458973538668,-0.011829172948909839,-0.006283965870647834,0.0008979125924046816,-0.01829189030865319,2345517.05,0.8639250778415788,0,18.540075726833038,18.387050194832227,50.87010362870433,0.016325307199481897,0.00451925252030441,0.022811032984664668,-0.04088854030412729,0.049381030897380884,0
2023-08-04,3155.986328125,3181.1439908212683,3117.218668620236,3117.218668620236,2248493,45.2701587743589,33.54930664091944,36.42442175518605,-2.875115114266613,3252.399117032014,3114.7656127929686,2977.132108553923,3114.7656127929686,3028.97439453125,3107.1493212103414,3050.825079777882,3126.3299504986644,3092.780643857745,3121.191234657193,0.012823695034367422,0.011825901385778168,0.020255259546390715,0.012823695034367422,-0.0024622597043497674,0.026271180520050397,0.0223404964570586,2368475.4,0.9493419268783624,0,24.46855065761065,20.834187932289296,50.76463938135618,0.016085189891020826,0.015717624699039204,0.03446977312602086,-0.029643590911743914,0.06007601041861443,0
2023-08-07,3193.1044921875,3196.7245913979227,3153.8785837580563,3165.517989211234,1853889,49.58420791682377,36.390916882011425,36.41772078055113,-0.026803898539704107,3253.624572646365,3124.8739013671875,2996.12323008801,3124.8739013671875,3032.425810546875,3115.335527970071,3056.4046645782596,3136.602956912331,3100.2120400303197,3126.940128813548,0.01176119292143829,0.012284785414625443,0.013418291742314372,0.01176119292143829,0.012613933967656088,0.018296305679580627,0.02630533231719956,2390798.3,0.7754267685400312,0,27.60224244765959,22.267055638989405,49.972726044364016,0.015650200664159664,0.024963270735753718,0.04472569656547852,-0.018600818597100867,0.06574538060428964,0
2023-08-08,3180.777587890625,3198.5115758637803,3167.946698425561,3193.104361947542,1634225,51.096844541231945,37.21919559557273,36.578015743555454,0.6411798520172738,3248.8161655722315,3134.345263671875,3019.874361771518,3134.345263671875,3035.7858447265626,3121.5681051053616,3061.282034119921,3143.399053985915,3106.1798583903424,3131.852421481006,-0.0038604763254803665,0.012143638894383895,0.009609246982430123,-0.0038604763254803665,0.02077974195910004,0.00537371126462971,0.0210200525946056,2417000.95,0.6761375083447939,0,26.59262132913227,22.060552308170827,47.50699095922713,0.014935653200050377,0.018967865121515555,0.039034480468918185,-0.020942575453364413,0.05328143056412382,0
2023-08-09,3173.35400390625,3177.478218496164,3139.0314183474447,3175.5534955196863,1794589,49.90931255049093,36.85178679866203,36.63276995457677,0.21901684408526023,3233.514600705562,3144.016796875,3054.5189930444385,3144.016796875,3039.0727197265624,3126.500095467351,3065.6770133272275,3148.0075078198124,3111.1557210211504,3137.562955845788,-0.002333889679252299,0.012162543448075798,0.012115509363718377,-0.002333889679252299,0.005503089676427209,0.006350556215630965,0.021898789230659466,2430968.4,0.7382197975095028,0,25.967170785881535,21.980742046085652,47.683749101961176,0.015026293644914724,0.014986056935301403,0.03512339692372189,-0.018605327090895043,0.03890465606284172,0
2023-08-10,3154.6572265625,3175.553065318209,3143.613453128381,3161.897423916092,1096701,60.065397708900264,34.652486707579556,36.23671330517733,-1.5842265975977767,3227.8517827003006,3149.0672973632813,3070.282812026262,3149.0672973632813,3042.470205078125,3129.181727000222,3069.1664334541015,3149.0305414725335,3114.378054764954,3147.8498516206478,-0.005891803221681258,0.009486605221175793,0.010124590374159706,-0.005891803221681258,-0.012040716399688178,0.012397157839446615,0.01330620199598509,2256546.15,0.4860086730333435,0,27.173143359844744,22.63364952712209,43.14056402103084,0.013675198578718276,0.008141265603867607,0.027854726995754826,-0.022675934666544325,0.027480991068882764,0
2023-08-11,3160.798583984375,3177.157836744096,3128.9046082533378,3150.992161450759,1679974,57.79162080980969,33.02439706636733,35.59425005741534,-2.569852991048009,3219.628559394285,3146.4675170898436,3073.3064747854023,3146.4675170898436,3045.3644189453125,3132.192856236808,3072.7598511219558,3150.841009551278,3117.816612484911,3145.293138540397,0.0019467590235047183,0.00931653400892192,0.015266151008563255,0.0019467590235047183,-0.006281169731046643,0.0015248025051597391,0.027836041387080623,2025239.8,0.8295185587405501,0,25.043535026466543,21.93477134407385,43.63155711250108,0.01380396629306917,0.00913281175857592,0.028651354849704148,-0.018272286484183015,0.028468397121078508,0
2023-08-14,3161.76025390625,3166.4800985606685,3126.1544475225587,3153.374217222693,1190425,57.37994016201855,31.44919626355704,34.76523929864368,-3.3160430350866363,3215.3872800726995,3144.9647583007813,3074.542236528863,3144.9647583007813,3048.6117919921876,3135.008798871993,3076.25006299585,3152.520893298197,3121.07169703464,3141.270838476029,0.0003042490359075334,0.009319264931578839,0.012754177356834298,0.0003042490359075334,-0.003653468848961894,-0.009816226922087612,0.008300478069106276,1947599.65,0.611226747755885,0,19.673270901922024,19.84539841759033,44.77061942371363,0.01416002980251302,0.008533135550969599,0.027796892046911412,-0.016678247904630936,0.028367805893554848,0
2023-08-16,3169.596435546875,3176.5618655495573,3148.333861924489,3161.8979908095707,1328445,60.272506325872406,30.481777688373313,33.908546976589605,-3.426769288216292,3210.8477255750713,3143.6183959960936,3076.389066417116,3143.6183959960936,3052.3189453125,3138.3028595076958,3079.9107050566745,3155.1478997979934,3124.66612210962,3138.3876226028547,0.0024784237296118228,0.009241365534938989,0.008905866787485122,0.0024784237296118228,0.0047356045083395415,-0.0035152260838096083,0.0018395953708159052,1884017.4,0.7051129145622541,0,16.734754402334147,18.62867093675368,44.44002431964499,0.014020720058002404,0.009971496519009722,0.02911958789680241,-0.012847476290956181,0.03029765322833895,0
2023-08-17,3148.838134765625,3171.796309553587,3128.171190520314,3166.48060994404,1843241,55.46803939726829,27.720525150470166,32.67094261136572,-4.950417460895551,3208.4134323568774,3142.4590576171877,3076.504682877498,3142.4590576171877,3056.6380712890623,3139.30621905607,3082.613741515849,3154.1771667160906,3126.4566415656204,3136.3224090259378,-0.006549193628705097,0.00947916817184773,0.013854354262169745,-0.006549193628705097,-0.003783996006374135,-0.007725538692010758,-0.0014240439441395303,1855910.95,0.9931731907718956,0,12.806123588718947,16.9367281886216,45.814778845192386,0.014549740851827711,0.00303631281704692,0.021483195366932537,-0.01856846034567583,0.023511568921283914,0
2023-08-18,3085.920654296875,3125.2380760753504,3076.205748488831,3125.2380760753504,2526749,51.52986907137857,20.222188963432473,30.18119188177907,-9.959002918346599,3206.829500505067,3138.0507202148438,3069.2719399246207,3138.0507202148438,3058.925771484375,3134.2218795551944,3082.7434243700072,3143.676164805442,3123.4539758420096,3132.0751464261643,-0.019981173301381272,0.010477294742008088,0.015889043523606528,-0.019981173301381272,-0.02398651179060074,-0.02178891947019057,-0.009661882304566993,1896478.2,1.3323374874543774,0,5.040152554972337,13.576990915905753,46.688736151921276,0.01512959709022696,-0.015410914451651474,0.001030650135120171,-0.03770354681754954,0.005424320391976467,0
2023-08-21,3117.585205078125,3125.008880452658,3090.4113043144994,3093.160780563889,1375579,47.178617465621876,16.642918919517797,27.47353728932682,-10.830618369809024,3204.852526301515,3139.5789428710937,3074.3053594406724,3139.5789428710937,3062.5445263671877,3132.637434366902,3084.109768711502,3139.6621710012396,3123.019252081722,3134.180733769143,0.010260973734745882,0.009381464853670413,0.011097555916612625,0.010260973734745882,-0.016409417263802628,-0.01367166485242377,-0.012167708936080657,1776746.0,0.7742125210919287,0,0.44457813009421443,11.349917589546294,44.816421821929325,0.014375363903103412,-0.00480497012633676,0.010854165019103232,-0.027229746301025187,0.014077926743531668,0
2023-08-22,3099.71337890625,3126.1542630391086,3084.041499702141,3116.072850874514,1222012,39.714533441622585,12.223311880864912,24.42349220763444,-12.200180326769527,3205.522235905234,3139.0015258789062,3072.4808158525784,3139.0015258789062,3066.2985400390626,3129.5018100373163,3084.7216749936492,3133.516202986626,3121.292891105761,3134.2606008578377,-0.005732586279523111,0.009075257501461684,0.013586018508532917,-0.005732586279523111,-0.015600914927000997,-0.019624155539099797,-0.029247747297261317,1753840.0,0.6967636728549925,0,-5.5069888346765765,8.4716119977993,44.87860909714501,0.014478309318063678,-0.009518585685275933,0.004859985921625047,-0.033008305421754106,0.00886337936209859,0
2023-08-23,3114.4697265625,3117.9065724315824,3094.077774405944,3105.075681187008,1330046,43.84625020491106,9.79850433448928,21.498494633005407,-11.699990298516127,3205.5438579231254,3138.960314941406,3072.3767719596867,3138.960314941406,3069.6653466796874,3128.0701830397147,3085.8882652512516,3130.585975844453,3120.787471509964,3134.1097145354115,0.004760552300308696,0.009201695664811004,0.007650996836607081,0.004760552300308696,0.009251395438788501,-0.01739234319111782,-0.020846431256483444,1756693.3,0.7571304564092093,0,-10.232676467981037,5.977560194577109,44.063616994814275,0.014148031884531476,-0.004347874466166364,0.00926198839831335,-0.028411444484067183,0.013700453338593847,0
2023-08-24,3104.84619140625,3128.033486881535,3096.0021319156044,3123.4051569072394,1152881,48.05920283148399,7.019373061080842,18.602670318620493,-11.583297257539652,3205.5725996717447,3138.935095214844,3072.297590757943,3138.935095214844,3072.89775390625,3125.8583743127183,3086.6317133357616,3126.6260090078067,3119.606635946726,3133.9087557382295,-0.003089943393629224,0.008680985425680389,0.010316567388938108,-0.003089943393629224,-0.004086179794260292,-0.013970849397963558,-0.0215884557523901,1760997.2,0.654675089772999,0,-13.447844743351652,4.017971819912418,41.595631773620326,0.013397002366413774,-0.00672205211827239,0.005901085637069356,-0.031422282644857025,0.010594221323552575,0
2023-08-25,3098.9345703125,3103.058784480136,3070.477447805222,3093.160625727221,1158046,38.7697060220027,4.290415844395284,15.740219423775452,-11.449803579380168,3206.3096643589197,3138.2202270507814,3070.130789742643,3138.2202270507814,3075.87853515625,3123.294202503174,3087.1141783152416,3122.365787670067,3118.075371825672,3133.441139566206,-0.0019039980499235831,0.007829084869162997,0.010513722034353518,-0.0019039980499235831,-0.0002512518089736737,0.0042171907425760935,-0.017663616757094935,1733811.05,0.6679193791041994,0,-10.927677052020499,4.370753945234355,39.399352954317465,0.012713838275825355,-0.007799339611091004,0.003828945518208614,-0.03348868490152171,0.009381939253562331,0
2023-08-28,3093.664794921875,3110.5740285527827,3079.50503745056,3110.5740285527827,1037485,27.61979280567317,1.683069380282177,12.928789415076798,-11.245720034794621,3204.061454243515,3139.143603515625,3074.2257527877346,3139.143603515625,3078.95046875,3120.472354162098,3087.3710652409923,3117.9502503241915,3116.2671809439094,3136.463064429638,-0.0017005119892200549,0.006873364096310452,0.010042778762980799,-0.0017005119892200549,-0.006680087933809475,-0.00767273661591894,-0.021239502384828968,1655693.75,0.6266164862916225,0,-12.165080204804326,3.2612965294902097,38.55813748734291,0.012463579619432114,-0.008590865804168029,0.0020385400873061113,-0.03445522531268207,0.00632323183049031,0
2023-08-29,3094.215087890625,3106.4962177667344,3083.9962892417298,3098.706033975188,944517,29.427430865816447,-0.33500569671832636,10.276030392717773,-10.6110360894361,3205.0287364900273,3137.0677490234375,3069.1067615568477,3137.0677490234375,3082.7902880859374,3117.971662136243,3087.6394582860758,3114.2986868728735,3114.633692569592,3136.7550802578035,0.0001778773736744732,0.006884638293930865,0.007271611017947426,0.0001778773736744732,-0.0034240354788106497,-0.001773806266424871,-0.02136315235545616,1565735.7,0.6032416582185615,0,-11.530147901073178,2.9177832924265203,37.98206970782758,0.012275187286259582,-0.007619239948236602,0.0021296623823428298,-0.03457493136887109,0.008180988243315706,0
2023-08-30,3107.779052734375,3123.497027568256,3100.5388541540133,3114.2403672286305,1188200,34.85732584191115,-0.8302752345052795,8.054769267273164,-8.885044501778443,3202.209805275351,3134.2678833007812,3066.3259613262117,3134.2678833007812,3086.2523779296876,3117.0009374313036,3088.4292463036563,3113.2956662361817,3114.125941470687,3134.576800145489,0.00438365286784137,0.007086703875314625,0.0073873248466755775,0.00438365286784137,0.002854039742111514,-0.0021482545715766355,-0.019503234581923712,1527337.35,0.7779551780096257,0,-11.069245608411165,2.5409810524047316,37.09176757457404,0.0119351366185247,-0.002958576170505819,0.006265258125591583,-0.0294892459530321,0.013518814350133388,0
2023-08-31,3076.48095703125,3132.020248209701,3064.428950759541,3116.9898661423117,3417652,32.94025760365521,-3.7055592847636944,5.702703556865792,-9.408262841629487,3202.400988895361,3130.425500488281,3058.4500120812013,3130.425500488281,3088.772216796875,3113.1418916789175,3087.9606859400324,3107.6318648200386,3111.3374241048023,3129.1958294627766,-0.010070888300629854,0.0073697882485053885,0.021970328565070876,-0.010070888300629854,-0.005554524820798767,-0.009135793732234054,-0.02297900833183375,1602475.0,2.1327334279785957,1,-12.716482633800752,1.3289726042708025,39.638316521740634,0.012884304201899208,-0.011776184935758358,-0.00371757612104693,-0.039320507425756816,0.005895451904992583,1
2023-09-01,3097.01025390625,3105.991921800439,3076.48091907922,3084.912602177715,1277950,36.902476266481116,-4.278381404940774,3.706486564504479,-7.9848679694452525,3202.7418946937655,3129.474645996094,3056.207397298422,3129.474645996094,3091.145029296875,3111.605545224378,3088.3155709583157,3105.997770833302,3110.276152238243,3128.5504059004,0.006672980318009225,0.007655615788100132,0.00952886826383506,0.006672980318009225,0.0009033522028136787,-0.0006209606439209203,0.0035936113891761323,1565054.95,0.8165527989927766,0,-11.688657278795745,1.2013926430740867,38.29958610963068,0.012366631999788675,-0.004690598183477552,0.002815347961748719,-0.03301285094583783,0.013350814033071217,0
2023-09-04,3133.028076171875,3146.179826604181,3088.6240810539457,3095.9101481084085,1828332,44.84289919799758,-1.8052005901017765,2.604149133583228,-4.409349723685004,3200.557110060853,3128.3267333984377,3056.0963567360222,3128.3267333984377,3094.598349609375,3113.645786266997,3090.069002535318,3110.156279346929,3111.9614799370306,3126.531404943025,0.01162986858703352,0.008413592988589057,0.01837064467694156,0.01162986858703352,0.008124458981498384,0.012723835276082118,0.0049534720233452845,1544046.9,1.1841168814237444,0,-6.826567895100652,2.697937294325584,39.53030714621108,0.01261728467959075,0.006224950182312014,0.013902302376196258,-0.02109914979386016,0.025173198242354346,0
2023-09-05,3142.97216796875,3159.1481634938746,3120.7928808850024,3134.4028776179434,1501842,45.25713410916163,0.9463096570598282,2.272581238278548,-1.32627158121872,3191.7937928934234,3125.8201171875,3059.846441481576,3125.8201171875,3098.6555078125,3116.4387750004976,3092.143636473884,3115.20487759644,3114.25856793938,3123.9197822400447,0.0031739555328291758,0.00843531419285167,0.012203506922449302,0.0031739555328291758,0.02161274906822852,0.015757495420708922,0.01395573841016362,1526444.55,0.9838824476133116,0,-1.5328871357455682,4.504178187808066,40.25368421648279,0.012807521691322538,0.00851401066534612,0.016437959380447262,-0.015295983416402242,0.0271666333840349,1
2023-09-06,3143.47607421875,3156.3069632511065,3114.3318052761847,3147.233781222262,1314818,48.97050786028944,3.131464797632816,2.444357950149402,0.6871068474834141,3185.3362267674675,3123.955041503906,3062.573856240345,3123.955041503906,3103.2108837890623,3119.0137558784263,3094.1566732481924,3119.5542924614106,3116.4228276637778,3121.37004940445,0.00016032793899212194,0.008258165283250666,0.013353102420336983,0.00016032793899212194,0.015003444129347843,0.011486344710692098,0.009313414546579857,1510474.2,0.8704670361135596,0,2.012818447122754,5.7274269445360915,40.135829855172005,0.012767976885316994,0.007842965839512377,0.015939529305987896,-0.013141517745270438,0.026416413701683503,1
2023-09-07,3166.709228515625,3171.0625658531403,3136.5108595249253,3144.3010421289,1885092,68.29962926259535,6.661151762816644,3.28771671268285,3.3734350501337937,3183.94089361285,3123.622802734375,3063.3047118559,3123.622802734375,3108.09015625,3123.5561818438737,3097.0018714939742,3126.808898008213,3120.1477462453963,3121.172133749242,0.0073909117640251765,0.00616035295424095,0.010910918507163001,0.0073909117640251765,0.010750351265572888,0.02932840240020318,0.019924670433145053,1514999.35,1.2442856823667943,0,10.414290164956128,9.041185553941887,37.41578128741636,0.01181535107501953,0.01381535793163725,0.022508012559909873,-0.005412055585514288,0.03375587033817385,1
2023-09-08,3154.474365234375,3175.6454242304344,3148.196528012573,3166.709625417665,1518917,59.162341127389155,8.374664972216578,4.305106364589596,4.069558607626982,3183.9119954898997,3123.613659667969,3063.315323846038,3123.613659667969,3112.393818359375,3126.5007707382074,3099.2556947779117,3131.065123735315,3122.6904587630984,3121.751490749882,-0.003863589107290677,0.005827189956604778,0.008701575299002999,-0.003863589107290677,0.003659656099677999,0.018554704898263052,0.01792222251284059,1536110.15,0.9888073456190626,0,14.895225513829246,10.94012381959601,36.58440057756483,0.011597621772033844,0.008947253350448617,0.017816752115517275,-0.009245742437989472,0.029758295099012302,1
2023-09-11,3189.98828125,3194.6166113129034,3157.3154259226967,3172.895792320573,1783604,70.61535064929272,12.454742240402993,5.9350335397522755,6.5197087006507175,3190.367206582809,3125.07314453125,3059.7790824796907,3125.07314453125,3115.8208544921877,3132.5472003107593,3102.813835423876,3140.1302248914203,3127.6754826510173,3123.313011530957,0.011258267433403635,0.006111752332957603,0.01169320452035961,0.011258267433403635,0.01479642470089737,0.018180560050301997,0.031135721777691083,1541291.65,1.1572138212777576,0,18.901414043762088,12.744832888557994,36.44364934481918,0.01142438345589743,0.01833686047365618,0.028095287197343326,-0.0001187716987647228,0.04255509801864055,1
2023-09-12,3281.77490234375,3290.114846064527,3192.141931690397,3200.3903604544557,4476016,78.26282769326706,22.831459250131502,9.314318681828121,13.51714056830338,3225.9311827244455,3131.073876953125,3036.2165711818043,3131.073876953125,3121.6311767578127,3146.759362409139,3109.831916479557,3161.9217137302403,3139.090254480109,3139.567846785406,0.028773341154025633,0.00940638162057784,0.029853636306426814,0.028773341154025633,0.036336040199706376,0.0441628900788853,0.06061628203777758,1705571.2,2.6243501297395264,1,30.320587408641586,17.688280005673278,41.89348982973979,0.01276549765793524,0.042906216963232865,0.055290121936506016,0.017310883728195933,0.0808764214953104,0
2023-09-13,3269.90673828125,3289.153074204672,3248.964802311003,3272.8853378884464,1754929,77.67377358923056,29.754430039091403,13.402340953280778,16.352089085810626,3248.5054737251617,3136.089392089844,3023.673310454526,3136.089392089844,3126.53591796875,3158.487683920769,3116.1093604717803,3178.534794430396,3148.7803643913044,3145.1901698187075,-0.0036163857716213776,0.009436982225090755,0.012290341930300144,-0.0036163857716213776,0.0365932195610974,0.04022001792837626,0.052168343629263925,1726895.4,1.016233525203669,0,39.47392804234278,21.952687223587873,42.47612675314969,0.012990011689286367,0.03527607687935372,0.0493555777471766,0.006588034014160624,0.08143519571884886,0
2023-09-14,3262.758056640625,3297.2638979964904,3249.514789282736,3271.922978515009,2604721,77.35290832619299,34.26906297604319,17.575685357833258,16.69337761820993,3267.660067638909,3141.7853881835936,3015.910708728278,3141.7853881835936,3131.094755859375,3168.4181956083744,3121.8602897333035,3191.4922193858156,3157.2231564097724,3154.158051249133,-0.0021862035259092583,0.009450274668863898,0.01463458457073512,-0.0021862035259092583,0.022811925616889717,0.030330801217900882,0.06054875756134348,1764969.4,1.4757881921352292,0,44.862013764500716,24.85841823932924,43.431867118344435,0.013311396788967677,0.02977506604494683,0.04513263049300589,-0.0015001594097350298,0.08184836082777634,0
2023-09-15,3297.813720703125,3306.108019342324,3264.9573878973515,3269.906579718022,2952897,81.00225270316965,40.2121011512786,22.102968516522328,18.109132634756275,3293.2346544059196,3152.3800415039063,3011.525428601893,3152.3800415039063,3136.3007666015624,3180.7415789507318,3128.7604242811394,3207.8493734346325,3167.637272283354,3169.4835057083383,0.010744181288941057,0.009485660432154158,0.012478155205260905,0.010744181288941057,0.0048872390205436655,0.04544001277946674,0.064837843705426,1786276.8,1.6531015797775575,1,54.24080821252437,29.504729503227736,44.30907937544988,0.013435895149954913,0.036806555592929745,0.054032036173184174,0.0013904464083903578,0.09506421210401066,0
2023-09-18,3305.0078125,3317.05981755895,3276.6882968344958,3281.0875035527256,1395753,81.37801957385258,44.983957743577776,26.67916636193342,18.304791381644357,3317.056167920055,3161.751171875,3006.4461758299453,3161.751171875,3141.5345654296875,3192.5764583363766,3135.672086564232,3222.796825598535,3177.8128678549574,3176.814069099384,0.002181473062505601,0.009428487178505108,0.012215257274661603,0.002181473062505601,0.010734579615931272,0.03605641184516495,0.0548924976562164,1787285.5,0.780934551306996,0,60.02925802561731,32.85825114035606,45.58562167541056,0.013792893772595448,0.035216495401400774,0.05400300836982923,-0.0036322434140781817,0.09930716174808456,0
2023-09-20,3304.91650390625,3322.283985091515,3281.0418390696896,3281.0418390696896,1649396,80.57156011028061,48.20267025435578,30.983867140417892,17.218803113937888,3336.878424167032,3172.011328125,3007.1442320829683,3172.011328125,3147.81412109375,3203.275510295412,3142.3091225384287,3235.4306222612604,3187.2279520069046,3185.039667759522,-2.7627345812852866e-05,0.009515321609119968,0.012479028130689367,-2.7627345812852866e-05,0.012921107398637943,0.007051550533210937,0.05152585746318006,1808654.7,0.911946321207691,0,56.51614788627285,32.477206058871616,46.43992212856733,0.014051768652453885,0.03173033143236077,0.051747735511286475,-0.009578389200307881,0.09902161281337105,0
2023-09-21,3285.8994140625,3303.9542650181074,3233.3843680953905,3288.8780136079395,2004073,83.76206774943165,48.658102572935604,34.51871422692143,14.139388346014172,3350.59863855445,3180.5828125,3010.5669864455494,3180.5828125,3153.7051025390624,3211.144453511325,3147.9401143629025,3243.1950517691434,3194.536949196208,3192.651886291565,-0.005754181632508071,0.009068222511934839,0.021476584651588065,-0.005754181632508071,-0.0036127894567934415,0.0048908660280801985,0.04530759467579104,1842356.05,1.0877772513081823,0,52.656769590555996,31.830753891122185,46.72141058290299,0.014218758609271999,0.0232798497960538,0.043825261818082106,-0.019309750725578816,0.0914553400926063,0
2023-09-22,3302.717041015625,3330.303545853644,3267.340576197595,3284.7080587105493,1989083,83.56538193407032,49.801991553007156,37.57536969213858,12.226621860868576,3364.906947789603,3190.476354980469,3016.045762171335,3190.476354980469,3160.1609765625,3219.8656523212585,3154.0097977610485,3252.3522808839866,3202.5502893309795,3200.8645715619614,0.005118119830799239,0.00905240230428905,0.019063991517931336,0.005118119830799239,-0.000693121352303927,0.012246995848703035,0.04294925826320739,1884166.15,1.0556834385332738,0,51.447456712884104,32.149508027745014,49.11083679253371,0.014869828744829906,0.025731318520894643,0.047148630724019945,-0.018481909823637215,0.09504871658111298,0
2023-09-25,3278.43017578125,3317.7019583530064,3261.4750690880096,3301.663343913455,1238778,74.66984238758984,48.19324305370537,39.69894436445194,8.494298689253434,3372.5155852176313,3199.451135253906,3026.386685290181,3199.451135253906,3164.6566357421875,3225.4432259841146,3158.8890282716447,3256.3642647143347,3208.1710216606293,3207.027421545047,-0.007353601574934365,0.009342236981637568,0.017150552627401283,-0.007353601574934365,-0.008014220054786358,-0.005877695516938508,0.03929523470312457,1888202.75,0.6560619615663625,0,44.70164703338287,30.128603990505326,49.015918486445244,0.014951033225761702,0.016427804206960897,0.0378427815728022,-0.027897694483244282,0.08328198498761968,0
2023-09-26,3286.265869140625,3294.743421558143,3240.716253874933,3269.677495418668,1726062,74.48731224534582,47.00868637148278,41.16089276585811,5.847793605624673,3378.761993185988,3209.081188964844,3039.4003847436998,3209.081188964844,3166.1260693359377,3231.235858665687,3163.8841985018007,3260.9645115491485,3213.9558251776657,3213.0634736834313,0.002390074803867881,0.009345306390353112,0.016440291149461456,0.002390074803867881,0.00011152352277021826,-0.005670771272760833,0.030181172907913778,1922631.6,0.897760132518367,0,38.6594003293103,28.212111937568807,50.135338848897945,0.015256020311591097,0.017030638703564735,0.03868083120639367,-0.027375744202137276,0.08122177177974609,0
2023-09-27,3289.564697265625,3312.202004343286,3258.770477342227,3290.206196898837,1541134,74.72871433447918,45.808057751547494,42.09032576299599,3.717731988551506,3383.0919313885674,3218.848669433594,3054.6054074786202,3218.848669433594,3168.0810546875,3236.7909861513954,3168.812845512147,3265.364540120914,3219.5564823693667,3218.8334529379076,0.001003822653540487,0.009326696661923903,0.016242734804842892,0.001003822653540487,-0.003982279918825715,-0.004645142055020091,0.0023736530242557397,1952462.45,0.7893283683893639,0,33.51547585598337,26.50372297371814,50.95365092219345,0.015489481317861752,0.016304330844970176,0.03810633749623105,-0.027645489989553674,0.07691968632405077,0
2023-09-28,3241.403564453125,3301.937914832368,3232.788627869385,3299.3716920990314,1755753,61.65967475411436,40.50345142608239,41.77295089561327,-1.2694994695308779,3381.407560441506,3225.529895019531,3069.652229597556,3225.529895019531,3168.97865234375,3237.2302793229887,3171.659540372578,3261.678236172024,3221.1747847459415,3223.8467425917966,-0.014640579299909473,0.0103806322868283,0.021333131030430455,-0.014640579299909473,-0.011294006381972643,-0.013541452126911824,-0.008716815527010091,1980840.1,0.8863678597782829,0,26.085825811663653,23.719426009675317,53.42490668181972,0.016482028732153053,0.001289153001191202,0.021989757473260926,-0.041404058365002584,0.05595139840257614,1
2023-09-29,3233.9345703125,3270.456651403998,3212.80937967325,3241.816269233915,2243791,62.59095948767902,35.290025838775364,40.476365884245695,-5.186340045470331,3372.5959223767177,3233.4025756835936,3094.2092289904695,3233.4025756835936,3170.216845703125,3236.9164022743707,3174.1016984094376,3257.4099798859434,3222.119954047168,3236.54749515557,-0.002304246907893215,0.01032437013210751,0.017825738424008173,-0.002304246907893215,-0.01592424378061963,-0.020826025920153812,-0.008834086324439938,1922147.05,1.1673357665325346,0,17.050749953112245,20.091900648389128,55.58193350416874,0.01718709277992528,-0.0009211952337649498,0.018850332342232448,-0.04111413144522247,0.04515704368434644,1
2023-10-03,3220.416015625,3239.0664965379606,3189.484405708049,3239.0664965379606,1948148,55.18272955759336,29.724864382608303,38.326065583918215,-8.601201201309912,3363.401759367087,3239.572863769531,3115.743968171975,3239.572863769531,3171.14341796875,3235.3449368791926,3175.9179461433814,3251.718600768875,3221.993736386267,3240.2250079529967,-0.004180218985133544,0.010060722509564236,0.015396175708152698,-0.004180218985133544,-0.021020617620958526,-0.01769571320591734,-0.02346939870867637,1955656.95,0.9961603951040595,0,9.90171089507794,17.028917871736667,56.256208129267534,0.01746861519018674,-0.004614321361540196,0.014011089151611745,-0.0425122402769372,0.03359455992606365,1
2023-10-04,3242.320068359375,3251.71411279459,3186.9181632456966,3195.166592505886,1788138,41.17999561201957,26.77328209937832,36.01550888701024,-9.242226787631921,3358.261132532942,3245.037463378906,3131.81379422487,3245.037463378906,3174.249404296875,3236.0092351154003,3178.5219509361655,3250.2726727058753,3223.499390606497,3245.1225535433377,0.006801622097300397,0.006394485000081139,0.019984439593491613,0.006801622097300397,0.0002827490894070639,-0.013372564038083179,-0.0189675025588536,1953647.25,0.9152819169376663,0,4.773376449713396,14.637752434364756,53.732592753150875,0.016572266654827743,0.0019501901216760996,0.020071630275958662,-0.034524136032899715,0.03528507165345555,1
2023-10-05,3289.611328125,3321.3676929730136,3254.647016862474,3257.213239742299,2990768,53.80265578120524,27.92820237616388,34.398047584840974,-6.469845208677093,3356.3810089962485,3252.369421386719,3148.357833777189,3252.369421386719,3177.816396484375,3241.11419635441,3182.8783971004336,3256.324773539587,3228.3965711634232,3252.180329553138,0.01458562349446102,0.007536091564893072,0.020282236852755684,0.01458562349446102,0.01721641443324562,1.4175389045689712e-05,-0.0046310325126701635,2028093.55,1.4746696472655316,0,4.323210203014696,14.06555158828678,56.508260804577276,0.017177792501336515,0.014963104917790085,0.0335334617627236,-0.019893355579203596,0.04486576869769099,0
2023-10-06,3318.984375,3331.402887606666,3276.50510075516,3291.123104883123,2075691,59.993508426461666,30.857933370783485,33.69002474202948,-2.832091371245994,3355.6541865633926,3261.1448364257812,3166.63548628817,3261.1448364257812,3181.890205078125,3248.5304038444665,3188.2158864298285,3265.9647122258048,3235.1067788550213,3258.6644494172087,0.008929032625791145,0.007816649184011159,0.01654053790220262,0.008929032625791145,0.03060733734298937,0.023934326289285712,0.010068768628737734,2066137.2,1.0046239910882975,0,11.300124521477755,16.55634605725072,57.0188806715595,0.01717961708438579,0.02168795190346838,0.041016196276660026,-0.010927768335075989,0.04811064910107752,0
2023-10-09,3334.51904296875,3371.7743564547645,3327.7827366912884,3340.659495143479,4233074,57.01036552100382,34.04088206925098,33.76019620747378,0.2806858617772008,3358.369608646918,3269.5353271484373,3180.7010456499565,3269.5353271484373,3186.47357421875,3256.719798046779,3193.953265117629,3276.511532340104,3242.470650270853,3271.3444611593213,0.00468054869006429,0.007407363012498613,0.013192793082480055,0.00468054869006429,0.02843611138490343,0.031102816234940267,0.009629042257687681,2183536.3,1.9386323002736434,1,19.803395772408294,19.851566708191513,57.693167725349895,0.017301795845791657,0.023888835928909554,0.04400996701682922,-0.007101828701867467,0.04835977827251656,0
2023-10-10,3325.8583984375,3343.3634886605696,3300.609217759891,3336.0774205452512,1848148,53.96007834467204,35.45583738813002,34.09932444360503,1.3565129445249937,3352.0168588324855,3278.104528808594,3204.192198784702,3278.104528808594,3190.726103515625,3263.3044266554193,3199.1260154438987,3284.10335789355,3248.64752050542,3277.38888832328,-0.0025972694771415616,0.00744960541923158,0.012855108600163052,-0.0025972694771415616,0.011018648313434687,0.03274185145673991,0.01446674783761348,2199997.85,0.8400680937029097,0,27.959489776226746,23.20806930051731,57.86336416650878,0.017398023978920207,0.01916890476754957,0.03961468925631439,-0.007803797384269873,0.03797094309727855,0
2023-10-11,3308.445068359375,3345.196494692668,3303.954346127964,3345.196494692668,2426417,50.62879427946432,34.77126793215166,34.233713141314354,0.5375547908373051,3346.272857117034,3284.0273681640624,3221.7818792110907,3284.0273681640624,3195.3910595703123,3267.6035353891293,3203.4130371268584,3287.8482364267534,3253.0769684946017,3283.5267108271505,-0.0052357400682800925,0.00760505581972641,0.01246571960922878,-0.0052357400682800925,-0.0031754613610149862,0.020394346827535603,0.006749058080486314,2232138.5,1.0870369378961027,0,31.594300273729004,24.89108619069293,57.86336434814292,0.017489595006888476,0.012498925444265068,0.03278753941974334,-0.01130445435051866,0.026899148482859223,0
2023-10-12,3246.719482421875,3288.969638519313,3242.6411368893027,3276.4596095114603,4241281,43.94044088606152,28.914692210292742,33.16990895511003,-4.2552167448172895,3346.7224379536683,3282.2745971679688,3217.826756382269,3282.2745971679688,3197.6108056640624,3265.6145779636768,3205.111329099212,3281.5207358106186,3252.606043600326,3284.1344104400023,-0.018656977722803503,0.009019721224632196,0.014269326894681888,-0.018656977722803503,-0.02633050206506138,-0.013038575510855965,-0.013024584948690632,2220401.75,1.9101412615982671,1,24.500381609266697,22.23293199877844,57.454206895229554,0.017696079752591333,-0.005786076430851827,0.012981812190079772,-0.029880863258244822,0.00897895636621819,0
2023-10-13,3272.656005859375,3278.2923429472667,3230.6347522754027,3235.217212916928,2890357,45.478308513544874,26.065705212849934,31.749068206658013,-5.683362993808078,3346.7604794223407,3282.412060546875,3218.0636416714096,3282.412060546875,3199.7883984375,3266.2851901442195,3207.760139952552,3280.156931202735,3254.091225989885,3283.206255737479,0.007988532294805006,0.009195952245819074,0.01456235870392051,0.007988532294805006,-0.015996589813661255,-0.013958598145140444,0.009641638501598493,2277173.15,1.2692741436899517,0,17.75478629975305,19.544253522723466,56.36096553921633,0.0172217811582725,0.00195047748260897,0.02023089728516389,-0.022142150302837428,0.01696435194165737,0
2023-10-16,3229.763916015625,3276.1382803907245,3225.227325030977,3268.2107135060846,1671104,43.06776884796088,20.114956606658325,29.42224588665808,-9.307289279999754,3348.817334219196,3280.762353515625,3212.707372812054,3280.762353515625,3201.3171044921874,3262.806973560544,3208.623033131496,3272.4041596354873,3252.289203028829,3282.5068184818633,-0.01310620174163002,0.009638171563576225,0.015763057822056916,-0.01310620174163002,-0.023781912867837707,-0.0314153632362707,-0.0012896532710221509,2230492.3,0.7492085939951464,0,6.0871755137650325,14.669768013866815,55.98125597455565,0.01733292507757549,-0.010127187361274017,0.006588771153804357,-0.035550884483022745,0.005309087079612091,0
2023-10-17,3214.18359375,3239.0203948649587,3210.792617804764,3235.2170422343333,1672065,39.95394279733538,13.980584194787298,26.333913548283924,-12.353329353496626,3350.268401091606,3276.580847167969,3202.8932932443317,3276.580847167969,3203.2802294921876,3258.1761754833497,3208.841094332222,3263.4471494992586,3249.4665653044713,3279.660890465727,-0.0048239817741371205,0.009634421578938823,0.008782254104925306,-0.0048239817741371205,-0.01002115792510816,-0.03357773882976056,-0.001935284710037788,2166450.7,0.771799238265611,0,-5.1282511720696675,9.715078888323205,54.13844235862598,0.016843606091418835,-0.01350221085783471,0.0016649311264476548,-0.040619076160365516,0.0035250317359876463,0
2023-10-18,3196.03662109375,3228.526216666565,3193.058022192451,3217.803305372473,1408245,37.48309966379031,7.56750731610191,22.580632301847523,-15.013124985745613,3351.7579438035723,3271.132287597656,3190.50663139174,3271.132287597656,3204.0812353515626,3252.25812268434,3208.3389581267916,3253.0762989753343,3245.5087916592324,3276.6217685299994,-0.005645904201470264,0.00966325204704405,0.011097555716359647,-0.005645904201470264,-0.023411988497552216,-0.03397621690644159,-0.014274792830383465,2167075.3,0.6498366715729722,0,-15.345412704789396,4.925920999933169,52.8553471781299,0.016537778957001346,-0.017286912498872008,-0.003834487937092645,-0.04645959682073875,0.0017332638169749604,0
2023-10-19,3175.270751953125,3194.750838771474,3171.825013624208,3187.997101914028,1514545,40.44908482149153,0.8002409148475635,18.22455402444753,-17.424313109599968,3354.1927187413703,3264.65,3175.10728125863,3264.65,3203.724560546875,3244.92599213851,3207.0421657278243,3241.1062148180717,3240.305973903224,3272.259076168236,-0.006497381476661124,0.009071785226038317,0.007220116625696832,-0.006497381476661124,-0.016872181831087185,-0.022006437838434145,-0.03475808074780873,2160332.75,0.7010702402210955,0,-20.688585825166683,1.9308366286122691,49.6455129285984,0.015635048727123884,-0.021465894862976537,-0.009906765216318556,-0.053342780749754924,5.148509326283834e-05,0
2023-10-20,3211.014892578125,3215.5632226086977,3164.612279992973,3170.4469293525376,1481211,46.939857187468014,-1.6594835481282644,14.247746509932373,-15.907230058060637,3352.9353119189154,3260.9057739257814,3168.8762359326474,3260.9057739257814,3204.329306640625,3241.69636360895,3207.19795893764,3236.4767806273107,3238.136264175439,3269.5485262784678,0.0112570370898335,0.009675534088367016,0.015867551014320004,0.0112570370898335,-0.0009858494636201254,-0.018835194768679453,-0.03253087999905846,2134189.65,0.6940390700517173,0,-24.588826535269618,-0.5621810149118573,49.16720370609674,0.015312044743156073,-0.00946463443499919,0.0011901147635268534,-0.042327216643964445,0.013297665641736726,0
2023-10-23,3133.462158203125,3196.680009517312,3125.330351129837,3191.2128167621163,1106272,40.085559210837644,-9.754249518572124,9.447347304231474,-19.201596822803598,3358.3637078670945,3252.4430297851563,3146.522351703218,3252.4430297851563,3203.5314697265626,3231.38834404649,3204.3063589088356,3220.628377177436,3230.382626696008,3264.978176098292,-0.024152094265976087,0.011555274567270093,0.022770231387887755,-0.024152094265976087,-0.01957876905340672,-0.029816965052758992,-0.060295617501294085,2090049.1,0.5293043115589964,0,-31.41862951405392,-4.316674222660367,51.74595017883793,0.0165139859893861,-0.030304678799681985,-0.022109059737295284,-0.0669675976836961,-0.004150675584117076,0
2023-10-25,3115.03955078125,3147.1078003867246,3103.1860758536272,3115.407006485019,1518537,35.371393713420844,-17.454752799513244,4.066927283482531,-21.521680082995776,3365.8081695110714,3244.2734985351562,3122.738827559241,3244.2734985351562,3202.7391162109375,3220.307506592658,3200.8056997665776,3204.3839423472537,3221.838695146767,3259.195620301366,-0.0058793138361815656,0.01131601031134628,0.014099893056600794,-0.0058793138361815656,-0.018968839471351084,-0.03084579336461557,-0.06338780020078227,2104037.05,0.7217254087802304,0,-37.86866889069188,-8.03539456564431,50.25493410628106,0.016133000331786208,-0.03268878999781908,-0.026795175037204605,-0.07450472697802289,-0.0024655525816127772,0
2023-10-26,3066.017822265625,3099.969784152135,3059.815493562458,3094.778295044471,1984471,24.40376274936264,-27.19956131660183,-2.186370436534341,-25.01319088006749,3376.71252131646,3233.261096191406,3089.809671066352,3233.261096191406,3200.8435009765626,3205.613250942464,3195.5199006488933,3183.0968469500804,3210.296408266682,3249.974958286529,-0.01573711271284839,0.010613158399203359,0.013096561376151854,-0.01573711271284839,-0.045156150053256794,-0.04068126064951971,-0.07327528222010571,2116957.5,0.937416551820242,0,-46.644871741875704,-12.819057477898241,48.553250720934884,0.015835932318572304,-0.04354718356489123,-0.04052613734527868,-0.09201100096306279,-0.007700101732323255,0
2023-10-27,3079.066162109375,3089.219650502849,3066.2480588126136,3078.193286491536,1108851,21.46857552645102,-33.48352308671065,-8.445800966569603,-25.037722120141044,3379.101113375934,3222.7361694335937,3066.3712254912534,3222.7361694335937,3199.189619140625,3193.561147244075,3190.953087372834,3167.092126205356,3200.575649292067,3244.0732985243117,0.004255793866882351,0.010208404566600618,0.007460570991595188,0.004255793866882351,-0.01735971055254204,-0.03029807451366917,-0.051637759658693994,2095343.35,0.529197756539519,0,-51.36484489443501,-16.089078354990306,46.28925367705762,0.015033536546465847,-0.035851821792579425,-0.03506379511068821,-0.0887913504804256,0.004140052095645321,0
2023-10-30,3104.426513671875,3108.3776718312,3063.261381474391,3078.1929142674794,910972,23.261920879078488,-36.002228359312085,-13.957086445118101,-22.045141914193984,3380.5867541060697,3215.887316894531,3051.1878796829924,3215.887316894531,3197.886220703125,3185.072134522913,3187.559888404169,3157.4512627386666,3193.4534910979787,3240.0741567795812,0.008236377598695777,0.01051534948760106,0.014532890425370804,0.008236377598695777,-0.0034070312547759274,-0.033194607459658965,-0.05140457533156595,2053104.3,0.4437046866055465,0,-56.62422908603685,-19.63807053347091,45.741132884346534,0.01473416512934124,-0.02531987265748939,-0.026080568724283448,-0.08169003209243773,0.017448494189225054,0
2023-10-31,3095.42138671875,3123.217007334184,3078.2386842955907,3123.217007334184,999811,23.243311891017242,-38.28364884710618,-18.822398925515717,-19.46124992159046,3381.9083113762717,3208.9616577148436,3036.0150040534154,3208.9616577148436,3196.8178857421876,3176.5339680653733,3183.9466138282705,3147.9082048894484,3186.1918537365545,3236.5875943485757,-0.0029007376768194204,0.010510232821754532,0.0145305977504639,-0.0029007376768194204,0.009590147923992598,-0.012140172615388911,-0.041595154565540415,1990905.3,0.5021891297391192,0,-54.854375981116846,-20.359745080565062,45.89999375134045,0.01482835065632081,-0.02553493277958676,-0.02780361540141553,-0.08471161790336519,0.01956722301636208,0
2023-11-01,3060.412841796875,3098.0404842339485,3042.3572624846965,3082.787259328347,1563475,22.33085966777641,-42.42751009088761,-23.543421158590096,-18.884088932297512,3386.05355943151,3200.9614990234377,3015.869438615365,3200.9614990234377,3196.3077294921877,3165.474813182659,3179.1021521799807,3134.4473797982832,3176.874889889171,3230.8623789863163,-0.011309783240525229,0.01064239876924629,0.018194676544540444,-0.011309783240525229,-0.006058109611948415,-0.017536441542347236,-0.04784130945479692,1971671.65,0.7929692553017131,0,-54.83269340999868,-21.70354758659687,46.931498978808186,0.01533502223551417,-0.033189956510869145,-0.03733422353280402,-0.09617116561183618,0.014769672258080378,0
2023-11-02,3087.473388671875,3102.037240795796,3071.944460658224,3071.944460658224,1245384,30.74626125519812,-43.03194453298556,-27.441125833469194,-15.590818699516369,3383.897031525499,3193.2191650390623,3002.5412985526254,3193.2191650390623,3195.7054931640623,3158.0461060863936,3175.5088673365253,3127.220611932682,3170.2525564656676,3226.4386940007207,0.008842123031712168,0.010564285220913431,0.009746733444888675,0.008842123031712168,-0.005460952264561114,0.006997860955157531,-0.033968081499867964,1944533.95,0.6404537190003805,0,-47.56714485607063,-20.011033312368,45.204389516583106,0.014641224012631404,-0.022346956011347088,-0.027723266519639904,-0.08759830458552488,0.02828673502682246,0
2023-11-03,3079.01953125,3113.017479853767,3072.9551669090106,3107.596275079441,1402598,25.55485352360111,-43.68949353941707,-30.690799374658774,-12.998694164758298,3374.211674321324,3182.6895751953125,2991.167476069301,3182.6895751953125,3195.2916162109377,3150.5197656257847,3171.7249718037206,3119.8050610584232,3163.4945545978403,3216.2665477299047,-0.002738115072632774,0.010040321665993203,0.01301138642939756,-0.002738115072632774,-0.005298747220370048,-1.5144481125051179e-05,-0.030312760146176676,1865125.45,0.7520126863316352,0,-43.041381618290416,-19.22811556911347,44.661869678932554,0.014505224544906029,-0.022694742358355793,-0.029228713516418207,-0.08748477320430645,0.029370490246218416,0
2023-11-06,3105.98876953125,3117.0611210828984,3086.462917492928,3101.164735498253,1099852,33.71981079666422,-41.55538906857919,-32.86371731344286,-8.691671755136326,3355.154241960664,3172.039794921875,2988.925347883086,3172.039794921875,3195.1219970703123,3146.2787183786863,3169.1470815185257,3117.6794777465507,3159.23486681513,3207.5456835955915,0.008759034493782902,0.010263237513300239,0.009851356801456802,0.008759034493782902,0.014892084855981702,0.0005032349300249095,-0.03270807721559632,1816333.5,0.6055341708997825,0,-38.79341614422674,-18.412806885643477,43.74262928415764,0.01408331855969949,-0.01280558795127922,-0.01992911984287358,-0.0742634926625037,0.03916572280103096,0
2023-11-07,3096.983642578125,3127.949299700163,3092.8947446003413,3103.921107326189,1191144,34.31331990957591,-40.12816191454158,-34.31660623366261,-5.811555680878968,3329.1753539635915,3160.1630249023438,2991.150695841096,3160.1630249023438,3194.96474609375,3141.5839492548234,3166.3171427365496,3114.4955031052546,3154.623665019796,3186.4677167390196,-0.0028992786585265717,0.010246024468052705,0.011318934532905743,-0.0028992786585265717,0.003080270729180601,0.0005046989292243342,-0.011641600818284137,1664237.0,0.7157297908891582,0,-34.950018810549864,-17.629471091720916,44.23025628698815,0.014281720987769923,-0.01419675787663657,-0.021897206449288848,-0.06974451228861459,0.035382017657679184,0
2023-11-08,3107.18310546875,3125.927832295336,3096.156742786776,3097.902493811986,992899,37.84884846785125,-37.739030644011564,-35.0010911157324,-2.7379395282791634,3300.466623984843,3149.2292602539064,2997.99189652297,3149.2292602539064,3195.129716796875,3138.307678418055,3163.9981608829107,3113.3705188534846,3151.109549497496,3176.3222919957434,0.0032933538138206764,0.010319926128002564,0.009581375959518456,0.0032933538138206764,0.0091469293821973,0.01528233806665602,-0.002522101303827573,1621474.55,0.6123432526276776,0,-27.16713476460427,-15.103991297070024,43.823320218020044,0.014103874387347653,-0.009917629543892893,-0.01795672833081121,-0.05856248238097032,0.03642144899471495,1
2023-11-09,3075.849609375,3116.325591826509,3070.887836157488,3115.039272646239,2112352,36.78561577825298,-37.93666787664188,-35.5882064679143,-2.34846140872758,3272.13602754153,3137.5994873046875,3003.062947067845,3137.5994873046875,3194.7734130859376,3132.3592908901446,3160.541354941424,3107.5980712414103,3145.534739118052,3159.6977237050355,-0.010084212944709292,0.010484391357915533,0.014772424350829627,-0.010084212944709292,-0.009703563790025682,-0.0037648192659808233,0.003206696007432175,1605771.3,1.3154749994597612,0,-25.686815196248972,-14.967512395101494,45.339473660839985,0.014740471550575186,-0.018040612926969138,-0.02679659465110637,-0.059987242741252056,0.024237474734994487,1
2023-11-10,3062.98583984375,3075.8499303163658,3052.7865884253365,3067.166714113737,1338557,29.05080859655996,-38.68535481208892,-36.20763613674922,-2.4777186753396947,3256.5143303830796,3128.412805175781,3000.3112799684827,3128.412805175781,3194.148828125,3125.7522955523928,3156.715648467005,3100.7346510263856,3139.4200058384745,3140.8252866536395,-0.004182184165325231,0.00974377961642643,0.007529692625743834,-0.004182184165325231,-0.01097771465982722,-0.005207401656117661,-0.005222467273846676,1460635.1,0.9164212197830929,0,-24.767470073391905,-15.009323336715624,43.3475021805046,0.014152041324068235,-0.02008043177252165,-0.02969219247504061,-0.059428109599801424,0.020889352479428618,1
2023-11-13,3061.239501953125,3083.705667927278,3057.058628484521,3083.705667927278,1030990,36.986840091005554,-38.97038315663849,-36.76018554072708,-2.2101976159114116,3229.68661698647,3117.8419799804688,3005.9973429744673,3117.8419799804688,3193.218037109375,3119.60821997151,3152.9714858586176,3094.658474245884,3133.6288574025225,3125.4066595293784,-0.0005701423323308807,0.007686922335874327,0.008704656863912703,-0.0005701423323308807,-0.014786255574949059,-0.01440741448169447,-0.013911429865888114,1367666.75,0.7538312969881004,0,-26.670498407176183,-16.17559565990814,39.130537751538085,0.012782579646764687,-0.018710271900398506,-0.02909381969260408,-0.052155869906201135,0.01837731463993743,1
2023-11-15,3128.0869140625,3136.0809812784887,3083.751752226377,3108.607053624718,2059802,52.001600021573324,-33.417031940291054,-36.09155482063988,2.6745228803488246,3211.6789772416973,3112.7581298828127,3013.837282523928,3112.7581298828127,3194.25015625,3120.4157146468424,3151.9956202979856,3099.801311140748,3133.218343081039,3117.5799820453035,0.0218367142024416,0.00979123304943449,0.016728828350920356,0.0218367142024416,0.01698304901783354,0.010043085490268444,0.010552853153985797,1387101.65,1.4849683150474229,0,-21.16823460798105,-14.321522438563989,41.33909166527139,0.01321545494130264,0.0024583902009113583,-0.007585259979906104,-0.026027527586517735,0.03790836094604749,1
2023-11-16,3214.046875,3242.991076076638,3137.183806430668,3151.7478830543773,3951984,70.39745512456932,-21.828090007223636,-33.238861857956636,11.410771850733,3211.6426441418935,3112.7512939453127,3013.859943748732,3112.7512939453127,3196.590888671875,3129.33296801381,3154.42900283532,3117.3775517344793,3139.205641741703,3122.3974667883936,0.02748004237064583,0.011061814160235408,0.03292026338165024,0.02748004237064583,0.04931822837416577,0.03439249181780313,0.05020042757137344,1501097.6,2.632729544034978,1,-8.974710404244888,-9.569158047590918,45.60195629351038,0.014188329563024927,0.027070915064675283,0.0188997349793238,0.0007485984975607108,0.06642210818936378,0
2023-11-17,3218.273193359375,3238.5341769694555,3209.1765350847563,3214.046556157104,2021292,69.6598135635998,-12.162539278776421,-29.023597342120595,16.861058063344174,3217.1015519732377,3113.8631225585937,3010.6246931439496,3113.8631225585937,3198.295791015625,3137.8034656657683,3156.9326965813616,3132.8999581383096,3145.062497417086,3125.131597259562,0.0013149523089563964,0.011072842155197996,0.009122172084481867,0.0013149523089563964,0.05129742096495882,0.04630381913025805,0.04236467435392721,1531749.95,1.31959658298014,0,5.444174775623651,-3.608658360062236,46.04165726833003,0.014306323454246506,0.02564524151181436,0.019430410044673725,0.0003641916076347097,0.06897189832007299,0
2023-11-20,3234.031982421875,3247.171550673552,3207.982113123897,3207.982113123897,1475621,68.81404972150908,-3.1940985346514026,-23.85769758062676,20.663599045975356,3230.238704131093,3116.8011840820313,3003.3636640329696,3116.8011840820313,3200.1169873046874,3146.968086309207,3159.956197986872,3148.458731105012,3151.652829639663,3127.429687389876,0.004896659828325545,0.01099213494536864,0.012117826218993382,0.004896659828325545,0.03386896568733189,0.055842942645419,0.050344744357287086,1529803.75,0.9645818948999177,0,21.215790756814386,3.2405495198672725,45.618310639247575,0.01410570794822051,0.02766596092646659,0.02344202887438585,0.0011743027801415335,0.07680332593461556,0
2023-11-21,3225.394775390625,3251.904078434434,3216.941275630958,3234.0322273250904,1807236,68.88763374443256,3.179849618904882,-18.45018814072043,21.630037759625313,3233.6229849242236,3117.5201782226563,3001.417371521089,3117.5201782226563,3201.755361328125,3154.4372947931515,3162.522416708588,3160.295045610491,3157.115195991586,3130.171440016305,-0.002670724061541896,0.010982834931980313,0.010839852246998667,-0.002670724061541896,0.0035307202514354152,0.0536237930200385,0.03844379832622358,1546105.0,1.1688960322875872,0,34.82907482164137,9.550930849970428,44.90291633673918,0.013921680744119463,0.02249449710558486,0.019880446807226657,-0.002544579121301434,0.07462387803667117,0
2023-11-22,3243.72607421875,3246.023233095817,3198.6559965162287,3216.022427894088,1798051,77.99591499186056,9.599771872294696,-12.840196138117406,22.4399680104121,3252.0745490830495,3123.0333740234373,2993.992198963825,3123.0333740234373,3203.2956982421874,3162.94098807178,3165.706873865849,3173.1305884733,3163.5308166010054,3135.06129387633,0.0056834279536850385,0.010190401791949508,0.014602723995735879,0.0056834279536850385,0.007908862713052134,0.036968013783884146,0.047382372196989486,1580693.95,1.1375073587141902,0,42.525273424937495,13.711253567863423,44.30891739604892,0.013659882610994118,0.02554112974337186,0.02464511196440202,-0.002567122843679416,0.08341166531474396,0
2023-11-23,3223.60302734375,3256.452399032637,3216.022403107853,3243.588309420206,2729804,71.24003397875185,12.914969079396542,-7.689163094614617,20.60413217401116,3265.002477227421,3128.4615478515625,2991.920618475704,3128.4615478515625,3204.678271484375,3168.7183251453007,3167.9773112571393,3180.8955790687537,3167.980609989357,3143.7395782239378,-0.0062036825596768486,0.010454446151798587,0.012541865602508294,-0.0062036825596768486,-0.0032247532290373693,0.0029732461023146417,0.037467995262363774,1641257.3,1.6632395176551538,1,39.385357131490764,13.548308421819456,44.22360289075342,0.013718687603787767,0.017320789217177446,0.017558748255219334,-0.01267976063492197,0.07743601465806314,0
2023-11-24,3176.603271484375,3220.2033021073066,3172.835841192993,3210.738962666845,1989733,63.591003958600965,11.615898400117658,-3.828150795668162,15.44404919578582,3268.8304679534945,3133.9908203125,2999.1511726715057,3133.9908203125,3204.4105712890623,3169.469272415689,3168.315584207227,3180.2352240557725,3168.619325655655,3150.6748919153797,-0.014579883273686756,0.011402401430003482,0.014911355578935595,-0.014579883273686756,-0.01512729675093516,-0.01294791317312094,0.03275636812745453,1641520.4,1.2121280978293052,0,31.665806749920648,11.38288762586535,44.988236691182045,0.014162371831267357,0.00225084973398361,0.002615802326781721,-0.0282141265425918,0.05916744058446481,0
2023-11-28,3188.594482421875,3198.793958276552,3154.4587888727906,3176.6034917170814,1689195,62.00583485142135,11.422296906806878,-0.7780612551731538,12.20035816198003,3273.8102689175234,3139.467236328125,3005.124203738727,3139.467236328125,3202.546962890625,3171.2907209877067,3169.1108351176053,3181.521263804404,3170.098966897597,3154.5947149379313,0.0037748531726142787,0.011261861543597861,0.0139042984763892,0.0037748531726142787,-0.01699637717101421,-0.014049799212552339,0.04100856130126029,1670537.6,1.0111685004875077,0,24.322634678499526,9.154637130733136,45.43777808910084,0.01425009619115595,0.005456378161627211,0.006147985450167008,-0.02602954340534365,0.061052477782745064,0
2023-11-29,3228.65673828125,3232.5619082955354,3193.7859120788967,3198.5639575829327,1441634,67.55265311010858,14.336295669697847,2.2448101298010465,12.091485539896802,3284.6096254907898,3145.678747558594,3006.747869626398,3145.678747558594,3201.721962890625,3176.7541512061393,3171.4459685750035,3188.7728752623802,3174.4365795926824,3158.981452414231,0.012564236713144439,0.011506902483828619,0.012009946971718293,0.012564236713144439,0.0015677212406839391,0.0010113375626181753,0.05468936233878785,1697070.7,0.849483760458536,0,22.316856412987818,8.923551866415437,46.0744117158036,0.014270458413715095,0.016338244826218127,0.018039332933031973,-0.01703486672367625,0.0738036171561087,1
2023-11-30,3204.62841796875,3231.321223058578,3198.563829163169,3215.5168157958,3266235,62.52802936900335,14.539177459915209,4.703683595823879,9.83549386409133,3290.3371402018797,3151.1390991210938,3011.941058040308,3151.1390991210938,3200.5593701171874,3179.408843278769,3172.747241100248,3191.212189524899,3176.6730120649836,3165.3768540379306,-0.007442203448760343,0.01184153205580776,0.010221900833099538,-0.007442203448760343,0.008822362784786542,-0.012053316265127845,0.02446911035692545,1810391.9,1.8041590884272074,1,16.467855206989043,7.0403672343991275,46.2877191720071,0.014444020689720564,0.007932158439860587,0.010048445226114528,-0.02604861404198569,0.06397447898725232,1
2023-12-01,3226.727294921875,3231.597316904053,3206.8799756151684,3216.022623635975,1172141,69.8693435411572,16.295315172614664,7.022009911182037,9.273305261432627,3295.6711715602896,3159.4548217773436,3023.2384719943975,3159.4548217773436,3199.1376416015623,3183.915362482874,3174.864105955998,3196.6760518936644,3180.3807367210497,3171.5183802353013,0.0068959249157294344,0.011337380617836233,0.0076601891110488485,0.0068959249157294344,0.011959128923486162,0.0009691849621755733,0.00394531268990117,1790825.2,0.6545256343276832,0,15.19703733757342,6.886794698858921,44.96851511959868,0.01393626142202,0.013446316112377866,0.016335561849271672,-0.020919525355976003,0.06730822752240187,1
2023-12-04,3227.462158203125,3259.9440736924166,3214.184625072852,3257.0495189763487,1625213,72.37495076278657,17.544126517848326,9.126433232515296,8.41769328533303,3301.4782928671852,3166.4542602539063,3031.4302276406274,3166.4542602539063,3197.586728515625,3188.0626763609935,3176.926774671572,3201.4123759412737,3183.8682494234254,3177.2204277412893,0.00022774260545865843,0.011167950244963006,0.014178151865625831,0.00022774260545865843,-0.00036999290260908424,0.016010462236596634,0.0028552469885747556,1809816.65,0.8979987005866037,0,18.593403945304544,8.611190464344872,46.58966560020833,0.014435387098743526,0.012358440169408458,0.015907002935809714,-0.02241908869247193,0.06466648276284752,1
2023-12-05,3245.05859375,3250.9392307206267,3218.595278718338,3250.9392307206267,1377656,73.97249980737257,19.72631115938748,11.246408817889733,8.479902341497745,3307.544081772589,3174.756213378906,3041.968344985223,3174.756213378906,3196.3895703125,3193.4908589694705,3179.5986107138633,3208.1271786810776,3188.40086752169,3182.989689540821,0.005452096627113212,0.011102440500270084,0.009967139596364619,0.005452096627113212,0.01261618213036897,0.017708150609743845,0.0034095554366990743,1808569.55,0.7617379160231907,0,22.200137981763874,10.487775596257961,46.99658792588918,0.01448250827162408,0.016147763390551934,0.020587498942654284,-0.01889180808411222,0.06676277519441555,1
2023-12-06,3311.676025390625,3319.7160810042337,3239.1315727028823,3245.97728523371,1896572,73.95687780472994,26.525409785379452,14.302209011387678,12.223200773991774,3326.9505896840647,3185.040576171875,3043.130562659685,3185.040576171875,3196.9051025390627,3204.7465891048187,3184.778117171775,3224.0577704825464,3197.532360697167,3190.863303619891,0.020528884060500685,0.01094732621837979,0.02433345160683288,0.020528884060500685,0.026326591219047124,0.02571325905446664,0.026750601401823948,1848405.55,1.0260583777191103,0,27.992437898679327,13.33214859677173,47.40680428131687,0.01431504891114011,0.03336595681210317,0.03984513317729676,-0.004591160548281591,0.08824644792638547,0
2023-12-07,3321.599609375,3335.979957891831,3300.282020829863,3312.502950367504,1967653,67.50935213139566,32.34167996933638,17.91010320297742,14.431576766358962,3344.260973050781,3196.271374511719,3048.2817759726568,3196.271374511719,3197.28275390625,3215.8754481781693,3190.1436658856273,3239.0642072352316,3206.722527265895,3200.238056596184,0.002996544320244654,0.008645017470134669,0.010747212566262581,0.002996544320244654,0.029167639017117386,0.036500703404606316,0.024007432617443092,1887231.0,1.0426137552848591,0,36.46660489940041,17.396424785379168,41.7492167847333,0.012569009421514513,0.032875701469322956,0.041206903906905616,-0.006776194758242332,0.08966291618993523,0
2023-12-08,3332.442138671875,3349.257385225396,3309.792243618408,3338.231023463337,1641155,68.1945090739879,37.39495176712353,21.807072915806643,15.587878851316887,3361.155906199747,3207.534326171875,3053.912746144003,3207.534326171875,3198.3629931640626,3226.9770377489986,3195.7239981517546,3253.4300428408687,3216.035091073745,3208.1461691682093,0.0032642493292305286,0.008642094298499953,0.011842708729735484,0.0032642493292305286,0.02692818708733835,0.0327622492041304,0.03376318684556168,1919643.8,0.854926835905703,0,43.06167526612444,20.8598921957564,42.47118105061106,0.012744761734269059,0.03268232146964529,0.04278158583131437,-0.008542825245002312,0.0912041095082218,1
2023-12-11,3347.328125,3356.6087371102208,3321.6919202445797,3328.950852965452,1102503,68.10578317897321,42.11540064037263,25.86873846071984,16.246662179652787,3373.709875811052,3221.108251953125,3068.5066280951983,3221.108251953125,3199.58423828125,3238.439046058618,3201.6692580281565,3267.875901634581,3225.7605009942085,3218.8967314372508,0.004466990185779451,0.008633793306424775,0.010431250108066734,0.004466990185779451,0.01076557590055005,0.03713938720930199,0.053744468202303386,1869151.35,0.589841480734024,0,50.37636969762434,24.74248335658467,42.16599385889578,0.012596910814919222,0.03362393961804129,0.045494663949627284,-0.007819804245825865,0.09086553516030127,1
2023-12-12,3374.158935546875,3398.324867473977,3336.3935538659134,3343.698474230384,2236866,72.46742003232924,47.47415999334862,30.189822767245598,17.284337226103023,3384.7741537141173,3236.6669067382813,3088.5596597624453,3236.6669067382813,3201.276123046875,3251.3647498194046,3208.4335591073223,3284.2271376210883,3236.7529776277397,3233.1247431989686,0.008015590209542234,0.00861413349904201,0.0183545928899837,0.008015590209542234,0.01582349842031827,0.03978367048457088,0.0581963163230641,1914066.8,1.1686457337852576,0,57.873890849934014,28.834948393458944,44.092316059223485,0.013067646456931679,0.037766967158726496,0.05165304918630208,-0.0031361673438667255,0.092470053114142,1
2023-12-13,3301.98193359375,3353.851732647353,3273.9106091568547,3347.925108013577,3850968,57.56742356970696,45.37389255006519,33.22663672380952,12.147255826255673,3374.1827128980685,3248.7040283203123,3123.225343742556,3248.7040283203123,3202.4876904296875,3256.18543398839,3212.1021228126724,3286.9586446938056,3241.5847521437404,3244.478245712572,-0.02139110911247777,0.010792113044735333,0.024210042664737856,-0.02139110911247777,-0.009140505314299219,-0.0029272464222195316,0.02271074358667624,2055065.7,1.873890455181068,1,51.438844883571164,27.324005640897212,47.86953675996863,0.014497213407787871,0.01406446301470786,0.027981616818077527,-0.02139800522014578,0.057234611716165874,1
2023-12-14,3369.702392578125,3379.580175854481,3333.269542133453,3335.4747249461025,3290396,66.88972819985109,48.613504329151056,36.30401024487783,12.309494084273226,3383.869274971768,3260.784802246094,3137.70032952042,3260.784802246094,3205.203046875,3266.9965729016976,3218.2825255485727,3299.6884520606236,3251.0749477314725,3259.7765494695263,0.020509033770112373,0.011683011330169323,0.01374324148714988,0.020509033770112373,0.006684217006101001,0.014481812638512448,0.05151111239099815,2116595.4,1.5545701365504243,1,51.12112472352828,28.13885966294538,50.52441149825053,0.014993731081276532,0.03143738212899489,0.047049898766654115,-0.004186592696835528,0.07394015957322646,1
2023-12-15,3547.73193359375,3579.8461676911347,3369.1967126856007,3369.1967126856007,8531230,82.92837409352597,64.79944840427834,42.003097876757934,22.796350527520403,3453.1172841977905,3277.4690551757812,3101.820826153772,3277.4690551757812,3211.749365234375,3293.7332739199883,3231.2021101777955,3337.8489876811045,3273.049539276826,3308.465987258758,0.05283242265184618,0.01662344637724735,0.05937580937580936,0.05283242265184618,0.05144185598914075,0.06460421095493563,0.09948303941800796,2345557.7,3.637186158328145,1,66.75623617098972,35.47811202604089,61.944573559306036,0.017460330915294937,0.07711573419892284,0.09796039140322844,0.02739977869530716,0.14375785463820728,0
2023-12-18,3546.078857421875,3610.215590560376,3519.385821233064,3545.0682419193445,2521612,82.31052220915905,76.61041904311105,48.92456211002856,27.68585693308249,3504.0335392294965,3293.859338378906,3083.685137528316,3293.859338378906,3217.824541015625,3317.766186634454,3243.550217912857,3369.8843522566076,3293.2739332134965,3325.453945536814,-0.00046595295327189756,0.016745524546947613,0.025614142544294276,-0.00046595295327189756,0.07392436686122617,0.059375933580420925,0.09872050657787979,2370573.7,1.0637138174611487,0,79.32714057583598,41.88095988470059,65.26561641098822,0.018405009881376024,0.06881517802766622,0.09327083571522056,0.011999119791993746,0.14994842186261087,0
2023-12-19,3506.56689453125,3542.310819797178,3482.4927153495696,3533.030208580236,2004435,75.14337413160469,81.83902385384908,55.507454458792665,26.33156939505642,3535.8782226857047,3307.486083984375,3079.0939452830453,3307.486083984375,3222.16365234375,3335.747206434149,3253.8645973880884,3390.912435683476,3309.073411829627,3336.1355797848646,-0.011142437740189304,0.017406482989469806,0.01705888016592496,-0.011142437740189304,0.040616198704839235,0.03924176706362381,0.08058661907828601,2397014.4,0.8362215095578901,0,84.38245661474457,45.43103828076619,66.66695328232001,0.01901202951134115,0.05120882294905791,0.07766220430500038,-0.008289688249554889,0.1388307589325305,0
2023-12-20,3473.350341796875,3582.4653925926305,3460.9456833906206,3516.7206581730966,2586083,73.91449067980479,82.35311716146998,60.87658699932813,21.47653016214185,3556.2920613677584,3319.8838623046877,3083.475663241617,3319.8838623046877,3225.2509716796876,3348.8522669448853,3262.4718814825505,3403.5951904701524,3321.2420733086824,3349.01498606095,-0.009472670487529755,0.017535560723590752,0.03498630925296865,-0.009472670487529755,-0.02096595604999063,0.05189865106760716,0.04881948450473206,2435956.75,1.0616292756429275,0,92.66683295649545,50.36975866987814,73.00711866136291,0.02101922106239188,0.037176341303812636,0.06463763305095396,-0.02332252754825311,0.1264400050900314,0
2023-12-21,3480.195556640625,3497.837691229688,3439.6278222609985,3451.481071849861,1517562,73.18651750435721,82.36345678134194,65.17396095573089,17.189495825611047,3575.6123712776935,3331.7073364257812,3087.802301573869,3331.7073364257812,3228.164501953125,3361.361151677813,3271.0100648220828,3415.3798621886867,3333.016405407345,3357.322989531485,0.00197078157114694,0.017563606058977093,0.016726033931518076,0.00197078157114694,-0.018579197877497178,0.03279018476701823,0.047746858717708784,2421932.3,0.6265914204125359,0,94.3645787761152,52.72753927351005,75.23861652089052,0.02161907723183151,0.03535306073954486,0.06395134459175694,-0.02668544705895305,0.1270784903770397,0
2023-12-22,3513.734375,3533.903385973376,3456.7648323091003,3491.681648797071,2413058,74.70464722635755,84.10840402465192,68.9608495695151,15.147554455136813,3597.4484994858904,3346.213903808594,3094.9793081312973,3346.213903808594,3231.922021484375,3375.872887232307,3280.5286652212167,3430.5113256981194,3346.4029216734675,3371.6587808768672,0.009637049933983954,0.017523990335292287,0.021953439113984136,0.009637049933983954,0.002044016465200915,-0.009582899505970133,0.054402215787721975,2406095.0,1.002893900698019,0,82.13961331231894,49.326555043421195,77.47998116694131,0.02205060852584832,0.04083728634721132,0.07108784393537909,-0.023270416379234864,0.13530141082640737,0
2023-12-26,3487.592529296875,3522.9227872920933,3482.6305316170315,3509.9209580263773,1285231,70.6259205599579,82.43163820164409,71.6550072959409,10.776630905703186,3607.22698305479,3361.7633666992188,3116.2997503436477,3361.7633666992188,3235.504970703125,3386.5128531432188,3288.6488167535954,3439.293049328697,3356.861411127053,3382.7032789608465,-0.007439903792706315,0.017902574818905354,0.01155302843912934,-0.007439903792706315,0.0041004177806700515,-0.01649323956871096,0.04190339251455222,2370869.9,0.542092588041208,0,68.74666650876497,45.098598840738305,78.04771714356795,0.022378679988542975,0.029847716674052584,0.06049405808543212,-0.03316521370013762,0.11914539957598214,0
2023-12-27,3501.972900390625,3508.4049455776526,3462.2780378170705,3490.762809359621,1293976,67.76158977822624,81.32569300646219,73.58914443804517,7.736548568417021,3616.2714923697804,3377.4322875976563,3138.5930828255323,3377.4322875976563,3240.6100390625,3397.509048119162,3297.0144670923023,3448.9361033382243,3367.610410331762,3392.939941682243,0.004123294499844832,0.017358274841635234,0.013171691807048786,0.004123294499844832,0.00625750576241213,-0.0013101116501698096,0.037880244317250567,2351108.95,0.5503683697856707,0,61.76184168501277,43.14986970421387,75.58645996208442,0.021583964842690012,0.030747188835094814,0.062164857128782725,-0.031606750826181564,0.1157779323332856,0
2023-12-28,3491.58935546875,3526.598144867868,3484.4223995695133,3513.7340557516227,1682889,65.85258790347626,78.70410623007092,74.61213679645033,4.091969433620591,3623.817346841889,3390.5789184570312,3157.3404900721735,3390.5789184570312,3244.9887060546876,3406.4690773905513,3304.644854871771,3455.498142127536,3376.794035897465,3402.1087821085675,-0.0029650557606304417,0.017461196727497217,0.012079239854565485,-0.0029650557606304417,-0.006302417077628464,0.005251129853615533,0.057422307477206225,2363171.7,0.7121314968353759,0,57.61681044566603,42.17297338922026,76.04916055039777,0.021780671438720228,0.02498783231092858,0.056570224277317435,-0.036488591647251226,0.10586405439881334,0
2023-12-29,3485.6171875,3512.4481848321616,3459.889005984073,3484.33086815698,1574996,64.41546159668002,75.27683132536185,74.74507570223264,0.5317556231292144,3624.153073575342,3404.6283569335938,3185.1036402918453,3404.6283569335938,3250.105771484375,3414.00699263907,3311.7418090924857,3460.1318414156076,3384.8550100902457,3418.6685021553817,-0.001710443972856135,0.017521482511880522,0.015078872985987873,-0.001710443972856135,-0.0005663912226790968,0.0015578523594830251,0.0343991193932085,2278609.75,0.6912091901651873,0,52.64584096125736,40.73174427040294,76.98444892476212,0.022086317797846845,0.020975409545243563,0.052502697502001594,-0.038225727021698935,0.09434969192419095,0
2024-01-01,3501.880615234375,3521.084771777752,3466.871827744639,3482.492506533841,825907,64.50748122532136,73.03115626116232,74.40229181401858,-1.3711355528562592,3625.0800389422448,3418.386022949219,3211.692006956193,3418.386022949219,3255.8597119140627,3422.375909076718,3319.198232862756,3466.554729695418,3393.5235734342555,3425.1959125567228,0.0046658674373933895,0.017522534144513775,0.015481094300379049,0.0046658674373933895,-2.6352333063361932e-05,-0.0033735503315116544,-0.012924121443676495,2261298.05,0.36523579896953434,0,46.503021844410796,38.66956764153929,78.36274372243868,0.022377331591926355,0.023230851393851008,0.05503810545658744,-0.03398529753395952,0.09035380965848018,0
2024-01-02,3476.24462890625,3501.881057224548,3461.588799764739,3501.881057224548,1344068,59.60408856443173,68.39442439538743,73.20071833029235,-4.8062939349049145,3618.1793213241795,3430.825146484375,3243.470971644571,3430.825146484375,3261.4638720703124,3427.506263346197,3325.35691506054,3468.045483420161,3399.6510590247735,3433.7505862311373,-0.007320634009223448,0.017688301543402136,0.011590742816188436,-0.007320634009223448,-0.004394768399229476,-0.0032537919195831932,-0.01969336591865778,2247240.8,0.5980970085626783,0,40.99341020297834,36.70809830694452,76.81709685470618,0.022097724715902854,0.014219774324342366,0.045374892891147926,-0.03922820839238677,0.07176683845690576,0
2024-01-03,3392.21484375,3465.8159110637007,3387.896229507396,3461.3593326758987,1803075,58.30380372508931,57.279002899534134,70.0163752441407,-12.73737234460657,3605.282886672644,3438.182958984375,3271.083031296106,3438.182958984375,3265.80275390625,3424.145175765607,3327.978794616989,3456.3792311632133,3399.100228263679,3438.955607387675,-0.02417257532957018,0.017987639362304318,0.022970149340590263,-0.02417257532957018,-0.0267965007990425,-0.03134177783853842,-0.03261082826042483,2268511.75,0.7948272694642203,0,26.636127646444947,30.964327524686723,75.96710206962287,0.02239454326119372,-0.009325052057253242,0.01930182044336126,-0.05909884178860842,0.037031102938985205,0
2024-01-04,3369.2890625,3417.253697114489,3354.770972886529,3401.403300159602,3598144,49.95854495485,46.08874991389894,65.23085017809235,-19.142100264193417,3600.805332860456,3441.063610839844,3281.321888819232,3441.063610839844,3268.9682373046876,3418.9207840260256,3329.5988051222052,3442.980743676565,3396.891993762666,3440.47708860948,-0.006758351786662287,0.017301220637823828,0.018544779942863767,-0.006758351786662287,-0.03786295630912051,-0.03502711244585377,-0.02995991450808866,2353590.35,1.5287894089130676,1,12.451706635474238,24.953950250434445,74.88742221013925,0.022226475918505212,-0.014516780195059281,0.011920432370631515,-0.0642956919241566,0.026808456061719298,0
2024-01-05,3434.619873046875,3443.6707684816074,3376.6857073845927,3376.8234471802834,1963127,35.34169810998401,42.00780439996015,60.58624102246592,-18.57843662250577,3596.3379612425356,3446.7146240234374,3297.0912868043392,3446.7146240234374,3274.9913916015626,3420.4159353613445,3333.7172783741535,3441.694455887382,3399.686651487422,3444.6195240975107,0.019390087741061768,0.010394729612808597,0.019502903835932166,0.019390087741061768,-0.011974058302240853,-0.014630784653004825,-0.013095724895914596,2353364.05,0.8341790552974582,0,6.4089427222743325,21.975469281667756,65.15401156557307,0.018969788207675656,0.004152693109246065,0.030267292108805192,-0.04496743352223408,0.04171209538327144,1
2024-01-08,3379.85595703125,3436.320079253609,3374.4345273007075,3434.620091894895,1067805,31.065426923314376,33.96312952141079,55.2616187222549,-21.29848920084411,3592.457048467438,3449.085314941406,3305.713581415374,3449.085314941406,3280.2877197265625,3416.553080282288,3335.5266383214907,3432.180840678746,3398.217711157335,3447.551204604057,-0.01594468035469776,0.010994918977638792,0.0183101152059923,-0.01594468035469776,-0.0036433089553631337,-0.03484546494025986,-0.03810146234197054,2324696.55,0.45933091783527624,0,-5.8228287944298245,16.328405458734778,63.08656746740088,0.018665460383351356,-0.010740978520961876,0.013290050872466345,-0.0591798561730571,0.02242855401408711,1
2024-01-09,3390.5146484375,3447.897858716544,3383.944863545508,3408.937908160742,1370944,35.850286596067434,28.123543338186664,49.83400364544126,-21.710460307254593,3589.3682698379575,3451.2446411132814,3313.1210123886053,3451.2446411132814,3286.77765625,3414.0732296304036,3337.6830308750596,3425.7706572570155,3397.647113918829,3448.8670874898276,0.0031535933902970825,0.010880515267360334,0.018862326756354946,0.0031535933902970825,0.006299722447010936,-0.02466166499212219,-0.02783521298543057,2338118.6,0.5863449356247369,0,-13.4330337157935,12.326115814519653,63.40483601118577,0.01870065243351936,-0.0069004323013463825,0.015828830081743645,-0.05540072972490917,0.02335973716610414,1
2024-01-10,3411.786376953125,3426.671921717854,3388.7687999719637,3390.606527086916,1292227,42.268593749041884,24.92476278177128,44.85215547270727,-19.92739269093599,3587.8109142619924,3453.126013183594,3318.4411121051953,3453.126013183594,3293.432060546875,3413.8554341373297,3340.5890444467486,3423.6192295179553,3398.694466736184,3451.6134623063645,0.006273893706794098,0.010901003022048203,0.011109465118311197,0.006273893706794098,-0.006648041686631911,0.00576954411928976,-0.02575306148926515,2290886.65,0.5640728667217123,0,-10.28974162827717,12.610249829759596,57.432222621462934,0.01683347556852385,-0.0006060763919628338,0.021312807878817584,-0.049061821125842515,0.02812925156556782,1
2024-01-11,3432.460693359375,3466.872087581228,3406.227094795551,3421.847774755498,1777909,44.206528966466244,23.783786016055274,40.638481581376865,-16.85469556532159,3574.7209997587947,3459.649951171875,3344.578902584955,3459.649951171875,3299.992744140625,3415.627363587048,3344.191854208028,3424.9794547243278,3401.1956687082725,3463.4199682293147,0.006059674939177473,0.011046902130725695,0.017668080774531258,0.006059674939177473,0.01556419474584092,0.018749246410013187,-0.01693459799811914,2187233.7,0.8128573549319398,0,-3.2934204389775914,14.593049085822713,57.60616003696204,0.016782758837824433,0.004928327355548788,0.026394669624076002,-0.03979619847507506,0.026275891026669485,1
2024-01-12,3567.763671875,3588.392115065258,3511.5292637762777,3535.787173361786,6813450,55.25847566365374,33.41221804967745,39.193228875036986,-5.781010825359537,3586.1115564238785,3469.553015136719,3352.994473849559,3469.553015136719,3309.43958984375,3430.1165358049484,3352.959376469478,3446.9462573628925,3413.534039313215,3483.8899095541583,0.03941865343932105,0.015290496009101975,0.02154370590599853,0.03941865343932105,0.0522779111186511,0.0387652211160161,0.023567270860836542,2363386.4,2.8829183412411954,1,9.70060044360389,19.24209809532431,63.23422203993401,0.01772376980527467,0.04012899696941341,0.0640640912362326,-0.005116373057612088,0.06405295317378354,1
2024-01-15,3587.059326171875,3643.293726721728,3569.784647746258,3638.699409285761,2801505,59.8114937834081,42.114349837028385,39.77745306743527,2.3368967695931175,3594.7662077201594,3471.519384765625,3348.272561811091,3471.519384765625,3319.97251953125,3445.063468220846,3362.1397666538855,3468.5021141027364,3426.387764265708,3488.6360284989573,0.005408333082424832,0.015116751214993136,0.02049285286115386,0.005408333082424832,0.05137277949250629,0.06130538454148371,0.02432370497353431,2076900.15,1.3488876679988684,0,28.51038793855787,26.61312833239481,65.75120769505303,0.018330114368424175,0.0412171965076628,0.06689774224997105,-0.002143917323950864,0.0713164056846148,0
2024-01-16,3548.0078125,3582.6489229025124,3542.7243471738425,3582.6489229025124,1432672,54.33016836213774,45.337103282500266,40.88938311044827,4.447720172051994,3595.111096073239,3471.615832519531,3348.120568965823,3471.615832519531,3329.1832080078125,3454.8676914855273,3369.428709628243,3480.7337600100077,3435.3966567275074,3486.7264391300705,-0.01088677663816362,0.015491077091911056,0.01125267413110294,-0.01088677663816362,0.0336630567581353,0.04645110857582635,0.020643881905494377,2022453.15,0.7083832819563707,0,40.7944618551237,31.745678753183256,65.62321278344234,0.018495791512139557,0.026959099256974504,0.05299981636692953,-0.013102038383372224,0.05970132777981725,0
2024-01-17,3569.41748046875,3592.7105371518787,3503.213316001241,3509.139941106088,3458696,57.171956512544355,49.05328415856775,42.52216332007217,6.531120838495582,3605.012127390139,3474.7583618164062,3344.5045962426734,3474.7583618164062,3338.9911669921876,3465.777195198215,3377.2714065239493,3494.3774093113525,3445.3241251527847,3491.2359866123797,0.006034278699534212,0.015498650742101277,0.025073340857535313,0.006034278699534212,0.0004635420800955803,0.04620192652753263,0.05223803470031907,2095166.2,1.6507979176067273,1,51.921761060885274,36.68236207720065,69.00331820146256,0.01933181494712711,0.02990390883006767,0.05689387994510241,-0.009873655250962485,0.06724849009887776,0
2024-01-18,3585.95654296875,3591.6534514181258,3548.650597652181,3581.729681421078,2239110,59.06975984633554,52.725165509805265,44.56276375801879,8.162401751786476,3619.799274441849,3480.388671875,3340.978069308151,3480.388671875,3348.5905224609373,3477.2228473668374,3385.455137364922,3508.466506797106,3455.7413412873007,3494.878857859762,0.004633546675472777,0.01548442758899744,0.0119920175413903,0.004633546675472777,-0.0003074337787164483,0.04471889507907156,0.06430658707210579,2077817.55,1.077625896460447,0,61.59548377978945,41.263283156893976,68.32072355273797,0.019052301034350086,0.031270269515297905,0.059224357573347985,-0.009349339260895125,0.07332537615588987,0
2024-01-19,3648.3662109375,3667.334143476537,3622.458790884181,3650.170432512258,2941975,62.22140022674582,59.97968805304208,47.64614861702345,12.333539436018633,3647.15728688128,3488.7972045898437,3330.4371222984073,3488.7972045898437,3359.618173828125,3493.5222153259483,3395.7653755442384,3529.9895382033205,3470.0098501502785,3506.014781726357,0.01740391084524462,0.01600962177072162,0.012300122848913467,0.01740391084524462,0.028285844829294637,0.022591894103832333,0.06223289499021312,2149038.2,1.368972873539428,0,63.40567952099991,42.80599907476062,70.26105615807185,0.019258224667094828,0.04432317474102698,0.074387010720014,0.0003314702276670244,0.09546166973411674,0
2024-01-23,3569.903564453125,3639.899768957106,3555.561957442428,3608.533376885165,2618854,57.181043529110944,58.72077308328562,49.86107351027589,8.859699573009735,3653.774341452777,3491.6056640625,3329.436986672223,3491.6056640625,3368.8725830078124,3500.7966295285364,3402.5943241289006,3536.1301576263672,3477.4093845430816,3511.2680811047526,-0.02150624195815387,0.01712639634923713,0.02362467500647953,-0.02150624195815387,0.0001361801994399503,-0.004782681343901474,0.05622949907865493,2159328.0,1.2128097259888262,0,55.73316130769035,40.45455747501501,74.0119130177335,0.020732188329874793,0.019740345480707185,0.04917108076557359,-0.022954558536394,0.07222439672037419,0
2024-01-24,3554.682861328125,3593.405063199735,3521.188315964987,3590.0279365554666,2657709,63.92621670160765,55.85107394791157,51.05907359780303,4.792000350108545,3659.537023431438,3494.9601806640626,3330.3833378966874,3494.9601806640626,3378.449248046875,3505.9286516046877,3408.5585804896546,3538.98441973433,3483.1333457864184,3514.352382999188,-0.004263617447977652,0.015535441406374887,0.020315946612397974,-0.004263617447977652,-0.008721154667070796,0.0018813512204252092,0.04841985064606069,2227951.9,1.192893347473076,0,51.06096011916043,39.129870861411746,72.85965214886882,0.02049680801106586,0.013906218456876507,0.04286981648925601,-0.028652302581432604,0.06734946121040065,0
2024-01-25,3525.537109375,3572.447997496506,3496.298646388011,3552.924816553991,2205154,63.25175670795745,50.64123744447306,50.975506367137044,-0.33426892266398056,3661.263102080314,3496.138391113281,3331.013680146248,3496.138391113281,3387.7002734375,3507.7961237732893,3413.145973779276,3536.9156027559716,3486.2743653114985,3515.8483080009446,-0.008199255205072031,0.015612912695530865,0.021599361670595098,-0.008199255205072031,-0.0336668783945725,-0.012293426401886576,0.033340520142254526,2273510.8,0.969933373529609,0,42.01892857507437,35.87456725532684,73.83583978319272,0.02094314638948225,0.005057587435448486,0.032928897990048896,-0.03707081106195161,0.058397667469264586,1
2024-01-29,3516.93212890625,3534.51216322596,3498.288130235622,3516.7471210923645,1646747,57.72433496227768,45.295911400745354,49.83958737385871,-4.543675973113359,3662.7720326711797,3497.4055297851564,3332.039026899133,3497.4055297851564,3396.8141259765625,3508.6662195002377,3417.2160190783734,3533.841222163707,3488.5453107629614,3516.4295378075803,-0.002440757309253083,0.01496498817000768,0.010299895381149681,-0.002440757309253083,-0.01483833795241185,-0.019248536125693216,0.02460958568594762,2271703.7,0.7248951524796124,0,31.443372133400317,31.760881713451454,71.1102917123878,0.020219409731544288,0.002355855156604106,0.029180511056708127,-0.0398168115471199,0.05548947671815905,1
2024-01-30,3516.515625,3560.234392322241,3503.978240197422,3522.899862568521,1411621,64.28108550516689,40.55855978535146,47.983381856157266,-7.424822070805803,3664.4305356059567,3498.9504516601564,3333.470367714356,3498.9504516601564,3404.5827001953126,3509.4137819287866,3421.1101212713784,3531.1757456769824,3490.617185891631,3517.8155109348163,-0.00011842818996321558,0.014094195827965169,0.015997697187772053,-0.00011842818996321558,-0.010737170604824264,-0.03613962478388899,-0.014364193256126478,2263534.95,0.6236356103094409,0,15.891566602838338,25.34474572713998,70.70819172466761,0.0201074584233271,0.0020236550924212057,0.027887293991333526,-0.04036504694760089,0.054911319764078655,1
2024-01-31,3530.764892578125,3547.465970822637,3512.722225277384,3526.3698838766622,2459358,64.54713736930202,37.52144741729671,45.89099496838516,-8.369547551088445,3666.485467634179,3500.394665527344,3334.303863420509,3500.394665527344,3410.917060546875,3511.4472210382473,3425.4103083814466,3531.1125375079273,3493.5910900906306,3518.8443994893205,0.0040520984683880545,0.014097354876081112,0.009840288606665979,0.0040520984683880545,0.0014828331232774605,-0.010963509564997365,-0.015693755936238674,2345207.5,1.048673944629633,0,10.650591509710921,22.81598425254606,68.32975200037897,0.019352676850280266,0.0055013418467858705,0.03075677793661451,-0.03701653156793454,0.05892115332166385,1
2024-02-01,3566.10986328125,3613.067060107317,3520.6794891794907,3534.512155183783,2363107,65.55279929178073,37.53389040534012,44.21957405577615,-6.685683650436033,3673.0768617440544,3504.8879272460936,3336.6989927481327,3504.8879272460936,3417.8737939453126,3516.653186966152,3430.9279379853606,3536.4967414730536,3498.9628510677135,3522.292280666233,0.010010570451015388,0.014199302607909497,0.02590710170741029,0.010010570451015388,0.013983134326306823,0.003214633315798965,0.005102032390535971,2396159.45,0.9862060723880457,0,10.724535361464405,22.369357495706026,72.22149837051727,0.02025217986527897,0.0140635637595428,0.03940098064993699,-0.029121905826935038,0.06875384055670321,1
2024-02-02,3669.87841796875,3686.625578034216,3582.625887966643,3585.44799124433,2826510,70.49453886692184,45.39373596471478,44.454406437563875,0.9393295271509032,3693.5115114780847,3518.771105957031,3344.0307004359775,3518.771105957031,3426.59072265625,3531.246066109257,3440.298545043533,3557.0169993954682,3511.6232634307535,3533.398757320567,0.029098529957240382,0.01579447914145608,0.028338729032101252,0.029098529957240382,0.043612146034115895,0.04094165062393529,0.02814491105333161,2447331.2,1.1549356294726272,0,23.449942335967535,27.15257126425695,76.4979785110379,0.020844826394379286,0.03925876284578461,0.0667325436787963,-0.006398543347135013,0.09744160467494817,1
2024-02-05,3676.355224609375,3721.4155819266502,3665.992302479133,3685.330249332136,1691523,62.055126215497324,51.55109542598757,45.873744235248616,5.677351190738953,3707.51832885745,3534.1244140625,3360.73049926755,3534.1244140625,3435.609931640625,3545.0659859664106,3449.5556697323896,3575.3767263514537,3523.825630925466,3550.655413128875,0.0017648559170007072,0.012279793636931501,0.015075605065722756,0.0017648559170007072,0.041234785226648585,0.04533015988361,0.025209084537813675,2352000.15,0.7191849031132077,0,36.39976646617288,32.33965065401617,69.3188254925832,0.01885531219305625,0.03703435681104085,0.06574746912102455,-0.008405381034941088,0.09391551194319613,1
2024-02-06,3826.89599609375,3839.757089088284,3691.807307643632,3698.2841625693222,4474396,70.61724705454708,67.79671101490067,50.25833759117903,17.538373423721637,3764.4667328832475,3553.7382202148438,3343.00970754644,3553.7382202148438,3447.273330078125,3571.9069393118716,3464.353329589698,3614.071998619499,3546.2752876045984,3577.163149646629,0.040948374758962736,0.016077374073433987,0.03866051797479456,0.040948374758962736,0.07312902372910779,0.08826361210715516,0.048934173499642686,2477563.6,1.805966151585372,1,62.49315738308496,43.24320831831983,75.59538332345326,0.01975370728669297,0.07138737405935947,0.1046494488329196,0.016583826512576793,0.1447457024892854,0
2024-02-07,3778.22705078125,3844.4761158429774,3769.4833416173137,3842.625585823318,2124267,69.46858403315889,75.86972233724146,55.38061454039152,20.489107796849936,3790.4060216936164,3573.656774902344,3356.9075281110713,3573.656774902344,3458.365810546875,3591.5564737375266,3476.662102969759,3639.3266220289993,3563.456899691758,3590.2115514202083,-0.012717603342807915,0.01622116976974951,0.019848667964556782,-0.012717603342807915,0.02952376631389053,0.07008740761054488,0.05835549408182361,2530386.7,0.8395029107606359,0,80.1092526992793,51.25179458831235,77.78522583971264,0.020587758436494293,0.05197484110544029,0.08673979204188258,-0.0032131045705031357,0.1255082301618403,0
2024-02-08,3825.137939453125,3847.251681511797,3780.6789132023487,3784.333664594337,2345173,70.73096969536233,85.07229814096581,61.31895126050638,23.753346880459432,3821.7611703002854,3595.387939453125,3369.0147086059646,3595.387939453125,3471.33650390625,3613.8023276152026,3490.327822047538,3667.912978555788,3582.840680414822,3605.4111988995455,0.012416111589210743,0.01635306159024274,0.01740401767549489,0.012416111589210743,0.040470168347118474,0.07263603369009441,0.07608416521972106,2579098.15,0.9092996325091389,0,97.14914064905042,59.399884062177534,76.32289795256328,0.0199529792547756,0.05848012499825515,0.09592512064072438,0.0008835636248233485,0.1353877232064373,0
2024-02-09,3824.76806640625,3872.002663387047,3793.586455555742,3827.40471019372,2100596,69.88139924179417,91.28330300748394,67.3118216099019,23.97148139758204,3847.185644790902,3616.0370239257813,3384.8884030606605,3616.0370239257813,3484.0599755859375,3633.8943027381597,3503.44312574788,3692.044530532782,3600.761227525298,3619.263572869281,-9.669534869838348e-05,0.016411696382762145,0.020502212544611896,-9.669534869838348e-05,-0.0005560458631935772,0.04220566209472154,0.08487528219049079,2619516.6,0.8019021524811104,0,102.64823662890285,63.144580704346936,78.85242324294619,0.020616262705057533,0.05252595363719464,0.09171689938302531,-0.005827007182511621,0.1299539633117135,0
2024-02-12,3812.739990234375,3848.732711435239,3798.72186286143,3821.344774749816,1013716,64.937401687481,94.14970469822492,72.67939822756651,21.470306470658414,3865.177806912581,3635.050988769531,3404.924170626481,3635.050988769531,3495.741640625,3650.927225356847,3515.5724145512722,3710.613062794566,3616.463358096341,3629.545719559178,-0.0031447857655788614,0.016108000333135156,0.013116773947843871,-0.0031447857655788614,0.009134691745428247,0.03709782033902642,0.08410963034993801,2581306.95,0.39271424113277187,0,105.86123939043637,66.01674481888267,76.61194096194774,0.020093670472724336,0.04432100529248764,0.08452893032528623,-0.013566728181152522,0.1197723647199047,0
2024-02-13,3839.38671875,3858.3546492800338,3776.468705284522,3817.134278526908,1257415,77.03521622480855,97.44819485377593,77.6331575528084,19.815037300967532,3893.6192417782854,3648.6321411132812,3403.645040448277,3648.6321411132812,3508.436806640625,3668.875748537147,3528.2710147159282,3730.4243944800173,3632.9761996262414,3645.765596889642,0.006988865903228447,0.014451391640580678,0.02132787082781064,0.006988865903228447,0.003725036723489339,0.003263930524634029,0.09181562892955997,2303505.2,0.5458702676251826,0,96.96880922527544,63.917685126230026,75.83206171197915,0.019751087157135347,0.04647499176848358,0.08817794969163406,-0.0139285635447796,0.12802206843647054,0
2024-02-14,3793.678955078125,3807.372695778341,3746.860457716769,3800.0631929479614,1391283,72.5945532735199,95.27575790377296,81.16167762300131,14.114080280771645,3910.3598569247047,3658.9631225585936,3407.5663881924825,3658.9631225585936,3519.77583984375,3680.761768207716,3538.679169239936,3740.155865341265,3644.880107437492,3652.897530854086,-0.011904964782176508,0.014975466960080834,0.01595080626961645,-0.011904964782176508,-0.008128365116093494,0.004089723589713934,0.0744637693245056,2232994.1,0.623057176908797,0,89.20529447018953,62.01706627017711,77.28274126901364,0.020371450031522798,0.03067766782564467,0.0720607248192437,-0.029838916651099,0.11331035786230213,0
2024-02-15,3796.54736328125,3836.425921611901,3777.8568303798697,3819.493753565541,1091582,76.96069287789145,92.71676142748083,83.47269438389722,9.244067043583613,3924.2604674640797,3671.390100097656,3418.5197327312326,3671.390100097656,3531.1575439453127,3691.788967738529,3548.7916474376348,3748.831480408955,3656.114718981474,3659.6839898423354,0.0007561019888848719,0.014564917653092901,0.015426935483141559,0.0007561019888848719,-0.004246979073999069,-0.007474390891106686,0.06461873269040841,2215939.6,0.49260458182163447,0,77.98664012332665,58.463825390096645,76.02700842069478,0.020025302240661833,0.028376051951553558,0.06981410588657817,-0.03254450239521435,0.1105822578499471,0
2024-02-16,3819.771240234375,3837.953058542125,3793.6790388446657,3805.8461829865514,1307556,79.27557623437662,91.50786535339921,85.07972857779762,6.428136775601587,3940.2857800513348,3683.9077880859377,3427.5297961205406,3683.9077880859377,3542.651796875,3703.9777555952764,3559.418298135546,3759.7452896128657,3668.2374242594665,3673.1434032889456,0.006117104498086112,0.014389016336353548,0.011590751621749624,0.006117104498086112,-0.005109013483802216,-0.0013064390010372184,0.04084408397065897,2108382.6,0.6201701721499694,0,70.08345285711675,55.975172387666134,76.60200747120341,0.02005408247078776,0.03126192765714627,0.07314480072072563,-0.030585228215449307,0.11443852203933982,0
2024-02-19,3797.1025390625,3819.771532832802,3751.9497852480954,3814.913891310595,772291,76.00561890297436,87.70957044001261,85.60569695024063,2.103873489771985,3951.249014578665,3694.465087890625,3437.681161202585,3694.465087890625,3552.3603271484376,3712.846782592155,3568.739248760133,3765.4925587589632,3677.7829883189506,3680.7294281435493,-0.005934570356753599,0.014661024212057812,0.017861447481861244,-0.005934570356753599,0.0009024443093141876,-0.004101368362890545,0.032844300149465155,2035041.65,0.3794964098154945,0,61.91955723530782,53.166834208860564,77.42812143262397,0.020391369639372676,0.022693033514170857,0.06398990634625552,-0.039012088316231375,0.10455343616979904,0
2024-02-20,3729.41943359375,3791.736124236517,3710.312800924459,3777.0245004960025,1193648,66.75257530319544,78.33493700392637,84.15154496097777,-5.816607957051403,3954.7962354430915,3698.5177490234373,3442.239262603783,3698.5177490234373,3560.5167236328125,3714.425130306592,3575.040432479098,3759.942847195084,3681.6079101911578,3685.2818516235334,-0.01782493487401604,0.015947739055334084,0.021832707412476886,-0.01782493487401604,-0.017681309691204072,-0.028641888200324983,-0.025471442808871148,1947625.3,0.6128735337336191,0,45.54938176944506,46.76941776316971,81.14569233210884,0.02175826392740038,0.004036776287349813,0.043182448990541494,-0.056988220993411186,0.08342830032469553,0
2024-02-21,3693.1953125,3759.6756942779607,3683.1100141804095,3713.088510350119,1885939,60.70127253664453,67.20775941542342,80.7627878518669,-13.555028436443479,3953.7650005559613,3704.682336425781,3455.599672295601,3704.682336425781,3567.731787109375,3712.4032428964406,3579.6739571858,3749.6739957035325,3682.466236288109,3693.234631670487,-0.009713072433594205,0.016247539395772927,0.02073155455342607,-0.009713072433594205,-0.03313704402010431,-0.02648712338813486,-0.02250572481176516,1910979.55,0.9868964845803818,0,31.64147468872443,40.99478794586412,80.01555727280346,0.021665671729297002,-0.0051739881526055445,0.031712763975701816,-0.06590419208509385,0.06875670295643968,1
2024-02-22,3781.650634765625,3788.913829407519,3674.227278961376,3674.227278961376,2982052,59.6609644441462,64.78024986823675,77.56628025514088,-12.78603038690413,3956.883981303781,3716.030725097656,3475.177468891531,3716.030725097656,3576.4182373046874,3718.998232598268,3587.5946112085385,3754.5934786361618,3689.813228767925,3706.9254830760033,0.023950892054432904,0.015649597119057813,0.030327114142116116,0.023950892054432904,-0.004069393475133798,-0.003923756795371602,-0.01136881999442807,1927196.7,1.5473521721991326,1,27.209264859738596,38.802963770903716,79.5991883937447,0.02104879484687723,0.016846580247924795,0.05409084486603007,-0.04428569231903973,0.08818921295891369,0
2024-02-23,3749.266357421875,3821.344409805824,3743.99216626153,3821.344409805824,2538072,56.03188632478356,59.55675730249868,73.96437566461245,-14.407618362113766,3950.9947712381545,3727.2171875,3503.4396037618453,3727.2171875,3583.9203857421876,3721.8809111528967,3593.934679687493,3753.773921526272,3694.217164223773,3721.0979529993015,-0.008563529651849255,0.01591579253300733,0.020631301212081347,-0.008563529651849255,0.005321719420816162,-0.018457880951052386,-0.019740205856538684,1943842.6,1.3056983111698446,0,17.903155557620266,34.51638155194678,81.16554297208586,0.021648380038781265,0.007357958764052802,0.04322050665313951,-0.05105762611603312,0.07016725888354727,0
2024-02-26,3702.03125,3747.3229226141257,3685.098856800348,3734.36921374583,1379284,37.540318572756625,51.0175251298474,69.37500555765943,-18.357480427812035,3937.817290802421,3736.4721435546876,3535.126996306954,3736.4721435546876,3591.9213720703124,3719.990467233573,3598.1737608762187,3745.81351052223,3694.7959853923826,3729.4776138834723,-0.012598493390145626,0.011545800118717049,0.01680808767180924,-0.012598493390145626,0.002392491258204954,-0.02503785138390624,-0.029036530295256102,1930469.45,0.7144811330736158,0,7.143684641418076,29.434512116085898,74.07737412512999,0.020009926746331487,-0.004827758939642798,0.028863944885888497,-0.059877344069047544,0.04721308565927225,0
2024-02-27,3797.65771484375,3815.792999866402,3700.1348706269982,3700.1348706269982,2960475,51.77276497699959,51.37416919715952,65.77483828555945,-14.400669088399937,3924.6285148709244,3750.529248046875,3576.429981222826,3750.529248046875,3600.480478515625,3727.3873479583517,3605.996661031808,3753.78954195631,3702.4153727591506,3739.6736120966843,0.025830809732832583,0.013330212070968694,0.030455122057824146,0.025830809732832583,0.004232828895130547,0.018297293309335272,-0.01086866392032415,2007912.15,1.4744046446454344,0,12.962217651759602,30.956228552709945,76.98204234039716,0.020270927008376922,0.01885244551358161,0.053150646500349466,-0.03235231042786996,0.06185714099882462,0
2024-02-28,3811.12060546875,3844.383612480411,3783.408736890397,3789.515576493475,1939225,48.63799550134054,52.14209335448777,63.04828929934512,-10.906195944857352,3906.2807419268447,3764.5470336914063,3622.813325455968,3764.5470336914063,3605.748251953125,3735.361943911723,3614.0407372842374,3762.6097055736086,3710.467612219121,3756.24910584269,0.0035450510909338373,0.01292217168985818,0.015999198635309124,0.0035450510909338373,0.0164976937219814,0.03193042419652703,0.004597555722863245,1981905.5,0.9784649167177749,0,22.95870101528226,34.366780098437175,76.4070598303591,0.02004844971862584,0.020281478125702496,0.05453172294139879,-0.024360803215376484,0.051978190178783676,0
2024-02-29,3789.052978515625,3828.839375475597,3760.786086194176,3792.6614218354753,3772719,46.67012350377604,50.389150947535654,60.51646162898323,-10.127310681447575,3882.4730148112776,3775.694189453125,3668.9153640949726,3775.694189453125,3610.607734375,3740.475375778761,3620.903962430566,3766.677901410842,3716.2887504633063,3770.53401804714,-0.005790325008728225,0.013008480397930284,0.017960500860582155,-0.005790325008728225,0.023506481344701013,0.0019574372317603395,-0.0019740000712510364,2052386.1,1.838211143604997,1,21.477143180493385,33.309351222027544,75.66685136251024,0.019969858376631355,0.012987013108394018,0.04643840815158968,-0.024061992430923218,0.032744722213096704,0
2024-03-01,3788.35888671875,3830.597144097078,3781.373090709376,3800.248632463533,2043265,47.67776228043209,48.386158537238316,58.09040101063425,-9.704242473395936,3876.1193343836667,3781.618212890625,3687.117091397583,3781.618212890625,3616.24357421875,3745.035710153998,3627.4708222065733,3770.0134376120586,3721.6272790748203,3780.7505440190716,-0.0001831834500100049,0.012987835461604704,0.012993503218576256,-0.0001831834500100049,-0.00244856930856463,0.010426714340924015,-0.008223621662143743,2013223.85,1.0149219124341289,0,23.15479900110131,33.536142519080386,75.61065170635977,0.019958682365452764,0.011568161138567755,0.044352683287555504,-0.022641317279998366,0.027458253375618146,0
2024-03-04,3775.728759765625,3810.148571852321,3771.287442681426,3798.212743964883,1749271,43.770406498160106,45.25792178034817,55.52390516457704,-10.265983384228868,3867.2164236237263,3786.5868896484376,3705.957355673149,3786.5868896484376,3622.291142578125,3747.958857736058,3633.284858973595,3770.8927179433763,3725.634796163028,3784.8604103868524,-0.0033339309528999106,0.012829347754304547,0.010292351925541158,-0.0033339309528999106,-0.009286466991451192,0.019907317034567162,-0.0056289707947029255,2016111.25,0.8676460686383254,0,27.968390502484908,35.11109809737627,72.53745064745856,0.019211509952839212,0.007409340145836483,0.039205266396940455,-0.023657239170590292,0.018826823246001136,1
2024-03-05,3712.25537109375,3760.276528728221,3682.554277642303,3758.425998940461,2070859,42.2996058728865,37.22786001944041,51.864696135549714,-14.6368361161093,3865.6127864564946,3780.8548583984375,3696.0969303403804,3780.8548583984375,3626.9323388671874,3744.5585256748855,3636.3817418018366,3761.8715876588185,3724.643727639378,3781.0761459028054,-0.016810897368542688,0.013208071148468762,0.020936666073977112,-0.016810897368542688,-0.020268285467985425,-0.0224881624839941,-0.004602341679616373,1895934.4,1.0922630023486046,0,17.171177716533748,30.385080770028708,72.58375215389363,0.01955246740811048,-0.008626692401693316,0.02086514416781716,-0.039672213393965754,0.00437175784561515,1
2024-03-06,3760.554443359375,3767.678938412685,3662.615056431973,3695.5545795520334,1744204,46.86542817765898,34.36516941861419,48.364790792162616,-13.999621373548429,3865.2116195853014,3779.971228027344,3694.7308364693863,3779.971228027344,3631.868740234375,3746.0819464067417,3641.2512595099756,3761.6689500742887,3727.3037806556745,3777.7925784814925,0.013010708433939033,0.013761295033084568,0.02793840205298469,0.013010708433939033,-0.0073394428011696045,-0.013268056129426942,0.018238713406624196,1876931.25,0.9292849698144244,0,10.720002495018889,27.21052222573826,75.90480863594227,0.02018447273645507,0.003863369023871821,0.03276433713213592,-0.027076700198152424,0.017815535096702327,1
2024-03-07,3801.5439453125,3815.792936239284,3735.942519964922,3761.202300148567,2688905,48.46025630290748,35.000512614585205,45.69193515664713,-10.691422542061929,3862.0294968311473,3778.7915283203124,3695.5535598094775,3778.7915283203124,3638.1477685546874,3751.3640415406235,3647.537247188506,3767.803564726321,3732.8030521117357,3775.793565765157,0.01089985601072918,0.01399801080014225,0.02100473318816195,0.01089985601072918,0.0068371398448858756,0.0032965933355115773,0.005260483441804853,1894117.85,1.419608077712799,0,10.888665761862285,26.633284757940146,78.44597982000674,0.0206352947508958,0.0133764420664619,0.04222210430961357,-0.015661597501592517,0.028680516677043306,1
2024-03-11,3814.26611328125,3842.62539405937,3783.408436385448,3783.408436385448,2304068,51.47466748557678,36.11429618027978,43.77640736137367,-7.662111181093891,3860.40847289184,3778.2664306640627,3696.1243884362852,3778.2664306640627,3644.3936328125,3757.3547150397308,3654.075634094104,3774.951649119387,3738.8373529391074,3775.074364435143,0.0033465792193292376,0.013927739053031822,0.015525124864185265,0.0033465792193292376,0.02747945170524302,0.0068386410414613685,0.017336659939005017,1904291.45,1.2099345402196706,0,12.319004885732738,26.60481188753056,77.8313519692364,0.020405328222440518,0.015146666353782744,0.04383885152581402,-0.011952714313681107,0.031963676659417524,0
2024-03-12,3878.941650390625,3913.824316697625,3813.062610945553,3814.265726349976,4039801,62.9134534652814,41.73466180679634,43.368058250458205,-1.6333964436618658,3874.2305814367933,3781.576513671875,3688.922445906957,3781.576513671875,3652.1406787109377,3768.934423168387,3662.893909242987,3790.9501108534237,3749.2154490466273,3783.1561058810757,0.016956220459861227,0.013520620752159639,0.025976597441708067,0.016956220459861227,0.031481317134048004,0.027335885915546143,0.047787387097455,2055595.7,1.9652702133984812,1,20.975565432329404,29.6090502693919,78.82934965595291,0.020322386042598624,0.029187885718043163,0.05898280062178729,0.001216001178764271,0.05151076154894605,0
2024-03-13,3838.92431640625,3924.048692667849,3823.102195243199,3890.7391541307015,2837260,62.50392773141775,42.470207529025174,43.188488106171604,-0.7182805771464302,3874.146933485168,3781.5533935546873,3688.9598536242065,3781.5533935546873,3659.2068212890626,3775.600127286279,3669.7970624650757,3798.3307578615504,3755.8605503325252,3787.172986520556,-0.010316559925655278,0.013564803611774732,0.026295516427151076,-0.010316559925655278,0.00983294462236639,0.034121829629188305,0.010866329896241922,2134587.95,1.329183929854003,0,31.041601611393617,33.41532066323907,80.57083660788855,0.02098786794612135,0.016771953327982675,0.04608626882151576,-0.009091709138463673,0.04065223497477518,0
2024-03-14,3893.14501953125,3909.244539822552,3780.63270762484,3843.0420112308407,2919608,60.163603660384865,46.88779707602498,43.92834990014229,2.959447175882694,3891.6936458801047,3786.5266967773437,3681.3597476745826,3786.5266967773437,3667.032109375,3786.7948789286575,3678.555805879436,3812.9175673491964,3766.0297702731714,3792.1905693970366,0.0141239312515955,0.012609725755569604,0.03303545887771663,0.0141239312515955,0.020679969332853876,0.03525825198622279,0.02152238739041734,2211004.2,1.3204895766367155,0,40.71293252191572,37.30454636946024,81.56549959014349,0.02095105606930725,0.02808447354631488,0.05833517961283507,0.00037294139344236696,0.05752908880759249,0
2024-03-15,3903.924560546875,3922.198545276578,3864.832112201054,3879.2663373328105,3373143,64.67641820146457,50.674444043427684,45.277568728799366,5.396875314628318,3909.450261180886,3791.895556640625,3674.3408521003635,3791.895556640625,3675.5857080078126,3797.950086701821,3687.393796258551,3826.918643225762,3776.2441991823343,3799.524106916628,0.002768851651183235,0.012226928980194028,0.014694554719440594,0.002768851651183235,0.006440651189927982,0.026931324931970257,0.030316699893769172,2325082.25,1.4507628708618803,0,46.58604516119749,39.85654907004482,80.13794169951709,0.020527533372287063,0.027903071769193093,0.05872189851488848,-0.001413421392997102,0.0624829643431895,0
2024-03-18,3842.162841796875,3936.771186305901,3810.102500494757,3900.223219478453,1526904,62.94111307564695,48.1368429461686,45.84942357227321,2.287419373895389,3912.1041725727237,3793.01513671875,3673.9261008647763,3793.01513671875,3684.58466796875,3802.1608252823025,3693.463170593387,3829.263904544395,3781.127061598226,3801.1061298538207,-0.015820418092645783,0.012567880819464347,0.03296806799367848,-0.015820418092645783,0.0008436023020261807,0.007313786633420527,0.01420244403632176,2336049.65,0.6536265185973252,0,44.806110242571776,39.387536499283215,84.60231207020404,0.022019449865544438,0.010520863885762222,0.04026022849974649,-0.017878187208356728,0.04579208626229546,0
2024-03-19,3680.05615234375,3754.7249850086127,3670.155863037833,3748.479446899,8931209,40.327234172436505,32.66853816491903,43.213246490802376,-10.544708325883349,3916.4714853455425,3787.1628173828126,3657.8541494200826,3787.1628173828126,3690.800009765625,3790.5318088119643,3692.937405171833,3806.3088657442954,3773.6403275793764,3785.0816460710193,-0.04219151975799962,0.015707002528196377,0.022980389013064203,-0.04219151975799962,-0.05473437699301442,-0.05127313478068085,-0.025338845428031664,2743995.55,3.25481905391574,1,21.597385643577127,30.043495928845914,88.62722989303532,0.024083118904745654,-0.029145160109562515,-0.003488077758925192,-0.06036436978703908,0.0060696796582737625,0
2024-03-20,3674.134521484375,3717.714591246892,3664.234231639351,3688.106112670511,1817913,38.591321682049845,19.704824114874555,38.51156201561682,-18.806737900742263,3921.059312973891,3784.398571777344,3647.737830580797,3784.398571777344,3695.590302734375,3779.4463528760034,3692.2000371840895,3785.974351242769,3766.2695271278944,3782.7028215538057,-0.0016091142673471115,0.015623982048343924,0.014555906784255236,-0.0016091142673471115,-0.058861290862216364,-0.042926033789626894,-0.010268918972065055,2775208.8,0.6550544953590519,0,3.8462255897243267,22.402974719013855,88.09190732285866,0.023976233534113753,-0.02786435407701724,-0.004892886495254048,-0.06297400059022266,0.007236455066008707,0
2024-03-21,3676.031494140625,3708.8320928330704,3652.946177836041,3691.853615815909,3829582,40.25993371631323,9.474837146650316,32.70421704182352,-23.229379895173203,3922.803411473752,3783.540380859375,3644.277350244998,3783.540380859375,3701.5138134765625,3769.5973187107293,3691.565976672581,3769.060065534747,3759.5852283880968,3778.1290772977327,0.0005163046277041339,0.015612618798753992,0.015202784602392076,0.0005163046277041339,-0.04323901783885742,-0.05576815769805732,-0.022476193468759953,2872390.95,1.3332384298175008,0,-17.197560217928185,13.010170793145335,87.22280915968781,0.02372743794461929,-0.02482117230550914,-0.004208101014615568,-0.06290703138764164,0.00871342679049718,0
2024-03-22,3618.618896484375,3643.693669023736,3566.8966719366435,3605.757802992762,5852485,36.67466404678678,-3.228007580481517,25.517772117362515,-28.745779697844032,3932.9952111532516,3775.3887939453125,3617.7823767373734,3775.3887939453125,3706.0758984375,3755.2184213558385,3688.705306861279,3745.9152702962283,3749.14327787671,3763.2669742624535,-0.015618091887341645,0.01601085398021988,0.021222736984462184,-0.015618091887341645,-0.01669465174335638,-0.0730817564831564,-0.048118620081633146,3015912.6,1.9405353457523935,1,-42.73166534598249,1.311510602728049,91.50214978942206,0.025286484265673807,-0.03637591999832159,-0.01900027368587506,-0.07993305300178427,0.0002312244518577156,0
2024-03-26,3587.71484375,3651.7431331132784,3582.1169456233524,3585.4016813749195,3440925,35.65175559440026,-15.608872954276194,17.292443103034774,-32.901316057310964,3945.738944070911,3767.3112182617188,3588.8834924525263,3767.3112182617188,3709.5944677734374,3739.265699679092,3684.74489654319,3721.57674313527,3737.1856160895463,3754.1520356641226,-0.008540289435950088,0.016075825914626463,0.019406834300451363,-0.008540289435950088,-0.02352109788823431,-0.06622519880700228,-0.05939576914741207,3061055.25,1.1240976457383447,0,-62.895125603210545,-8.718274050197124,93.69965395506713,0.026116806389531535,-0.04052957668723521,-0.026332909201995998,-0.09073689501402477,-0.00032563015906868605,0
2024-03-27,3553.85009765625,3603.907022394527,3543.209550606818,3597.892800149196,1968575,37.339170696830706,-27.832563485903847,8.267441785247051,-36.1000052711509,3960.6530911195264,3759.9021606445312,3559.151230169536,3759.9021606445312,3712.022255859375,3721.6070709150117,3679.611767175075,3695.7726438308055,3723.6052073167093,3749.143269445795,-0.009439085202867847,0.015723889051556278,0.017079356224883685,-0.009439085202867847,-0.033237309495069534,-0.034294600262314456,-0.08380934338149604,3090519.8,0.6369721365318547,0,-68.92473789695259,-13.325637996757905,91.37986750252334,0.0257129211957443,-0.04507648713638009,-0.03417797242652452,-0.10271108933407964,-0.0014894372760422452,1
2024-03-28,3586.6044921875,3622.4121997880634,3553.479962525173,3562.362596208228,4311783,35.74245209357127,-34.47946261803827,-0.2819390954100127,-34.19752352262826,3963.486137293011,3749.349499511719,3535.212861730427,3749.349499511719,3712.399072265625,3708.749682464773,3675.964423057915,3678.9775435779893,3713.4570061960276,3737.0748856628907,0.009216594293848024,0.015457262279063773,0.01921935842467202,0.009216594293848024,-0.008847133454141343,-0.023823305539044992,-0.0657266993101222,3158085.2,1.365315603264915,0,-70.69667041123057,-16.23561412617437,88.79903573696463,0.024758524652046414,-0.03293433117225026,-0.024309248019348223,-0.09508842267905955,0.014537068195638344,1
2024-04-01,3624.03173828125,3639.344919419497,3597.4766775972653,3606.405394611388,1569676,35.36501613070743,-36.30856951330816,-7.4872651789896425,-28.821304334318516,3959.0589174630527,3739.9950561523438,3520.931194841635,3739.9950561523438,3713.1385205078127,3700.6813068282468,3673.9278471843204,3670.5243427631062,3706.8329122764144,3731.811445274273,0.010435286682787481,0.015424979622861986,0.011552945682006682,0.010435286682787481,0.01012256996804406,-0.014145623056347478,-0.06912490541706107,3139607.75,0.4999592703897485,0,-68.91601188248251,-17.6381294882608,86.8626079482243,0.02396850089106012,-0.020712285709544392,-0.013581134681594394,-0.08462293342087635,0.029282180688638103,0
2024-04-02,3593.544189453125,3617.6473874613553,3583.551282448597,3599.2807871740365,2142666,32.320485097086305,-39.75991277636649,-13.941794698465014,-25.818118077901477,3957.365581877196,3730.219616699219,3503.073651521242,3730.219616699219,3714.049248046875,3690.4777718401397,3670.7755468811365,3658.6812422538783,3698.4411550302448,3723.3646213610664,-0.008412605360510472,0.015355336922586142,0.009488155207003954,-0.008412605360510472,0.01116932079466526,-0.006929358340446168,-0.07950470514478147,3058105.1,0.7006515243704344,0,-64.7406495156988,-17.929759980142535,85.52428638813366,0.023799425269109872,-0.02626586268224068,-0.021039520515938628,-0.09193524957365459,0.025826045048352127,0
2024-04-03,3652.29833984375,3683.479723117209,3563.1952810159187,3563.1952810159187,3973090,31.672336082160783,-37.323911452429456,-18.618218049257905,-18.70569340317155,3951.3794451278864,3723.4165893554687,3495.453733583051,3723.4165893554687,3715.706865234375,3686.841635459531,3670.050950526729,3657.6992572677045,3695.023168720134,3715.188097865298,0.016349917322031393,0.015291992194083412,0.032933903780279904,0.016349917322031393,0.018316446042307533,0.018001290210190035,-0.0494160476197647,3154596.35,1.259460659681547,0,-52.42406421956093,-14.693946016460814,86.91876755593496,0.023798375561962844,-0.009369346186054872,-0.004837156465206912,-0.0756903024468855,0.04487102911813507,0
2024-04-04,3704.113525390625,3727.568858273152,3641.1491951647313,3678.761128130228,3394637,39.30255075808268,-30.856614571503542,-21.065897353707033,-9.790717217796509,3946.5854740345317,3719.835827636719,3493.086181238906,3719.835827636719,3718.0700048828126,3688.4865773577303,3671.3867377762936,3664.8399139020003,3695.696528473504,3712.0109093621136,0.014187007940071883,0.015924935103978386,0.023330727450991656,0.014187007940071883,0.02209742984959484,0.042281869973489705,0.006537229882091156,3236864.65,1.0487423377434086,0,-33.12049355728141,-8.225029398781317,85.88113653334712,0.023185341362962235,0.004236682906431815,0.00891401259300555,-0.0614384130887786,0.060412865071904104,0
2024-04-05,3681.860595703125,3702.910373563839,3664.511877686053,3680.704014501987,1636819,32.33819555188025,-27.21316423164444,-22.295350729294515,-4.917813502349926,3945.6862359484053,3718.3160888671873,3490.9459417859694,3718.3160888671873,3718.739892578125,3687.855531485863,3671.797477302836,3667.4584803329426,3694.671644564587,3711.070309665381,-0.006007626260632337,0.0152078583732107,0.01042910096123643,-0.006007626260632337,0.024576407466813555,0.02655885356835852,0.0021028283459878505,3215162.65,0.5090936845761131,0,-20.894150978909693,-4.166945755079269,79.52326621240854,0.02159866299805465,-0.0016255885653749394,0.0027406518095004252,-0.06686432333154484,0.054688516264873366,0
2024-04-08,3675.661376953125,3731.2696657380807,3664.0492564790175,3685.330350645436,2302538,30.771654372417444,-24.543012165012442,-22.744883016438102,-1.7981291485743398,3941.2910729463747,3714.071435546875,3486.851798147375,3714.071435546875,3720.855048828125,3686.694183435126,3671.949002779318,3668.720464428355,3693.2634765933676,3709.8172826410887,-0.0016837190297848137,0.015104572619895035,0.018287976602127696,-0.0016837190297848137,0.006396804131388212,0.014246464269753067,-0.0001006839000400328,3243079.35,0.7099850948759548,0,-13.987123393120783,-1.9788444050022918,80.22712165408991,0.021826581239807453,-0.002992601483348699,0.0010110091864012755,-0.06739661980729426,0.0541490116976201,0
2024-04-09,3651.6044921875,3715.725399430203,3631.711295443335,3686.2556199419873,1876992,32.85896435271056,-24.09038796687446,-23.013984006525373,-1.0764039603490865,3931.5250840278477,3706.574462890625,3481.6238417534023,3706.574462890625,3722.7934814453124,3683.3523080782093,3671.1511788345406,3666.087237929762,3690.1776258966365,3705.4111670838197,-0.006544913227443883,0.01475440641889947,0.023007448962945966,-0.006544913227443883,-0.014175870378483446,0.01615683561225678,0.009115520768205654,3202483.7,0.586105090870564,0,-7.125463761930405,0.3756319534040813,77.18036580949875,0.021136014586087805,-0.008619272129109392,-0.005324402536112926,-0.07119898407301246,0.04882223300392287,0
2024-04-10,3686.85693359375,3691.992199302218,3625.188114349464,3660.718198466039,2101965,50.79263184731935,-20.649072964793504,-22.541001798179,1.8919288333854958,3919.4576895654304,3700.20400390625,3480.9503182470694,3700.20400390625,3726.0198779296875,3683.6860819368326,3671.7670907858824,3669.2825757242217,3689.931648689015,3700.281743449565,0.00965395937092084,0.010063379169871704,0.01811952190063345,0.00965395937092084,0.0013570144118046912,0.009462149729936531,0.02763377084342733,3192378.55,0.6584322526537463,0,-3.155553522698483,1.716140259153235,69.66587339476392,0.018895735486773382,0.0008607822671062757,0.00410969498739036,-0.05934513761710489,0.05915241428966176,0
2024-04-12,3702.355712890625,3713.412811647357,3650.6334837099857,3674.2277439646064,4354821,53.21735771081467,-16.48119906808688,-21.329041252160575,4.847842184073695,3893.906681178301,3691.37470703125,3488.8427328841994,3691.37470703125,3729.728349609375,3685.4641420276703,3672.9666445939115,3674.3707506728992,3690.851949740986,3688.9042607879855,0.004203791895382114,0.010103772373692296,0.016956590021534212,0.004203791895382114,0.007262457881696438,-0.00047455686440245337,0.04178724795745148,3208129.55,1.3574330251096,0,-3.022435330060034,1.579906817617939,70.33008541832325,0.018996036813386803,0.004583295403780895,0.008001452542448231,-0.0491924907223797,0.06119879752502229,0
2024-04-15,3646.654296875,3760.4618895048175,3626.1597679097335,3702.355203536005,4200329,47.01682620196896,-17.471368670852826,-20.557506735899025,3.0861380650461996,3872.726533554532,3681.7612060546876,3490.795878554843,3681.7612060546876,3732.331123046875,3681.7679662988444,3671.934787820621,3670.106680857838,3687.578049528691,3680.6936762936043,-0.015044858013423035,0.010934748503021246,0.03682886028164888,-0.015044858013423035,-0.001355621980170807,-0.009562094466371684,0.016742800835247706,3276283.0,1.2820409592211661,0,-6.087565187018754,0.13731051778495384,75.93124303247,0.020822166526050814,-0.00953717609182823,-0.006884787559265289,-0.05837547131737046,0.044648390723057936,0
2024-04-16,3583.365966796875,3635.088184592879,3574.159626177411,3610.383656825331,3051420,46.46237717199889,-23.09668037531128,-21.06534146378148,-2.031338911529801,3833.869638080324,3666.272253417969,3498.6748687556137,3666.272253417969,3733.38314453125,3672.396347298657,3668.4615007216503,3656.7619556176896,3679.858635993001,3668.8109681773385,-0.0173551768075082,0.011127434793507189,0.01700316377953742,-0.0173551768075082,-0.02807024212246756,-0.025109878384051987,-0.011221141099515108,3282873.6,0.9294966458653784,0,-14.297836136468959,-3.4875020576678253,73.31408935344196,0.02045955954060045,-0.024243129575943247,-0.023196518188356482,-0.06533964243209894,0.024206621426181185,0
2024-04-18,3573.373291015625,3641.8428983525378,3562.270111447477,3587.067257661961,3476284,48.49778207853994,-28.03790236704799,-22.459853644434784,-5.578048722613207,3779.611493717385,3649.7446899414062,3519.8778861654273,3649.7446899414062,3733.5284130859377,3662.9655800336063,3664.732551321414,3643.932930294295,3671.970832661343,3653.0726970764968,-0.0027886283103208953,0.01091757358170733,0.022268254790264144,-0.0027886283103208953,-0.03483793343408825,-0.021423788183865033,-0.00561309319548664,3288030.65,1.0572541347812558,0,-20.386728044602933,-6.4186275131264665,74.02456074023728,0.020715596919682017,-0.024458949193063222,-0.024929311764605354,-0.05456597934591352,0.015198085439400247,0
2024-04-19,3540.24853515625,3564.629355766577,3516.83928787535,3551.1667062167426,2957749,48.57308093831607,-34.232140550301665,-24.814311025608163,-9.417829524693502,3737.7765269600463,3634.648974609375,3531.5214222587033,3634.648974609375,3730.9358154296874,3651.278242426239,3659.8508251972903,3627.9814848884416,3662.2136254387433,3643.3496591791604,-0.00926988398963502,0.010906683971253951,0.013499071439942896,-0.00926988398963502,-0.02917900986938482,-0.03976514442468315,-0.030679258445325597,3359572.9,0.8803943501270652,0,-32.407839510593476,-11.916265588592069,73.72717012256346,0.020825422111024047,-0.03040844873991606,-0.03267955328058841,-0.052846388856865906,0.002471204858773017,0
2024-04-22,3575.779052734375,3588.177512833397,3527.1100255082283,3550.2416494950344,1728883,48.870896524609265,-35.86072301755485,-27.0235934239975,-8.837129593557346,3733.4369490585273,3629.4351196289062,3525.4332901992852,3629.4351196289062,3728.9242919921876,3644.0878434079664,3656.553892943843,3619.950341480124,3655.8110644976787,3632.374704199276,0.010036164756595856,0.01096327506483264,0.017078093032194146,0.010036164756595856,-0.0021172590611172604,-0.034188141273282735,-0.03464647392056275,2999456.6,0.5763987383581413,0,-41.3762986197039,-16.412751650068458,73.16540226986906,0.020461387907600152,-0.018745099901244067,-0.02209042792049136,-0.04222862163613326,0.01428073044951698,0
2024-04-23,3585.12451171875,3603.907437767202,3572.0784098044014,3587.2989749852045,1807586,45.68943038940215,-35.98250203425596,-28.815375146049195,-7.167126888206763,3728.5495612352706,3624.984619140625,3521.4196770459794,3624.984619140625,3724.0888623046876,3638.4722880089935,3653.7527407389375,3614.5925215168354,3650.5750235510914,3629.4023730555446,0.002613544865762485,0.010574189348270532,0.00887808160044662,0.002613544865762485,0.0032885511101430343,-0.016872941646532857,-0.026273695450954815,2998940.25,0.6027415851316144,0,-43.29567828985091,-18.182047081683322,71.67173089349788,0.019991420286582354,-0.014662136211963809,-0.018782942878151108,-0.0384667139757702,0.018090668115483138,0
2024-04-24,3544.736572265625,3606.683019690121,3538.62973282358,3599.28089958814,1317312,44.70863564130227,-38.88968586942201,-30.830237290723762,-8.059448578698248,3724.9627822204475,3618.419873046875,3511.876963873303,3618.419873046875,3719.419052734375,3629.5450769858153,3649.477596877239,3603.8454524012645,3642.7351382706865,3624.5650577998217,-0.011265421694869548,0.01075972039489818,0.01919840458639344,-0.011265421694869548,0.0012677180895088735,-0.010780197972851902,-0.035619386896849514,2873326.75,0.45846230332140264,0,-42.851270312841734,-18.98390384441109,73.64121882448987,0.020774807188964663,-0.023366152760560335,-0.02870027882928732,-0.04838335857073712,0.009356708315908867,0
2024-04-25,3564.305908203125,3584.152797944485,3526.1850340945725,3526.3700419218662,2856271,39.57474847808342,-39.16312007153874,-32.49681384688676,-6.666306224651983,3724.95997973605,3615.7042236328125,3506.448467529575,3615.7042236328125,3714.202412109375,3623.331822816035,3646.137530654725,3597.762445601551,3636.9255656730897,3622.6790670591045,0.005520674255630853,0.009765838276548242,0.0162634087373089,0.005520674255630853,-0.0032085719956540526,-0.002537485472144163,-0.023906911104734307,2723516.05,1.0487439572827193,0,-39.6337572175712,-18.595020666688924,69.19002752082004,0.01941192178863818,-0.016290507604416835,-0.022443372408090693,-0.04312907317310536,0.016500296869987347,0
2024-04-26,3535.761474609375,3587.067373339443,3518.366447546027,3567.0352506857103,2039178,28.889766479311305,-41.20809461832232,-34.23907000117387,-6.969024617148449,3727.513378909494,3613.106555175781,3498.6997314420682,3613.106555175781,3708.4222802734375,3614.991789653496,3641.809057868633,3588.2238346796776,3629.431929298,3620.777767260081,-0.008008412950206045,0.008736376673544134,0.01943030554712573,-0.008008412950206045,-0.013768848738173856,-0.0012674422437624067,-0.04098218664457243,2653428.7,0.7685068002769397,0,-36.286452772742905,-18.041767328657443,67.92440342689113,0.01921068599074413,-0.021917149375245353,-0.029119479240716197,-0.05144231148439689,0.01059300483383606,1
2024-04-29,3580.96044921875,3587.9925533633923,3533.7719356498687,3551.1669623012726,1110693,38.0362507504717,-38.73505852951757,-35.13826770684261,-3.5967908226749614,3726.5312920289125,3614.4620727539063,3502.3928534789,3614.4620727539063,3703.786689453125,3611.750709612092,3639.422837921579,3587.1063907626117,3625.8414492921293,3621.6740487071056,0.012783377762881631,0.009678053091133803,0.015141361788944846,0.012783377762881631,0.01021906034895359,0.0014490259067916345,-0.032788654868901146,2610534.6,0.42546572644545677,0,-32.33713379587425,-17.131055022264263,68.96861557038768,0.019259809357971103,-0.008525023698728379,-0.016063642864926293,-0.039063362522016115,0.022432547982676822,1
2024-04-30,3535.113525390625,3591.6473055453566,3525.259543795404,3582.62597206714,2203078,34.76739534007464,-40.013373938771565,-36.113288953228405,-3.9000849855431596,3728.907768508731,3611.8875244140627,3494.8672803193945,3611.8875244140627,3697.7012255859377,3604.451930162428,3635.3322766458555,3579.1074883976903,3619.120862336462,3621.4931387518855,-0.012802968499171063,0.010102418096371376,0.01877952752383439,-0.012802968499171063,-0.008190201280230958,-0.013949581434243963,-0.030587152607243207,2505099.35,0.8794373764058498,0,-34.020357846565275,-18.420464093082046,68.90914074830835,0.01949276600408299,-0.019236878758618535,-0.027567975532541263,-0.05197077942091561,0.011515815006157386,1
2024-05-02,3574.576171875,3581.793283755537,3495.6973338865346,3495.6973338865346,2491044,41.921427569176934,-37.410892856798,-36.372809733942326,-1.0380831228556744,3727.4402702764,3609.41474609375,3491.3892219111003,3609.41474609375,3693.319169921875,3601.60661984934,3632.9496843019006,3578.4103627788145,3615.8212556356125,3618.073545070337,0.011163049277183923,0.010680512998209166,0.024085638612602742,0.011163049277183923,0.01097774766322801,0.008418002015394555,-0.0024529436857190223,2551167.75,0.9764328511913809,0,-27.938457136475336,-16.527912575338632,69.05784402560364,0.019319169799473093,-0.007505108366185386,-0.016067800960507243,-0.041010475639376175,0.023826318028892006,1
2024-05-03,3556.1630859375,3602.6115654122227,3513.7861335226567,3599.419220737888,2962234,35.79122101825486,-36.41442715104313,-36.38113321736249,-0.03329393368063904,3727.79246621086,3607.545690917969,3487.298915625078,3607.545690917969,3688.511484375,3597.2786642386886,3629.9384451503556,3574.9877048032276,3611.4021319542708,3615.4330176638414,-0.005151124231839166,0.01021742864463426,0.024977884799720677,-0.005151124231839166,-0.006924779994892161,-0.0022845464096907797,-0.004816234878509906,2592146.15,1.1427727560809025,0,-26.053158577346494,-16.199085504369577,70.63079737823305,0.01986151806634956,-0.01142963393687771,-0.020324135058383826,-0.046040486917935566,0.01974713724822143,0
2024-05-06,3628.01025390625,3645.497671472227,3565.0459275516187,3565.0459275516187,2053831,42.799522362649704,-29.48734316012633,-35.00237520591526,5.515032045788928,3725.1572241547838,3606.3312866210936,3487.5053490874034,3606.3312866210936,3684.6762646484376,3600.205482302266,3629.8628298074495,3583.1450200498466,3612.632363209973,3613.929475303927,0.02020356385028088,0.011800287103106651,0.022175169938945624,0.02020356385028088,0.026278287203056694,0.0260902156322822,0.02478970554707871,2496183.2,0.8227885677621738,0,-14.786307351230334,-11.94622806118332,72.52760149232988,0.019991013369998055,0.0077231068450580465,-0.0005103707737897675,-0.026078622834657894,0.040288082957525326,0
2024-05-07,3681.583251953125,3689.9569456672593,3621.024700819664,3637.031831043767,2062112,53.39693056081205,-19.45047303062529,-31.891994770857263,12.441521740231973,3720.5023081423055,3605.2047729492188,3489.907237756132,3605.2047729492188,3682.36587890625,3607.955746078538,3631.8910816563,3598.2893634195816,3617.739836450207,3610.68204053899,0.014766495764225951,0.01183510300469309,0.018723532820024126,0.014766495764225951,0.029935599336241348,0.028099389580336753,0.029589132230595228,2429556.95,0.8487605116644826,0,-3.7949635335539824,-7.531756265279,67.858324581795,0.0184318321596545,0.020406986963355103,0.013682175257899927,-0.010460699380297743,0.054922953860582525,0
2024-05-08,3679.73291015625,3686.5336988437207,3644.2491299192034,3664.9749773275407,1247685,60.64387633095981,-11.512776143380506,-27.816151045361913,16.303374901981407,3720.1016649856506,3605.098388671875,3490.0951123580994,3605.098388671875,3681.3721484375,3614.7916664668915,3633.767231793553,3610.8191398406075,3622.331915983988,3609.7629685690986,-0.0005025940390981365,0.010650108669332109,0.011491206007862624,-0.0005025940390981365,0.03474807573010219,0.040909403255909416,0.026389152769520807,2410100.25,0.517690083638637,0,10.339736304463258,-1.5650448523024352,65.70046016943274,0.01785468178630469,0.017965418115736754,0.01264959350189562,-0.010851519249960149,0.05433599706972481,0
2024-05-09,3664.234375,3674.2272820894473,3617.8324260235386,3665.8998971640367,1726486,59.91515159911315,-6.398933510357892,-23.532707538361112,17.13377402800322,3718.1596230123528,3604.5270385742188,3490.8944541360847,3604.5270385742188,3680.7929296875,3619.500495850997,3634.9620217232177,3619.036868326668,3625.435801837026,3607.4026941405546,-0.004211864158258138,0.010705467462871583,0.015390624696573537,-0.004211864158258138,0.009984569656259268,0.025082191234428564,0.033711335186185076,2381297.65,0.725018982822244,0,17.89387600165719,2.01233742131717,64.43815282855066,0.017585707199352024,0.012359130548616011,0.008053001132293866,-0.01450320951220055,0.04965487302503188,0
2024-05-10,3602.88916015625,3676.632958650121,3594.7007007453585,3666.455044025797,1672489,56.43902928702286,-7.213074699823665,-20.268780970653626,13.055706270829962,3713.5424338019116,3602.091271972656,3490.6401101434008,3602.091271972656,3677.2177001953123,3617.918463880069,3633.704262446082,3616.552605531219,3623.7656802310426,3605.6811086059115,-0.01674161873003821,0.01146188722261539,0.022740710097562174,-0.01674161873003821,-0.021375067847542728,0.013139463261267137,0.010824899137957589,2371072.5,0.7053723578675895,0,20.63979964138025,3.765817295726265,66.2523138831569,0.01838866280312761,-0.0041541300263855515,-0.008480355049336965,-0.029797228823470082,0.03215715355091072,0
2024-05-13,3652.761474609375,3659.423337909037,3580.775807258654,3594.192150722543,931326,57.686629671775165,-3.7903160776477307,-16.97308799205245,13.182771914404718,3707.33025603342,3600.3864990234374,3493.442742013455,3600.3864990234374,3675.2876025390624,3621.2368458542883,3634.451604099544,3622.123200774012,3625.9135168516596,3603.3578994097184,0.013842311610541502,0.011726751453165983,0.021530979013293927,0.013842311610541502,-0.007329726424554428,0.006822257648383401,0.033090467453810835,2312540.55,0.4027285056687979,0,21.031363552022412,4.588774292094513,67.50803126352935,0.018481368611879764,0.008705486577376777,0.005037863343448569,-0.014719158438943539,0.04560507910431543,0
2024-05-14,3609.64404296875,3650.910955415098,3601.964297715039,3641.843312557516,1058317,52.29357127719437,-4.505040295677645,-14.479478452777489,9.974438157099843,3691.5399412501824,3595.7509155273438,3499.961889804505,3595.7509155273438,3673.4398583984375,3620.132769388999,3633.478758565003,3620.203330342433,3624.708370638111,3595.126207691635,-0.01180406438809034,0.012250958270242937,0.013559967996124972,-0.01180406438809034,-0.01489815509720227,-0.019540291244591668,0.008010028079549869,2147715.35,0.49276408998985827,0,12.177023310460754,1.587676908703088,68.86289904435333,0.019077476400614024,-0.0028973319732743304,-0.006559750910905582,-0.022184752050575796,0.03133809927580994,0
2024-05-15,3590.39794921875,3633.469076951638,3585.8642414130813,3612.696924421978,1115021,54.447084805359644,-6.5489708477443855,-12.89337693177087,6.344406084026485,3685.689110697399,3592.938098144531,3500.187085591663,3592.938098144531,3669.2946630859374,3617.3008817537375,3631.7893150612285,3615.617887092636,3622.1668579403804,3586.6476348261117,-0.005331853645649476,0.011908359871153252,0.013258930127484896,-0.005331853645649476,-0.0034669983955205597,-0.024277566638309822,0.01563865585392099,1993449.95,0.5593423602132575,0,2.509215286846029,-1.977916732324502,67.40229537806873,0.01877293167258384,-0.007437294660969541,-0.011396962282703538,-0.025854367695331244,0.025773154811762816,0
2024-05-16,3635.646240234375,3643.614800012092,3582.1034617844925,3626.466275520861,2599399,56.61705030054239,-4.466158511533649,-11.207933247723426,6.741774736189777,3690.096740563291,3595.552111816406,3501.007483069521,3595.552111816406,3665.78517578125,3619.048058751893,3631.940567028803,3618.699172191365,3623.1653307028987,3588.034031010484,0.012602583795891187,0.01226124841568671,0.016918955850785445,0.012602583795891187,-0.00468556036137846,-0.007801939461261953,0.017084562035599715,1970848.9,1.3189235359443334,0,-0.4524370991039177,-3.0214546944148424,67.6554078336178,0.018608908392928884,0.00458633906293193,0.0010203011688056413,-0.014755846298111988,0.03845714635457128,0
2024-05-17,3573.342529296875,3653.4003698563865,3569.5212797321324,3652.468379966117,2765804,53.280333258605296,-7.753525690297465,-10.517051736238235,2.76352604594077,3690.0967226787047,3595.550573730469,3501.004424782233,3595.550573730469,3661.470966796875,3614.6951511847487,3629.642604764806,3611.721227130674,3619.4747528209714,3588.3994022058687,-0.0171369013431526,0.013023992673590527,0.023473565558451797,-0.0171369013431526,-0.010056812594191111,-0.008200815941307948,0.00483089300018591,1935324.9,1.4291161137853392,0,-3.2233126953201463,-4.061657681275847,68.73956242867767,0.01923676833807576,-0.011440140913216443,-0.015511189832856608,-0.03163987346572202,0.02066210028259007,0
2024-05-21,3560.38818359375,3583.268583800941,3550.928576025766,3570.0810162003927,1908117,48.09720117134222,-11.274134097950082,-10.668468208580606,-0.605665889369476,3689.0299426675997,3596.5575561523438,3504.085169637088,3596.5575561523438,3656.911552734375,3609.523059033225,3626.926745111039,3603.823835817301,3615.0979699152513,3590.963284021089,-0.0036252739828089853,0.012597278119892986,0.00908328140290935,-0.0036252739828089853,-0.008358339674166215,-0.025288618393979112,-0.01863888621585119,1882843.3,1.0134231563508231,0,-11.713786821063422,-7.524858988505002,67.17666171879566,0.018867791447108314,-0.013612567266057345,-0.018345714207484487,-0.03487143261863217,0.01606782119468101,0
2024-05-22,3571.38525390625,3580.0061603777094,3557.918045520316,3574.1812235726693,1311168,53.58608174786276,-13.026706197559179,-11.14011580637632,-1.8865903911828585,3689.03869695138,3596.3378662109376,3503.637035470495,3596.3378662109376,3652.8246826171876,3605.89088711637,3624.7486474167335,3598.8332847540623,3611.8599909516215,3591.483330509868,0.0030887278985967104,0.012093585326491605,0.006184747174288843,0.0030887278985967104,-0.017675258284750583,-0.010599047608870094,-0.02993223037626913,1861957.55,0.704187912339892,0,-14.241882272629027,-8.730111148269316,64.01240122647002,0.017923689738164092,-0.009569239416923682,-0.014721956941349377,-0.03189271046203959,0.019336540215175932,0
2024-05-23,3628.656494140625,3639.421024367912,3565.327817853892,3579.7270181408007,2095742,55.164891431726474,-9.682705559495844,-10.848633757000226,1.1659281975043818,3692.1462883213726,3598.5144653320312,3504.88264234269,3598.5144653320312,3651.152705078125,3608.059040166299,3624.9018963078665,3603.4214708135332,3613.104176373029,3592.7949773840714,0.016036141766485157,0.012478875483061194,0.02041890893603792,0.016036141766485157,0.015479614503856265,0.010655795113240885,-0.013880468301014859,1876365.35,1.1169157435144492,0,-9.241841587438557,-6.887418753361999,63.15506241539986,0.017404530441881047,0.005708735290921602,0.0010357791576601559,-0.017195904285150387,0.03531469222467424,0
2024-05-24,3587.695556640625,3619.662859608081,3582.849254078192,3614.490269526303,1309452,52.88713576335845,-10.219956990534229,-10.722898403707026,0.5029414131727972,3691.013280446081,3600.6624145507812,3510.3115486554816,3600.6624145507812,3647.69552734375,3606.119660782901,3623.4428241640535,3601.0020994023166,3611.222056392851,3593.966342052354,-0.011288182710637362,0.012820197129772419,0.010261072866606193,-0.011288182710637362,0.007669774091686676,-0.013189039973993455,-0.020888079343826083,1875972.35,0.6980124200657861,0,-12.928397968992158,-8.497742864749398,60.08233442774748,0.016746776162915613,-0.00510912168074759,-0.009865553082564664,-0.02799169657633129,0.02204476922134817,0
2024-05-27,3585.412109375,3642.5431408365193,3580.099811979568,3592.8213842320465,1841538,45.53030636826697,-10.706569067489,-10.719632536463422,0.013063468974422676,3690.764226672412,3601.717724609375,3512.6712225463384,3601.717724609375,3643.372890625,3604.1475130297677,3621.9514235840907,3598.603639398114,3609.310208465603,3597.2035266804487,-0.0006364662858303616,0.011526932730787469,0.017415941864444746,-0.0006364662858303616,0.003927567168344082,0.0033776722995821906,-0.004850843310564734,1825235.7,1.0089316135992739,0,-10.547638154981087,-7.691181180715375,58.16153037933493,0.01622171415867547,-0.005198289911008121,-0.010088294937134552,-0.028544797453073093,0.020708139822983963,0
2024-05-28,3578.748291015625,3606.8012808815743,3569.5216810791803,3595.617400940856,1801993,38.031669142475906,-11.497392312375268,-10.875184491645792,-0.6222078207294768,3688.158605134033,3603.8670654296875,3519.575525725342,3603.8670654296875,3638.6625341796876,3601.728539504611,3620.2571830912098,3595.5489704161923,3607.0463627285676,3599.417443960883,-0.001858592026827477,0.010622856974662384,0.010416938206015665,-0.001858592026827477,-0.013753906771167057,0.0051567712494042794,-0.02026225476484611,1813376.45,0.9937225113957998,0,-7.794519528613819,-6.6695620198293,55.90062716182053,0.015620161748217365,-0.006380338839236003,-0.01146573018885409,-0.029665295295626823,0.01681247208868701,0
2024-05-29,3544.96337890625,3587.135922913696,3541.561706702611,3587.135922913696,1568095,35.400249034910374,-14.681051463818676,-11.63635788608037,-3.0446935777383057,3689.8818422482605,3602.0672119140627,3514.252581579865,3602.0672119140627,3631.98296875,3596.322333733339,3617.304484887878,3587.766571722355,3602.4476231861736,3598.6071912584484,-0.009440427032600063,0.010795119574327801,0.012856047112437692,-0.009440427032600063,-0.011910759165526197,-0.0073982147322528835,-0.017918848310955138,1836246.55,0.8539675676994465,0,-9.56855338303103,-7.444162528855486,56.13560196800394,0.01583531223539009,-0.014280965403279954,-0.019998622256945656,-0.03927455391192446,0.008738927158325872,0
2024-05-30,3482.008056640625,3536.342893587257,3462.7623259187662,3520.126358012179,2919230,32.0997217586999,-22.03014287187898,-13.715114883240092,-8.315027988638887,3698.2681224418097,3599.4119384765627,3500.5557545113156,3599.4119384765627,3624.8446435546875,3585.435259724509,3611.9987426036723,3571.4960309405506,3593.5261738124295,3593.2485442191414,-0.017759089597435884,0.01153201746157763,0.02113164773647307,-0.017759089597435884,-0.02884021406186421,-0.04041397628483179,-0.030188824222593502,1872054.15,1.5593726281902691,1,-22.62378044179013,-12.90315370419421,57.58564260048768,0.01653805553110788,-0.028846484622296806,-0.035988574533485265,-0.05847603760497424,-0.005298500915686721,1
2024-05-31,3421.288330078125,3494.7758258285726,3405.258149060957,3485.642279161951,10956800,32.13921594145758,-32.380661132503064,-17.448224133092687,-14.932436999410378,3718.5345087812607,3591.7475463867186,3464.9605839921765,3591.7475463867186,3615.407509765625,3569.8022188058058,3604.519902896788,3548.387153884793,3580.767815017296,3559.0866110287543,-0.017438134999917643,0.011594522211844689,0.026164902846867514,-0.017438134999917643,-0.043998612959955885,-0.046382761283768725,-0.058960057165086344,2295341.95,4.77349355288871,1,-36.317441977095314,-18.922921267265338,58.12745823354862,0.016989932629332436,-0.04160283388959364,-0.050833835782515255,-0.07993637762435538,-0.01260396845950097,1
2024-06-03,3451.01904296875,3496.406907573954,3444.634820860251,3478.932096185661,2156773,29.339705243324516,-37.74935035245835,-21.50844937696582,-16.24090097549253,3727.4206592827813,3586.490344238281,3445.560029193781,3586.490344238281,3606.3493994140626,3558.4895353927527,3598.500261330983,3533.4074445130937,3571.156794865552,3554.6433620480757,0.008689917370964695,0.011067217186829683,0.0150019707422901,0.008689917370964695,-0.026500791657397937,-0.037483296844690206,-0.03423223083855731,2255068.9,0.9564111322718344,0,-45.65797763701494,-23.451162253107668,57.875390151080474,0.016770521817026252,-0.030201154550294648,-0.04098407882501692,-0.07415358811881878,0.001584361824700686,1
2024-06-04,3462.343017578125,3490.30271893138,3347.242247007224,3448.363166901497,3395997,33.86426885423725,-40.62205931261542,-25.331171364095745,-15.290887948519675,3728.054486818826,3578.206982421875,3428.3594780249246,3578.206982421875,3598.7530029296877,3549.3327241723123,3593.160761575969,3522.474455753868,3563.0965150664833,3543.196248293806,0.0032813422552526728,0.010982259773842718,0.041318977119784446,0.0032813422552526728,-0.005647614463440531,-0.03252681216215547,-0.027537774242543778,2322177.2,1.4624194053752657,0,-52.39581533229875,-27.096421515240763,64.46562551035332,0.01861907534379606,-0.02450874949022224,-0.03640742863407732,-0.07127349403828971,0.009912478481625952,1
2024-06-05,3491.65380859375,3526.4637252968946,3448.3629196102897,3463.274759262659,2799670,39.41667913950988,-40.07164500593535,-28.279266092463665,-11.792378913471687,3715.0043338104415,3568.7105102539062,3422.416686697371,3568.7105102539062,3594.9849560546877,3543.8394941172114,3589.1800967531367,3517.7328177292347,3557.80446273517,3534.6819150755596,0.008465594213749483,0.011361275459666406,0.022367854881369144,0.008465594213749483,0.020566953652227937,-0.015038115944923547,-0.0223250754662474,2359055.1,1.186776010445877,0,-52.48283961612742,-28.124388134741366,66.64390909235678,0.019086631363146898,-0.014725747486614413,-0.027172302734992722,-0.06012120179348571,0.020230476950833465,1
2024-06-06,3569.89453125,3578.7484365631567,3487.0407083341674,3523.8543146362385,4328036,43.41825699978739,-32.94232663346884,-29.211878200664703,-3.7304484328041347,3699.8942723571113,3563.2185913085937,3426.542910260076,3563.2185913085937,3592.90015625,3546.3209262250957,3588.423800066739,3525.7576967324294,3558.7000233658982,3532.2266444324673,0.022407926714751003,0.012564574766386779,0.02568919821753887,0.022407926714751003,0.03444648864614397,0.0252401698042497,-0.016193862104476153,2513072.65,1.7222088665045159,1,-39.11433349941308,-23.574942536933122,68.80079409245604,0.019272500487112546,0.006647341150254373,-0.005163623320187149,-0.035136069178617814,0.04183564156184564,0
2024-06-07,3629.12255859375,3648.7409943773578,3576.3254140192635,3576.3254140192635,4552445,55.61817231307636,-22.25652428421745,-27.820807417375253,5.564283133157804,3693.498602441078,3561.463000488281,3429.427398535484,3561.463000488281,3591.9619775390624,3554.2067959744913,3590.0198298128967,3541.6599831726326,3563.91650745685,3535.689027805208,0.016590973998050096,0.012513260434239315,0.019954018964340143,0.016590973998050096,0.04816956037252651,0.06074735844052026,0.0115469669315853,2654370.6,1.7150751292980715,1,-15.595422831314409,-14.500073083891493,68.44132073553487,0.018858916895343216,0.021078053956823377,0.010892064844915155,-0.017429556844770783,0.0582298841327111,0
2024-06-10,3596.26953125,3640.259410852935,3580.612054771232,3630.100811534912,1734661,53.474694802781464,-16.251575630211846,-25.506961059942572,9.255385429730726,3692.762944679698,3561.1320190429688,3429.5010934062393,3561.1320190429688,3591.514990234375,3558.212770762635,3590.2649161437635,3550.0614521076122,3566.313027737824,3535.172197136125,-0.00905260894701787,0.012755298326395277,0.016585897014501767,-0.00905260894701787,0.02996165381538307,0.0420891587304304,0.003028221455104285,2657479.2,0.652746783493169,0,-0.2767646301176683,-8.235345187219536,70.39184561457257,0.019573573394012434,0.010695470714981503,0.0016724713207754004,-0.02613041098907252,0.04862760888585209,0
2024-06-11,3590.11865234375,3616.0744364710417,3579.7734726681783,3583.5014325459897,1419898,51.83130215960578,-11.85230904047603,-22.776030656049265,10.923721615573236,3683.278421812436,3557.9998779296875,3432.721334046939,3557.9998779296875,3591.56306640625,3561.2514261513124,3590.259180308469,3556.2240982977874,3568.0764073382634,3535.1008328536077,-0.0017103498091012304,0.012753311401752282,0.01011135489328881,-0.0017103498091012304,0.005665187281224338,0.03690438356827008,0.0031771894538294987,2681907.8,0.5294357993962358,0,11.918701979000161,-2.9015812675002053,71.40704911067756,0.019889885551292473,0.00810592197463427,-3.914145404586402e-05,-0.02529262216969329,0.04585205234566789,0
2024-06-12,3571.05908203125,3628.70274953458,3567.1447698788693,3610.9016510674905,2177001,43.91489901712512,-9.790942716859718,-20.179013068211354,10.388070351351637,3679.169967147453,3556.0706298828127,3432.9712926181724,3556.0706298828127,3591.90724609375,3562.185488616068,3589.5062352779896,3558.506403487551,3568.2973462044106,3535.585371309212,-0.005308897047192951,0.012000215951821071,0.017238017697734673,-0.005308897047192951,-0.01599931543370059,0.022741450839732558,0.007361346320325479,2737842.0,0.7951521672908809,0,18.345994498856726,0.3261385248529223,70.51167576365548,0.019745312005184694,0.0024910531592304327,-0.005139189637125947,-0.02938458567599798,0.04022398605837578,0
2024-06-13,3614.39697265625,3625.441145308923,3590.0255248663166,3594.499122429549,1932323,52.80687679553728,-4.6071807585635725,-17.064646606281798,12.457465847718225,3682.2326150519284,3557.2705810546877,3432.308547057447,3557.2705810546877,3592.463095703125,3567.1580109056094,3590.482342626157,3567.1049525904277,3571.7121333489913,3536.8137258604443,0.01213586491555585,0.012099322213381152,0.009798486638444431,0.01213586491555585,0.0050406236931717086,0.012466038146697667,0.03802085287055634,2778707.1,0.6954036285436489,0,20.837084680513726,2.058542559417674,71.12416313617261,0.019678016464224426,0.013242744393778004,0.006660561937926546,-0.018422421798771058,0.0530512985946177,0
2024-06-14,3571.4326171875,3624.509406522407,3567.658011871374,3624.509406522407,1860730,48.64624736744053,-3.920681304316531,-14.435853545888746,10.515172241572214,3673.730783724153,3554.0598999023437,3434.3890160805345,3554.0598999023437,3591.41111328125,3567.565116265789,3589.7352945697394,3567.7707471438234,3571.69142844814,3534.5812138464003,-0.01188700516124408,0.012552717225825129,0.015918372469757906,-0.01188700516124408,-0.005204851695932433,-0.01589638830731699,0.04388530653478906,2741773.65,0.6786592321361029,0,13.358320291297787,-0.2845352431572792,70.72473926432131,0.019802904561032144,0.0010840729729297914,-0.005098614766923396,-0.027845852774478656,0.0399033424767254,0
2024-06-18,3555.63525390625,3580.70569469464,3536.948808300375,3565.840499225813,1774045,47.80067398513106,-4.598334001580952,-12.468349637027186,7.870015635446235,3672.5062777332105,3553.1745361328126,3433.8427945324147,3553.1745361328126,3590.6529345703125,3566.428938898214,3588.398038073132,3565.903748184197,3570.502082185778,3532.048599212582,-0.004423256708029566,0.012597325074284679,0.012306348449603623,-0.004423256708029566,-0.004319118718200232,-0.011299007760863344,0.030314585238423897,2692185.7,0.6589608584578693,0,8.216168135578755,-1.8668780706316284,71.18740259231211,0.020021008204962824,-0.0030264685423112125,-0.00913019788197034,-0.031823233233272255,0.03546826883506755,0
2024-06-19,3543.146240234375,3573.109854433855,3534.9913279582247,3567.3313345631773,1509050,49.81978600950585,-6.073130407717599,-11.18930579116527,5.11617538344767,3671.673873631481,3552.3124389648438,3432.9510042982065,3552.3124389648438,3588.469892578125,3564.211539025467,3586.62345776573,3562.4025931149936,3568.475723522711,3531.395692766584,-0.003512456362939509,0.012367212224074576,0.010758383620403138,-0.003512456362939509,-0.01971303455622153,-0.013083804926254938,0.02333772888648422,2672232.35,0.5647151154352278,0,2.9601128741546745,-3.6357225427386766,70.65485332549393,0.01994127493897068,-0.005910226865168566,-0.012122046834110384,-0.03500518777556497,0.03209927429730258,0
2024-06-20,3529.678955078125,3550.835081537341,3522.968672913241,3537.833867179764,2846526,55.2423239125789,-8.23370155994462,-10.59818494492114,2.36448338497652,3669.642810167467,3550.2271240234377,3430.8114378794085,3550.2271240234377,3584.981201171875,3560.9227215066726,3584.3903400132754,3557.368187263168,3565.6018888231124,3530.6409667121884,-0.0038009396855601674,0.011342608158060161,0.007894884769621588,-0.0038009396855601674,-0.01169101214690027,-0.01158763436912602,0.010890296853252268,2749000.25,1.0354768065226623,0,-1.2627671093955541,-5.115895264714254,66.77380729953795,0.018917813248559314,-0.00877406472200215,-0.01526379097845346,-0.03814100236174064,0.028817531650712568,1
2024-06-21,3551.580810546875,3614.070784112236,3539.7445833273214,3566.725647697406,4642195,65.66559661465917,-8.08546881777238,-10.09564171949139,2.0101729017190095,3659.9646083018183,3546.37333984375,3432.7820713856813,3546.37333984375,3582.37560546875,3560.0330157009776,3583.1036917989068,3556.4778216145073,3564.5632904322797,3530.7607967864787,0.006205055968968587,0.010069878037730991,0.020927638916223904,0.006205055968968587,-0.0011402866351155616,-0.01737943081089155,-0.005130045311650289,2876322.9,1.6139338876035094,1,-7.124995204631887,-7.378650827250112,66.40767531857334,0.01869806119048938,-0.0023741929124885663,-0.008797646946188604,-0.029613345852880297,0.03460713109388829,1
2024-06-24,3557.21923828125,3594.6851882543083,3533.4534948795167,3549.71667377848,1702154,63.55413164890799,-7.4274008521574615,-9.561993546024604,2.134592693867143,3656.9141715227993,3544.8495239257813,3432.7848763287634,3544.8495239257813,3580.0067626953123,3559.7650368990985,3582.0886151903715,3556.5918857170827,3564.01928656924,3530.1809957545147,0.0015875825541209476,0.009923834245588342,0.017213359445446223,0.0015875825541209476,0.0039718930839118816,-0.003979741585449004,-0.019812866375160887,2895958.0,0.5877688833885022,0,-7.800079366690625,-7.646679379367924,65.41575502421354,0.01838957641976001,-0.0007151591724340724,-0.006942702869956712,-0.027262038036849706,0.03624880860159363,1
2024-06-25,3577.39697265625,3585.97123515531,3534.9447826173177,3557.4058326486897,1338808,64.3595967401353,-5.217557956280416,-8.693106428075767,3.475548471795351,3655.958602251699,3544.448767089844,3432.9389319279885,3544.448767089844,3578.5226123046873,3561.44426887597,3581.9046292086414,3559.7926683231085,3565.010226279389,3528.693190440251,0.005672333646983496,0.009964130638606203,0.014263570112014852,0.005672333646983496,0.013519081532747723,0.006120346209891103,-0.0052478153902970615,2870821.5,0.4663501370600715,0,-4.98467002224379,-6.493408864490448,58.8418964966304,0.016448243498383617,0.004479279352956107,-0.001258452420992367,-0.021488654041942157,0.042079991398836725,1
2024-06-26,3593.613525390625,3603.9584772724033,3579.773383673677,3583.035348485668,1639845,63.155321670290235,-2.133112073790471,-7.381107557218709,5.247995483428237,3657.856666899983,3545.192028808594,3432.527390717205,3545.192028808594,3576.657744140625,3564.5080075916517,3582.363801607935,3564.995877102727,3567.1289891765173,3528.7463128892305,0.004533059332896494,0.00983406659852301,0.0067300207514934185,0.004533059332896494,0.011834931284381511,0.014243635947950972,0.0009734700675125829,2862714.1,0.5728287711301663,0,0.29646856618455786,-4.259656157795234,55.160517848741,0.015349596571530342,0.00816536748886093,0.0031403074633683816,-0.01756305600782429,0.04692930786482729,1
2024-06-27,3666.588134765625,3673.904346815911,3558.4308841597035,3570.453463381977,4526556,62.64773526351724,6.129121910482354,-4.679061663678496,10.80818357416085,3676.333762624477,3551.2732666015627,3426.2127705786484,3551.2732666015627,3575.942392578125,3574.229924465363,3585.666716633727,3580.625455204711,3574.496333294229,3535.822873957858,0.020306749420715198,0.009511066150938228,0.03149343706246104,0.020306749420715198,0.03074561593151026,0.03878799784057696,0.026750902334563786,3010637.15,1.5035209407417298,1,13.307202958690596,1.2763766204516287,56.85807030782803,0.015507078574960398,0.025840030510649606,0.022568025565931054,-0.002650909435354083,0.07015774567508251,1
2024-06-28,3638.62890625,3690.680642180252,3632.7575508940217,3651.350707106769,2731571,51.3542276749631,10.302168803917084,-1.6828155701593803,11.984984374076465,3685.5100387589223,3559.1043090820312,3432.69857940514,3559.1043090820312,3575.781884765625,3580.3631608258047,3587.74366524613,3589.5490630578324,3579.2468942539153,3543.2501645971897,-0.0076254074600097255,0.00882109389426556,0.01591893341657816,-0.0076254074600097255,0.017116337398889403,0.024509676210836773,0.00670428117804156,3001254.2,0.9101431661470061,0,20.33014512482714,4.639973447223383,55.3635437477475,0.015215496049253785,0.016273697054450868,0.014183075980813966,-0.012720392026040793,0.05999079793383604,1
2024-07-01,3707.642333984375,3729.54409757546,3619.8489271393455,3619.8489271393455,2658723,64.38374305301122,18.95959101771041,2.4456657474145773,16.513925270295832,3698.967396622552,3573.422009277344,3447.876621932136,3573.422009277344,3578.267412109375,3592.484986840907,3592.4455738241004,3607.717258584993,3588.7576675672826,3572.3479115258406,0.018966877225603307,0.009690515646310346,0.029586233124658454,0.018966877225603307,0.031730960435250255,0.042286709259957034,0.03813867749915434,2586350.35,1.027982539179195,0,32.71994994180841,10.356958633728937,58.93838763020546,0.01589645988502564,0.0320550670539428,0.03206638981523929,0.0023452321774298525,0.0753407794234442,0
2024-07-02,3744.176513671875,3749.7684536400434,3711.696798878736,3721.9953338274368,2307449,68.44865159755328,28.44081545068002,7.644695688067666,20.796119762612353,3721.6505696580034,3588.0798828125,3454.5091959669962,3588.0798828125,3581.6834765625,3606.9317989200467,3598.3958067593076,3628.7109901368212,3600.270174686141,3584.0956060652093,0.009853749740805995,0.009821310641346443,0.010168231818742681,0.009853749740805995,0.021160920194601918,0.04662036175755735,0.05302604072183503,2593884.15,0.8895728824280761,0,45.48753004407672,16.49117755066618,59.35447019112011,0.015852476499007735,0.03805026609954776,0.04051269363940723,0.006052675712631879,0.08385194575340948,0
2024-07-03,3695.5732421875,3752.28492308604,3686.020344959728,3746.599693233403,1821198,63.92541584298992,31.667829284586787,12.44932240737149,19.218506877215297,3727.697476947256,3599.7413940429688,3471.7853111386817,3599.7413940429688,3584.789970703125,3615.373841135995,3602.206686580021,3638.99749045231,3607.3296611677233,3598.8813660740425,-0.012981031024285272,0.010513280526356073,0.017930798223630556,-0.012981031024285272,0.01564994326288338,0.028372476916752376,0.04302024009684735,2515144.2,0.7240928770604882,0,50.86583354434333,19.842884972086267,59.690655796163064,0.01615193418838337,0.022182879164248572,0.02591926664156026,-0.008617715079728926,0.06445903504771153,0
2024-07-04,3747.48486328125,3772.089533953604,3711.277191025079,3727.8200122814974,2518001,64.60421424200761,37.976327511968975,17.554723428290988,20.421604083677988,3746.0232075064055,3612.5329467773436,3479.0426860482817,3612.5329467773436,3588.2240869140624,3627.9558432450667,3607.9038699800694,3655.687855502916,3617.711527990947,3612.326888774356,0.014046973958232956,0.010659380839805242,0.016227508621683564,0.014046973958232956,0.010746055230753226,0.022063216685993092,0.061707002527742416,2501060.75,1.0067732261201572,0,53.725918779703534,22.23715334634244,61.271672116765295,0.016350078613290676,0.03294665789792777,0.03868755885171398,0.00039018865978075523,0.0771597825773969,0
2024-07-05,3738.957275390625,3752.890479443789,3716.775869378986,3737.279647996423,1668616,69.8860188316713,41.80584102064313,22.404946946761417,19.400894073881712,3764.1674573201435,3620.986083984375,3477.8047106486065,3620.986083984375,3591.3007421875,3638.5274082113106,3613.043219211856,3668.498535485641,3626.6926944649977,3622.823042238665,-0.0022755496557652632,0.009936899742175986,0.009659005814938042,-0.0022755496557652632,-0.0013939615993509014,0.02757312485708363,0.05275860943028854,2368089.75,0.7046253208941933,0,58.16424738550586,25.299553965725863,59.79047321774887,0.01599121594977367,0.027601789381239118,0.03484986160952586,-0.006697412433257318,0.07509121025180102,1
2024-07-08,3721.62255859375,3757.0848248979423,3707.503000592041,3748.4639170826727,1758882,69.63187420520657,42.94692586534529,26.513342730478193,16.4335831348671,3775.7078858975956,3625.611083984375,3475.5142820711544,3625.611083984375,3594.8384619140625,3646.4412320572574,3617.30123252095,3676.671462117658,3633.7245362523126,3627.489138783125,-0.004636243615558255,0.009949829862448833,0.013322636437542472,-0.004636243615558255,0.007048789104997066,0.003770650820666299,0.04621680849559762,2228411.6,0.789298529948417,0,53.95624521635045,24.855658696849787,60.20654021143715,0.016177497654191658,0.020617726092921746,0.028839546216087943,-0.014324552888706307,0.07081204580058088,1
2024-07-09,3714.4462890625,3734.43742983052,3704.7536837012262,3713.980294044427,1305801,70.5180834718956,42.779048605962544,29.766483905575065,13.012564700387479,3785.99387939862,3631.519921875,3477.04596435138,3631.519921875,3597.84126953125,3652.9179041529947,3621.110842581403,3682.482973955326,3639.7039253493635,3631.0189672194524,-0.0019282636587309998,0.009874997754941217,0.007991432321070361,-0.0019282636587309998,-0.008816199510895961,-0.007940390764381688,0.03830978710324384,2206968.6,0.5916717618909485,0,45.98610523294792,22.715035822095615,59.60405590098454,0.016046552100240002,0.016843626526496493,0.025775363013897754,-0.018897967776821834,0.0682764413082487,1
2024-07-10,3643.288818359375,3731.03581821931,3636.6251805066217,3712.7687221974975,2669716,61.955737570139554,36.4836308839067,31.109913301241395,5.373717582665304,3787.4779686478078,3634.178430175781,3480.8788917037546,3634.178430175781,3599.99181640625,3652.0008483631264,3621.980567121716,3676.4531038636414,3639.9694729797347,3634.4470812882896,-0.019156952386861548,0.011464106500036205,0.025913574909826292,-0.019156952386861548,-0.025586935069017325,-0.014147852146796147,0.013823215161499647,2269459.5,1.176366443199361,0,36.627007227131344,19.77388054169478,64.35721512159797,0.017664593264549076,-0.002385549830213264,0.005883038531758919,-0.03806996409801181,0.046657735505450784,1
2024-07-11,3656.848876953125,3709.319956009016,3630.6600961977383,3663.652449012925,4872189,61.27585838975037,32.217269754345125,31.331384591862143,0.8858851624829818,3789.108976711642,3638.467919921875,3487.826863132108,3638.467919921875,3601.5095849609374,3652.462565371698,3623.347951820987,3673.437068954331,3641.219799199986,3639.6636613655946,0.0037219279804054928,0.011418599734883586,0.021510284525844813,0.0037219279804054928,-0.017404688578924632,-0.02418581785778451,-0.0026562181119157424,2404218.9,2.026516387505314,1,24.506722126631303,15.444081840917534,63.94778874853845,0.01748712919244821,0.0012009189698513997,0.009245848198294472,-0.03490533013735014,0.04846055164253003,1
2024-07-12,3899.39990234375,3914.3117429549034,3701.212084199175,3709.320352024162,13509164,74.31304222324454,47.85633049876287,34.63637377324229,13.219956725520582,3842.58517417422,3652.71806640625,3462.8509586382797,3652.71806640625,3608.7953125,3675.9804069880843,3634.1735185081543,3708.2005817834724,3660.3442512847096,3685.6051520015176,0.06632787778550964,0.020595431586607087,0.05464934710277957,0.06632787778550964,0.04979305093894126,0.042911061864530975,0.07166737878815521,2983060.95,4.528624867688339,1,37.45299877677371,21.13029929629829,77.9643010790375,0.01999392291931298,0.06077820625238984,0.0729812108543657,0.014785548164651864,0.12606633924468333,1
2024-07-15,3885.653076171875,3951.637789303582,3874.329033070802,3947.6304141409055,4848030,72.10460065721173,58.467171666590275,39.402533351911885,19.06463831467839,3880.660285576862,3668.429089355469,3456.197893134076,3668.429089355469,3615.0168505859374,3695.9492326246354,3644.0354619459476,3735.5009655355343,3677.033793868944,3705.398683544376,-0.0035253696763988263,0.020779133530134403,0.01989594920526056,-0.0035253696763988263,0.06652348191314683,0.04407500088888794,0.048011843147826694,3132425.95,1.5476918137522133,1,49.508000567378076,26.734229424997466,79.84160848580807,0.02054779645033766,0.05132750251889244,0.06630495689438252,0.0012865827533447359,0.12425653747747924,1
2024-07-16,3894.274169921875,3909.2788462981134,3863.005629387855,3888.2626518177226,2029521,71.79738425583403,66.80193878763384,44.88241443905628,21.919524348577568,3913.1650221894774,3685.36103515625,3457.557048123023,3685.36103515625,3621.779072265625,3714.837321891039,3653.8487446116706,3759.927612364202,3693.1256735765683,3715.481287147847,0.0022186987826751103,0.020801891912428927,0.011882372655643446,0.0022186987826751103,0.06492619765205387,0.04841310571346624,0.04008829597160224,3145199.75,0.6452757094362608,0,61.91941773804456,32.73790203026738,81.249587935387,0.02086385919176743,0.04830274719526437,0.0658005960604581,-0.004827512297713606,0.1263080017829147,1
2024-07-18,4022.049072265625,4030.8565593784106,3877.078216650679,3877.078216650679,5613364,73.87336867194253,82.76362103481688,52.4586557582084,30.304965276608478,3972.151341796744,3709.3061767578124,3446.461011718881,3709.3061767578124,3629.6598486328126,3744.095583831476,3668.28797314712,3800.2539908105746,3717.4903697757577,3741.0779701937654,0.03281096727360455,0.021714130774872754,0.038233830558687794,0.03281096727360455,0.03145334487190099,0.10396108373225577,0.08834240554379491,3350415.45,1.6754232672846585,1,92.09473546834943,46.30740602540391,83.98565079763868,0.02088130932483364,0.07423781850935249,0.09643765748712588,0.012561890566412943,0.16700843520051212,0
2024-07-19,4019.1064453125,4071.7461454391314,4003.085786003565,4033.118763564657,3903354,76.4420636277999,94.09129789848885,60.78518418626449,33.30611371222436,4016.5827894194736,3733.777551269531,3450.9723131195888,3733.777551269531,3636.4103125,3770.2870944487163,3682.04556029086,3833.9235991954865,3739.8323012969977,3766.3616219805585,-0.0007316238315977497,0.021437161645993137,0.017083488673370516,-0.0007316238315977497,0.03434515807883254,0.09906276702941219,0.07248103513176618,3403256.85,1.146946637307143,0,117.82452907701827,58.6976084698731,84.75259852259127,0.021087423206080688,0.06599480215449365,0.09154174751575157,0.0006283091934950988,0.16463016235541247,0
2024-07-22,4005.04833984375,4035.5018750165095,3984.1698905744815,4016.8187805706734,1896386,72.37818774476071,100.77254859020013,68.78265706705162,31.989891523148515,4050.249950104342,3756.450927734375,3462.651905364408,3756.450927734375,3642.91662109375,3792.6453082958624,3694.712335959601,3860.2504823721424,3759.4779337819423,3787.448301296792,-0.0034978186470144834,0.02134018867900599,0.012816820194492488,-0.0034978186470144834,0.028445395749857383,0.027093511859735075,0.0711671850878064,3265966.4,0.5806507991019136,0,116.66490130777811,60.5388174514469,80.58379952301367,0.02012055602958278,0.0560039271490236,0.08399463223800546,-0.011160202658462511,0.1566419176120623,1
2024-07-23,4019.060302734375,4074.502471790674,3985.3837543169,4000.9843192418566,2365208,71.40914380461982,105.97650501982207,76.22142665760572,29.755078362216352,4079.9341016668363,3779.5429809570314,3479.1518602472265,3779.5429809570314,3650.0131396484376,3814.2086410995303,3707.431864068416,3884.6827624278703,3778.7062574080483,3801.8321813064426,0.003498575223481959,0.0213133424831684,0.0221740184921191,0.003498575223481959,-0.0007430962371541838,0.034333282963576295,0.07992152332960245,3299119.1,0.7169210714460111,0,118.25940847489483,63.39640212246832,83.94041365287833,0.02088558203413104,0.05370751338232816,0.08405506833077386,-0.014920289743795534,0.15518392532850891,0
2024-07-24,4022.702880859375,4053.389947908039,3987.0649773324767,4005.187483700336,1809793,77.39701911481279,109.13654543454231,82.80445041299305,26.332095021549264,4105.110897977906,3801.8082763671873,3498.505654756469,3801.8082763671873,3658.4094140625,3834.0652353623727,3719.7954333543357,3905.916626801948,3796.7800813674057,3812.551546599837,0.0009063258201231772,0.02071288106903407,0.016487663280116128,0.0009063258201231772,0.0008948346095858373,0.03297885699200176,0.08298857159533113,3322668.35,0.544680602865465,0,119.22791347133352,65.94668874266517,83.94472739925335,0.020867742382534634,0.049200426679535454,0.08143121118676455,-0.02007449230156561,0.14983460878224455,0
2024-07-25,4037.883544921875,4057.033715580267,3992.764056993455,4012.1942915996415,2810342,75.91522359495775,111.57963240337358,88.55948681106916,23.020145592304416,4128.196923180192,3824.02177734375,3519.8466315073074,3824.02177734375,3666.11185546875,3853.4765029394684,3732.2694769452196,3926.219229589629,3814.6395971862553,3826.8936339887628,0.003773747281891504,0.020597825673374946,0.015916669679005204,0.003773747281891504,0.008198454123878651,0.003936916823177983,0.10830728669493506,3381193.2,0.8311687128673984,0,109.38091910799267,63.981503798099766,83.06996788644678,0.020572650737022188,0.04785472075455478,0.0818842449250995,-0.021877197221673125,0.1471759902199853,0
2024-07-26,4098.9296875,4131.251522639573,4051.474367844816,4063.5718504032297,3552210,79.3709042101602,117.0919468734669,94.2659788235487,22.82596804991819,4163.832775735844,3845.6388549804688,3527.444934225093,3845.6388549804688,3675.897568359375,3876.852996707138,3746.6483087316815,3952.7900692681474,3835.6981223946805,3854.293623688328,0.01511835145788143,0.02061496912226547,0.01946292346464087,0.01511835145788143,0.019872651502961025,0.019860942543733273,0.1208911894973399,3332475.9,1.065937191023647,0,106.56590225842183,64.60274844082141,87.15949414736782,0.02126396420342788,0.05728272157378316,0.09402573973845256,-0.015587342655559451,0.16201096372336432,0
2024-07-29,4092.62451171875,4139.23873164348,4083.18945971872,4124.29225913021,1746803,80.82564192026354,119.57335362533786,99.32745378390655,20.24589984143131,4189.11670528094,3868.3386352539064,3547.560565226873,3868.3386352539064,3685.942099609375,3897.4026648034824,3760.2160029664687,3974.303060414394,3854.7297067890563,3869.2943736491443,-0.0015382493143217824,0.020499317531963615,0.013695190400260031,-0.0015382493143217824,0.01738175374375084,0.021866445656537836,0.049552396320998504,3283237.5,0.5320367472654659,0,104.75735650761999,65.50366700686754,87.621454691572,0.021409600231020034,0.05009024309401483,0.08840143983485022,-0.023034018947371025,0.15364471908797953,0
2024-07-30,4077.9111328125,4108.411183730364,4042.366283067837,4101.965609388457,1797906,79.82583936961433,118.9810995879825,103.25818294472175,15.722916643260746,4211.298353230183,3886.8520751953124,3562.405797160442,3886.8520751953124,3694.7873974609374,3914.593947471008,3772.6746355094506,3990.2427638602567,3871.261664272274,3882.568781494676,-0.0035950962186049873,0.02055991159119952,0.016195767517125134,-0.0035950962186049873,0.009913011964142626,0.01464293283633622,0.04947895575639927,3240196.65,0.5548755813941108,0,100.38530637147778,65.24277144103462,90.2186800153744,0.022123748428316378,0.04172008324056233,0.08090718834592298,-0.031673657202504195,0.14470707858800425,0
2024-07-31,4096.59521484375,4123.358654531239,4058.901983221168,4063.5727565045054,2330091,90.70356991438571,118.65164100749871,106.33687455727716,12.314766450221555,4234.524525067964,3904.473010253906,3574.421495439849,3904.473010253906,3705.252451171875,3931.927401506507,3785.377403326482,4006.6046793961787,3887.95303838868,3895.375655103866,0.004581777636327278,0.01917991336458573,0.015734205585291074,0.004581777636327278,-0.0005695322521314106,0.018368827172388524,0.051953467088819316,3241328.75,0.7188690749125648,0,97.86216614413433,65.58196997214645,88.07911098661604,0.02150056482697315,0.04187966778688511,0.08221579471673773,-0.03257256143108532,0.14608621844683853,0
2024-08-01,4107.5712890625,4128.309247535578,4077.6313604093743,4109.71966219366,2202244,90.66022913127189,117.916947003117,108.65288904644514,9.264057956671863,4251.636903190902,3925.0729125976563,3598.5089220044106,3925.0729125976563,3716.19611328125,3948.655390797554,3798.0124576690714,4022.138003960228,3904.221056957111,3907.579793448418,0.0026793162719565,0.019202223673744464,0.012337676831354559,0.0026793162719565,0.003652125256287553,0.017258482907033246,0.0212633449419104,3260381.05,0.6754560176332763,0,95.17888785808555,65.74298072385182,86.0803986519679,0.020956519703304928,0.040245572869008456,0.08150548078597195,-0.03388474072663138,0.14146480614380022,0
2024-08-02,4001.030517578125,4108.411767019476,3988.839982986167,4077.584666448389,2811282,62.149668822371225,107.49857024875837,108.4220252869078,-0.9234550381494273,4254.834597931973,3937.7501953125,3620.6657926930275,3937.7501953125,3724.7890185546876,3953.643498109989,3805.973950214525,4018.8906983629818,3911.3921281142234,3919.2556169430836,-0.025937656095724515,0.01248880944548208,0.02988524669031714,-0.025937656095724515,-0.01885294032421725,-0.023884081305523774,-0.0044974991283092125,3275045.1,0.8583948966076833,0,76.79050140285108,59.325641482843366,76.23103565422012,0.019052850339258035,0.011985658163359652,0.05125010573249082,-0.059650751283541616,0.10505380685859568,0
2024-08-05,3881.458740234375,3959.8811983653177,3839.8423368437457,3959.8811983653177,2787771,49.599830055884034,88.57248006622603,104.45211624277145,-15.879636176545418,4249.302852841975,3944.8752685546874,3640.4476842674,3944.8752685546874,3729.8450634765627,3946.7687592646926,3808.9341380584406,3997.74732018935,3909.174840123124,3922.772120068236,-0.029885245018357987,0.0150881003978192,0.03092622376151387,-0.029885245018357987,-0.05251592196120369,-0.051596663920603136,-0.03085845391174391,3331002.85,0.83691642593461,0,49.366094461210196,48.71813509197182,82.22242311862007,0.021183381976039042,-0.016547718656434594,0.01904065535060761,-0.08656575568897912,0.06620368615885658,0
2024-08-06,3896.545654296875,3977.863625691211,3886.830082040627,3896.312115658603,2203067,50.21407482126685,73.93848825223358,98.34939064466388,-24.4109023924303,4240.593201337944,3953.6214233398437,3666.649645341743,3953.6214233398437,3736.0220654296877,3941.9856064106148,3812.369883793281,3982.177833128969,3908.2393448767352,3927.7835568254027,0.0038869185716474686,0.015113292584582504,0.02336262724143821,0.0038869185716474686,-0.05137479544847745,-0.044475093401689425,-0.030483406370923838,3353212.1,0.6570019832625559,0,27.391658939606714,39.69524828383055,85.80325658623276,0.02202033908973044,-0.011527173523881846,0.022079644176561265,-0.08113193855343617,0.06269920259417229,0
2024-08-07,3923.869384765625,3965.43925930358,3905.04580700895,3949.6051583477497,1237666,38.585986566940505,63.810177002285855,91.44154791618828,-27.63137091390243,4228.732688776647,3964.092578125,3699.4524674733525,3964.092578125,3742.7912109375,3940.2602519682346,3816.742413243177,3973.2073026115313,3909.3971256092454,3931.9425010659293,0.007012295733945573,0.012095940106252005,0.015391300365171938,0.007012295733945573,-0.019285314739165393,-0.042163265106658354,-0.024568927664037732,3349805.35,0.36947400540750824,0,8.332850461727503,31.365009916694817,79.74006103473087,0.02032179290786811,-0.004159843805855723,0.0280676451077084,-0.07209330228419268,0.06066219778883779,1
2024-08-08,3897.806396484375,3953.3420670954206,3886.082939299846,3905.700184906889,2441283,36.61751040362006,53.06861012587569,83.76696035812577,-30.69835023225008,4197.297929523722,3976.81845703125,3756.338984538778,3976.81845703125,3749.172373046875,3936.2170276364386,3819.9213929781263,3961.607163207353,3908.5385530814774,3941.689487574623,-0.006642165099184805,0.012162696329994022,0.0172556358510363,-0.006642165099184805,0.004211730007727121,-0.05106786415044817,-0.03469073510395415,3338383.7,0.7312769350030075,0,-12.438363161115376,21.90893530905487,79.63997306044573,0.020431998144463247,-0.009758260503010898,0.020389163936571798,-0.07135341309291594,0.03766098121811742,1
2024-08-09,3950.305908203125,3973.566264417656,3928.633340987178,3939.3295926438254,1302536,44.4327362310003,48.23607735268115,76.66078375703685,-28.424706404355703,4153.660629539252,3991.49130859375,3829.3219876482485,3991.49130859375,3757.2792236328123,3937.558825785647,3825.034511222244,3959.868508591318,3911.632431238637,3963.1620865942764,0.013468989061668601,0.012840925172879141,0.011374542750517368,0.013468989061668601,0.013796900813151325,-0.01267788614761789,-0.03625916778960969,3159901.05,0.41220784429309903,0,-16.084672324342137,19.060561007719116,81.38482188124951,0.02060215683860013,0.003237305899787938,0.032750396529324925,-0.048957952869318644,0.03159408400367448,1
2024-08-12,3919.38525390625,3959.880942885064,3910.69779947016,3951.4735523481527,936912,40.20015947853113,41.43360116364511,69.61534723835851,-28.181746074713402,4152.502553630989,3992.490576171875,3832.478598712762,3992.490576171875,3766.026767578125,3935.828009416181,3828.734540347107,3953.640315562846,3912.206714399201,3995.864688089013,-0.007827407551568522,0.012898788836146747,0.012548688181618696,-0.007827407551568522,-0.0011427829062773398,0.009771201038088373,-0.04232962425857778,2531288.45,0.3701324517164371,0,-10.940749848511587,19.800402288666646,78.53228087704451,0.020036887366143816,-0.004177711899654376,0.02367641647752485,-0.05613899009427425,0.02267635759862503,1
2024-08-13,3920.600341796875,3955.210587370805,3907.568702638658,3935.593340716392,1495593,39.91334699406106,35.72877809896727,62.838033410480264,-27.109255311512996,4150.045577427373,3994.237939453125,3838.430301478876,3994.237939453125,3776.0130078125,3934.3777553571995,3832.3371207961177,3948.5572426757735,3912.8284645768063,4003.1451096661795,0.00031002001893387643,0.012890451943669043,0.01215168101278896,0.00031002001893387643,0.005847890580984005,0.006173336497026227,-0.038576316621968476,2363666.6,0.63274279037492,0,-7.607851053415288,19.967237002836555,77.19777474537197,0.01969029434660279,-0.003501802423919417,0.023031173463784884,-0.05528740139107872,0.02140719874119905,1
2024-08-14,4012.427734375,4022.6569101782006,3912.379680783193,3931.856896335341,3226545,47.815978024675736,38.17728390240063,57.90588350886434,-19.72859960646371,4148.789448729144,4000.145617675781,3851.501786622418,4000.145617675781,3787.241181640625,3941.811086692228,3839.399497799211,3958.3834721679623,3920.2061882655617,4006.5556010693563,0.02342176824277864,0.014507094425837067,0.027483916644840185,0.02342176824277864,0.01572582671202105,0.0225691379925137,-0.02054571566255181,2423517.8,1.331347762331269,0,1.5508347239933755,22.65708455603408,80.48402980310023,0.020058686444015646,0.01791477220234571,0.045066484140285676,-0.03286783193972749,0.041782649124435786,1
2024-08-16,4125.27294921875,4135.502123822571,4040.3118679924623,4063.572224673184,3457058,52.07566914562502,48.66245762308381,56.057198331708236,-7.3947407086244255,4163.982597996479,4005.3068115234373,3846.6310250503957,4005.3068115234373,3800.4997802734374,3959.2836450280874,3850.6102213842914,3984.058776329622,3935.3963187065383,4017.180949887953,0.028123924544980694,0.015921500049380206,0.023074898801092855,0.028123924544980694,0.05253060926003705,0.058357581058807506,0.0043095198866993645,2315702.5,1.4928765676938207,0,23.066617391648833,30.688828406165158,82.60591635523403,0.02002435169068705,0.04192407492681293,0.07132966258415985,-0.009296304167158211,0.07243791316446936,0
2024-08-19,4194.35400390625,4198.32416081418,4101.265592573427,4129.897338812813,2055210,57.29401961951308,61.833518802415256,57.21246242584964,4.621056376565619,4193.898553296473,4014.069189453125,3834.2398256097767,4014.069189453125,3814.5537841796877,3981.671298254579,3864.0903697184863,4016.411888264488,3954.5783694620727,4022.7563227673913,0.01674581428619959,0.01647504048125819,0.023140290054287492,0.01674581428619959,0.06982442438494241,0.061779543502274104,0.04831842333588243,2223295.3,0.9243981220128519,0,44.11247246893208,39.05585849624231,85.53515180637639,0.020392926235295476,0.053415435308510596,0.08546995607968265,0.00010859838500828085,0.09392061912538364,0
2024-08-20,4225.46142578125,4264.415856031023,4203.695805507033,4208.366578624263,2212298,60.336378780156586,73.929574533488,60.555884847377314,13.37368968611068,4228.111520531957,4025.08984375,3822.068166968043,4025.08984375,3827.6651220703125,4004.8894056380714,3878.261783681732,4048.5733555747593,3974.6437810412713,4033.6680764747475,0.007416498904486701,0.016456303299965905,0.014370040193365184,0.007416498904486701,0.05309346498160261,0.07809290285254544,0.0886271653440538,2239090.9,0.9880340275600246,0,69.06139622189039,49.52724333462493,85.82207691082252,0.020310699415497513,0.05507568319680888,0.08952455029219622,-0.0006267797662946076,0.10554318792623979,0
2024-08-21,4251.8046875,4259.745001647808,4196.736091046363,4220.510508211579,1896990,60.757490535937045,84.66549577575552,65.37780703305296,19.287688742702557,4263.577035894411,4036.7270629882814,3809.8770900821523,4036.7270629882814,3840.1187646484377,4028.4051467677787,3892.910525007939,4079.8397143324883,3995.1742185567327,4042.726078825222,0.0062344106511111885,0.016477000099988898,0.014819333255520047,0.0062344106511111885,0.030672331222401317,0.08447796684916087,0.09117281426213153,2215680.0,0.8561660528596187,0,94.02739141057918,60.573404211821526,85.71866543163492,0.020160536932385825,0.05545607569076503,0.09219173165849448,-0.002761143587954753,0.11599523737085135,0
2024-08-22,4205.564453125,4260.633055059924,4201.08069302378,4259.745425644158,1829872,56.47532478259635,88.4233014624242,69.98690591892722,18.436395543496985,4284.760908261888,4045.8701416015624,3806.9793749412365,4045.8701416015624,3852.3046630859376,4045.2774616589427,3905.171463365471,4099.181981839029,4010.7586803766044,4051.0279498130176,-0.010875437084620354,0.016877149955644193,0.014160373167481123,-0.010875437084620354,0.0026727475097021447,0.04813462859290207,0.07179012366034732,2216683.95,0.8254997289983536,0,103.46637496671474,65.77196556625995,86.35255649663064,0.020532929041775887,0.03962323795716219,0.07692184391326334,-0.0184832845595145,0.10469851263376385,0
2024-08-23,4169.9736328125,4209.3016421778575,4161.65974609462,4203.696713226888,1809253,62.31873686444193,87.52062450867561,73.4936496368769,14.026974871798714,4297.656552092974,4052.474645996094,3807.292739899213,4052.474645996094,3863.9017626953123,4057.153287483091,3915.5558621673154,4110.073005065717,4022.552380557041,4057.839792649098,-0.008462792737857994,0.015232558016199198,0.011424987368830238,-0.008462792737857994,-0.013131771273593107,0.010835812355692864,0.0698257452123856,2166629.5,0.8350541705446178,0,97.86964245500349,64.94564078302392,81.2147073573398,0.019476072155056614,0.027807760105460218,0.06497615654099258,-0.029709893690386294,0.0952595236800436,1
2024-08-26,4205.984375,4252.411582886306,4189.683195499672,4193.419813734232,1844164,76.94701687907245,88.68866473925755,76.53265265735303,12.156012081904521,4311.796472700771,4057.8273803710936,3803.858288041416,4057.8273803710936,3876.6002685546873,4071.3276767704156,3926.9452156117345,4124.828600440222,4036.139935700964,4061.772116508937,0.008635724193587269,0.011947409941180584,0.014914079985528616,0.008635724193587269,-0.010776673875615317,0.0027728634929047313,0.06472371323596438,2081227.2,0.8860945119302689,0,89.65637851583642,62.85484589324824,75.58969088158457,0.017971938110584295,0.033074394625097085,0.07105756359394413,-0.02454014199665918,0.10571531758235828,0
2024-08-27,4201.033203125,4213.0371807751935,4191.364611938651,4208.366407847505,930697,75.71601596924589,88.19813366220069,78.86574885832256,9.332384803878128,4324.856550282077,4063.2478149414064,3801.6390796007363,4063.2478149414064,3888.3329931640624,4083.6805840422803,3937.6937641416666,4136.552385468649,4048.3542518064482,4063.1148070587783,-0.001177173149864541,0.01208621895754677,0.005158866352310858,-0.001177173149864541,-0.001077441577820304,-0.0057811964646520275,0.07186023597400792,2040421.9,0.45612968572823104,0,78.79117840420895,59.43198045993449,70.2516682658493,0.016722473941313192,0.02873697309757679,0.06687656652770095,-0.02863062525137407,0.10505840116895308,0
2024-08-28,4209.34765625,4262.080872178137,4163.807614054124,4202.528509306607,1848058,74.91040877288884,87.47196872391123,80.5869928314403,6.8849758924709334,4339.459651491965,4069.8196411132812,3800.1796307345976,4069.8196411132812,3901.0912939453124,4095.6488766334915,3948.3468579498367,4147.751657896549,4060.2796891726375,4069.260366072775,0.0019791448253290156,0.012111197248848694,0.02334643421008414,0.0019791448253290156,0.009442271559626958,-0.00998564947604974,0.0736487500077061,2042929.5,0.9046117352556708,0,67.2437298657128,55.43633294189749,72.35021491708555,0.017187987504348953,0.02776087087571964,0.06610381703792025,-0.02998345547405439,0.10767070645981747,0
2024-08-29,4214.71875,4256.008567811444,4166.329721782055,4166.329721782055,2133641,78.68929560468462,86.33466784663187,81.73652783447861,4.598140012153266,4352.90461409647,4075.7258178710936,3798.5470216457165,4075.7258178710936,3914.2729638671876,4106.988864573159,3958.7928145008236,4158.054287450926,4071.7196196042937,4075.4111335379457,0.0012759919561466937,0.011698703329272388,0.021277539819089756,0.0012759919561466937,0.0020766541720689258,0.002176710635880985,0.050416114386795385,2033107.0,1.049448455000155,0,61.71140291421625,53.6213511353526,73.95162336235805,0.01754603990179844,0.026230868643476946,0.06464746893591775,-0.03174566785795588,0.10956076783642854,0
2024-08-30,4253.90625,4289.871199903925,4192.298575439788,4203.695443315948,3637222,78.16297810142275,87.58581766817542,82.90638580121798,4.679431866957444,4371.266470267976,4083.0425659179687,3794.818661567961,4083.0425659179687,3928.4881640625,4120.980996518572,3970.3658904027525,4172.800743227706,4085.214925559531,4088.572780899755,0.009297773427942246,0.011536575401397475,0.022937182610485912,0.009297773427942246,0.012585724586910985,0.020127853213999902,0.031181767210242572,2104855.9,1.7280147301295068,1,63.82770903548135,54.81002823543713,75.50967740027636,0.017750667965537877,0.03225573075773067,0.07141416368769109,-0.026848104792106434,0.12097747728539708,0
2024-09-02,4223.359375,4285.901206487449,4214.905458515991,4274.691351544587,1216500,78.21721863189738,85.13114652929107,83.35133794683261,1.7798085824584575,4386.189347959161,4094.1590087890627,3802.1286696189645,4094.1590087890627,3942.3617724609376,4130.731318278708,3980.287203524213,4180.578994269597,4095.4478477403063,4097.036586114129,-0.007180899908172611,0.011480869212877163,0.01681025498131037,-0.007180899908172611,0.003328715015780581,0.004131018675027853,0.00691533691880486,2025116.8,0.6007060926066091,0,59.40364150829282,53.341987912478544,77.06772058288733,0.018247966545088846,0.022424130156180208,0.06106900307610134,-0.03712333418413038,0.11078812475413928,0
2024-09-03,4215.232421875,4255.914670528628,4199.865396904255,4223.35929287244,1717263,77.00350272023572,81.58951166658335,82.99897269078276,-1.409461024199416,4389.542126111179,4110.847692871093,3832.153259631008,4110.847692871093,3955.6348046875,4138.779042430737,3989.5007414987535,4185.910290824275,4104.3207791576915,4116.925181797246,-0.0019242864277918548,0.01157238608344858,0.013296840604448005,-0.0019242864277918548,0.00012187571827904087,0.003379934902546733,-0.0024208016298146173,1971591.4,0.871003494943222,0,55.09845838845649,51.80697735708691,77.66824836090349,0.018425614672596267,0.018472447709931752,0.05658143587446605,-0.039710224717812354,0.09996446809146617,0
2024-09-04,4184.31201171875,4191.551709902781,4144.563915753981,4182.163638580721,1265505,67.73329356991226,75.41834608742192,81.4828473701106,-6.064501282688681,4386.514832329919,4125.236010742187,3863.957189154455,4125.236010742187,3968.17666015625,4143.115515696261,3997.14039915444,4185.664401731117,4110.246055643695,4130.030885051327,-0.007335398635621604,0.010747504023809274,0.01122951491600158,-0.007335398635621604,-0.016360078053259897,-0.005947630506137336,-0.01587388902873965,1924713.3,0.6575031200750782,0,47.4666390627699,48.793541204603116,74.8390538413329,0.017885629377478465,0.00994336167225245,0.046826379329558875,-0.046096463443112995,0.08290848135260984,0
2024-09-05,4181.2294921875,4202.761573408929,4160.864648093675,4185.946790496868,1688793,57.4633699037308,69.47801997490296,79.08188189106907,-9.60386191616611,4382.425417059431,4138.104016113281,3893.7826151671316,4138.104016113281,3980.253310546875,4146.745418219236,4004.359579273383,4184.982107955177,4115.504087980274,4138.578645672633,-0.0007366849132227626,0.007980633465106834,0.010020240552099983,-0.0007366849132227626,-0.009975443496920033,-0.00794578708543725,-0.005786372128815609,1947269.65,0.8672620147908124,0,39.75655364607701,45.56676477255951,69.04066354616738,0.016512048352085855,0.008315937076038967,0.04416933829559109,-0.04590972024047177,0.07382201458825674,0
2024-09-06,4163.2939453125,4221.398549910421,4147.646854139788,4179.361588550896,1649179,45.202768639978764,62.60139013632033,75.78578354011933,-13.184393403798992,4368.007546798066,4151.378393554687,3934.7492403113088,4151.378393554687,3991.6469189453123,4148.321468418594,4010.592299510211,4181.645467548611,4119.044077412291,4154.730346107354,-0.004289538976158136,0.006656960248281709,0.017714746241655806,-0.004289538976158136,-0.012321616310636774,-0.021300964187327853,-0.0016018536538071615,1907664.45,0.8645016160992045,0,27.34047190002184,40.226409107458494,67.37588694115883,0.016183312498753086,0.003609285588856165,0.03807458709301804,-0.04686658603317425,0.05808367726709549,0
2024-09-09,4156.56787109375,4194.588149910487,4138.7724064759,4161.659196670836,1184938,38.49271854162044,55.96375810133304,71.82137845236207,-15.857620351029027,4356.561753053243,4161.691491699219,3966.821230345196,4161.691491699219,4001.446513671875,4149.106840101942,4016.3168317291734,4177.787375786324,4121.823617684991,4161.980024898547,-0.0016155655370726496,0.006255207007632522,0.013428324801995706,-0.0016155655370726496,-0.006630514298957335,-0.01581478107253187,-0.011749093553456214,1901784.55,0.6230663720556568,0,18.375521823233612,36.02962820496032,66.35830774900263,0.01596468764782644,0.0017982258060206247,0.034920312624886554,-0.04590635764988972,0.0478334237240235,0
2024-09-10,4211.02880859375,4241.01526179445,4148.066881218769,4149.935190376069,1385591,43.77401591592622,54.47003276792293,68.35110931547425,-13.881076547551316,4335.116557004473,4176.273669433594,4017.430781862714,4176.273669433594,4012.89451171875,4155.004170434495,4023.952595527784,4182.901442372082,4128.431409604159,4168.998133627782,0.01310238138507036,0.0070925960994988645,0.022072606196850354,0.01310238138507036,0.0071269267716420615,-0.0009972435350030784,0.0023793207493134627,1924218.5,0.7200798661898324,0,16.225128003758073,34.45185402903053,68.496841318591,0.016266058588534128,0.013483653893275525,0.04649066027116776,-0.028623855155688525,0.04818951146714537,0
2024-09-11,4184.40576171875,4249.796587828451,4176.839017757158,4223.733764076483,1325919,46.56345315342608,50.55521820877948,64.7919310941353,-14.236712885355814,4293.148852195455,4189.463940429688,4085.7790286639197,4189.463940429688,4022.4297802734377,4157.804321985376,4030.244876554881,4183.132876117723,4132.577657908943,4179.6136516089955,-0.006322219126278172,0.006680811250307566,0.017435586849332135,-0.006322219126278172,0.005070940626236586,2.2405116955281912e-05,-0.005925358646539092,1915734.8,0.6921203289724652,0,14.688806289114837,33.10447740044128,69.45435617824452,0.016598379825793007,0.00639795374513235,0.03825099711947234,-0.025329447969430537,0.024139027676952463,0
2024-09-12,4220.23046875,4234.149281228469,4139.519145451951,4213.270834445676,2742216,58.156404924621846,49.76973934916532,61.7874927451413,-12.01775339597598,4262.280162447467,4199.854077148438,4137.4279918494085,4199.854077148438,4031.950859375,4163.749669296292,4037.695291935082,4188.84019806115,4139.070458711984,4197.7567840176725,0.008561480188894244,0.006637719396801172,0.02242297819449338,0.008561480188894244,0.015316145346496723,0.00932763356696209,0.0013077310911908668,1891518.35,1.4497432710605211,0,17.004251077056324,33.335712661698835,72.8106590134788,0.017252768433531726,0.01356488836737715,0.04520776423607669,-0.009865539592620603,0.020013031541264173,0
2024-09-13,4224.80712890625,4247.600406919028,4208.365918885027,4231.719780810027,1458786,53.40193266557825,48.95224886649976,59.220443969413,-10.26819510291324,4257.297886801665,4204.830786132812,4152.363685463959,4204.830786132812,4042.535537109375,4169.564665449621,4045.0330110319906,4194.373572037319,4145.421323170819,4208.3408083832055,0.0010844573987460748,0.006254448047162961,0.009286693294365352,0.0010844573987460748,0.003271960591763712,0.014775123832658554,-0.0068405647382919765,1791604.75,0.8142342779566755,0,21.243197031027194,34.440711521779576,69.72469743920699,0.016503640358431663,0.013248976305460815,0.04444317694910344,-0.007631779302111341,0.01744631466070551,0
2024-09-16,4216.07373046875,4246.713822399725,4198.511804432986,4228.918357687261,1155120,52.681688463420286,47.05722312732905,56.78779980099621,-9.730576673667159,4258.369934736288,4205.916772460938,4153.463610185588,4205.916772460938,4051.907314453125,4173.994100213348,4051.7404902255894,4197.712057949847,4150.654834822518,4211.311325905567,-0.002067170919530459,0.006275510950771246,0.011432916274303522,-0.002067170919530459,0.007568092234198742,0.014316104348692349,-0.0017250827799256685,1746600.25,0.6613533921113317,0,24.88726011140625,35.42365849641601,71.61965809136395,0.016987287858317685,0.01008138230316399,0.04055867858259871,-0.009932487058609059,0.015074194975399044,0
2024-09-17,4208.97314453125,4237.137811566093,4171.934009719351,4216.07280997892,1699364,49.932935199839115,44.46982319276685,54.32420447935034,-9.85438128658349,4256.764589302049,4205.092358398438,4153.420127494826,4205.092358398438,4061.3076318359376,4177.325437767434,4057.906476668949,4199.444532808524,4154.974709615757,4209.772056220707,-0.0016841702473525677,0.0062752960033490325,0.015491617458158824,-0.0016841702473525677,-0.002667466694558085,-0.0004881619565995088,-0.0014849186752472487,1720953.55,0.9874548909236974,0,22.321267332938987,33.95388114116486,69.25755407155891,0.01645473888602634,0.007576069242220737,0.03722773522033178,-0.01122717589102925,0.013375246262393142,0
2024-09-18,4059.9755859375,4200.939412128952,4036.481690927281,4200.939412128952,2961779,31.702044615246038,30.050034260001667,49.46937043548061,-19.419336175478946,4274.600451685798,4195.500903320312,4116.401354954826,4195.500903320312,4068.0746923828124,4166.149261402678,4057.9876182088924,4177.987771751444,4147.937737491442,4199.12987779599,-0.03539997844541809,0.01132815342440052,0.040507071464001475,-0.03539997844541809,-0.0390151639919768,-0.029736641919291373,-0.029714903055276132,1774193.0,1.6693668614406663,1,8.344939417302157,27.742741654011297,75.17274032688604,0.018515564622423143,-0.025484846750169318,0.0004898900429580527,-0.050209339603577575,-0.013707547965265281,0
2024-09-19,4013.268310546875,4131.018774987293,3999.863100420091,4100.985338817707,2927551,22.042416317546582,14.684091797073052,42.5123147077991,-27.828222910726048,4299.188728326902,4185.886096191406,4072.5834640559106,4185.886096191406,4074.0511328125,4151.589170844983,4056.2339198692057,4152.64631618151,4137.962224384437,4185.873931666539,-0.011504324201456861,0.011006104282607333,0.032680514836878616,-0.011504324201456861,-0.04810291111757359,-0.04904048718088749,-0.04017028530829392,1829076.95,1.6005619665154056,1,-12.16049845130965,18.538627934123724,77.57152961996209,0.01932876738295917,-0.03331756939474694,-0.010592488049534414,-0.06650566789406734,-0.014564502859804679,0
2024-09-20,4002.7587890625,4045.543341654271,3949.13840846222,4032.651735028388,5447908,23.11881058516373,1.639541523409207,34.33776007092112,-32.698218547511914,4317.346611749894,4177.525354003907,4037.70409625792,4177.525354003907,4081.2405322265627,4137.414848770461,4054.1368559160014,4129.5866966247395,4127.94715510133,4160.831574840598,-0.0026186939599218695,0.010975162628604518,0.024084622199937837,-0.0026186939599218695,-0.04899398223452334,-0.05255821936213112,-0.03855964972897197,2011009.7,2.709041134908499,1,-32.14981667916072,9.103844884010869,79.38647142143304,0.019832939131469978,-0.03254594103561481,-0.01267299765140586,-0.07286601030161116,-0.008654746945871209,0
2024-09-23,3987.43896484375,4025.645797282258,3972.9595683449616,4016.864835147739,1702319,22.72052692330631,-9.82132619589629,25.50594281755764,-35.32726901345393,4329.335999507538,4166.598083496094,4003.86016748465,4166.598083496094,4087.852333984375,4123.1314312536315,4051.5212523445407,4107.717814812279,4117.539141008176,4151.26296893302,-0.003827316365055844,0.010962350645614715,0.01321304962955368,-0.003827316365055844,-0.017866270266499784,-0.05422930912538382,-0.040689557224887984,2003917.45,0.8494955717861532,0,-50.86266895971676,-0.21923788104868436,79.14625394378471,0.019848894150254686,-0.032910051176473026,-0.015816845947360502,-0.07897216448496461,-0.004101342692798461,0
2024-09-24,3990.054443359375,4008.457471813482,3960.8155862244616,3971.698396314348,3012026,25.044833921605402,-18.480072405548526,16.708739772936404,-35.18881217848493,4335.846409562318,4156.049145507813,3976.251881453308,4156.049145507813,4089.6654248046875,4110.45743240656,4049.1107892470836,4089.6157576656788,4108.095830071227,4138.371763824688,0.0006559294170229713,0.01097796369433611,0.011940159279859018,0.0006559294170229713,-0.005784279891402733,-0.05201237775924461,-0.052475149251749786,2107983.9,1.4288657517735313,0,-66.86800536087412,-8.795687421865296,77.50149533435622,0.019423668632727938,-0.029291871045284638,-0.014585016059461768,-0.07975189467973996,0.0034712493870036197,0
2024-09-25,3993.277099609375,4007.149385684038,3960.815229509036,3972.352129245545,2713073,25.863514404081783,-24.796313268888298,8.407729164571464,-33.20404243345976,4337.119040960005,4145.245617675781,3953.372194391558,4145.245617675781,4091.8179052734376,4099.29740071159,4046.9212327907035,4074.7944256570163,4099.590738925905,4125.6799185010905,0.0008076722500274247,0.011013759767694288,0.011603040565237652,0.0008076722500274247,-0.002368788616249784,-0.01642829739152818,-0.045676416913943974,2151234.65,1.2611701842939356,0,-66.8518606910884,-11.06638541818893,77.81844039576683,0.0194873629990213,-0.025863042062723007,-0.013255541705795985,-0.07927888031279902,0.010093890293058677,0
2024-09-26,4009.858642578125,4032.5584170310394,3979.498617910964,3979.498617910964,3964251,30.227372116948615,-28.139611790876643,1.0982609734818425,-29.237872764358485,4333.033940981871,4135.002612304687,3936.9712836275035,4135.002612304687,4094.1295947265626,4090.7794237464977,4045.4677978804066,4064.8043051833406,4092.9439169742172,4111.095358905745,0.004152364725796831,0.01118068349166031,0.01323233656086206,0.004152364725796831,0.005622575776593308,-0.0008495988069846527,-0.04984842124846933,2242765.15,1.767572944496663,1,-60.80974709848488,-10.766121988799114,76.34044777786984,0.01903818926863392,-0.019781262391865236,-0.008802234273361102,-0.07458406806998466,0.018513561237729816,0
2024-09-27,4024.992919921875,4089.7296643169966,4016.912116096614,4049.561008408904,3012477,33.404077761388436,-29.23103310357783,-4.967597841930092,-24.263435261647736,4319.0977212660755,4123.556945800781,3928.0161703354875,4123.556945800781,4094.1884716796876,4084.514042429867,4044.664861489876,4058.679476681577,4087.9105097851548,4095.4763940271246,0.0037742670484810503,0.011309964609531263,0.01809134815119023,0.0037742670484810503,0.008756390936130787,0.005554701652302763,-0.04729546293776121,2211527.9,1.3621700182936873,0,-52.90080634059359,-9.471994426125548,78.05868194246162,0.019393495465819786,-0.014572387777269836,-0.004863676532338108,-0.06809403730230681,0.0246884802355854,0
2024-09-30,3987.43896484375,4015.697141881708,3979.545175913305,4004.6273184936954,2503416,20.54156046509533,-32.748775185532395,-10.523833310650552,-22.224941874881843,4310.391279415653,4111.760925292969,3913.130571170285,4111.760925292969,4093.5551220703123,4075.2687969454746,4042.420708680224,4047.719397937296,4080.4681731228284,4086.0081310687924,-0.009330191586735537,0.010532280251140443,0.009066462530748677,-0.009330191586735537,-0.0014619908961980288,0.0,-0.05422930912538382,2275873.7,1.0999801966163587,0,-47.862634308156885,-9.100543664316774,74.66577933052508,0.018725246953955797,-0.021551911414421417,-0.013601192898703622,-0.07492412953649183,0.018989500176898527,0
2024-10-01,4005.5615234375,4012.894728466357,3963.571546741507,3975.3415301068494,1823365,25.897002927055254,-33.68596131422328,-15.156258911365097,-18.52970240285818,4299.044096514258,4101.277380371093,3903.510664227929,4101.277380371093,4093.5653857421876,4068.6300089923343,4040.975250435411,4041.2335710911734,4074.9195324053967,4077.149759923741,0.004544911847813138,0.01073355879782825,0.012313674733554334,0.004544911847813138,-0.0010716385597727696,0.003886433204923545,-0.04832808718631154,2281178.8,0.7993082348477025,0,-41.82742341422545,-8.135538811672632,72.97760873435057,0.018219070736360206,-0.015501160197767476,-0.008763658474299045,-0.06826693713486653,0.026143353506056247,0
2024-10-03,3954.042724609375,3997.247373127048,3932.790708311492,3981.927329527354,3350119,15.58161221138468,-38.14610008151794,-19.754227145395667,-18.391872936122276,4293.885937412879,4089.763916015625,3885.641894618371,4089.763916015625,4092.2650341796875,4057.7169342891957,4037.5661317755666,4027.819594709358,4065.965694790876,4066.4637590486886,-0.01286181688302035,0.010473122674762563,0.016301458862441543,-0.01286181688302035,-0.017627408724454896,-0.00982510705401285,-0.026091994664954044,2385409.5,1.404420918085553,0,-41.58046642239424,-9.355101015136825,71.41622868788558,0.018061572335423076,-0.025549887130799004,-0.02068657315823611,-0.07914584079712739,0.017603482731061548,0
2024-10-04,3972.259033203125,4014.996607609391,3945.915690133416,3946.803319485732,2965463,18.457805285750965,-39.75264458309948,-23.75391063293643,-15.99873395016305,4285.110672750187,4079.315393066406,3873.520113382625,4079.315393066406,4091.2561572265627,4049.578086566713,4035.0050690864514,4019.2718160160916,4059.024460599191,4057.121530160668,0.004607008538469959,0.010660596548235002,0.017390839041096007,0.004607008538469959,-0.003806937679664224,-0.009376791734190815,-0.010218424030104756,2449243.0,1.2107671635684985,0,-41.20133717978479,-10.462728793955193,73.54811650516947,0.018515438165134516,-0.019093113334465936,-0.015550423062425657,-0.07300899870254085,0.025490746641373303,0
2024-10-07,3991.50244140625,4014.295721663981,3950.913242930845,3992.483121251643,1472619,22.66950159732258,-39.02322501020717,-26.807773508390582,-12.215451501816588,4276.102833249255,4070.7258178710936,3865.3488024929325,4070.7258178710936,4090.32853515625,4044.047072741907,4033.299083687228,4014.9996045376547,4054.022829547862,4050.8970809737243,0.004844449478816459,0.010930535710003126,0.015879353617733377,0.004844449478816459,-0.003509890423349371,-0.008320630416481567,-0.002812147383701391,2440415.0,0.6034297445311556,0,-40.466969687960045,-11.365777802647699,74.63243513134064,0.018697830259887506,-0.012993081037514021,-0.010362891869344791,-0.06655602143850868,0.03263706468920878,0
2024-10-08,3973.19287109375,3997.6209215426975,3927.139233867937,3991.268853004708,1541867,22.067439180715525,-39.467625825488994,-29.339743971810265,-10.12788185367873,4267.170993618578,4061.5570678710938,3855.9431421236095,4061.5570678710938,4087.813798828125,4037.2990535373206,4030.9419773110135,4008.5677993924387,4048.0354252179277,4045.524872330574,-0.004587137445430045,0.010913898970430571,0.017739306890319193,-0.004587137445430045,0.004843181477323766,-0.003572742774398341,-0.003572742774398341,2458261.45,0.6272184758866881,0,-37.969743408154045,-11.478731369210436,75.0094269761991,0.018878878878978336,-0.015878482518505356,-0.01432645434797033,-0.06889297920436353,0.03040753575675568,0
2024-10-09,3972.9130859375,4012.1941053785968,3967.0746195443417,3979.498693576909,1082504,34.07402776041016,-39.38834863254169,-31.34946490395655,-8.03888372858514,4246.198937714189,4049.6512817382813,3853.1036257623737,4049.6512817382813,4085.4195703125,4031.167056623052,4028.6663345120523,4003.08245886091,4042.4708074934515,4039.781654854051,-7.041821661502023e-05,0.006155348760777232,0.011356776465601468,-7.041821661502023e-05,0.00016465510655461202,-0.008150776691099648,-0.0042960209353541945,2443107.1,0.4430849552195235,0,-37.46295236928245,-12.308915923358654,65.91142927836238,0.01659020166126012,-0.01445089470798359,-0.013839132840795344,-0.06436011496055907,0.0310942740740384,0
2024-10-10,3949.045166015625,4011.119923228477,3922.141695298244,3973.1931542704974,2378875,37.180784187596856,-40.781360413800485,-33.235844005925344,-7.545516407875141,4228.555332114034,4037.883251953125,3847.211171792216,4037.883251953125,4082.8422509765624,4023.3459241842493,4025.5439357474866,3994.7690291924046,4035.550389606205,4031.6623091928636,-0.006007662238159184,0.005622394080354971,0.022531580214871873,-0.006007662238159184,-0.010636915801476188,-0.0012639111263633707,-0.011076600118252955,2495754.9,0.9531685182707645,0,-34.371010104946436,-12.022196028080089,62.89875451857889,0.015927585498354876,-0.018467404883583075,-0.01900333742541971,-0.06610062873616701,0.02646956189201583,0
2024-10-11,3875.994140625,3962.636972886771,3841.663961804298,3870.202200113397,5759183,29.75245671502107,-47.2354387873861,-36.0357629622175,-11.199675825168605,4204.045022945997,4020.671435546875,3837.297848147753,4020.671435546875,4078.4302294921877,4009.3124209881303,4019.679237899546,3976.495969412804,4023.73140820019,4008.006763500326,-0.01849840209964715,0.007296792069454172,0.0312108343546067,-0.01849840209964715,-0.024463632555042025,-0.02423429382964981,-0.033383845637774745,2646603.25,2.176065868580793,1,-40.265665578582684,-15.325831186905361,64.6536172250376,0.016680525016122,-0.033252155572918114,-0.035745413693662687,-0.07803220006695219,0.010084255642528637,0
2024-10-14,3864.2705078125,3891.1274523744905,3850.772247615099,3867.4000169266274,2137590,30.098227176974603,-52.68897587096626,-39.36640554396725,-13.322570326999013,4171.861644056352,4002.6446044921877,3833.427564928023,4002.6446044921877,4073.5642138671874,3995.498905447594,4013.5847778961324,3959.2305137819876,4011.919489652954,3996.496320971215,-0.0030246776406658293,0.007286771101192516,0.010443162474729564,-0.0030246776406658293,-0.027345823020783033,-0.03187569980514027,-0.0399311043042766,2680543.45,0.7974465028723933,0,-48.54816729431286,-19.71430579109574,63.77282978375869,0.016503200191298056,-0.032844057961365726,-0.03720222154168648,-0.07372994660119583,0.008045787317506313,0
2024-10-15,3845.7275390625,3895.378221785948,3825.3631508944272,3859.039242334843,2759474,27.821002184272785,-57.84045712310444,-43.061215859794686,-14.779241263309757,4135.072798722052,3984.127294921875,3833.181791121699,3984.127294921875,4070.458154296875,3981.2349657918708,4007.0021410791273,3941.768517671297,3999.6089747944015,3984.7644449301356,-0.0047985690216332255,0.007267322072059784,0.018205936374938513,-0.0047985690216332255,-0.02616268556314516,-0.032081335129387045,-0.035539459545508856,2760761.15,0.9995337698808171,0,-56.0640877454498,-23.939836231886147,65.37091444822302,0.016998321847875617,-0.03403653084876849,-0.0402481946199296,-0.0699734378918248,0.0032729331986964664,0
2024-10-16,3825.31640625,3844.0462519484536,3799.393615608063,3816.0216134166303,2359151,25.48426249346987,-62.845605939616235,-47.01809387575899,-15.827512063857242,4091.0456762838503,3964.9444580078125,3838.8432397317747,3964.9444580078125,4069.3353076171875,3966.3855791688356,3999.8772103015144,3923.852808221867,3986.698414161483,3971.2019664049144,-0.005307482811815589,0.007230207231321535,0.011672926262370004,-0.005307482811815589,-0.013074770635960853,-0.037150744678994485,-0.04499871394630761,2793750.5,0.844438685559072,0,-64.7814774542162,-28.78912421053792,65.3708978253255,0.017089017190452308,-0.0355661773428485,-0.04364154069578448,-0.06495387513620444,-0.0035236743563198587,0
2024-10-17,3838.441162109375,3858.0118829761873,3823.447935515133,3841.990767054733,2522659,24.72464890845916,-65.00384051716537,-50.61524320404027,-14.388597313125103,4083.685828566171,3953.8677368164062,3824.0496450666415,3953.8677368164062,4068.1732177734375,3954.2003965917443,3993.546384882215,3910.712554973791,3975.7163954909565,3958.3950600376565,0.0034310249050069075,0.007177385406219508,0.009004683412174563,0.0034310249050069075,-0.006684145338921033,-0.028007783972206046,-0.02923629574878217,2771794.5,0.9101176151406607,0,-69.145527592505,-31.997550865271478,64.04976556396686,0.016686400249201417,-0.02927500451978761,-0.03883896863199067,-0.060054734069223015,0.0037634231713753654,0
2024-10-18,3860.962646484375,3882.594355633152,3820.6493600312456,3830.013696697989,2361000,26.32954061831495,-64.15739488826875,-53.32367354088597,-10.833721347382784,4079.22936286818,3946.2524536132814,3813.275544358383,3946.2524536132814,4066.9150830078124,3945.320610867233,3988.3470225921037,3903.0587228984964,3967.216117786765,3949.1511010327367,0.005867351725309167,0.007351104783226465,0.016043925122743944,0.005867351725309167,0.003961567029157953,-0.0038781003260756064,-0.02801841113292236,2743466.95,0.860589918898057,0,-63.9918101208973,-31.33221530744231,62.769335125612216,0.016257431338468725,-0.021381776718094145,-0.03193914054773979,-0.053506850673956156,0.012505548463851159,0
2024-10-21,3820.508544921875,3876.788293233767,3811.2845829224775,3869.905415130514,1595450,26.110988050375553,-65.99019464966614,-55.856977762642,-10.133216887024133,4078.525107328658,3937.13994140625,3795.7547754838415,3937.13994140625,4065.3691259765624,3933.4337474438657,3981.765121506997,3890.358695517478,3956.348890167144,3940.279724990812,-0.010477724149788314,0.007433743933330323,0.017145285644853597,-0.010477724149788314,-0.0012568532423278267,-0.011324766939102782,-0.042839481872929075,2550844.05,0.6254596395259836,0,-62.06515800372836,-31.819656389135616,64.20190414723503,0.016804544052799096,-0.028709064337329938,-0.0404987666686101,-0.06326222240072911,0.006521435367193379,0
2024-10-22,3760.2490234375,3829.826083840269,3751.680747667948,3807.538919013043,1928049,18.672132415114206,-71.48115122330728,-58.98181245477507,-12.499338768532212,4085.471610789755,3925.7804443359373,3766.08927788212,3925.7804443359373,4061.56798828125,3916.9399642051644,3973.07821570035,3870.341822889789,3941.8229741130963,3932.4416649096734,-0.015772644080189413,0.007815820124599715,0.02078195770685504,-0.015772644080189413,-0.02037080558736648,-0.022226877686149837,-0.053595144903607506,2562130.55,0.7525178605750593,0,-64.29500158670635,-33.92392537877731,66.26062946491155,0.017621340781398084,-0.04000340628132669,-0.05356783348030157,-0.07960466216270846,-0.0015507477422054522,0
2024-10-23,3807.77294921875,3852.066073545192,3741.192431901251,3745.359744124965,1966476,31.127919305546897,-71.1775003144271,-61.420950026705476,-9.75655028772163,4081.6316424363854,3916.666369628906,3751.7010968214267,3916.666369628906,4059.3357421875,3906.54310563503,3966.5956562304837,3860.715842325014,3931.893342639441,3924.0264478139907,0.012638504919497473,0.008639095992735863,0.029117713456809247,0.012638504919497473,-0.013776278647517404,-0.004586145345411574,-0.04156651130961786,2509853.05,0.7835024444957047,0,-59.84247353380579,-33.28155407103077,68.9822599304782,0.01811616943826219,-0.025283262911858805,-0.04004005469079379,-0.06709539645134786,0.01494571421076943,0
2024-10-24,3790.589111328125,3819.7122849196376,3749.479771713221,3749.479771713221,2676744,26.497891468089023,-71.49924806296804,-63.436609633957985,-8.06263842901005,4076.5081115356306,3906.5319702148436,3736.5558288940565,3906.5319702148436,4056.735517578125,3895.4998680819913,3959.693438783332,3849.927114479339,3921.426362542307,3913.2821336508473,-0.00451283154741422,0.008389707207142093,0.018528126141798815,-0.00451283154741422,-0.007831269906075189,-0.012466532313589851,-0.0401251563418743,2508036.6,1.0672667217057359,0,-58.700528509752985,-33.85294609888297,69.06451676836686,0.018219995557410447,-0.026931269492128283,-0.042706419087626804,-0.07013821446801911,0.014460718615854653,0
2024-10-25,3799.626220703125,3831.8863126796623,3776.355754164089,3799.1580039005,1759676,24.50426169817821,-70.21561437663377,-64.79241058249315,-5.423203794140619,4065.0915116119627,3896.0203491210937,3726.9491866302246,3896.0203491210937,4052.4794873046876,3886.369044522099,3953.4162929762656,3842.1885154368447,3912.4041298134784,3901.449330267627,0.002384090997357813,0.008230109318540405,0.01461474242203155,0.002384090997357813,0.010471965292774055,-0.015886303856656125,-0.01970279550256515,2397807.85,0.7338686458967093,0,-58.95156634513387,-34.93072961583812,68.50366532425525,0.018029053739811958,-0.022319759864606666,-0.03890055103642076,-0.06530364449374244,0.019500409164046686,0
2024-10-28,3830.80908203125,3871.216096182637,3793.492115538428,3810.301051170324,1532534,31.706457149740018,-65.9222188255344,-65.0183722311014,-0.9038465944330056,4046.253411691083,3886.3111572265625,3726.368902762042,3886.3111572265625,4046.5902099609375,3881.0776195229705,3948.6081670568533,3840.4378333744453,3906.3600521999797,3889.9220607963634,0.00820682338652623,0.008789178925377426,0.020289181470509763,0.00820682338652623,0.006049765340453428,0.0026961167573009703,-0.008659183075719001,2323810.7,0.6594917563638036,0,-52.35612792089523,-33.15695445014353,69.02097196493014,0.018017335368833477,-0.012952211323693933,-0.02983306523255418,-0.05324538721112638,0.028027332235355227,0
2024-10-29,3816.200927734375,3842.655176236552,3802.0140505171976,3835.491550834112,1445885,30.58053312599648,-62.97251987527261,-64.60920175993564,1.6366818846630338,4033.1670150847813,3877.7492553710936,3722.331495657406,3877.7492553710936,4039.0271484375,3874.898886971676,3943.4157262991093,3836.709078660588,3899.6815985358608,3881.956203061062,-0.0038133339417503187,0.008764276034090867,0.010649629432243376,-0.0038133339417503187,0.0067566849516107474,0.014879840124451427,-0.00767776994813385,2270934.15,0.6366917332235283,0,-42.04107723348852,-29.66248940124069,68.7010890995801,0.01800248215451459,-0.015148255722144718,-0.03226005255198525,-0.053795463103539595,0.025217913070472175,0
2024-10-30,3825.003173828125,3845.9325549291766,3801.967045880175,3815.966681601265,1935002,34.032769409853955,-59.24169314750043,-63.5357000374486,4.294006889948172,4013.4903644795713,3868.721337890625,3723.9523113016785,3868.721337890625,4031.0179833984375,3870.146914291338,3938.7720967904434,3834.9081702248245,3894.149863372325,3875.0184808554977,0.00230654681460285,0.008814279416811052,0.011494241194315146,0.00230654681460285,0.006678802506080217,0.004525013659995247,-8.188405575115798e-05,2276516.0,0.8499839228013333,0,-36.39619134369195,-27.8235594400403,65.48589489377784,0.017120481191192975,-0.011664606399439276,-0.028884362985871753,-0.046963409285744585,0.027135380391357634,0
2024-10-31,3716.189697265625,3819.0570147766425,3708.276879446656,3811.284570542396,3740372,31.163542120509092,-64.32383907633948,-63.693327845226776,-0.6305112311127061,4010.867845428596,3856.8286865234377,3702.7895276182794,3856.8286865234377,4020.30568359375,3855.484322193651,3930.0433752404506,3816.643789769563,3880.9676288459027,3858.3604653979546,-0.0284479441238209,0.010471291992971943,0.02981014005057346,-0.0284479441238209,-0.029920411670541713,-0.019627401408440326,-0.03184924808814005,2296028.65,1.6290615537397586,1,-40.01554588834006,-29.650063542881526,65.18255798656325,0.017540158952198976,-0.03612895638718922,-0.05441509356413692,-0.07346992210148028,0.0036189390586196493,1
2024-11-01,3730.9384765625,3744.750871322736,3723.306634635094,3736.22946325371,154895,34.395183642213425,-66.39600133791464,-64.23386254376436,-2.1621387941502803,3998.5367214133366,3844.762658691406,3690.9885959694757,3844.762658691406,4010.8131640625,3843.6228130859226,3922.235339998178,3803.4583569684764,3869.854358306391,3849.6992416106486,0.003968790750301876,0.010633093805464644,0.005747678988102756,0.003968790750301876,-0.022342233227875208,-0.018077500298941063,-0.03367661949287937,2155500.25,0.07186034889116807,0,-42.74623143617646,-31.18095297808759,64.34012722211466,0.017245024978646776,-0.029317220238099267,-0.048772408296073044,-0.0669240433425982,0.010823626124623958,1
2024-11-04,3712.163330078125,3738.149363640772,3664.498949154157,3714.176799581101,2269192,34.376501081492634,-68.76057318447874,-65.13920467190724,-3.6213685125715074,3979.0978111414984,3830.795703125,3682.4935951085013,3830.795703125,4001.6569580078126,3831.1028623232755,3913.9972219620977,3789.4129682161147,3858.1735414005934,3837.6605128166616,-0.005032285201784781,0.010637244056160955,0.01984029471167296,-0.005032285201784781,-0.02950058826671975,-0.0309714604441248,-0.028358846360325485,2195328.9,1.0336455735630319,0,-49.97475719969498,-34.61094509475561,64.59979462176427,0.017402196206815268,-0.031045768416936386,-0.051567203663673726,-0.06708417177279613,0.008056968519655915,1
2024-11-05,3718.90576171875,3732.624422852892,3690.578644611048,3690.578644611048,967590,37.14157256698887,-69.29170389425008,-65.96970451637581,-3.3219993778742634,3958.365650145167,3818.08134765625,3677.7970451673327,3818.08134765625,3991.9153857421875,3820.4174241704636,3906.3465764623584,3778.5657056780587,3847.857409572309,3830.333972444143,0.0018163079156550133,0.010661359107713412,0.011305954206920328,0.0018163079156550133,0.0007308734683602047,-0.02549529436684761,-0.010994820146500661,2166615.05,0.44659063916314995,0,-54.481462801212274,-37.06914983675097,64.29349853515052,0.017288283880965104,-0.02657083014266565,-0.047983662246721945,-0.06049463581456531,0.011177538087762237,1
2024-11-06,3876.50732421875,3886.012033965672,3722.557729308424,3749.105713751395,3792017,53.40939057845869,-56.34597848003432,-64.04495930910751,7.698980829073193,3936.766465594135,3813.2610595703127,3689.7556535464905,3813.2610595703127,3985.4248681640624,3825.7593194131578,3905.1764097077075,3793.633646992011,3849.9796254720454,3826.556998938151,0.04237847705696152,0.015947297148560125,0.04216535427033914,0.04237847705696152,0.03901668402486491,0.013465126184216691,0.018051069724128954,2302090.7,1.6472057334665398,1,-44.38759487818015,-33.59568708273582,73.76080744842677,0.01902764557868909,0.013264818972819389,-0.007341303562545935,-0.015306760485293497,0.0506135604109066,0
2024-11-07,3887.042236328125,3938.452350809554,3825.3782193936936,3904.6474627956704,3724349,52.38706886303281,-44.72080485640981,-60.180128418567975,15.459323562158161,3921.864138853233,3810.1609130859374,3698.457687318642,3810.1609130859374,3978.978759765625,3831.5957876907737,3904.4652656536064,3808.0041991975672,3852.725004053977,3824.304602186278,0.002717629873560945,0.015892770235537933,0.0290900187188795,0.002717629873560945,0.04710970145980076,0.04597519313618825,0.025445418157233446,2369364.4,1.5718768290770302,1,-23.88853450287752,-25.57810958684422,77.41288857799489,0.0199156283547674,0.014470850191316179,-0.0044623343121390924,-0.008878916069563253,0.050990051787291255,0
2024-11-08,3883.389892578125,3904.693755625184,3855.90547671498,3890.8813609023655,1648039,56.17129598126103,-35.39447909879664,-55.22299855461371,19.828519455817073,3923.196377803583,3810.5307006835938,3697.8650235636046,3810.5307006835938,3972.3521826171873,3836.528559584807,3903.63878043496,3819.6019981791915,3854.996477277988,3817.27680506283,-0.0009396202891405192,0.01558290990676953,0.012563322318845065,-0.0009396202891405192,0.044229174224451384,0.04086141247659647,0.022045239981394626,2163807.2,0.761638560034369,0,-7.094253501115418,-18.596559563217852,76.21892919220308,0.019626906208380344,0.012214514310402828,-0.005187182778878668,-0.010146442184406714,0.05017080608197307,0
2024-11-11,3931.803955078125,3965.1406255782304,3855.9057371461695,3865.785386011805,1406487,67.23751444250107,-23.822082375893842,-48.94281531886974,25.1207329429759,3936.9269113671303,3813.907373046875,3690.8878347266195,3813.907373046875,3965.91013671875,3845.602406774647,3904.7432970876334,3836.8638377021043,3860.685920077998,3818.009090818335,0.01246695898151473,0.015023652144022726,0.02778238428978089,0.01246695898151473,0.014264549563444806,0.05916782357617256,0.02636384922459345,2127252.05,0.6611755292467576,0,14.499544451371548,-9.253924874464246,78.4396114964702,0.0199500311797493,0.022415616380835425,0.006930201534803799,-0.0013012576571370229,0.06527321640196901,0
2024-11-12,3930.586181640625,3949.8768046624846,3899.6372349991407,3948.0039375194488,1587640,63.606163633265446,-14.581057384293217,-42.07046373195444,27.489406347661223,3951.232752346973,3818.1503051757813,3685.0678580045897,3818.1503051757813,3960.0546728515624,3853.6960996190255,3905.756743540692,3851.282659846492,3865.8637172307854,3819.6801132941096,-0.00030972384468130887,0.01480115405284723,0.012781699049879101,-0.00030972384468130887,0.011202333976600531,0.05692008173502194,0.029973593128954867,2068660.35,0.76747253361336,0,33.2786754485619,-0.5898329216665843,74.10860635499898,0.018854339513315565,0.019952295156123182,0.006357138892737223,-0.00522534915061237,0.06662518387625566,0
2024-11-13,3886.527587890625,3929.978018888302,3868.4541436479863,3912.513622327785,1098813,60.031429586697875,-10.689417848033372,-35.79425455517023,25.104836707136855,3957.7575315362774,3821.2108642578123,3684.6641969793473,3821.2108642578123,3953.480576171875,3856.8229080258448,3905.0026590053953,3856.7049564686663,3867.3943743166997,3821.552511817267,-0.011209166194038223,0.015144917954244119,0.01583003692859598,-0.011209166194038223,0.0008079784413346225,0.0025848690157947996,0.01608480078747898,2005643.45,0.547860588082094,0,31.063588612687,-0.1737507023121907,73.53000098258629,0.01891920212059886,0.00770185216515033,-0.00473112894613904,-0.017997551158219424,0.054784745670111115,1
2024-11-14,3882.359375,3895.563178182322,3854.7816840578857,3872.152341774977,1825432,58.73965361699801,-7.8511027969620955,-30.2056242035286,22.354521406566505,3962.5088051337148,3823.406774902344,3684.304744670973,3823.406774902344,3947.4415234375,3859.254952499574,3904.1146870836155,3860.651790088871,3868.5028928858333,3822.9681718983,-0.0010724773712174063,0.015164448081936052,0.010504306836467567,-0.0010724773712174063,-0.012575545638348729,-0.0012047364148398687,0.04471506873199793,1970782.1,0.926247503465756,0,27.659164808800142,-0.35057856999083015,72.47649638321936,0.018668157525530298,0.005986757232885537,-0.005572405994012131,-0.02022694057610053,0.05375631063513297,1
2024-11-18,3763.99462890625,3945.1945196123975,3736.557080351516,3945.1945196123975,3313944,44.03977144529749,-14.98008239922001,-27.160515842666882,12.180433443446873,3958.902875086655,3818.5583740234374,3678.2138729602198,3818.5583740234374,3939.096826171875,3850.182540728781,3898.619782841366,3845.781457599237,3860.761539998457,3820.4765238533687,-0.030487838621006125,0.01725830538599257,0.05542979197117178,-0.030487838621006125,-0.04238338635405259,-0.030745113669905066,0.008860010035385502,2018429.3,1.641842991478572,1,13.653981143973851,-5.018997593594122,81.82745771298167,0.021739525631777876,-0.022385409239899835,-0.03453149099782165,-0.04923289414523431,0.02332130727270463,1
2024-11-19,3782.770263671875,3869.48387485758,3758.9380751010713,3764.369206895897,1776233,47.03980478086271,-18.896980654452364,-25.50780880502398,6.610828150571617,3957.917439451861,3816.6714599609377,3675.4254804700145,3816.6714599609377,3931.4863525390624,3843.7623238662186,3894.0766644425626,3836.087427764258,3854.9844084187102,3819.124577856372,0.004988220392620812,0.01731280811239208,0.02922350342502786,0.004988220392620812,-0.026696664791993174,-0.037904659822564524,0.01902042752851174,2027468.45,0.8760841629866053,0,-1.840082908428485,-10.666632645070877,86.82064871563554,0.02295160495191165,-0.0158678021831993,-0.028583515519107296,-0.0442523570689343,0.029206083424151822,1
2024-11-21,3813.95361328125,3832.307574351096,3768.208741263394,3787.780111716493,2384347,49.05889266273552,-19.26286472427728,-24.25881998887464,4.995955264597363,3958.106151760273,3819.356689453125,3680.607227145977,3819.356689453125,3924.6340673828126,3840.9233990486027,3890.934584004864,3832.6822255361026,3851.94509026038,3820.1050876746885,0.008243521925940467,0.01745866761646937,0.01680640080794157,0.008243521925940467,-0.017619636698045227,-0.029673072404353795,0.025558015624082886,2050283.35,1.1629353572031884,0,-12.772700570422785,-14.822159535827723,88.25874328982842,0.023141011202256593,-0.0070216932141976985,-0.01978469929565843,-0.03641957364253977,0.03622945288804224,1
2024-11-22,3974.785888671875,3984.478067243221,3796.30156479838,3812.220934951704,3096553,70.23223297410253,-6.500081104240962,-20.707072211947906,14.206991107706944,3982.676671229195,3827.7073364257812,3672.7380016223674,3827.7073364257812,3919.909208984375,3853.6722075841526,3894.222870462394,3854.5443275569905,3861.0444086612315,3828.2599870520066,0.042169436678663796,0.01877910737493833,0.047342550697169306,0.042169436678663796,0.056002008649751245,0.02270878021199163,0.025352348450143003,2106787.2,1.4697986583552434,0,-3.150700441692152,-10.77978854300136,93.3623295800693,0.02348864371440776,0.03142812220753149,0.020687829353720346,-0.0019812762141408614,0.08224052108157001,0
2024-11-25,4040.803955078125,4052.977589577252,3981.9023842193856,4007.935050481905,4052167,72.4429902225504,8.83972424989588,-14.797712919579148,23.637437169475028,4020.8460083821155,3840.2180786132812,3659.590148844447,3840.2180786132812,3917.0371728515624,3871.4942787740547,3899.9711482904618,3883.1996548679344,3874.3599306180386,3849.1667374796302,0.01660921323948572,0.019029038228310657,0.017589372349664532,0.01660921323948572,0.06821288987182128,0.04081141511484243,0.039557511702072556,2175558.35,1.862587137688125,1,12.239326274480845,-4.143538793153766,96.90736721208827,0.02398219965368616,0.04373238447808938,0.03611124324583703,0.004963618764410234,0.10416844256563818,0
2024-11-26,4076.014404296875,4089.0307389004975,4036.028509714135,4046.375917311704,2060669,75.74025509266488,23.566163433693873,-7.124937648924544,30.691101082618417,4061.8371482382136,3854.037487792969,3646.2378273477243,3854.037487792969,3914.1528515625,3890.972385966704,3906.8748053887525,3912.863462472387,3889.297299038693,3861.2828978870875,0.0087137237070114,0.01877554590081253,0.013003445014936228,0.0087137237070114,0.06871105880864836,0.08289591408935992,0.04960215611800689,2190608.0,0.9406835910395652,0,40.789845237923146,8.255022547386488,95.43249683349879,0.02341318929906019,0.047556754449748544,0.04329281262732766,0.0034903556054212324,0.11786849824378308,0
2024-11-27,4057.14501953125,4099.144155960028,4049.185334306465,4081.8672312002336,1558993,73.52473324231988,33.33016157720385,0.9660821963011346,32.364079380902716,4091.6563801392967,3865.354284667969,3639.052189196641,3865.354284667969,3910.799609375,3906.7983510680892,3912.7677549629684,3935.060625096827,3901.7304635196233,3869.6809815463384,-0.0046293714629008775,0.018986665232385534,0.012313787506500112,-0.0046293714629008775,0.020720394296985356,0.07253275687777139,0.031878767579762046,2191930.95,0.7112418390734434,0,63.03602720187064,18.69109052040585,95.99771422005013,0.023661395823396377,0.03848334491644728,0.03689901205742482,-0.008434569622112753,0.11489058375579589,0
2024-11-28,3975.067138671875,4064.0754321048016,3963.923669603517,4044.456964095816,2558544,57.659561146369924,34.0526635119445,7.583398459429809,26.469265052514693,4103.4549631895,3873.2975952148436,3643.140227240187,3873.2975952148436,3905.9794775390624,3913.3001403636877,3915.2108680495926,3941.215473339142,3907.1628098271976,3878.745364201311,-0.020230452809610888,0.01714531227220948,0.025194986400845266,-0.020230452809610888,-0.016268251847169624,0.04224317905429764,0.0113166217392755,2247563.9,1.138363185135693,0,72.37674131508493,24.276284044728527,91.2152492382189,0.022946844935226723,0.01578386428147751,0.015288134570412167,-0.03128773817900818,0.09111011125781862,1
2024-11-29,3999.3671875,4025.446952462063,3928.9472039488446,3951.749451593235,2017425,58.54646412971638,36.1691271734644,13.300544202236729,22.868582971227674,4117.615821434819,3882.0157958984373,3646.415770362056,3882.0157958984373,3901.7873583984374,3921.4970019957173,3918.5111158711775,3950.161890902351,3913.9927637288865,3885.8262366428166,0.00611311657901803,0.017181278341417246,0.024128754372648734,0.00611311657901803,-0.018804451896949792,0.006184307662503663,0.029033525957966377,2251685.05,0.8959623371838793,0,67.82479441156465,24.288245408783496,90.03136474517305,0.022511402560526472,0.019857259986340234,0.020634386183397697,-0.0287177432433738,0.09679406830310504,1
2024-12-02,4004.798583984375,4015.614666194075,3961.1606876475694,3998.571392117375,1670944,59.21267725451139,37.84841520704458,18.2101184031983,19.63829680384628,4124.514826752719,3896.446240234375,3668.377653716031,3896.446240234375,3900.683818359375,3929.430485994637,3921.8949381501266,3958.5675359918932,3920.7191207848487,3902.040414647194,0.0013580639710579767,0.017160217157367715,0.01359718283068547,0.0013580639710579767,-0.01290228357499601,-0.00891044739958291,0.03153731974757612,2148213.65,0.7778295236137244,0,57.93620722058222,21.923789859664794,90.43605757633746,0.022581924079278566,0.0191804125962698,0.021138670755252893,-0.029025533377121673,0.09170836866470189,1
2024-12-03,4029.239990234375,4050.075639477932,3994.3111970963114,4040.1027122998416,2010905,57.6727423452909,40.68251755293113,22.704598233144868,17.977919319786263,4132.7753131428435,3911.3613159179686,3689.9473186930936,3911.3613159179686,3901.003251953125,3938.9361530650885,3926.104548035784,3969.440221259967,3928.757703707036,3908.120771773922,0.0061030300868922804,0.016954301754195652,0.01383994066294789,0.0061030300868922804,0.01362816014740309,-0.011475527175073497,0.07046911259945143,2241014.15,0.8973191891715633,0,47.963767098384324,19.229742647031344,86.616740001306,0.02149704167814229,0.02292594590522022,0.02626915328838847,-0.025052250621806296,0.09195054623746014,1
2024-12-04,4077.60595703125,4108.087141922203,4016.409936116343,4039.352556956816,3302642,60.777036591882734,46.29760343674752,27.4231992738654,18.874404162882122,4141.96128650447,3929.633447265625,3717.30560802678,3929.633447265625,3902.5001953125,3952.1428010618656,3932.045779761096,3986.081103686318,3939.7835002495704,3929.6456937518515,0.012003744357273138,0.01715007199148988,0.022483095907728835,0.012003744357273138,0.019562787276893312,0.005043186132489774,0.07794173920389835,2292686.65,1.4405117245306942,0,45.34444999377638,19.278024798127717,89.57657115434287,0.021967932188219623,0.03174560290070359,0.037018942663225515,-0.015537404872156964,0.09692513529866177,0
2024-12-05,4180.28662109375,4203.650824501382,4082.850878776125,4121.057190340863,3746747,69.82930381705657,58.360329357125465,33.61062529051742,24.749704066608047,4168.851571328403,3952.702490234375,3736.553409140347,3952.702490234375,3906.3571484375,3973.870783922045,3941.780714715318,4015.9588755951536,3957.598546238028,3951.342955694083,0.02518160536955305,0.017620907673192795,0.02889752705369531,0.02518160536955305,0.0438194414598454,0.0516266707611992,0.09605072451243934,2431644.5,1.540828439354519,1,60.57064355835746,26.569846665725436,94.1417732598781,0.022520411108855113,0.051943268514629715,0.06050714731239362,0.0027429735910945376,0.11875468202005196,0
2024-12-06,4162.9150390625,4181.175491938829,4132.246842565077,4169.93829016878,1842087,68.60639079191262,65.76034079245437,40.04056839090481,25.719772401549562,4199.267829863881,3967.0228759765623,3734.7779220892435,3967.0228759765623,3909.8143603515623,3991.8749986973266,3950.452649003443,4038.5675161285917,3972.8071753361373,3969.5181658790343,-0.0041555959210052285,0.017726456168983804,0.011753458553593412,-0.0041555959210052285,0.03317624394479157,0.04089343235941634,0.04733063758900635,2334148.0,0.789190316980757,0,70.37799670160939,31.941533132265704,94.72371292054348,0.02275417875015665,0.0428470431616694,0.053781783743858676,-0.008656935512150825,0.11463522755691873,0
2024-12-09,4169.142578125,4185.296057017253,4134.869018418065,4148.822244241094,2066639,81.56411744879894,71.30544869927917,46.29354445257968,25.011904246699487,4226.79802042592,3981.127893066406,3735.457765706892,3981.127893066406,3913.331669921875,4008.757625309486,3959.0287246552693,4058.655987204962,3987.350538505683,3985.5084799805068,0.0014959563200460657,0.014559502083898924,0.012095302008564636,0.0014959563200460657,0.022448618640040108,0.04103676893960517,0.031760665568937085,2251262.5,0.9179911272008484,0,79.32713931484886,37.13378650514278,83.42297001613679,0.0200096227108776,0.0400086430276842,0.053072070975697765,-0.013640453606323598,0.11609950898107345,0
2024-12-10,4150.7880859375,4208.144637237795,4131.63829540013,4144.795003046134,2087828,78.69022382318582,73.37313274010467,51.70946211008468,21.663670630019986,4246.787268534446,3994.497802734375,3742.208336934303,3994.497802734375,3916.1502587890627,4022.284335845487,3966.5486996075138,4072.830156240737,3999.457023500632,3997.4595482025657,-0.004402462099474369,0.01489294985664636,0.018431762897475192,-0.004402462099474369,-0.007056581959571928,0.030166506834469864,0.01834480309044051,2273251.95,0.9184322925578046,0,83.34818278039847,40.44415157172989,80.9915801647908,0.019512338015805493,0.0319479527955851,0.046448285469989706,-0.022605131014738922,0.10918145442910164,0
2024-12-11,4146.01318359375,4165.86530184749,4126.862933306924,4150.13340004317,1635256,76.99864224291942,73.77604816643452,56.12277932135465,17.65326884507987,4264.384892230042,4005.2082641601564,3746.0316360902707,4005.2082641601564,3918.5706640625,4034.068035631036,3973.586522508935,4084.089083525816,4010.3130353593815,4005.241863641403,-0.001150360424307606,0.01503170998908008,0.009407198388780501,-0.001150360424307606,-0.004060100989367377,0.01677632102840665,0.021904113270461156,2284690.4,0.7157451180256196,0,81.92523456917024,41.540742747838976,79.1989755542811,0.01910244180305083,0.027749940500248142,0.043393206642935805,-0.027758214051450264,0.10677473827234936,0
2024-12-12,4171.76513671875,4199.904784091783,4144.65520053294,4148.447573795295,1914642,70.52398514223094,75.30525681907011,59.95927482089775,15.345981998172363,4284.153295924404,4017.2672119140625,3750.3811279037213,4017.2672119140625,3922.2571875,4047.1820452584375,3981.3582328701045,4097.57770709396,4022.27245027489,4014.8937084477534,0.006211256931575537,0.01089424576739275,0.013243694634808309,0.006211256931575537,0.0006290402749740132,-0.0020384928468781816,0.04948293731526632,2301040.5,0.8320766192511605,0,73.31126133639236,39.5775181547865,69.7041956338526,0.016708561807647106,0.03078267546829787,0.04782460977177224,-0.026233458852317704,0.11235764964788035,0
2024-12-13,4189.51025390625,4209.175359798749,4115.063781598932,4153.036438989519,1967048,67.22721731826036,77.06074010524799,63.3795678777678,13.68117222748019,4302.433403218658,4032.4163452148437,3762.3992872110293,4032.4163452148437,3925.936162109375,4060.7371127487054,3989.521057224463,4111.721175834313,4034.660435729065,4024.2629639275465,0.004253623252016725,0.01023231208450602,0.022463622833257986,0.004253623252016725,0.009328871329263189,0.006388603801469772,0.04754328809831243,2344452.25,0.8390224198424173,0,68.86211405137874,39.068408221020036,70.84132972631262,0.016909215023465093,0.031711765027403686,0.05012862291317761,-0.0262463445053978,0.11352090357528935,0
2024-12-16,4134.54150390625,4190.540046094315,4117.498230765743,4175.557109616659,1646224,56.4834011710457,73.17296216586874,65.33824673538798,7.834715430480756,4309.023624533666,4045.0254516601562,3781.027278786646,4045.0254516601562,3929.5461376953126,4067.7661023827573,3995.208133564926,4115.231995537688,4042.059033371819,4034.340093558984,-0.013120567003923167,0.010877860071945052,0.01766624310327108,-0.013120567003923167,-0.0027669182849912044,-0.008299326197261259,0.032396865210832626,2335491.85,0.7048725089749296,0,59.00847707327148,36.17940890965656,72.27272873647043,0.017480228138522323,0.016415742656486078,0.034875121816744216,-0.040492263638099525,0.09349687242485294,0
2024-12-17,4053.352783203125,4151.163454307672,4043.52023053508,4129.672120578903,3225027,49.630875912235304,62.81650928358886,64.83389924502816,-2.0173899614393065,4287.969331449276,4059.493359375,3831.017387300724,4059.493359375,3931.1680126953124,4066.3934053180305,3997.488315903679,4105.712116716986,4042.8956074333973,4053.2575703772777,-0.01963669263603207,0.012148344865879025,0.026556588959801227,-0.01963669263603207,-0.028384232964936418,-0.0234739284967298,0.00598445191331165,2331046.0,1.3835106643112147,0,44.109069472543524,30.93961629616524,76.3930431735439,0.018846877451701848,-0.0032069258468329738,0.013974891953328246,-0.05471507142679442,0.0580356008405003,0
2024-12-18,4071.47265625,4084.723099385618,4016.925402572968,4037.620675244945,1575404,60.718335909249575,55.432081550116436,62.95353570604582,-7.5214541559293835,4261.632843368213,4073.9284790039064,3886.2241146396,4073.9284790039064,3932.7674169921875,4066.8771435020276,4000.389662583927,4100.444507414373,4045.012425864257,4062.9565502129467,0.004470341965289171,0.01069009651883676,0.016651885579674886,0.004470341965289171,-0.028174557526430055,-0.017978844746252998,-0.0015041425890292004,2321004.55,0.6787595483171285,0,32.80910787099174,26.803140074991916,74.08203848149856,0.018195391381980022,0.0011299856341406877,0.017769017436206236,-0.04462143833299313,0.04766800270539199,0
2024-12-19,4000.3505859375,4086.596211548236,3991.07998478886,4009.808656702463,3015763,50.099024213239346,43.34130114653999,59.03108879414466,-15.689787647604668,4230.822390310345,4083.248327636719,3935.6742649630924,4083.248327636719,3933.3105712890624,4060.5412808768347,4000.3881301664205,4085.0454425717776,4041.7041414252376,4073.669362111563,-0.01746838952812879,0.011757038766477764,0.023876963957895535,-0.01746838952812879,-0.032456057785843595,-0.04108921407691568,-0.043043946854814163,2352575.35,1.2818985797840652,0,13.359235618397179,19.029897296315994,74.01178692765266,0.01850132515580698,-0.01482331806914596,-9.385146565506385e-06,-0.05447446929010401,0.01643335210695191,0
2024-12-20,3905.20849609375,4103.451653679163,3888.5401624606857,4053.820677493633,4116989,41.50625015356258,25.784867154532094,52.38184446622215,-26.596977311690054,4240.778136523988,4079.7694580078123,3918.7607794916366,4079.7694580078123,3931.9564794921876,4045.747682326065,3996.655595496904,4057.3782200366963,4031.5933528821643,4074.4193111952613,-0.023783437926216955,0.013358168512134058,0.05503201466283978,-0.023783437926216955,-0.036548579665524494,-0.06786037999248729,-0.061905309272606734,2403597.15,1.7128448500615006,1,-14.989430422640453,7.13453827244075,85.47303783279351,0.02188693328878326,-0.03473750645554674,-0.02288090560172082,-0.07912926109954252,-0.0034583084195419344,0
2024-12-23,3893.97119140625,3948.940020065292,3853.330069463599,3933.0672895418265,2195338,38.1974909009265,10.839558471710916,44.0733872673199,-33.233828795608986,4253.106491607465,4072.4278198242187,3891.7491480409726,4072.4278198242187,3930.855,4031.29277842894,3992.6287561208,4032.238677170474,4021.3991186987632,4070.3875481069,-0.0028775172180282027,0.013168182054330053,0.024553327670399368,-0.0028775172180282027,-0.04359637895916424,-0.05818548738057483,-0.06600191323811799,2310755.7,0.9500519678475746,0,-36.47332395381727,-2.5793774441258392,88.3191455627987,0.022680996140319043,-0.0340639081729525,-0.024709926902997316,-0.08444070255703362,0.0005709626393561152,0
2024-12-24,3913.82470703125,3949.877405014431,3893.972129400445,3893.972129400445,1181886,34.961464829651675,0.5904995424725712,35.37680972235044,-34.786310179877866,4258.3826354724915,4064.3183349609376,3870.2540344493837,4064.3183349609376,3931.611611328125,4020.1053430577313,3989.5384012545433,4014.0211433029012,4013.4306437604287,4066.59969914693,0.005098526580991525,0.012710324458651322,0.01428405199485597,0.005098526580991525,-0.021629573970445515,-0.03442287993042992,-0.05708876820502129,2266816.55,0.5213858174804662,0,-46.288062260299284,-7.949914649135735,85.76407469153592,0.02191311085993692,-0.02643727637884314,-0.01897805876476448,-0.0809128624494804,0.011257832740187323,0
2024-12-26,3904.085693359375,3932.974763441001,3879.7850567984137,3913.824512049623,1208464,19.41952954494711,-8.223020647051726,26.656843648470005,-34.87986429552173,4263.567944554441,4056.6653686523437,3849.7627927502463,4056.6653686523437,3932.4079150390626,4009.055852610269,3986.1873146704193,3997.1079971577433,4005.331017804795,4062.2095736588876,-0.002488362254543186,0.00984462811881932,0.013624113510894459,-0.002488362254543186,-0.0002875141584625096,-0.041112142220499526,-0.05835183814458422,2249290.1,0.537264624069612,0,-57.82129089175851,-14.202347913507765,80.56013463242559,0.020634827449984957,-0.026183261872629867,-0.02059652867011155,-0.08431488740649899,0.014110713707199815,0
2024-12-27,3900.10546875,3915.182140765612,3883.624146371002,3898.372975186565,858100,20.012981296903988,-15.35200144076498,18.25507463062301,-33.60707607138799,4268.574410250935,4052.91728515625,3837.2601600615644,4052.91728515625,3933.4954736328127,3998.6796255759577,3982.8115560068736,3982.18453124886,3997.536532689625,4062.6034155026778,-0.0010195023680308335,0.009896580565402982,0.00809157461188465,-0.0010195023680308335,0.0015753268430152012,-0.025059082956352174,-0.06511863900910309,2164267.9,0.3964851116629323,0,-61.86165530087692,-17.576574159546908,79.31937356248689,0.020337750914184657,-0.02465167656730174,-0.02076575456655396,-0.08632131154046678,0.016377651258190244,0
2024-12-30,3894.43994140625,3932.365502874532,3850.615031051205,3887.135942094735,1527169,18.615710916284172,-21.214384569349477,10.361182790628515,-31.575567359977992,4273.670433001902,4047.6709228515624,3821.6714127012233,4047.6709228515624,3934.8779443359376,3988.752036607414,3979.3460024931237,3968.685363580766,3989.8997481501156,4060.2100315656157,-0.0014526600342338325,0.009787616284135473,0.020991586223771053,-0.0014526600342338325,-0.004952895716094474,-0.00275748521449537,-0.07043074121250326,2139755.1,0.713712050505219,0,-56.99564571865085,-17.309593003780265,81.55676164992542,0.020941846036140424,-0.02364451195150755,-0.021336687242998902,-0.0887364848415028,0.019041021806108824,0
2024-12-31,3834.50830078125,3876.7884144403706,3775.747093150884,3872.1528852838974,1555429,17.000613381914818,-30.34653203254993,2.219639825992826,-32.56617185854276,4284.002343182206,4039.1564086914063,3794.310474200607,4039.1564086914063,3934.799287109375,3974.0621570049225,3973.6660926220698,3948.0427385346866,3978.3892705672365,4054.3820109964004,-0.015389026798898087,0.010184654598587063,0.026350528767638878,-0.015389026798898087,-0.017821686828358385,-0.01527050091080051,-0.07256746675333492,2133979.35,0.7288866220753261,0,-57.2306214240175,-18.962663498730308,84.57008353690405,0.02205500077276494,-0.03511617350465604,-0.03502000132804185,-0.10492385540271817,0.010594237570691108,0
2025-01-01,3851.0361328125,3871.216091855216,3825.752199672392,3834.133233779281,763161,19.959990611766727,-35.83705946096825,-5.391700031399389,-30.44535942956886,4289.176544744984,4030.2462158203125,3771.3158868956407,4030.2462158203125,3934.6007568359373,3962.34539279612,3968.857074590322,3933.118645346658,3968.9557048076263,4052.053387688528,0.004310287195853135,0.010468638916125091,0.011805625970489229,0.004310287195853135,-0.012581540763621168,-0.01604276607124211,-0.049913407791449704,2071592.15,0.3683934600736926,0,-57.759950261611266,-20.68132666422116,85.03162093992248,0.022080192968177096,-0.028091761052933362,-0.02968636551115511,-0.10215023964664859,0.02113857558150109,0
2025-01-02,3910.3125,3917.1016434173503,3836.521717202397,3858.1063282045134,1720835,25.07591894035592,-35.001756109746566,-11.313711247068824,-23.688044862677742,4285.142527521127,4021.88154296875,3758.6205584163736,4021.88154296875,3936.3968359375,3957.3898791964893,3966.5612089201136,3929.6100076010184,3964.611763710765,4043.6989856483297,0.015392316546302798,0.01147783114570478,0.020607029800035943,0.015392316546302798,0.0040756973615103664,0.0015949461998787662,-0.039582767675624075,1992501.8,0.8636554305747678,0,-51.66597341377974,-19.62610575030567,86.84093112964466,0.022208181860054577,-0.011896068023009137,-0.014180723795115003,-0.08747200941714273,0.040358407885561894,0
2025-01-03,3839.2841796875,3914.245966729808,3832.1674212140074,3914.245966729808,1791953,19.692156484936987,-39.61451258474699,-16.973871514604458,-22.640641070142532,4269.064427518208,4004.8314208984375,3740.598414278667,4004.8314208984375,3937.9775390625,3946.1417173384903,3961.569952871776,3915.713726383554,3955.328238968301,4024.038815683729,-0.018164359066570768,0.011716332795563984,0.02137860644701781,-0.018164359066570768,0.0012454996916493322,-0.015594780589867852,-0.04026307264573248,1894762.1,0.9457403649777457,0,-52.53790823746749,-21.241603135097648,85.98142879507206,0.0223951718005075,-0.0270789914060819,-0.030868008047069816,-0.1006731697606535,0.026382347014886256,1
2025-01-06,3834.695556640625,3885.871560960142,3807.9134644789865,3844.52810934996,2085593,21.57325476163473,-43.14309214485684,-22.207715640654936,-20.9353765042019,4252.082918023656,3988.420446777344,3724.7579755310317,3988.420446777344,3938.5159912109375,3935.527797272027,3956.5944863529076,3903.2493925769495,3946.3924847218063,4007.6214504327336,-0.0011951767131883617,0.011603695173620438,0.020329670329670257,-0.0011951767131883617,-0.0042431635560742365,-0.015340943926343331,-0.018056126714785292,1906937.4,1.0936871865851496,0,-53.22423933538721,-22.751516140216154,86.33259173454232,0.022513545197881044,-0.025621021074046367,-0.030809053122005943,-0.09816068252427926,0.02951536229516221,1
2025-01-07,3772.2353515625,3877.162777576041,3756.550089448757,3853.377456625284,2669054,22.367547658461163,-50.398570072600705,-27.84588652704409,-22.552683545556615,4234.7008010293675,3968.575085449219,3702.449369869071,3968.575085449219,3938.148916015625,3919.9761357758816,3949.364716361127,3883.0933862670345,3933.491956339635,3985.159963397009,-0.01628817833268703,0.011316410140221464,0.03197379720152544,-0.01628817833268703,-0.03531102653240625,-0.016240139369645523,-0.03126264521741029,1937058.15,1.3778904882127572,0,-54.08602122904085,-24.30137626094256,87.2589820455918,0.02313190294700149,-0.03768920500944307,-0.04485009046260761,-0.10920852999920368,0.018848598514636015,1
2025-01-08,3847.24365234375,3863.724974901958,3762.356039241964,3778.415783789389,2181277,30.17640979772402,-49.52515049415115,-32.1817393204655,-17.343411173685645,4210.229381878056,3953.3978637695313,3696.566345661007,3953.3978637695313,3939.1012646484373,3913.0492325918694,3945.3599687526025,3877.5780425865296,3927.1031930806807,3966.5434747494887,0.019884310969669583,0.012947374606858379,0.02634845744647332,0.019884310969669583,0.0020731657995938235,-0.00098479482870506,-0.01701176206688204,1941730.6,1.1233674743550932,0,-49.296160204250555,-23.497105837719573,89.65692767754493,0.0233041979607727,-0.01681695688876679,-0.024868786925892034,-0.08621519081518293,0.04076142360047364,1
2025-01-09,3782.114990234375,3874.728183134026,3769.426269050839,3840.314247847898,2392472,30.499622816688913,-53.47190705544017,-36.439772867460434,-17.032134187979736,4186.069915226852,3935.2029541015627,3684.3359929762732,3935.2029541015627,3938.1273828125,3900.5793047482985,3938.958204889143,3862.8914191477365,3916.3633262031767,3949.586377918458,-0.016928655420536898,0.012904791410628853,0.027842070998656116,-0.016928655420536898,-0.013711796837481693,-0.032784466654679156,-0.03124180991530623,1979591.4,1.2085685965295667,0,-56.81057444819089,-27.603004030970624,90.35590534353143,0.023890311525914802,-0.030370953968225464,-0.0398184510970667,-0.09649980367577915,0.02653910974582807,1
2025-01-10,3994.497314453125,4023.854594999503,3904.927545065843,3933.02054898718,7894300,56.59631953625363,-39.01254907255634,-36.954328108479615,-2.0582209640767246,4153.412731701285,3926.339562988281,3699.266394275277,3926.339562988281,3941.693310546875,3909.523877101139,3941.13620918577,3883.13847996395,3922.1510290365063,3944.540356308896,0.05615438049005195,0.019460264554943166,0.02977271996237211,0.05615438049005195,0.05892049200974747,0.04042762335406458,0.024202382848220294,2278574.3,3.4645787060794992,1,-36.617840237351174,-20.433743686005982,92.27219916829219,0.02309982756389083,0.021734983599842498,0.013539523232661705,-0.03826140754932072,0.07980796425873155,0
2025-01-13,4018.329833984375,4048.155332041931,3958.678837869263,3975.160158715583,4003771,59.019298497235106,-25.33823514532469,-34.63110951584863,9.29287437052394,4113.878704495156,3917.7805419921874,3721.682379489219,3917.7805419921874,3945.55984375,3919.886349185257,3944.163410158264,3903.937149813246,3929.2753849585706,3940.5427893076508,0.005966337602736127,0.0194406866635898,0.022267085547815174,0.005966337602736127,0.0444698067241982,0.047887576635841755,0.031811992081559604,2380410.45,1.681966654112109,1,-15.641448086769742,-12.431076194643538,91.83409513764754,0.022853797207231602,0.02511386199234557,0.018804095092787996,-0.023225981457930818,0.07970789128326136,0
2025-01-14,3963.969970703125,4039.680716861343,3950.859900623536,4028.537248742284,3441709,53.46350399796568,-18.67238586129315,-31.43936478493753,12.76697892364438,4078.6796339036778,3909.2519653320314,3739.824296760385,3909.2519653320314,3950.51544921875,3924.084789329816,3944.9401380227687,3913.172968411689,3931.845354272982,3936.731446878948,-0.013527974438909962,0.019875779609400374,0.022407035596703165,-0.013527974438909962,0.048082879800934064,0.05082785173019655,0.033762260964593116,2470184.7,1.3933002661703797,0,4.108653553934346,-4.424578338358515,94.18513818262083,0.02376030567303071,0.010164199683391884,0.004823858414717087,-0.0281242150638747,0.059934814086561664,0
2025-01-15,3979.468017578125,3985.882678702443,3939.997435766556,3949.876626603537,1653474,55.1655189074126,-12.000752217265017,-27.55164227140303,15.550890054138012,4064.6634787222947,3905.557727050781,3746.4519753792674,3905.557727050781,3955.4860400390626,3929.359382496322,3946.294172515136,3923.372206744987,3935.372958962252,3927.987546952376,0.00390972862800254,0.019860734249772728,0.011530496722979717,0.00390972862800254,-0.00376250018259372,0.03436859663250691,0.033349955787568275,2391607.05,0.6913652474807682,0,16.310149904452373,0.9342037625333433,93.6633907749994,0.023536661272629666,0.012752367550043024,0.008406328472427607,-0.02096002820163367,0.0621964578033243,0
2025-01-16,3938.920166015625,4021.0455693202,3925.388975881489,3989.2068293675015,2637705,52.532815804222594,-9.871514561348704,-24.015616729392168,14.144102168043464,4038.8182695193,3898.9301025390623,3759.0419355588247,3898.9301025390623,3960.0211767578126,3930.269933307684,3946.0049957896654,3925.7642004789313,3935.63571504028,3925.631181553897,-0.010189264339703685,0.020101612617113553,0.024284978980792928,-0.010189264339703685,-0.019761859093087808,0.0414596531798026,0.007315953907935713,2444722.1,1.078938583653332,0,29.69062855938546,7.04679090052241,98.24186213529232,0.024941318431103896,0.0022009258536247966,-0.0017954436909227917,-0.02473448836695612,0.047852147845235296,0
2025-01-17,3933.1982421875,3967.816542324969,3910.071878467617,3967.148790924069,1761466,52.528949570113305,-8.547262292303003,-20.921945841974335,12.374683549671332,4028.248617000118,3895.5724853515626,3762.896353703007,3895.5724853515626,3964.3070263671875,3930.548819867666,3945.502770158208,3926.9078992033265,3935.4551614956295,3919.6983948204156,-0.0014526630616921166,0.020101612644272036,0.014681350977426578,-0.0014526630616921166,-0.007762856112193739,-0.015345878952985892,0.024461346986730303,2382007.25,0.7394880934976164,0,21.024942766527147,4.366560972438037,96.5271615662941,0.02454164667596547,0.0006740591304811666,-0.0031186210446418295,-0.023595955426257444,0.0452581927527452,0
2025-01-20,3888.85302734375,3953.70197855909,3879.6025285384753,3953.70197855909,1287799,53.619574280982874,-10.949848025831216,-18.927526278745713,7.977678252914497,4027.382377452085,3894.7547119140627,3762.12704637604,3894.7547119140627,3964.5539404296874,3926.5777920082455,3943.281211616465,3921.053303532622,3932.0031515584533,3915.115099205609,-0.011274594391938564,0.019874067552812336,0.01905432000119269,-0.011274594391938564,-0.0227706290976859,-0.03222154775488961,0.014123017043514485,2240547.75,0.5747697186993671,0,6.691442822988392,-0.8821985417989708,93.34191883524045,0.024002429039854174,-0.009607542919759963,-0.013802765096330362,-0.034396870504254294,0.03368466279993964,0
2025-01-21,3848.8466796875,3920.514468410018,3843.267649645432,3905.5419834373433,1971591,49.8585961791956,-15.898820729511954,-18.321785168898963,2.422964439387009,4026.708130937592,3892.498486328125,3758.288841718658,3892.498486328125,3963.790029296875,3919.174828930079,3939.577896638859,3909.944592171834,3925.843412901346,3913.964823526174,-0.010287441406232833,0.020079387354301297,0.020070121050095403,-0.010287441406232833,-0.02286755824737563,-0.02904242258808143,0.02030926519292242,2229360.4,0.8843751777415622,0,-4.909960399736974,-5.362241383909804,95.6121278767949,0.024841760619198777,-0.017944631794284703,-0.023030694996224923,-0.04417043536966716,0.024095497121884298,0
2025-01-22,3964.001708984375,3970.248024810957,3856.8096861084223,3862.3409864324167,2409223,53.23404331665951,-10.408881670485243,-16.73920446921622,6.330322798730975,4032.7256629507256,3895.0073364257814,3757.2890099008373,3895.0073364257814,3965.402265625,3923.4440556019167,3940.5356932014283,3918.261071681455,3928.6699533519404,3914.6909352623525,0.02991935997466766,0.021268224934784672,0.028617126588373454,0.02991935997466766,0.007831658843552969,-0.0038865266727693415,0.03034849549221974,2290727.25,1.0517284412624854,0,-5.915326894405098,-5.758479313707539,98.5279435131166,0.024855676345901637,0.0103372579824478,0.005955031906812158,-0.017041564368667116,0.05501644897127391,0
2025-01-23,3953.368408203125,3997.141512526167,3948.218247742152,3974.873354894685,1822998,57.411260242069865,-6.837268149005467,-14.75881720517407,7.921549056168603,4037.6159553379916,3897.471472167969,3757.326988997946,3897.471472167969,3965.8335546875,3926.293993944889,3941.038936926985,3923.6622003770967,3930.499468526102,3916.9512975616635,-0.002682466245448323,0.020576250345962152,0.012375083658406477,-0.002682466245448323,0.016589822347552685,0.0036680718518129485,0.045279802018430404,2321453.95,0.7852828611999819,0,-3.9759393627950885,-4.966058862680256,96.1597091751319,0.024323488035064803,0.006895666575144449,0.0031284824822750312,-0.020865666290892745,0.05217576744830023,0
2025-01-24,3959.94921875,3984.410622138042,3913.839443095865,3913.839443095865,1910099,58.11585394598257,-3.4361129173380505,-12.494276347606867,9.058163430268817,4043.3730744316667,3900.463659667969,3757.554244904271,3900.463659667969,3966.4208154296875,3929.4992534501375,3941.7805166063195,3929.2448185883122,3932.6809315056503,3918.703657889015,0.001664608472415674,0.02055321212343932,0.017821233340071334,0.001664608472415674,0.028866449694878726,0.006801329329289674,-0.008648922000302983,2374053.9,0.8045727184205885,0,-1.0495664175286947,-3.7222535518885707,95.63207221520487,0.024149822872070098,0.00774907013231447,0.004609262760099823,-0.0206322429679316,0.05386348689981064,0
2025-01-27,3876.7890625,3963.763449221021,3853.8058882600144,3911.931691671791,1551782,56.597611221417424,-7.366090793754211,-11.468639236836337,4.102548443082126,4042.86467898211,3899.5811157226562,3756.2975524632025,3899.5811157226562,3966.226044921875,3924.47923526441,3939.231832131562,3921.1747022670334,3928.5407930607876,3918.874494665549,-0.0210003087555376,0.02091970459459164,0.028363049727059143,-0.0210003087555376,-0.022001162685351128,-0.0031021909953717897,-0.03522378135495918,2375284.55,0.653303622086036,0,-2.0985567438356156,-4.049379484903056,94.87099170332787,0.02447153821728671,-0.012151974798561218,-0.015851509200912786,-0.04107869782174446,0.03207720058220225,0
2025-01-28,3853.0908203125,3911.9318748383976,3841.6468460321344,3882.1775882750967,2468272,50.39451897018523,-12.251647301131015,-11.625240849695274,-0.6264064514357415,4042.2497829993513,3900.5102416992186,3758.770700399086,3900.5102416992186,3965.640673828125,3917.680338602323,3935.853753236697,3910.700258889413,3922.951906190544,3919.21310416675,-0.006112853138369623,0.02037143907983466,0.0182412074056855,-0.006112853138369623,-0.025365100728419798,0.001102704518576525,-0.027971743280123085,2420926.7,1.0195566846365072,0,-1.4944903277560115,-3.724143402162099,92.65071264234712,0.024045815934033134,-0.016486673926251482,-0.021027949236207183,-0.046795466099696405,0.0250933423268942,0
2025-01-29,3909.83349609375,3917.5107746444246,3866.155848644477,3866.155848644477,1217089,58.71603166018714,-11.413261342296664,-11.582844948215554,0.16958360591888955,4043.295394731047,3903.4501098632813,3763.6048249955156,3903.4501098632813,3968.557451171875,3916.9330202681735,3934.833350995797,3910.5669107670033,3921.9801721093,3919.771851438856,0.01472653472950003,0.02006691537965385,0.0131348115082792,0.01472653472950003,-0.012655647809561965,-0.013665032678430333,-0.017498449837210717,2443623.1,0.49806739836433855,0,-6.511035333743166,-5.702342205631339,89.73057266011408,0.022949972869627928,-0.001812521209243828,-0.006353472351178537,-0.03300819890904229,0.038853354137255526,0
2025-01-30,3910.07177734375,3938.538754565153,3870.447205350259,3909.9288208062494,1531251,41.89027373172593,-10.607332399138159,-11.387742438400075,0.7804100392619162,4043.2809131559497,3903.4380737304687,3763.5952343049876,3903.4380737304687,3971.1034814453124,3916.2795685610854,3933.8623088917952,3910.490736394195,3921.0980687933334,3920.4735895501203,6.094409141410573e-05,0.012841580511178344,0.017414398786599974,6.094409141410573e-05,0.008585124005247469,-0.010951833067096794,-0.007323933325883103,2434143.9,0.6290716830668885,0,-10.014425383803427,-7.176628035189879,77.32714012081162,0.01977639913642268,-0.0015851246338923289,-0.0060476269070910225,-0.032945802845101964,0.03891931356051147,0
2025-01-31,3921.849609375,3937.156203262908,3895.9577125678047,3919.5609078156,1492943,40.51260998475519,-8.915483151729859,-10.893290581066031,1.9778074293361723,4044.274643021138,3907.5663452148438,3770.8580474085493,3907.5663452148438,3973.2614013671873,3916.810048638601,3933.391222636235,3912.2382553143193,3921.153738466049,3922.5765454419175,0.003012177960387996,0.012734189280046467,0.010504862449753374,0.003012177960387996,0.017845099497790562,-0.00962123685692784,-0.0028853447280573485,2419193.4,0.617124286136032,0,-12.689204811536456,-8.389293970084509,73.87871130098559,0.0188377216516365,0.0012866492563637516,-0.0029342652708467505,-0.030271196803460593,0.04004169875082325,0
2025-02-01,3884.41845703125,3944.260904282812,3868.063204021285,3922.4220804091583,437172,41.907879215331775,-10.47432016022276,-10.809496496897378,0.33517633667461766,4042.9359439839454,3910.052490234375,3777.1690364848046,3910.052490234375,3971.454052734375,3913.7251351521863,3931.4707220242744,3907.9582863476935,3918.4326065079163,3925.9140734713606,-0.009544259997699145,0.012490766960588246,0.019616244002651276,-0.009544259997699145,-0.006500286799397403,0.0019679674102077716,-0.001140328595943152,2336772.35,0.18708369259846813,0,-10.754100112223568,-7.76111010728755,72.97706015982271,0.01878712630142248,-0.007488179958707483,-0.011968107692990195,-0.03920850816065388,0.028394127853556786,0
2025-02-03,3880.126953125,3888.090144786828,3813.4181682881863,3844.126118451048,1265713,39.65908877201918,-11.918607926802906,-11.031318782878483,-0.8872891439244235,4032.602390075951,3915.4470703125,3798.2917505490486,3915.4470703125,3968.2405126953126,3910.5253082924546,3929.45724089097,3903.6765427749715,3915.5951507017744,3931.385715331639,-0.0011047995867906613,0.012399127013271753,0.019244725082642505,-0.0011047995867906613,-0.0076583822302854765,0.007016739047512877,0.008127180955942892,2266605.3,0.5584179124614241,0,-7.15503030986838,-6.396512345726933,75.0332554143052,0.019337835158685843,-0.007773471022676533,-0.012553969859405986,-0.03781067960634702,0.021545265069256983,0
2025-02-04,3916.74755859375,3928.001078973096,3877.6475473199966,3894.479632442364,2547132,47.67291517090502,-9.99304596377533,-10.823664219057854,0.8306182552825234,4031.5968766961005,3918.922265625,3806.2476545538993,3918.922265625,3965.05517578125,3911.1179035592445,3928.9588219773536,3905.6874682855528,3915.680514249328,3935.157144491706,0.009437991568615134,0.012478823043460681,0.012855955330237812,0.009437991568615134,-0.0013009297370949469,0.0017683777344759122,-0.011920819883483924,2284898.05,1.1147683372568855,0,-5.815116708929054,-5.874529018443354,71.79732242961866,0.018330852666796942,0.0014393979351484992,-0.0031080151095750075,-0.028487302082759243,0.029031191364451953,0
2025-02-05,3901.536865234375,3957.707610233867,3887.136438388733,3957.707610233867,1693912,46.74193164249254,-9.583922574529424,-10.575715890152168,0.9917933156227434,4017.999852156255,3924.893359375,3831.7868665937444,3924.893359375,3961.9430126953125,3910.2054237187804,3927.883451124688,3905.048913969987,3914.6328365445165,3941.1360093042845,-0.0038835010762950928,0.012512492454112758,0.018088044348363353,-0.0038835010762950928,0.004406942349926002,-0.0021828019011899125,-0.013110729286246348,2249970.05,0.7528597991782158,0,-6.0741448423050315,-5.978857767107456,72.71350157160308,0.01863714328051979,-0.0022169061583882667,-0.006707578322561697,-0.028985313889292572,0.018202995382839395,0
2025-02-06,3893.57373046875,3947.6941907477535,3863.819444687176,3915.174138224137,2284536,50.525094612620514,-9.789401637483024,-10.41845303961834,0.6290514021353157,4007.870885526841,3919.8471801757814,3831.823474824722,3919.8471801757814,3960.31314453125,3908.621452933063,3926.5379718832783,3903.283501123643,3913.072902761126,3932.1766069877435,-0.0020410251243766497,0.012138925105722637,0.0215418409581471,-0.0020410251243766497,0.0034655508714529493,-0.0072098325337763836,-0.0167617018841979,1969481.85,1.1599680393094254,0,-8.188595705537864,-6.853250752956683,73.41173700302897,0.018854590174716142,-0.003849879719874451,-0.008395243252599358,-0.02851817294584989,0.01611510969900636,0
2025-02-07,3842.69580078125,3900.48796498296,3822.287472775478,3900.48796498296,1548940,49.33198000553634,-13.897467640367722,-11.114255959768217,-2.7832116805995053,3992.519316786537,3911.065478515625,3829.611640244713,3911.065478515625,3957.179716796875,3902.3428193947952,3923.2500436047676,3893.9623164555824,3907.85978409595,3920.6852349389114,-0.01306715454990881,0.012343863029376031,0.02035042487401248,-0.01306715454990881,-0.018906441302305232,-0.010741030275581487,-0.008794200862908053,1846740.3,0.8387427295543396,0,-11.382315757391098,-8.22067841950684,73.47985653466442,0.01912195509197616,-0.015284925331802538,-0.02053252837015267,-0.037526059141493505,0.003416576343939957,0
2025-02-10,3849.89599609375,3864.248693904035,3828.34331731039,3852.804719489709,1339511,33.811417634023044,-16.38328761609864,-12.168062291034303,-4.215225325064338,3987.1923281988875,3905.361779785156,3823.531231371425,3905.361779785156,3954.0816650390625,3897.347883842315,3920.37341429061,3887.1828825537623,3903.566170169861,3911.5320582158224,0.0018737354414148921,0.008903411322044861,0.009326323783831055,0.0018737354414148921,-0.01323603260058459,-0.007791228842886855,-0.0008291588150239892,1741630.4,0.7691132400996217,0,-13.177424450139824,-9.083826600359771,67.37300163967787,0.01749995368914824,-0.012175430360038311,-0.017977220725952946,-0.03443433895428807,0.006895396722800835,0
2025-02-11,3779.89697265625,3852.8045770599656,3771.743094621823,3832.2053307443857,1810908,28.937019661457484,-23.728130918411352,-14.480076016509715,-9.248054901901638,3987.224494326747,3895.3832275390623,3803.5419607513777,3895.3832275390623,3949.0948046875,3886.1620827769752,3914.8645342265177,3870.677357954145,3894.4054888725564,3903.146739430371,-0.01818205569930298,0.00989673866084152,0.021445421138338163,-0.01818205569930298,-0.029195994652145507,-0.03493985351117046,-0.0332332626356896,1749502.1,1.035099071901657,0,-24.955820782269257,-14.094287750835974,69.6685886149727,0.018431345912059197,-0.027344487403569713,-0.03447566586028346,-0.05199795546137281,-0.006216570853988084,0
2025-02-12,3767.11767578125,3835.400146101803,3757.5810309224153,3787.097133023103,1678002,26.93351400919343,-30.23166281858903,-17.63039337692558,-12.601269441663451,3992.5695991011326,3886.793103027344,3781.0166069535553,3886.793103027344,3942.8850390625,3874.824520205954,3909.0705397776837,3854.745099158315,3884.976761976904,3892.859781004523,-0.0033808585174266437,0.009799144193426151,0.020657468621085473,-0.0033808585174266437,-0.019667995833715035,-0.03445288205550512,-0.036560480140242824,1701516.95,0.9861800083742922,0,-35.380903512826535,-18.812911347004047,70.18629833905918,0.01863129967781096,-0.027796573461081282,-0.036313712569767766,-0.056467875568315624,-0.0036759772878924147,0
2025-02-13,3728.97119140625,3799.828511079361,3721.437334907012,3784.140776452309,2277310,30.184052774275813,-38.0255265900264,-21.709420019545746,-16.316106570480656,4001.241331800582,3876.581750488281,3751.9221691759803,3876.581750488281,3933.85873046875,3860.9337269869343,3902.007820233706,3835.395267196459,3873.4207937864853,3881.195440210966,-0.010126172755431373,0.0086727700986273,0.02102219946161247,-0.010126172755431373,-0.031409888685355325,-0.04227543908425835,-0.04918047278194526,1727309.15,1.31841483037359,0,-47.68772594612892,-24.530151649572417,67.93155656844078,0.018217238235842415,-0.034178917565536045,-0.044345536144284825,-0.0680464180529218,-0.006117125232043653,0
2025-02-14,3752.526611328125,3765.067205571011,3719.29131249416,3743.132923471687,1681975,36.513549281036504,-41.819425943224815,-25.73142120428156,-16.088004738943255,4005.9733991527332,3869.7654296875,3733.5574602222664,3869.7654296875,3925.6509619140625,3850.609239781333,3896.1458120413304,3822.6462432167154,3864.4656691599403,3873.7041494402506,0.006316868303021694,0.008933017506820256,0.012198685797100732,0.006316868303021694,-0.007241033691161913,-0.02346508652461976,-0.03395407759542113,1747017.95,0.9627691575807793,0,-51.7335796134621,-27.104231563437224,66.18090401633991,0.017636358344948984,-0.025471976600455574,-0.03686186494081907,-0.06326721687123844,0.005080717601900609,0
2025-02-17,3723.583251953125,3751.716356302624,3677.521207418633,3677.8073533505512,1799806,23.00994224005015,-46.62415152971107,-29.909967269367463,-16.714184260343607,4014.4794198095847,3863.5022583007812,3712.525096791978,3863.5022583007812,3916.739775390625,3838.5115266548373,3889.3786528221854,3807.405783022317,3854.029934552028,3865.7840872881443,-0.0077130324106499115,0.007651074797569012,0.019925739231175625,-0.0077130324106499115,-0.011556427904550803,-0.0328093912845403,-0.04034499465173347,1738428.7,1.0353061934607959,0,-58.83635718747746,-30.994761468424713,66.93700755759473,0.01797650355272287,-0.029940843971326906,-0.04262773457368492,-0.07246174097219746,0.002978607517213179,0
2025-02-18,3693.7333984375,3742.560975641384,3685.4365636204366,3717.765697945917,2149879,21.12766462133574,-52.23839320664092,-34.37565245682215,-17.86274074981877,4011.1302118087588,3849.9888427734377,3688.8474737381166,3849.9888427734377,3907.598681640625,3824.7231334912813,3881.706289905139,3789.917723855422,3842.156117062063,3851.3994136111037,-0.008016432424323483,0.007670242739058401,0.015465223355078094,-0.008016432424323483,-0.009449735908381052,-0.022795217658591382,-0.05693860960401542,1725461.5,1.245973323658627,0,-61.43894928569398,-33.15824432137879,66.15364061517,0.017909695551702215,-0.03424816136539831,-0.04842532572762803,-0.07912902264724371,0.0013245125297718565,0
2025-02-19,3608.76220703125,3695.402493868423,3593.551070815755,3692.77991629034,4366672,15.044713337461957,-62.82003493799175,-40.06452895305607,-22.75550598493568,4019.083857952295,3832.7585327148436,3646.433207477392,3832.7585327148436,3896.853662109375,3804.155426209373,3871.002600380673,3762.047644344011,3824.867679282003,3819.9603934701336,-0.023004148442926087,0.008887801826725262,0.028223367794703247,-0.023004148442926087,-0.03831136170037519,-0.04203624159873354,-0.07504085398038074,1852645.2,2.3569931252891814,1,-70.66909399658061,-38.06793939701083,70.48599292642461,0.019531902874922298,-0.051363100947960365,-0.06774482489979064,-0.10209332908273831,-0.010330917448012943,0
2025-02-20,3604.279296875,3612.480904202741,3577.481465767268,3587.2087965043847,2888572,16.23947567253306,-70.75220821646599,-46.202064805738054,-24.550143410727934,4017.3850365548064,3814.9750366210938,3612.565036687381,3814.9750366210938,3885.5039453125,3785.1196043680043,3860.5428629882936,3737.7755908872405,3808.5277991037065,3796.4396860614743,-0.0012422293016468577,0.008902050227790271,0.009710523395292395,-0.0012422293016468577,-0.032040093373915224,-0.03343868539896844,-0.07430048937558498,1901568.85,1.5190467597321022,1,-75.81412261893001,-41.46495724541228,67.54325993884929,0.018739740840120513,-0.04777664285279538,-0.06638018931745006,-0.10282951121709609,-0.0022935891058666834,0
2025-02-21,3610.573974609375,3640.1375755636514,3600.0836645933414,3601.132788726248,1833931,17.67134125594913,-75.65844138499051,-52.09334012158855,-23.565101263401964,4021.2437295692,3801.6642822265626,3582.0848348839254,3801.6642822265626,3873.9252197265623,3768.496211057659,3850.740161483238,3718.2061114598764,3793.864552844867,3783.7290302078436,0.0017464456042106669,0.00903688643978284,0.011093502377179066,0.0017464456042106669,-0.022513650785761286,-0.03782854898089827,-0.06040598533058039,1915676.3,0.957328229200309,0,-82.11302872367423,-45.405650558092475,65.07054097253987,0.018022215146437984,-0.0419059029394544,-0.062368837366932356,-0.10212505945363831,0.007953228647186067,0
2025-02-24,3505.289306640625,3588.8301766028944,3499.9486923438976,3569.7091569360205,2508516,7.630443537945823,-87.03892873236737,-59.08245784374432,-27.956470888623045,4038.9843731993606,3784.274206542969,3529.564039886577,3784.274206542969,3861.34017578125,3743.4288868274652,3837.1930691364687,3685.449679949222,3772.4886086815895,3761.742099140588,-0.029160091638931407,0.010089681738780233,0.025356390438476654,-0.029160091638931407,-0.02867268455345162,-0.05862469845356588,-0.08951064906760497,1917688.5,1.308093572026948,0,-95.08263982737208,-52.185583685716665,69.37566601628116,0.019791709028082742,-0.06361536104634331,-0.08649649796499193,-0.13213595727184876,-0.0068775443572153434,0
2025-02-25,3461.372802734375,3488.5045093924064,3453.457341344246,3457.033582981813,4101954,7.204518739781292,-98.46667920237951,-66.95930211547136,-31.50737708690815,4047.1437675528027,3761.851171875,3476.5585761971975,3761.851171875,3849.500576171875,3716.566402628123,3822.4550194736416,3650.9763142238608,3749.4429934262403,3728.4853846206006,-0.012528638883829601,0.010092895553564081,0.010125221998761409,-0.012528638883829601,-0.03964911772085156,-0.06290670458279868,-0.08426795021824052,2061931.75,1.989374284575617,1,-108.15673086315837,-59.25127043149723,68.03715126279869,0.01965611771406174,-0.06866380746306348,-0.09446343119793944,-0.14473688073913604,-0.004368047633885483,0
2025-02-27,3445.16064453125,3469.431358845929,3433.859627375125,3444.349936596485,3823856,7.090779622243744,-107.59119513437736,-75.08568071925257,-32.50551441512479,4047.80757056585,3738.605615234375,3429.4036599029,3738.605615234375,3836.9743359375,3690.7182351903252,3807.6591616327637,3619.3123650403822,3726.9035601747596,3697.7207909946724,-0.0046837365193133085,0.009987650425640085,0.010325129984074786,-0.0046837365193133085,-0.04581358289329074,-0.04533453664008158,-0.08546508470384595,2176562.0,1.7568330238238101,1,-113.43719101904799,-63.343438747909204,64.58693593495774,0.018747147839820243,-0.06653382214814678,-0.09520245949379319,-0.14888230616910347,0.004594671899544227,0
2025-02-28,3321.851806640625,3433.192134904543,3296.8181139902795,3418.83943788603,7085018,6.227520042939915,-123.3505243699883,-84.73864944939972,-38.61187492058859,4056.904837638139,3708.6057250976564,3360.306612557174,3708.6057250976564,3823.4043603515624,3655.5880991379727,3788.6078928095426,3573.54920220965,3696.8997265796384,3640.9543798371596,-0.03579189785717596,0.01233150003259373,0.04105361372281621,-0.03579189785717596,-0.052331629133288704,-0.07835893585695386,-0.1091774014516037,2456165.75,2.8845846417327494,1,-129.5315052300316,-71.93497017875097,69.5970815302069,0.020951290298705454,-0.09129482957230502,-0.12319989277718107,-0.18118567243136252,-0.011443838420234265,1
2025-03-03,3331.19775390625,3359.9983745974937,3315.08068451919,3323.520708287026,4990439,6.564508386617717,-133.5463275576676,-94.5001850710533,-39.046142486614315,4057.202522515621,3680.944689941406,3304.6868573671914,3680.944689941406,3811.9241455078127,3624.6937805444754,3770.6702403035315,3536.2643640091273,3669.810691566795,3610.447677262335,0.0028134750764443606,0.012405072190645234,0.013483945834687226,0.0028134750764443606,-0.037607925019024435,-0.07737723217077985,-0.11227871273449941,2683829.1,1.8594473843360593,1,-143.80243051318348,-80.0699211797064,70.24081820768252,0.021085754553393385,-0.08097126113482021,-0.11655023069901356,-0.17894220576379313,0.008022211387429186,1
2025-03-04,3368.390869140625,3386.462765522496,3303.780096861225,3313.03059628982,2797737,13.53735047974979,-137.0456248221085,-103.00927302126433,-34.03635180084416,4043.980262233547,3655.3578857421876,3266.7355092508283,3655.3578857421876,3801.4125390625,3600.2839794583947,3754.8945786893,3510.437672490896,3647.4832973130046,3591.6614030446012,0.011165087749822611,0.013394575651378268,0.024546637214452948,0.011165087749822611,-0.022283365947677103,-0.03905481845411496,-0.09538993995264955,2760430.3,1.0135148132521223,0,-143.14490736907055,-82.29849044716866,70.35661722362023,0.020887307903660914,-0.06440967202610898,-0.10293330516980578,-0.16706050704604192,0.03111833192553434,0
2025-03-05,3382.69580078125,3433.526166541638,3357.7098367858857,3357.7098367858857,2501894,16.02907025412094,-137.08433183776424,-109.82428478456433,-27.260047053199912,4015.039183091475,3628.6552978515624,3242.27141261165,3628.6552978515624,3790.7899609375,3579.561295774857,3740.2985481831024,3490.7850768432586,3627.869408681023,3567.9925994619925,0.004246814635343821,0.013752292220029964,0.022412990768558606,0.004246814635343821,0.018316287926810393,-0.02272999946465537,-0.0842068346859638,2758168.4,0.9070852961697335,0,-137.00510685326572,-82.15647129053923,70.21356112193199,0.020756687936797576,-0.05499710124421609,-0.09560807587821098,-0.15749370142468627,0.04331049757999388,0
2025-03-06,3434.718017578125,3442.204143903758,3372.2529953515404,3392.184489465064,2786513,24.61959751397515,-131.4025228111027,-114.13993238987202,-17.262590421230684,3978.463326484596,3605.31435546875,3232.1653844529037,3605.31435546875,3781.402607421875,3565.766697851359,3728.3149979632994,3482.1593754178534,3613.561898228956,3550.0208613918267,0.015378922569644127,0.015018649053594402,0.02036590724310499,0.015378922569644127,0.031075988674189148,-0.003031100151948296,-0.04822822327113163,2812798.45,0.9906550538663728,0,-124.95153733896632,-79.34416366946425,69.61070200620831,0.02026678803032918,-0.036751894158471035,-0.07874790100771001,-0.1366721933282037,0.06266778120312881,0
2025-03-07,3443.873291015625,3457.033908045006,3408.778389880028,3433.1922948860747,2051315,22.699349143348257,-124.72316318196818,-116.25657854829126,-8.466584633676916,3936.531247828823,3582.8293334960936,3229.1274191633643,3582.8293334960936,3772.2779638671873,3554.157801962241,3717.1604212202537,3476.269208586741,3600.9923717687093,3531.525621263475,0.002665509480151096,0.014823451070544755,0.014011990014518451,0.002665509480151096,0.022409044795403288,0.03673297048684421,-0.04450432184832376,2801137.4,0.7323150231759428,0,-101.43029717573154,-71.44747158928885,69.78781808393167,0.020264339650937244,-0.03102971705019072,-0.07352040246756829,-0.12515027210438665,0.06650275569116418,0
2025-03-10,3423.32177734375,3454.2683775177134,3416.5986286887846,3439.391117760303,1004626,23.04140616745805,-119.70813706251693,-116.94689025113641,-2.7612468113805164,3900.081149314087,3561.860632324219,3223.640115334351,3561.860632324219,3762.8556005859373,3541.6972281890517,3705.6373371466652,3468.123449933973,3587.83158699649,3520.6767521436086,-0.005967558018319052,0.014815353215410207,0.01100385861423688,-0.005967558018319052,0.012009940874115,0.02765492481779952,-0.05186216889127271,2773921.7,0.3621681174346053,0,-82.99655235542377,-65.03290315686627,67.12098557817714,0.019606975313392293,-0.033423368294480005,-0.07618542618104603,-0.12224344923032825,0.06194291386918309,0
2025-03-11,3409.636962890625,3422.46370471324,3373.7313523521616,3393.1385193645992,1995450,23.730226993103287,-115.50645636048921,-116.65880347300697,1.1523471125177593,3855.7036055060125,3539.8476806640624,3223.9917558221123,3539.8476806640624,3754.358173828125,3529.120060065392,3694.029479332703,3459.1255288503808,3574.63198521087,3508.6573208805257,-0.003997525019030945,0.014809794672763287,0.014292534041443558,-0.003997525019030945,-0.0073022165310633325,0.01224504380648761,-0.027288002610452278,2806718.65,0.7109547656299644,0,-71.16391939300274,-60.86509935659706,66.58284364750862,0.019527839582974535,-0.033856342414305116,-0.07698707279765706,-0.1156900758601871,0.05758240750251965,0
2025-03-12,3343.738525390625,3403.867120516496,3325.2852564493496,3399.8140462677893,3174167,24.5978500521598,-116.15508380066194,-116.55805953853798,0.4029757378760337,3824.1897090436805,3518.039758300781,3211.889807557882,3518.039758300781,3744.2122216796874,3511.4646758106524,3680.2925791781117,3441.373682164264,3557.528765964926,3491.097246076358,-0.019327112597973595,0.0145068484640619,0.023501198873786412,-0.019327112597973595,-0.029076204948141227,-0.011516635749991955,-0.03398486209021534,2874881.6,1.1041035568212618,0,-68.09661996420482,-60.005969004990675,65.332863889552,0.01953886746629497,-0.047765296223948574,-0.09144763535692765,-0.12563476715521063,0.041050199643365926,0
2025-03-13,3348.36376953125,3360.999824081682,3322.662557973568,3340.019205205493,1693004,25.477544886365237,-114.97059768928693,-116.24056716868778,1.2699694794008423,3788.447184469917,3497.1020629882814,3205.756941506646,3497.1020629882814,3732.9732470703125,3495.931256164995,3667.2757631135287,3427.064464836108,3542.035062525395,3478.142825689806,0.0013832553309724993,0.01458060221960494,0.011449552302819637,0.0013832553309724993,-0.02189627872804345,-0.025141582978554067,-0.028096476474515852,2875631.7,0.5887415971941051,0,-69.83544168636399,-61.039234849770764,65.57128015188356,0.019583081369042268,-0.042211209494898684,-0.08696155243900214,-0.11616459026872875,0.04448460398796844,0
2025-03-17,3335.63232421875,3366.86483705381,3316.225391054831,3327.3354895121856,2690906,23.975447056849745,-113.74798913477025,-115.74205156190428,1.9940624271340255,3755.686355860493,3477.4351196289062,3199.1838833973193,3477.4351196289062,3722.9002099609374,3480.6646912177334,3654.270138058832,3412.9979816642067,3526.745970798977,3461.0148650656733,-0.003802288576991275,0.01445367062385043,0.01518136325496822,-0.003802288576991275,-0.021704550800368816,-0.03143000849632127,0.004148444416026242,2896311.5,0.9290803147382455,0,-73.4931107445077,-62.89028316142185,66.32738979678847,0.019884502651929193,-0.0416680088044456,-0.08719602049161697,-0.11184481126499753,0.04265101531973573,1
2025-03-18,3335.63232421875,3335.63232421875,3335.63232421875,3335.63232421875,0,29.943633272820165,-111.49383155918304,-114.89240756136005,3.398576002177009,3709.3667684070606,3456.5904052734377,3203.814042139815,3456.5904052734377,3712.9189453125,3466.852084836878,3641.774537516084,3401.095572826444,3512.589404385627,3452.5035458058674,0.0,0.012794376253350795,0.0,0.0,-0.002424292781962656,-0.02561531133454853,0.0013312239741096743,2812212.75,0.0,0,-74.84514335217364,-63.86279963058132,58.42558392068294,0.01751559471842179,-0.037849829588072016,-0.08406402157617969,-0.10075424392417415,0.04114417389559049,1
2025-03-19,3335.060302734375,3382.648069389524,3302.301833176931,3382.648069389524,3051244,33.362682057489195,-108.50280005502145,-113.61448606009233,5.1116860050708794,3661.6835608846836,3437.1642578125,3212.6449547403167,3437.1642578125,3704.1754443359373,3454.3004865414014,3629.7465283089577,3390.936300504587,3499.4391005596085,3438.234649761884,-0.00017148817039025488,0.01254446213247404,0.024091389336114388,-0.00017148817039025488,-0.003973124699870212,-0.021872316897053268,-0.009895100569119353,2874784.65,1.0613817629783155,0,-74.81957352399058,-64.28295102374523,60.46231755755538,0.018129302641989132,-0.03451934314099435,-0.08118644739413043,-0.08920029618053467,0.03810422555826848,1
2025-03-20,3398.049560546875,3413.117506170413,3349.269714639503,3349.269714639503,2845192,44.47549764810631,-99.8981160589683,-110.87121205986753,10.973096000899233,3611.9908289473265,3422.3800659179688,3232.769302888611,3422.3800659179688,3695.1915625,3448.9432554943032,3620.660372710445,3392.0306482034007,3491.928764262369,3425.781808470696,0.01888699216648515,0.01376266347910972,0.018789540997934832,0.01888699216648515,0.018712265100364167,0.016242608309184448,0.004538912355665836,2909550.3,0.9778803274169208,0,-62.52142031634912,-59.63220646766695,63.49699412650067,0.01868630606914444,-0.014756315537042413,-0.0614834834665595,-0.05923084485316985,0.05112652409517107,1
2025-03-21,3412.307373046875,3448.6895841353426,3304.447814456678,3313.984460385846,4161925,64.25251117101814,-90.88073909842569,-106.87311746757918,15.992378369153485,3580.6466353443006,3412.55732421875,3244.4680130931997,3412.55732421875,3687.79541015625,3445.4541238326433,3612.4896668412857,3395.1501443331663,3486.030883431592,3407.5322208152934,0.004195881268343138,0.00943063690546445,0.042271036547879955,0.004195881268343138,0.02298666081133005,0.019096970316512696,-0.006524740725892819,2899312.95,1.435486638308569,0,-50.47713233235163,-54.78609627224296,63.20408263633596,0.018522388438852903,-0.009620430165210447,-0.05541394225480167,-0.04701364849459344,0.051730933785246715,0
2025-03-24,3460.800537109375,3480.636804108051,3401.339698729423,3433.191998024244,1834751,68.17816659920734,-78.91176412892992,-101.28084679984934,22.369082670919425,3549.5670144055784,3405.3833862304687,3261.199758055359,3405.3833862304687,3677.121474609375,3446.915687001856,3606.5410735184655,3405.2502047602757,3484.1619688892056,3399.15541059305,0.01421125319645511,0.009985437919750291,0.02291293720292255,0.01421125319645511,0.037702536974191236,0.037524583264716194,0.004915176797563925,2846621.9,0.6445362483862013,0,-33.74900421587745,-47.72906454036638,65.65975515778769,0.01897241821761558,0.004028195455977667,-0.040410058678996025,-0.0250076916243455,0.06120470804064984,0
2025-03-25,3488.26611328125,3538.095080383689,3469.431240548749,3476.106891643813,3135390,67.28545830267655,-66.44409659064058,-94.3134967580076,27.86940016736702,3514.219490255768,3399.2679931640623,3284.3164960723566,3399.2679931640623,3666.5202001953126,3450.853822837989,3601.902839783673,3418.021882994272,3484.4659795849125,3397.6511819748657,0.007936191605776743,0.009812568193194418,0.019684232109903787,0.007936191605776743,0.0265495105727227,0.045758577153208524,0.01897114561865476,2911694.85,1.0768264401058374,0,-15.99826199888912,-39.87169773241112,65.27488905871935,0.018712703371509203,0.01084145906026618,-0.03154908157079765,-0.007385246438499816,0.06209804001922238,0
2025-03-26,3467.333251953125,3509.9620062788417,3457.844337246533,3478.7294955586594,1734499,61.975428393380604,-57.58864119974487,-86.96852564635506,29.37988444661019,3506.0329707573655,3397.3701904296877,3288.70741010201,3397.3701904296877,3656.5874658203124,3452.4232922775254,3596.6256010452203,3425.6082474494797,3483.1968886492245,3394.2509485970836,-0.006000935894318715,0.010055129033877648,0.01503105275587546,-0.006000935894318715,0.016125709934834198,0.039661336591215735,0.016921534371678648,2872994.0,0.6037252427258811,0,-1.8771942638759356,-33.120927263737485,63.58212757847338,0.01833747233343031,0.004318693976184952,-0.035948236884740366,-0.011038036187058651,0.05431490843558337,0
2025-03-27,3482.019775390625,3493.2730630548403,3443.2056768112207,3447.354210516991,2528474,57.4834146507266,-48.82275101870391,-79.33937072082483,30.51661970212092,3509.9788072087063,3398.4025390625,3286.826270916294,3398.4025390625,3646.6385009765627,3455.2420049549637,3592.1312549411186,3434.2869440558097,3483.1096950745136,3392.409477133046,0.004235682690502118,0.009312329555884444,0.014378834548118832,0.004235682690502118,0.006131309231410809,0.024711297862952897,0.04135528210413697,2794320.0,0.9048620057831601,0,6.298749460660474,-28.52911776932615,62.161858842144966,0.017852241759646937,0.007749897227823937,-0.03065352341984468,-0.007965584225369025,0.05938662052251252,0
2025-03-28,3439.05712890625,3491.3179898494645,3425.467409839091,3481.829074680501,2051919,49.31168444184227,-44.82572337682768,-72.4366412520254,27.610917875197714,3509.167388388221,3398.09736328125,3287.0273381742795,3398.09736328125,3636.641240234375,3453.7005881884197,3586.1283480377906,3435.020818648185,3479.8465420250127,3390.634035581298,-0.012338426906135291,0.009949659333437014,0.019147858713041057,-0.012338426906135291,-0.014107004103741216,0.007839198798638591,0.027085874061914206,2705723.15,0.7583625102220825,0,8.246464355776425,-26.361318803495124,63.41864897395895,0.018440708193215877,-0.004239933053910355,-0.041011142061330025,-0.019979172185961996,0.04625145308843483,0
2025-04-01,3386.27197265625,3417.933587672838,3361.667381848982,3407.157132195161,2618493,45.15162745524019,-45.39409625425424,-67.02813225247117,21.63403599821693,3506.667487266398,3401.3183715820314,3295.969255897665,3401.3183715820314,3625.70271484375,3447.278815280594,3578.290843120868,3427.5209961878872,3472.9150924421415,3396.238152838033,-0.015348729105523096,0.010668489424891018,0.016615973636553323,-0.015348729105523096,-0.023378566006372115,-0.021535064981056284,0.015181423944667038,2482396.9,1.054824472267106,0,0.36312827873780407,-28.250230397597534,66.2557917045546,0.019565998313060017,-0.017697101364102484,-0.05366217529068862,-0.034333313622501915,0.027397924479119866,0
2025-04-02,3379.7392578125,3398.955737182192,3366.483414395356,3379.786987603144,1764313,46.0129254912175,-45.8432192511209,-62.79114965220111,16.947930401080214,3504.4257799651036,3403.7454467773437,3303.0651135895837,3403.7454467773437,3615.520439453125,3440.846476474109,3570.504506442109,3420.1699595147506,3466.0131787658715,3402.2240797674476,-0.0019291760663351365,0.01063393675682922,0.00960793727260889,-0.0019291760663351365,-0.02937390485286684,-0.031111977109643085,0.01322296023860492,2321090.6,0.7601224183149077,0,-10.00734636388006,-31.398333341564012,65.03307011850087,0.01924203767144831,-0.017759356332638938,-0.05342809350483081,-0.035579729742156285,0.02321302838005249,0
2025-04-03,3245.462890625,3339.7327091413904,3238.787239864295,3329.2424008031394,4537821,38.9157181871802,-56.38417146873826,-61.50975401550855,5.125582546770289,3520.0274347459717,3397.5990478515623,3275.170660957153,3397.5990478515623,3603.452763671875,3422.238515917051,3557.7577764100656,3393.291948916328,3449.676120385066,3393.0715941339076,-0.03972980071675969,0.014201072536733264,0.03110356601786804,-0.03972980071675969,-0.05629282417382242,-0.06398876173876478,-0.02686530496492523,2408094.8,1.8844029728397738,1,-30.184776360474643,-38.86782463515465,69.075949511853,0.021283851284015325,-0.0516549692459646,-0.08777856880975886,-0.07800068300910448,-0.00907060223953977,0
2025-04-04,3146.520751953125,3242.125623966132,3142.80155330537,3206.7925383276747,5317367,31.228364628133846,-71.89301778435765,-63.586406769278376,-8.306611015079277,3552.00236243806,3385.7902954101564,3219.5782283822527,3385.7902954101564,3587.10314453125,3395.9796812538198,3541.630834274499,3355.3271493835273,3427.220167167885,3370.635516423395,-0.030486294869580544,0.016045713052475357,0.03156631673225392,-0.030486294869580544,-0.07080093466770776,-0.0963518432056758,-0.0740215244398229,2548868.45,2.086167687469316,1,-59.26232370114394,-50.50042066661945,73.67052602696127,0.02341332914497135,-0.07345713246688,-0.11156162254339314,-0.11415578288259258,-0.022691629538642104,0
2025-04-07,3122.345458984375,3138.891399190129,2914.446587584341,2956.3600978903933,6623955,30.577497435523483,-85.15304305154586,-67.89973402573187,-17.25330902581399,3571.9302894950247,3370.171667480469,3168.413045465913,3370.171667480469,3570.482685546875,3369.91927913292,3525.188270537632,3319.483812399042,3404.636855450588,3330.5976729587496,-0.0076831824337226795,0.01606977081611389,0.0718834012937167,-0.0076831824337226795,-0.07615788650948196,-0.09209258760484773,-0.08497532090832449,2740740.55,2.4168486141455454,1,-83.7813090554996,-60.94007750015862,86.63014876766162,0.02774521586597287,-0.07346580129724824,-0.11427554520139681,-0.1258660707441211,-0.014539640451064925,0
2025-04-08,3140.36962890625,3193.822573423648,3104.46425178094,3149.0480694302546,5557558,32.78397330146407,-93.13372116681103,-72.94653145394771,-20.187189712863315,3577.956191082744,3354.996484375,3132.0367776672556,3354.996484375,3554.09109375,3348.057407682761,3510.0973434148327,3291.9277841693815,3385.0615053361926,3309.3006965245545,0.005772637960354876,0.01626934956759404,0.028454714636197326,0.005772637960354876,-0.03238159401616558,-0.0726174228578309,-0.09258866691888701,2916052.7,1.9058496439381907,1,-99.2214075978327,-68.19349970603525,93.01288602785507,0.029618451653492223,-0.06203232307185999,-0.10533260999220309,-0.12230070431468135,0.002660521516992123,0
2025-04-09,3096.167236328125,3118.4828923346345,3063.2180815269526,3109.4708094407843,2990265,30.441880861903144,-101.85115304492547,-78.72745577214327,-23.123697272782195,3587.0442516579383,3338.6387573242187,3090.233262990499,3338.6387573242187,3538.4786572265625,3324.0678675537483,3493.864790195746,3261.810776809188,3363.6619298541136,3296.52292908527,-0.014075538169537105,0.01642975151322662,0.017849426917010712,-0.014075538169537105,-0.016002918650304232,-0.08390352031710102,-0.11240509302321999,3015334.65,0.9916859476940645,0,-116.77860892036051,-76.6397162463627,92.78469396833394,0.029967597641260234,-0.06856076359034757,-0.11382740253246601,-0.13684721483514709,0.0019202347630817673,1
2025-04-11,3081.766845703125,3146.0914699537143,3057.44840084302,3137.1271167444256,7108961,21.86783663421808,-108.6691020244175,-84.71578502259813,-23.95331700181937,3593.1764405423814,3322.245251464844,3051.3140623873064,3322.245251464844,3523.052177734375,3300.991579758451,3477.7040864901533,3234.1117104851783,3342.7808125095958,3271.419761861503,-0.004651037726914886,0.014913141057418882,0.02876371690294755,-0.004651037726914886,-0.012996195909228181,-0.05043842756444239,-0.11119969677930819,3271010.2,2.173322785725339,1,-121.24693615859996,-80.05368991991236,93.5408272308094,0.030352986424405332,-0.06641178226554809,-0.11385018130930885,-0.1423279939913166,0.009980219241015373,1
2025-04-15,3097.69287109375,3160.825412160961,3088.537831919463,3160.825412160961,3512160,22.09901760107944,-111.50195344984559,-90.07301870804763,-21.42893474179796,3598.5339217677183,3309.94296875,3021.352015732282,3309.94296875,3506.809365234375,3281.6297979808605,3462.8016858863725,3213.1241967326505,3324.626150182496,3258.9405458731526,0.005167822936647637,0.014970666203735446,0.023335941699079613,0.005167822936647637,-0.013589724413225812,-0.01551805460970379,-0.11037470465076837,3287909.85,1.0682044703871671,0,-114.34988327295923,-78.82914838812667,88.88488414360735,0.028693898279277572,-0.05605048046561628,-0.10543740240185476,-0.13917919396128373,0.02526711715945667,1
2025-04-16,3122.106689453125,3126.207493109741,3079.382475986214,3097.6927866639667,2384391,18.623542215696432,-110.50320534195589,-94.15905603482929,-16.3441493071266,3598.401677896788,3298.6301147460936,2998.858551595399,3298.6301147460936,3491.0500634765626,3266.4371209782194,3449.441097790951,3199.121503305031,3309.624708646987,3251.4012369692527,0.00788129081071709,0.01437152669648786,0.014997891417903066,0.00788129081071709,0.008377923782877605,-7.647120870724056e-05,-0.09216201638206789,3322479.2,0.7176541541629515,0,-103.48215815470076,-75.74717274668092,86.565449268243,0.027726614712005885,-0.04418589006295363,-0.09489491168509982,-0.13236292973330602,0.0410983498345254,1
2025-04-17,3146.0439453125,3150.5263550376844,3068.8925750135395,3095.1183505924305,2932346,18.088064014103935,-106.55188991432078,-96.63762281072759,-9.91426710359319,3595.9046313998965,3289.1506958007812,2982.396760201666,3289.1506958007812,3475.5339501953126,3254.971104248151,3437.543170242777,3190.955725152334,3297.5076150666546,3242.146028594018,0.007667020457769125,0.014349836975515881,0.025948073657959075,0.007667020457769125,0.02085722341357399,0.0018068944349796112,-0.07094174044009549,3334551.2,0.8793825088065824,0,-93.08630343461027,-72.55417317205593,86.87539475037377,0.027614170768280336,-0.03346486203625189,-0.08479870957073381,-0.1251036198677673,0.054871031009223734,1
2025-04-21,3167.69189453125,3198.590529231532,3131.92947805952,3137.651464694997,2432946,22.09590327369787,-100.51496148018441,-97.41309054461897,-3.1018709355654437,3591.320860031971,3280.7536743164064,2970.186488600842,3280.7536743164064,3461.1994189453126,3246.658798560827,3426.9607672736975,3187.3766742875514,3287.891635767736,3239.4684143435625,0.00688100662134894,0.014840791086433647,0.021044045125441804,0.00688100662134894,0.02259714773233301,0.023101031935196525,-0.06274074628422532,3456198.5,0.703936998988918,0,-77.40906899292122,-66.90402292204863,87.91420776035258,0.02775339606485371,-0.024322513984093866,-0.07565562909805576,-0.11795909694823246,0.06649596134397821,1
2025-04-22,3160.825439453125,3179.421896695883,3142.3244417890623,3168.645674402416,2710498,19.646690328927576,-95.18745600120792,-96.96796363593677,1.780507634728849,3585.9519324194753,3272.0419311523438,2958.1319298852122,3272.0419311523438,3446.813388671875,3238.4841929315226,3416.5240877513224,3183.291868928409,3278.4793249296167,3231.910871596591,-0.002167652444348911,0.01458657302527275,0.011736635134535933,-0.002167652444348911,0.012401482028399968,0.02565365834220401,-0.026078699410294504,3439161.2,0.788127639960581,0,-62.50738682692827,-61.17999873883082,86.98778409343835,0.027520590984767786,-0.023979969903172426,-0.07484175194751588,-0.11855331610078595,0.06852078080769647,1
2025-04-23,3254.85693359375,3262.390790001095,3182.6645776182195,3209.081037662751,3543923,34.12509647180414,-82.42763928707427,-94.05989876616427,11.632259479089996,3573.1729239032184,3264.8822998046876,2956.591675706157,3264.8822998046876,3433.575576171875,3240.0435015660205,3410.1841993529865,3194.3018788769227,3276.729518163997,3225.6389309647398,0.029749031049590036,0.017417179908807055,0.024494536629248474,0.029749031049590036,0.03458724358996257,0.05073584407498344,0.03443046786625459,3474097.75,1.0200988155845643,0,-41.586296414840035,-52.617486533386,89.5388391318381,0.027509301010344732,0.004571985536789763,-0.045548057430066895,-0.08908496652374447,0.10088145087412352,0
2025-04-24,3243.9853515625,3254.380201786355,3230.7292749264034,3243.508519298502,2252175,36.782430338591276,-72.35853428234486,-89.71962586940039,17.361091587055526,3556.901210492128,3256.466198730469,2956.03118696881,3256.466198730469,3420.4245458984374,3240.4189158513996,3403.66659747885,3201.945490059319,3274.304024341664,3216.1887793770043,-0.003340110564935439,0.01709648967976171,0.0072907008808038775,-0.003340110564935439,0.024084873015258967,0.03903731493901108,0.038957858499645726,3378610.25,0.6665980487095249,0,-26.018205126819794,-45.77450031210128,85.73440424684372,0.02642872730776939,0.0011006094593678116,-0.04691447923678196,-0.08797429009458865,0.09741242442335858,0
2025-04-25,3288.235107421875,3316.65435532197,3247.2275350265327,3261.532502141187,2742991,42.056449920797846,-60.11514061427488,-83.7987288183753,23.683588204100417,3533.092562424309,3247.837927246094,2962.5832920678786,3247.837927246094,3408.3177734375,3244.972838858111,3399.139872378576,3215.2208158074045,3275.3359564216794,3212.706684831948,0.013640553536427458,0.017663231093640118,0.021113703256416778,0.013640553536427458,0.04030898586756315,0.04519681370669826,0.047085374012843406,3424022.25,0.8011019788203771,0,-9.998265390039705,-38.403297864200795,88.60559574488899,0.02694624710529284,0.013332089577362271,-0.03262730252965274,-0.06930400228020626,0.1099215729143912,0
2025-04-28,3283.943603515625,3297.581052006719,3247.227521408655,3275.837455517982,1593296,54.31417255376396,-50.180007532220316,-77.0749845611443,26.89497702892399,3500.3680293533453,3237.6218017578126,2974.87557416228,3237.6218017578126,3397.1427294921873,3248.684340254065,3394.6223716388527,3225.7935523778997,3275.97355991012,3200.8280732992953,-0.001305108596573179,0.01390333929973407,0.015333250712392889,-0.001305108596573179,0.008936389683266377,0.03669918440776199,0.06064800537395776,3346917.55,0.4760487750885886,0,2.0255416932377557,-32.3383956348448,82.1342752198789,0.02501086654836279,0.010853397735405302,-0.032604147385558606,-0.06182904883795957,0.10389275841910738,0
2025-04-29,3311.599853515625,3333.05730397037,3271.4504864223404,3294.910725384157,1578332,72.02850239909093,-39.618022837935314,-69.58359221650251,29.965569378567196,3472.370756032553,3229.8351318359373,2987.2995076393217,3229.8351318359373,3386.376806640625,3254.6762938980232,3391.3665866144124,3238.9945217837035,3278.612544621639,3196.0900929310383,0.008421658024331702,0.010647421175685172,0.018603339857811374,0.008421658024331702,0.020843035533609333,0.04770096196409579,0.07457832448712143,3339109.2,0.4726805580362571,0,16.192100966500675,-25.157501136910014,79.20180952190744,0.023916479352970758,0.017489776087509526,-0.023520528100271883,-0.046300039313953,0.10855970251626285,0
2025-04-30,3293.671142578125,3347.2670426291115,3210.0348098149666,3311.123250052752,2809332,73.24965775708638,-32.32168672388934,-62.13121111797988,29.809524394090538,3434.7052316839786,3220.4177001953126,3006.1301687066466,3220.4177001953126,3376.6522900390623,3258.390089010414,3387.5353927306364,3247.4063095982297,3279.727996322119,3189.324362646119,-0.0054139122268853646,0.010476515453161984,0.041665432544284384,-0.0054139122268853646,0.001653177153902563,0.011925012305078253,0.0632658819449643,3353152.1,0.8378182427215276,0,18.346587444393663,-22.648806622350094,72.42738583943323,0.021989865625364348,0.010827756224370863,-0.02770871423334385,-0.04106148259968933,0.0956515379356276,0
2025-05-02,3272.02294921875,3329.7196523454577,3261.532639559349,3311.123194312883,1721761,67.69192509740776,-27.963767167776496,-55.29772232793921,27.333955160162716,3402.124611143224,3212.0659912109377,3022.0073712786516,3212.0659912109377,3366.7503955078123,3259.688456649303,3383.0054929850726,3251.1934849244635,3279.15725209224,3183.78883814003,-0.006572663882414731,0.010818335454637257,0.020839405421159918,-0.006572663882414731,-0.0036299814296790744,0.008642948292829189,0.048017660726349165,3336644.2,0.516015762184053,0,19.269540797903574,-20.661104493777202,70.91514949253327,0.021673182185187743,0.0037839482924468585,-0.0328059011421807,-0.03824129824590858,0.08273162412383973,0
2025-05-05,3294.243408203125,3342.1173206897283,3286.7093187748424,3290.1426041887757,1284443,78.28933421108421,-22.45819509323337,-48.729816880998044,26.271621787764673,3383.719621211242,3207.464562988281,3031.20950476532,3207.464562988281,3358.05583984375,3262.9794044163336,3379.524626915192,3257.8165500442574,3280.2747451374908,3178.0209025925133,0.006791046190455452,0.009661663527105641,0.016819644163789577,0.006791046190455452,-0.0052411058341104155,0.001827211432567255,0.0471066092739858,3269941.7,0.39280302765030944,0,18.00656555822252,-19.61524546338387,70.41106549908191,0.021373971736195495,0.009581428477445055,-0.025234678875505418,-0.02644315221841226,0.08677523048944426,1
2025-05-06,3299.678955078125,3312.076592770615,3277.7446730067963,3299.678955078125,1324763,81.94021390619275,-17.455173972514785,-42.4748882993014,25.019714326786612,3366.3739927812676,3203.4615478515625,3040.5491029218574,3203.4615478515625,3348.99888671875,3266.474599717457,3376.3934240980525,3264.2569200494677,3281.7120940219825,3174.904443207887,0.0016500137365274004,0.009345058831002636,0.010404624277456713,0.0016500137365274004,0.0018240474655577543,0.004791602250920013,0.04166663455329722,3247964.2,0.4078748774386121,0,17.790259463391976,-18.228947540800164,66.53169768859081,0.020163082104154455,0.010165196252724655,-0.02272083237468705,-0.019812129563192043,0.08522468915474946,0
2025-05-07,3285.469482421875,3299.202157339632,3262.104703449532,3262.104703449532,1477128,77.66233616766303,-14.470027904957078,-36.87391622043254,22.403888315475463,3371.498252374881,3205.461877441406,3039.4255025079315,3205.461877441406,3340.236611328125,3268.283636165497,3372.827779326438,3267.5203911836843,3281.9904190886414,3170.153106342317,-0.004306319751011478,0.009664263573061757,0.011291370712338425,-0.004306319751011478,0.004109547338699393,-0.007890558113779922,0.03943401663785506,3094929.55,0.47727354569347147,0,13.607342267473541,-18.538807287974578,63.56853234364488,0.019348386184608695,0.005258370499489899,-0.02590060999853616,-0.025516480660313926,0.08095081774859243,1
2025-05-08,3289.09326171875,3315.89132616591,3269.829286199684,3288.235056836369,2543591,76.20479042742065,-11.67726123683542,-31.834585223713116,20.157323986877696,3380.2067159944154,3212.5905029296873,3044.9742898649592,3212.5905029296873,3332.14380859375,3270.2655052658065,3369.5440727535874,3270.8392943429253,3282.5165555797607,3174.748835021339,0.0011029715285024722,0.00963839681818439,0.014004479745933373,0.0011029715285024722,-0.0015633776397793175,-0.001389902228001949,0.010518535475904534,2956240.75,0.8604140241284476,0,11.875416255392338,-17.991319977048988,63.514033975266265,0.019310499557582125,0.005757256229693555,-0.023875874390654025,-0.02695499474766913,0.08017111102262119,1
2025-05-09,3280.89208984375,3286.518617372084,3240.6474937252347,3241.505698660658,2531757,72.26081447292694,-10.010346518371534,-27.469737482644803,17.45939096427327,3385.1330238982455,3220.5178344726564,3055.9026450470674,3220.5178344726564,3325.58640625,3271.2775609398964,3366.067524404182,3272.385878266129,3282.3962247845006,3193.0858893735385,-0.0024934446129735166,0.009704790647945041,0.013981296059339133,-0.0024934446129735166,-0.005693543368957887,0.002710598538777864,0.011376974394620376,2751630.85,0.9200932603295968,0,11.58910429059324,-16.937968580890356,61.14346168736415,0.018636230638806553,0.0029390746351377166,-0.02530413722924613,-0.030793748227493256,0.07362454597869472,1
2025-05-12,3452.646728515625,3462.278832722667,3339.923635561146,3342.5939426230407,2228678,81.45273123453536,5.1109435570228925,-20.953601274711264,26.064544831734157,3426.0349900800684,3236.131689453125,3046.228388826182,3236.131689453125,3322.5537548828124,3288.5508149947273,3369.4627873105132,3300.1183167660515,3295.0073732090286,3207.8306351848687,0.05234998103215727,0.016391661553970812,0.035438087583934345,0.05234998103215727,0.05088382253683754,0.04808488647743925,0.04999995916431166,2585186.85,0.862095519323874,0,25.571410578393625,-10.06183960467888,69.3381539521431,0.020082608909702506,0.049899157030711974,0.024687597535840045,0.0077675034004643035,0.13341689716379093,0
2025-05-13,3352.130859375,3455.126629734175,3347.839368943368,3452.647008797929,3062887,67.49835084909499,8.881503843541395,-14.986580251060733,23.86808409460213,3433.5434884618503,3248.9298706054688,3064.316252749087,3248.9298706054688,3317.384892578125,3294.606057316658,3368.7831038620616,3308.1202463981977,3299.2387425546563,3224.9668494016178,-0.029112700210669695,0.01885789415446479,0.03200568990042669,-0.029112700210669695,0.019165646164532646,0.015896062923380194,0.020763832785184677,2588817.95,1.1831218182027823,0,28.131457599200985,-7.610320235990912,74.351711515285,0.022180432278573924,0.017460297546224426,-0.004943103777732384,-0.02371096488523619,0.09392457660585977,0
2025-05-14,3384.269287109375,3395.999407449705,3346.0274789718064,3357.852826068636,2119499,63.34848807640529,14.298182020124841,-9.12962779682362,23.42780981694846,3440.3849984382337,3264.0549926757812,3087.724986913329,3264.0549926757812,3314.9644921875,3303.145412535012,3369.3904051658783,3319.8354834306865,3305.5373014105617,3251.5151650686744,0.009587462149484027,0.01749087514404156,0.014765943321425607,0.009587462149484027,0.0315088684524667,0.030071746280434075,0.02194390530504564,2339344.85,0.9060224703510472,0,34.861776369515155,-3.437374160559557,70.66646708170846,0.020880864105842833,0.024559583198035546,0.004415897285361982,-0.016310881297974627,0.09603973846533828,0
2025-05-15,3414.023193359375,3433.1919414973604,3351.2722602468125,3398.860022082387,3548330,66.88130405422766,20.752606936022403,-3.153180850254416,23.905787786276818,3450.0102441339836,3279.8715087890623,3109.732773444141,3279.8715087890623,3314.0175,3313.7052011849514,3371.1407105852313,3334.3259003427925,3313.57329340677,3272.9178657406605,0.008791825864251424,0.01745691071315805,0.023995057037072883,0.008791825864251424,-0.011186645548545648,0.03798309190398008,0.03654039689191446,2341153.35,1.5156333095395054,1,43.439695919144924,1.596637831643875,74.79446869479428,0.021908014227986845,0.030273662285513737,0.01272046658850359,-0.010430998237120322,0.09785098659079358,0
2025-05-16,3396.285400390625,3427.37472311883,3381.789746684424,3427.37472311883,1666727,61.323279430742794,24.158014973067566,2.3090583144099806,21.848956658657585,3454.1078033215845,3293.5804443359375,3133.0530853502905,3293.5804443359375,3313.0399951171876,3321.569982061682,3372.1267768521093,3343.858131119382,3319.7001161463145,3286.0427834718926,-0.0051955689707240404,0.017365360662591978,0.013422009949211916,-0.0051955689707240404,0.013172081540950842,0.03517132151468316,0.037977255386165476,2305270.15,0.7230072362668645,0,50.29242112178554,6.059252447927065,72.85989531443258,0.02145281880788127,0.022494006970332627,0.007164209751647553,-0.016740184795435608,0.0840178279363255,0
2025-05-19,3355.754638671875,3385.5089240585157,3341.3542118072583,3385.5089240585157,2537377,56.99428639911884,23.317541531956522,6.510754957919289,16.806786574037233,3450.8221963531123,3304.0659790039062,3157.3097616547,3304.0659790039062,3313.7180517578126,3324.825663643605,3371.4847322175906,3345.688363050535,3322.3708215185784,3300.731478957457,-0.01193385035135397,0.017769772408729095,0.013157908430615423,-0.01193385035135397,-0.008425644066242577,-0.028063134592807404,0.01867233924353573,2285521.7,1.1101959784499091,0,36.27484864887765,2.0219449070773408,73.18687088481134,0.021809362949663357,0.009302435122079662,-0.004665627993328962,-0.02754924834484556,0.06285252065770472,0
2025-05-20,3336.20458984375,3393.1383143193784,3332.103785899918,3368.1523508133114,2038374,52.43491299101861,20.83377592050101,9.375359150435635,11.458416770065377,3444.932474682868,3312.4916137695313,3180.050752856195,3312.4916137695313,3313.8181884765627,3325.9093709007616,3370.101197222538,3344.2293210187217,3323.3955450982207,3310.3490336602317,-0.0058258278489223825,0.01776259873042303,0.018294599979049544,-0.0058258278489223825,-0.022793812199925934,-0.004751088247855417,0.011069451077782233,2265793.1,0.8996293615688034,0,31.303313584103762,1.3180933604762686,73.14599308991355,0.021924912312808523,0.0030954598562017164,-0.010058038437161373,-0.03156168825896279,0.04910419648092222,0
2025-05-21,3362.430419921875,3373.1114160079887,3336.2046455537043,3345.4551448561,1440153,56.69456007271746,20.74247277336508,11.648781875021525,9.093690898343555,3435.6873513393116,3322.5718627929687,3209.4563742466257,3322.5718627929687,3313.6989794921874,3329.3875660456297,3369.8003824264333,3347.0294900807453,3326.28701730738,3321.082022302305,0.00786097775836736,0.017767004272393912,0.010976218343617646,0.00786097775836736,-0.009968237788513301,-0.006453052441980245,0.023424639282684234,2202275.85,0.6539385154679873,0,26.242153510617754,0.40997726055502426,65.97989261492025,0.019622678947941848,0.009924604216471823,-0.0021870620417140424,-0.02132235093768917,0.04766353794453983,0
2025-05-22,3315.891357421875,3335.7276249349998,3291.382227143766,3333.057317857191,2034383,54.07368244932863,16.722039706254236,12.663433441268069,4.058606264986167,3434.2512413902577,3325.623583984375,3216.995926578492,3325.623583984375,3312.362890625,3328.1022128433674,3367.68630301449,3342.239008133227,3325.5169684269727,3328.072565822475,-0.013840899792085914,0.01812737935922045,0.013373597929249532,-0.013840899792085914,-0.011879081024164795,-0.02874375198398671,0.00814756334672051,2126798.85,0.9565469719903225,0,14.397011658415977,-3.454407570741296,66.18426261434881,0.01995971987025759,-0.0036690145435948136,-0.015379979289119723,-0.03446453845364795,0.030741546803438314,0
2025-05-23,3351.749267578125,3371.203929798424,3305.0197081551764,3315.8913900733005,1274331,55.208163814025234,16.242023273474842,13.379151407709426,2.862871865765417,3433.081874430788,3331.0117797851562,3228.9416851395245,3331.0117797851562,3310.703515625,3330.354313294297,3367.0613212326716,3343.7021249709032,3327.4601016974284,3333.128455171263,0.010813958085807096,0.018255929929585347,0.019746173224666697,0.010813958085807096,0.004659389829297922,-0.013113189135217418,0.021596924188308053,2077906.65,0.6132763471352286,0,8.784331232614932,-5.065455619437671,65.90496619808232,0.019662856895528855,0.006424227656025236,-0.004547601660233772,-0.02369084392027445,0.03803338505733775,0
2025-05-26,3373.3974609375,3380.740630975097,3347.457833268305,3357.8526831208237,967470,56.48602936027492,17.407769147988347,14.18487495576521,3.222894192223137,3436.9308572036102,3335.2698974609375,3233.6089377182648,3335.2698974609375,3309.2939990234377,3334.453660688888,3367.3097972995274,3348.270638196533,3330.862869048545,3337.341698362921,0.0064587746967772475,0.018306383286292992,0.0098662544488731,0.0064587746967772475,0.0032616410292527487,0.005257482791592771,-0.022953193248414383,1989130.6,0.48637832025710126,0,9.627997045282882,-4.1749349180631725,65.83002890829468,0.019514459731051044,0.011679214711463867,0.0018078715664518572,-0.01848550317296837,0.04322987903350934,0
2025-05-27,3336.5859375,3375.972327891045,3321.708911006242,3368.3430118958117,2467680,54.32538618449676,15.186191890579266,14.385138342728021,0.8010535478512448,3436.651882903482,3337.9020141601563,3239.1521454168305,3337.9020141601563,3307.5592822265626,3334.6567346708985,3366.104940052487,3346.472991935528,3331.286800044949,3340.185770976422,-0.010912299503323175,0.01855742946084075,0.016263155782962075,-0.010912299503323175,0.0062410307960798495,0.00011430583646188097,-0.004637325488509814,2032849.8,1.213901784578477,0,8.747363770136872,-3.9962571700507397,67.02211214088109,0.02008703309200502,0.0005785311600571496,-0.008769483744029331,-0.02911727716772426,0.030080029498160913,0
2025-05-28,3335.63232421875,3365.482070074091,3331.1501475683763,3356.8990894476624,1222933,53.95593157307549,13.196506177687752,14.147411909719969,-0.9509057320322167,3437.087813211855,3339.1036376953125,3241.11946217877,3339.1036376953125,3306.079189453125,3334.74964796117,3364.909935509988,3344.8051969021776,3331.60869072449,3341.667709037955,-0.00028580510111619883,0.018562049355153227,0.010292478057741519,-0.00028580510111619883,-0.004808517007902746,-0.007969858809375063,-0.014371481334503278,2015079.85,0.6068905904646905,0,5.36208191554033,-4.8904469164453985,66.18424660798743,0.01984158929251553,0.0002646904118033707,-0.008700860306027949,-0.0295178635247896,0.029160561078623713,0
2025-05-29,3336.013916015625,3368.8198820327834,3324.951314566822,3342.3079620855306,3188072,54.748613456777925,11.517688441381779,13.62146721605233,-2.103778774670552,3436.873721230359,3341.2207763671877,3245.5678315040163,3341.2207763671877,3305.924697265625,3334.8700544425465,3363.7767582749148,3343.4526921504003,3331.9350037090185,3345.798728020833,0.00011439863863427213,0.018535614841113275,0.013149995344850335,0.00011439863863427213,-0.011081867866078787,0.006068521680817396,-0.022849662385271974,2034016.85,1.567377379395849,1,6.767841599179064,-3.909544739575267,65.85730371316215,0.019741315645295316,0.0003430003431632197,-0.008253473477689316,-0.029346380866919788,0.027867568698971047,0
2025-05-30,3302.921630859375,3344.2153514588645,3293.099072490372,3328.2892004179307,3404365,33.052680680508075,7.431279280058334,12.383429628853532,-4.9521503487951986,3434.6361073512417,3342.7657104492187,3250.8953135471957,3342.7657104492187,3305.0158544921874,3331.8273474346256,3361.3902826899916,3337.2171442594736,3329.7858649794152,3345.5550095422072,-0.009919708367336133,0.011486370222529935,0.015476079871502407,-0.009919708367336133,-0.010089446899080534,-0.014567807082428774,-0.027489965808088934,2118147.05,1.6072373256615966,1,1.473034140328764,-5.67103854267998,56.55227057670326,0.017121892947241722,-0.008675634587580553,-0.01739418720037068,-0.03834888831744205,0.016003688920825668,0
2025-06-02,3289.951904296875,3299.679235825276,3260.197617868956,3290.1425906350296,1877585,41.22238956688368,3.1103676554589583,10.528817234174618,-7.418449578715659,3434.9174199808044,3342.551135253906,3250.1848505270077,3342.551135253906,3304.10224609375,3327.839209992935,3358.5887776549675,3329.945568880612,3326.835201225153,3343.9650546645453,-0.003926743656683551,0.008743735932770256,0.012000667214847301,-0.003926743656683551,-0.013694680792666225,-0.024736354849047237,-0.019608923017400026,2147804.15,0.874188179587976,0,-6.614450695952655,-8.721019644559874,51.94061001953268,0.015787650254611662,-0.011384956815909555,-0.020436224230468654,-0.04220349369701573,0.012235320635199927,0
2025-06-03,3247.41845703125,3312.5537919193694,3242.936280242354,3286.3280169725485,2848125,31.23200764995049,-3.7033892984559316,7.682375927648509,-11.38576522610444,3440.043754319559,3339.9381103515625,3239.832466383566,3339.9381103515625,3302.33796875,3320.1800906632507,3354.2291572383515,3317.2490901345564,3320.9524794330123,3340.4912178006093,-0.012928288468312843,0.008657207028536135,0.0214378013176223,-0.012928288468312843,-0.02655728099905208,-0.026724167199350002,-0.026612916091173666,2223972.25,1.2806477239093248,0,-14.476644007647792,-11.875782814135619,53.343865962326745,0.01642654516753996,-0.021914965949171014,-0.03184359064335434,-0.055995013739704676,0.0023414762110065992,1
2025-06-04,3252.90234375,3266.2762443041534,3242.415101032151,3260.695779643312,2544807,26.327735981571564,-8.562137950899341,4.433473151938939,-12.99561110283828,3443.096029232866,3338.3097534179688,3233.5234776030716,3338.3097534179688,3300.6948095703124,3313.772686195322,3350.2555567093964,3307.3495906907788,3315.911728641678,3337.539739357153,0.001688691122290198,0.008109521835170233,0.007335339567708844,0.001688691122290198,-0.015143952142867123,-0.02480188834605035,-0.03257407960710157,2277356.2,1.1174391603737701,0,-20.976961765848046,-14.65437880059153,49.19682753528777,0.015123979245738084,-0.01836889497547573,-0.029058443844509643,-0.05523914635783242,0.0059931113168516376,1
2025-06-05,3243.473388671875,3279.938436022644,3236.353404838992,3279.938436022644,3584683,26.986616662989917,-13.023442993081972,0.9420899229347568,-13.965532916016729,3447.122263747606,3336.028759765625,3224.935255783644,3336.028759765625,3297.6032861328126,3307.077515002613,3346.0680207079254,3297.5224826878703,3310.545925680952,3333.5624749384947,-0.0028986283883503106,0.008093982191073707,0.01343776438427913,-0.0028986283883503106,-0.01412741492187053,-0.02773985051425565,-0.021839668717706595,2329410.8,1.5388797029703822,1,-27.792539439933535,-17.708737566989385,49.053974303091046,0.015123902195225804,-0.019232729212483448,-0.030661251176341744,-0.05907793791286369,0.00574837366269115,0
2025-06-06,3256.07763671875,3262.5239346599506,3231.543040378609,3243.473730125776,2070390,33.61008676746047,-15.364885070903256,-2.3193050758328457,-13.04557999507041,3448.9852196079505,3334.788037109375,3220.5908546108,3334.788037109375,3294.47869140625,3302.220383737483,3342.538986041683,3291.146352538775,3306.511237609678,3333.3382313619836,0.0038860340556197137,0.007890501464295967,0.0095147897986124,0.0038860340556197137,0.0026664810224106272,-0.014182593284369549,-0.028543791083903036,2306342.45,0.8976940956881749,0,-29.60696369714242,-18.851296648308562,47.34323899580353,0.014539960123159956,-0.01397324880131362,-0.02586696809939762,-0.055931693123094484,0.011018717903003744,0
2025-06-09,3292.350341796875,3303.992342378787,3262.5239694574043,3271.27954690969,1718678,43.16492504998063,-14.13070070887943,-4.6815842024421634,-9.449116506437267,3427.893545881352,3326.7732177734374,3225.6528896655227,3326.7732177734374,3291.1096875,3301.2803797431397,3340.5708039144356,3291.331581655406,3305.4622823642853,3327.415477675745,0.011140000062983102,0.00855300389047689,0.01259537066725111,0.011140000062983102,0.012127015777977146,0.0007290190160127441,-0.024025369106106198,2280842.45,0.7535277151650698,0,-26.558830249795392,-18.017973740531943,46.406108798701844,0.014095130827837312,-0.0027050225727751,-0.0144347972092244,-0.03954125245439247,0.020677194482097032,1
2025-06-10,3331.798095703125,3353.8312663403485,3293.601143598204,3309.765159963616,2419874,45.41466459479332,-9.85588415113898,-5.716444192181527,-4.139439958957453,3426.2101215522707,3325.7565795898436,3225.3030376274164,3325.7565795898436,3287.9803271484375,3304.1868288821856,3340.226776141443,3297.5571992012087,3307.4130833523477,3323.4374648890753,0.01198163919721873,0.008940217951361107,0.018077362736901914,0.01198163919721873,0.027231518945008748,0.025983605066103532,-0.001434952339474993,2248691.8,1.0761252386832203,0,-15.99326178106503,-14.002381096908266,48.16140154007576,0.014455078055956458,0.008356448424643203,-0.0025233856870205836,-0.02755581896605093,0.033018620834477624,0
2025-06-11,3340.457275390625,3356.909980604606,3318.5206483022603,3338.629301432497,2847013,54.14761626037708,-5.703590358451947,-5.713873425435611,0.010283066983663325,3420.495949208124,3323.5659790039062,3226.6360087996886,3323.5659790039062,3285.4428076171876,3307.6411571210847,3340.2358153276855,3304.157210922657,3309.860801281109,3321.972494343576,0.0025989509084201057,0.008110780785810139,0.011492238677968614,0.0025989509084201057,0.02591450453156474,0.026915942253492364,0.0014464877129420906,2285067.5,1.245920744135567,0,-6.131529074237278,-10.019741381710901,45.82862579180697,0.013719267158250927,0.009921305459296833,6.630072700953535e-05,-0.02339972770206863,0.03527552109395754,0
2025-06-12,3304.1845703125,3343.15128075462,3293.6010193282204,3340.457238979081,4060134,41.98058958977006,-5.278919668322487,-5.626882674012986,0.34796300569049876,3405.394565795242,3318.0740478515627,3230.753529907883,3318.0740478515627,3281.886103515625,3307.3119583774096,3338.8220410133645,3304.1614200595563,3309.440339727879,3315.2885429098405,-0.010858604702220997,0.008070854276946276,0.01499621476100329,-0.010858604702220997,0.0035944620976047226,0.018717952751721167,-0.00954113097380016,2310657.7,1.7571334776241412,1,0.2344433747966832,-7.245979694560901,44.640485776317846,0.01351028818952928,-0.0009455981486681191,-0.010374158992418675,-0.029720490101007496,0.022728765820372115,0
2025-06-13,3315.249267578125,3319.8675914563746,3264.7368639985107,3264.7368639985107,2178493,39.833390104997704,-4.003387925028164,-5.302183724216022,1.2987957991878574,3393.203269019394,3314.0222412109374,3234.8412134024807,3314.0222412109374,3279.4099462890626,3308.0678925870016,3337.897618525708,3305.867242754721,3309.870630679749,3311.4869121562037,0.003348692250741525,0.007890848412561725,0.016629436584760446,0.003348692250741525,-0.004966936065646466,0.018172671987945588,0.0037323430878808406,2336246.0,0.9324758608468457,0,5.847508849518363,-4.641367515975162,46.20105218710871,0.01393592109013865,0.0021708668698172976,-0.00678521438820712,-0.022973572539259392,0.024856878242585912,0
2025-06-16,3363.93359375,3376.152737355931,3296.487416323079,3309.7650089781714,1934088,54.590857302109036,0.9252329123464733,-4.056700396903523,4.981933309249996,3394.598083801671,3314.431188964844,3234.264294128017,3314.431188964844,3278.9631787109374,3313.388435554906,3338.9186371619544,3314.8005275232254,3313.875294610879,3310.197316885515,0.014684967024346962,0.008418300110885348,0.02368219193769638,0.014684967024346962,0.007027875654128657,0.02174229487195367,0.022487164434379814,2306081.55,0.8386902015672429,0,12.108055811766462,-1.6521667524812074,48.015473911969366,0.014273609324862841,0.015254824231505714,0.007491933558856665,-0.009033319790638978,0.04009236346497866,0
2025-06-17,3382.21435546875,3386.736371257649,3356.04416685221,3377.114961112031,2111940,57.38983796579605,6.2344384016732874,-1.998472637188161,8.232911038861449,3402.007211012288,3316.7316772460936,3231.4561434798993,3316.7316772460936,3279.0126806640624,3319.9432850705107,3340.6165084681033,3325.1718856686907,3318.9374472670174,3311.2352058294814,0.005434340842136232,0.008509477987295452,0.009074588769281399,0.005434340842136232,0.023615443839709593,0.01513184722406935,0.041508632232363674,2309759.85,0.9143547975344709,0,15.756456188325046,0.38973232666012336,47.75549404766395,0.014119594155955083,0.018756666922072666,0.012452146750517633,-0.0058179934126736735,0.04665333685342911,0
2025-06-18,3320.7333984375,3404.0549041256045,3312.747815947458,3385.8705329382847,2696327,47.969504777044236,5.418560792223616,-0.5150659513058058,5.933626743529421,3397.213941763192,3314.646826171875,3232.079710580558,3314.646826171875,3280.5180908203124,3320.018533962605,3339.8367786629815,3324.489041479277,3319.0704806870535,3311.8053405253736,-0.018177723399417478,0.009943493968597596,0.02749606102709389,-0.018177723399417478,0.0016542137307766769,-0.005904543997144351,0.02085247189108763,2372568.55,1.1364590498344085,0,12.377376841520345,-0.3990366647039991,51.14395981282002,0.015401404953762538,0.00021531942294362452,-0.00571985443945229,-0.022512725026083504,0.02742930119165208,0
2025-06-19,3294.37109375,3320.348903192538,3283.787541754892,3319.3867621020736,2672768,48.84310138545075,2.614614589894245,0.11087015693420438,2.5037444329600405,3396.6290818448247,3313.5708129882814,3230.512544131738,3313.5708129882814,3283.47509765625,3317.5759206090233,3338.0538106271783,3319.8555110593884,3317.240896469494,3311.0146039332108,-0.00793869953544124,0.00980897859152311,0.011098130841121396,-0.00793869953544124,-0.020678915936165665,-0.002970014644663732,0.015692345513266703,2404487.8,1.1115747811238637,0,10.263962231613732,-0.7682303861861328,50.13178679239968,0.015217407318655896,-0.006994512684660286,-0.013086283012606949,-0.030105727069640726,0.019767312073826045,0
2025-06-20,3305.627685546875,3315.826473793808,3281.7665424976394,3295.332824141505,2351248,52.13083134546893,1.2859562033199836,0.34588736621136024,0.9400688371086234,3392.398606342057,3311.2647338867187,3230.1308614313803,3311.2647338867187,3287.1407421875,3316.4379934602475,3336.7821978789316,3317.666614826694,3316.380658623374,3309.7190609502977,0.0034169167578694815,0.009787254516291252,0.010303619928247833,0.0034169167578694815,-0.02264394324920327,-0.002902219789427396,0.015217711110248056,2458333.65,0.9564397412043724,0,8.370100873245974,-1.1154206467763288,49.51292381423894,0.014978372800640323,-0.0032596140602325734,-0.009336693402362416,-0.025578043993109964,0.023372682827481346,0
2025-06-23,3265.121826171875,3295.332959933054,3242.4152043720856,3285.71154983106,3123421,52.41978273245605,-3.0009068839199244,-0.32347148381489677,-2.677435400105028,3383.920235130743,3305.8509521484375,3227.781669166132,3305.8509521484375,3289.6357861328124,3311.5507394327833,3333.971987223753,3309.582801187491,3312.583708071411,3306.0736421272486,-0.012253606040421028,0.009718079464468263,0.016206977374259534,-0.012253606040421028,-0.016746774158922784,-0.02937387579877071,-0.008270236395966135,2566131.2,1.2171712030935908,0,-1.8376961221229067,-4.946649938201517,49.0554216355085,0.015024070845473636,-0.014020293486084663,-0.020651091645557108,-0.03510674032015951,0.011568365160023226,1
2025-06-24,3262.04296875,3311.7858496666604,3253.961077773165,3304.569791688157,3403048,51.25765375018643,-6.570968790666029,-1.5729709451851233,-4.997997845480906,3381.1268401161246,3302.1238037109374,3223.12076730575,3302.1238037109374,3292.95330078125,3306.835713653471,3331.151241401253,3302.2689808124924,3308.8399496031584,3302.284070912502,-0.000942953306426797,0.009717360754539536,0.0177265512586591,-0.000942953306426797,-0.009813140074393045,-0.03553038751800075,-0.02093618068966574,2612899.6,1.3024028937047563,0,-13.107571417039708,-9.465267066850174,51.481395108472306,0.015781948797627194,-0.013545500527446186,-0.020746062740214306,-0.03522017274040944,0.01207593641512397,0
2025-06-25,3314.38330078125,3319.3863869066126,3271.279337821009,3278.303013967048,1757699,58.726057547809795,-5.117845862795548,-2.2819459287072084,-2.8358999340883395,3378.7272051423497,3301.0613525390627,3223.3954999357757,3301.0613525390627,3297.6056298828125,3307.5545314751644,3330.4936751024297,3304.132722346147,3309.2505682089427,3301.295675646363,0.016045261369229236,0.010530936094403743,0.014514630542057129,0.016045261369229236,0.00264869975304749,-0.0019122575932286612,-0.007805510581279873,2639637.9,0.6658864081319639,0,-12.464002487440666,-9.343103560551754,52.464137035112344,0.015829230440168388,0.0020645976479305426,-0.0048372331230096864,-0.01904382936366383,0.028227315216915586,0
2025-06-26,3311.496826171875,3320.7332385135887,3286.000090554292,3314.3832490719788,2879106,56.98690077300152,-4.151296291419385,-2.6558160012496437,-1.4954802901697413,3375.9366636364907,3299.835498046875,3223.734332457259,3299.835498046875,3301.881708984375,3307.9299881129464,3329.7487006345646,3305.265661396259,3309.4169576876784,3299.008767877145,-0.0008708934204123553,0.010528157879444278,0.010488655065222759,-0.0008708934204123553,0.014203145385963012,0.00519848308964499,0.0022130288740751514,2624189.6,1.0971409992631629,0,-9.645932496076966,-8.30510999261378,52.732155154966286,0.015923963670508846,0.0010782689088783815,-0.005481457041851602,-0.0190879876861204,0.027223860487200883,0
2025-06-27,3310.823486328125,3335.1654656898822,3301.105768277059,3324.197152258012,1778433,52.55864880511176,-3.400433608601361,-2.8047395227199874,-0.5956940858813735,3376.481119549049,3300.2305908203125,3223.980062091576,3300.2305908203125,3305.656044921875,3308.205559371535,3329.0065353676455,3306.1207113857768,3309.521144994378,3298.628240395821,-0.00020333398432648142,0.010138396789406503,0.010287379424928932,-0.00020333398432648142,0.01495397762857098,0.0015718045937138658,-0.0013349769181106863,2542893.0,0.699373902087111,0,-8.23243408871258,-7.7756625112861,51.74251170873676,0.015628290642012415,0.0007913434971336502,-0.005462004608985366,-0.019445579849619535,0.026936712561494134,0
2025-06-30,3330.93212890625,3333.7222438362,3300.143617027278,3309.6687189307536,1468351,49.87326883513801,-1.1692912598923613,-2.4776498701544623,1.308358610262101,3379.5626007639185,3302.2796020507812,3224.996603337644,3302.2796020507812,3309.35380859375,3310.369994565317,3329.0820488397476,3309.9378525427724,3311.1071438026647,3299.8682005121723,0.006073607566565498,0.009736353924850435,0.010080849897097057,0.006073607566565498,0.004993033883889941,0.02015554280604981,-0.009810379403762615,2522431.3,0.582117340519839,0,-1.1807448674662737,-4.889938384005291,49.74949044198307,0.014935606165688788,0.006211430859598814,0.0005557327934128883,-0.014389575694403764,0.03284825957924115,0
2025-07-01,3299.85498046875,3353.061425389188,3284.268343060543,3324.1971950415045,2375183,44.42387994444903,-1.8870087679133576,-2.3595216497062417,0.4725128817928841,3377.7802722908505,3304.9014282226562,3232.022584154462,3304.9014282226562,3311.9970703125,3309.368564651358,3327.9358892957866,3308.3866414544614,3310.2736502223747,3302.300464892602,-0.00932986540548475,0.01001188399098912,0.020847304725758877,-0.00932986540548475,-0.0035155841343755823,0.011591512460437992,-0.024350725987201782,2498784.2,0.9505354644070504,0,2.5328509978871807,-3.215352105466536,51.92118687243302,0.01573438444408776,-0.0028747430202324445,-0.008437935633723624,-0.023069970673151752,0.02098759972991766,0
2025-07-02,3293.697509765625,3357.7759628799704,3290.522397314988,3355.1782290195283,3090585,48.42988220552661,-2.9190129255248394,-2.471419904869961,-0.44759302065487816,3375.8686217604695,3306.9411865234374,3238.0137512864053,3306.9411865234374,3314.65451171875,3307.8760832336693,3326.5932077455846,3306.126775040794,3309.045787966319,3305.4558402275115,-0.0018659822142397253,0.009598693772587201,0.02041886523142432,-0.0018659822142397253,-0.005172724137430085,-0.00624121869391181,-0.008141541469302016,2526073.1,1.223474095029158,0,0.32155175850493833,-3.9004673568451835,53.18570859661749,0.016147721045701648,-0.004286307319645362,-0.009888704727516955,-0.024340731586880715,0.017196887584896,0
2025-07-03,3272.04931640625,3305.243182495177,3268.9705120384147,3300.1437879715377,2531870,43.730801471896015,-5.421219494480738,-3.0613798227921167,-2.359839671688621,3372.7956411912796,3308.369982910156,3243.9443246290325,3308.369982910156,3314.998359375,3304.4640102024864,3324.4542316146303,3300.884089097018,3306.305308591499,3308.0424890345216,-0.006572611265967643,0.009683661554949097,0.011085612394314732,-0.006572611265967643,-0.01767757799356151,-0.011912289769948736,-0.006775732517231736,2473432.45,1.023626094983916,0,-3.4659779104599693,-5.29446901993424,51.838704525110224,0.01584288606690244,-0.009809365057739014,-0.015763464183090332,-0.029870272469115795,0.008663832965268754,0
2025-07-04,3290.329833984375,3297.257202194738,3261.7542933055606,3278.9765232213795,1109320,38.2847843370713,-5.861582560855368,-3.621420370404767,-2.240162190450601,3370.3416086365005,3310.0825927734377,3249.823576910375,3310.0825927734377,3315.9252490234376,3303.117898181714,3323.1160199428555,3299.2603575412268,3305.121940102082,3309.9476937565637,0.00558687104331379,0.00882504266117056,0.010790075974293958,0.00558687104331379,-0.0028865348752452613,-0.006189895785256305,-0.004627820498172341,2425378.95,0.4573800725037215,0,-5.0876611898211195,-5.89051542479001,48.684246514847736,0.014796159950898991,-0.0038715130950603806,-0.00986609728992979,-0.023739959904092604,0.012464140318813753,0
2025-07-07,3282.53662109375,3296.3915933540857,3279.361508602982,3288.8868460752856,1639174,33.58673366834171,-6.761478498026918,-4.249431995929197,-2.5120465020977205,3370.613887404627,3309.591906738281,3248.5699260719352,3309.591906738281,3315.811279296875,3301.157776554289,3321.524670968381,3296.6874750108454,3303.4489535088724,3309.980025004451,-0.0023685202650908233,0.008593874920655026,0.005188086750248955,-0.0023685202650908233,-0.0033885591007625226,-0.014529118558891607,0.005333581976110446,2421403.75,0.6769519540060182,0,-9.212218011028199,-7.557377871366498,47.708380825252334,0.014533998042451625,-0.005640795357553428,-0.011737997978881257,-0.02613092725927632,0.010455891606090862,0
2025-07-08,3277.24462890625,3295.3329266950955,3264.929177120374,3276.090106685197,2325242,41.21300315706394,-7.811624509365629,-4.961870498616484,-2.8497540107491446,3368.5799101732637,3306.8642333984376,3245.1485566236115,3306.8642333984376,3315.6772998046877,3298.880333921142,3319.7881987306505,3293.696267917831,3301.5078924271966,3307.675157673956,-0.0016121654678560304,0.007244404066133985,0.009277229202407315,-0.0016121654678560304,0.001587785512263018,-0.006851922795494514,0.004660165516481518,2416672.15,0.9621669203247118,0,-10.488230730215946,-8.147690565136145,43.35814235357913,0.013230059779836914,-0.0065584994982753435,-0.012815145809804189,-0.027113882912849118,0.009890478578285053,0
2025-07-09,3255.69287109375,3284.7494832808984,3239.5288547764453,3280.90091915286,2034938,42.03005143395285,-10.264595659881252,-6.022415530869438,-4.242180129011814,3366.2411111051742,3302.626013183594,3239.0109152620134,3302.626013183594,3314.55916015625,3294.7672422232954,3317.2746564703803,3287.8495914833566,3298.114187143238,3303.778755346299,-0.00657618220574907,0.007151369714355062,0.013889709593295026,-0.00657618220574907,-0.010526896888231385,-0.011538594105619415,-0.01770779791029775,2376068.4,0.8564307323812732,0,-13.108841010373908,-9.3185512752043,43.94919748371093,0.013499184113440713,-0.011859523983605643,-0.0185639694489916,-0.032840261990362905,0.005150324055140489,0
2025-07-10,3253.960693359375,3270.317089511684,3228.945028655843,3252.036411459103,3035012,38.91865399357408,-12.207643125165305,-7.259461049728612,-4.9481820754366925,3367.3339356793163,3300.1148193359377,3232.895702992559,3300.1148193359377,3313.764951171875,3290.8809042362554,3314.7917559562234,3282.6359148488978,3294.843557974063,3299.476912340353,-0.0005320458049818955,0.007048559157643314,0.01271437019515091,-0.0005320458049818955,-0.008705440649388274,-0.005528224454374064,-0.017374660412708964,2324812.3,1.305486898877815,0,-13.58310596623096,-9.662475658406947,44.47149245225897,0.013666880655017007,-0.011218944699382507,-0.01835139793851102,-0.033668547428180644,0.006515827388838091,0
2025-07-11,3142.3525390625,3208.740268761004,3137.638142071979,3174.9690253465947,7635550,29.82283393480077,-22.494069907971152,-10.30638282137712,-12.187687086594032,3388.3993301866076,3291.4699829101564,3194.5406356337053,3291.4699829101564,3311.17154296875,3276.735345648279,3308.029433725097,3261.0538570356057,3283.547926943577,3279.385901157658,-0.034299171014770646,0.011055333070729081,0.022627036847443483,-0.034299171014770646,-0.04116021387416813,-0.04497339245247767,-0.0508849076253437,2597665.15,2.9393896284130387,1,-26.382552533435046,-15.086586217758395,48.26506888887372,0.015359533435186519,-0.04101118717575041,-0.05008325892555075,-0.07261446103241827,-0.016336651344819302,0
2025-07-14,3100.691650390625,3148.1252470894524,3078.8510973979974,3142.352401281831,3924009,26.46638431336801,-33.6202692482907,-14.969160106759837,-18.65110914153086,3401.6885533843188,3278.3078857421874,3154.927218100056,3278.3078857421874,3307.3005078125,3259.969279433264,3299.898540261,3236.3827483209934,3270.003017569284,3264.636317406684,-0.013257865931333157,0.01139162255962869,0.022341515217331548,-0.013257865931333157,-0.04760928835742795,-0.05539769748022916,-0.06912193632454078,2697161.2,1.4548663238963988,0,-41.18849712102474,-21.62613070738098,49.08288158872798,0.015829655806808302,-0.04885862883662788,-0.06036758022706333,-0.0884845564989287,-0.017190750835162694,0
2025-07-15,3129.171142578125,3136.002202567695,3084.623968418985,3084.623968418985,2590889,20.96528137646709,-39.6823716994154,-19.91180242529095,-19.770569274124448,3395.87975779207,3265.655725097656,3135.4316924032423,3265.655725097656,3303.8903515625,3247.5123140184887,3293.203348195005,3219.888655129783,3259.571026829198,3253.305901264495,0.009184883696484958,0.010603910091619708,0.016419119251617337,0.009184883696484958,-0.03835004861488289,-0.0451823110859878,-0.051724648174199195,2721108.65,0.9521446341365312,0,-51.36801990265349,-26.584850535645273,48.65679701673493,0.015549420213765163,-0.03644056126577939,-0.049809315816099174,-0.07853888660279107,-0.001996710641244665,0
2025-07-16,3121.2548828125,3132.6464874286985,3109.187305299685,3115.365810708297,2540733,20.63979490873905,-44.611157912233466,-24.851673522679455,-19.75948438955401,3398.126904551269,3255.6817993164063,3113.2366940815436,3255.6817993164063,3300.6060595703125,3235.4877967607754,3286.4602711211814,3204.7142286194317,3249.325386531665,3242.514811136762,-0.002529826399684465,0.010574930066611837,0.007515945672426181,-0.002529826399684465,-0.006713968591281705,-0.041293203506657994,-0.052355332097693386,2713328.95,0.9363895962559202,0,-59.279445462520016,-30.8143853491988,47.851513743143286,0.015330857472307821,-0.0353062416315216,-0.05026848788052483,-0.08147783455878045,0.002575515297696262,0
2025-07-17,3098.181640625,3129.847012255644,3093.2582102459683,3112.5663349360093,2947640,19.305045430228603,-49.804953804331035,-29.84232957900977,-19.962624225321264,3403.329295842005,3245.8723266601564,3088.4153574783077,3245.8723266601564,3296.7878271484374,3222.4110199859397,3279.076795415449,3188.324599697211,3238.129553501542,3232.403566990464,-0.007392296705583057,0.010542281291463897,0.011809766583696741,-0.007392296705583057,-0.0008094999595683605,-0.04787367378231888,-0.05313724182256885,2727072.55,1.0808806681729095,0,-68.46988425031577,-35.71496054077443,48.03216407148989,0.015503340230820133,-0.03855168648271372,-0.0551664892519024,-0.08966151338626482,0.0031622311173411938,0
2025-07-18,3079.549072265625,3117.103513998714,3076.749488627971,3113.434923384125,3432645,13.557434826218582,-54.792948018495736,-34.83245326690697,-19.96049475158877,3405.8191856223834,3234.568395996094,3063.3176063698043,3234.568395996094,3292.760966796875,3208.805120203053,3271.2521788213385,3171.5899031692747,3226.3828511877705,3220.782652003721,-0.006014033559251342,0.010078800603707314,0.01310387476340957,-0.006014033559251342,-0.01585789592563369,-0.019986130141722458,-0.06406067851973007,2781142.4,1.2342571887005858,0,-67.93022544522591,-36.7772549037586,48.51612111161996,0.015754293883008863,-0.04028167591843301,-0.05860236266614756,-0.09579783763451184,0.005298655895839643,0
2025-07-21,3048.94580078125,3086.982946316993,3042.960329505588,3079.645764950135,3844346,13.576087588302087,-60.51778624750932,-39.96951986302744,-20.548266384481877,3413.212040398339,3223.7595947265627,3034.3071490547864,3223.7595947265627,3284.6869482421876,3193.5804231152624,3262.5342816432963,3152.7215797249632,3213.2393659724726,3207.1905396294014,-0.009937582018090807,0.010097663536376908,0.014438635412976119,-0.009937582018090807,-0.023166670056145366,-0.016688486132716895,-0.0711616799067627,2817188.65,1.3646036803392632,0,-66.38885631800167,-37.364258617703854,46.74680214610281,0.015332119755662626,-0.045289174898224344,-0.06546704568402711,-0.10672241727313762,0.004824380330456565,0
2025-07-22,3050.29736328125,3070.088189339792,3045.4703325352643,3050.29736328125,3198036,14.166158075245647,-64.20558003095266,-44.81673189661249,-19.388848134340172,3416.755897444399,3213.172314453125,3009.5887314618512,3213.172314453125,3278.6502783203123,3179.934417416785,3254.211265236942,3136.9640079643923,3201.169587995345,3194.370128325254,0.0004432884637219914,0.0101815958753968,0.008070641603953557,0.0004432884637219914,-0.015455606835914959,-0.025205965318947365,-0.0692494126386719,2806938.05,1.1393325905429228,0,-67.57789660170374,-38.99208295806329,43.7013943774989,0.014326929204859116,-0.04076720998568437,-0.06266154386901637,-0.10725335527692977,0.013526310553277925,0
2025-07-23,3069.123046875,3071.9226306702544,3048.366812883985,3050.297625348265,1922875,19.874436042263497,-64.86142569960839,-48.825670657211674,-16.035755042396715,3408.333964368453,3200.9093017578125,2993.484639147172,3200.9093017578125,3272.347353515625,3169.3809535556625,3246.952903732552,3126.526937027563,3191.388362727171,3186.5382126192376,0.006171753554381043,0.010630426319807599,0.007675097226960043,0.006171753554381043,-0.0033855688433483966,-0.016702204047663427,-0.057305720043571484,2815196.85,0.683033941303252,0,-66.10684320511291,-39.50736738862952,42.79304775817799,0.013943086381548024,-0.031633277333917596,-0.05476822797556647,-0.09952396714630841,0.025267678590586335,0
2025-07-24,3039.098876953125,3063.909770455093,3031.3756269481614,3055.6074181166887,2934778,13.959981451880651,-67.0311938303621,-52.46677529184176,-14.564418538520336,3399.848590612205,3187.289404296875,2974.730217981545,3187.289404296875,3264.8488671875,3156.9731367363734,3238.8017654274768,3113.07646624688,3180.107660077242,3173.0507237125194,-0.009782654348917563,0.01029590729276695,0.010705194146084885,-0.009782654348917563,-0.003229615897272331,-0.019070141949442343,-0.06603085797709118,2817980.45,1.0414472534754455,0,-65.43788324956631,-40.275029987972175,42.95336997515379,0.014133587525199925,-0.037337745580282265,-0.061659497227053585,-0.10610758215974567,0.0216384862675904,0
2025-07-25,3027.32080078125,3047.6907301283586,3017.47370470728,3031.375459671135,2568917,13.802182885952519,-68.90682799973047,-55.754785833419504,-13.152042166310963,3388.775936117752,3173.1142700195314,2957.452603921311,3173.1142700195314,3257.4695751953127,3144.625295216838,3230.5083942648794,3099.8832869444755,3168.790114944206,3162.218783943423,-0.003875515950202746,0.010267279277055771,0.00998144148227723,-0.003875515950202746,-0.007532564784203166,-0.016959713990188363,-0.03660688508093646,2857504.65,0.8990071109770548,0,-64.17982498621495,-40.743784556459104,43.89529430872345,0.014499716811444479,-0.03730317078286403,-0.06289647593683652,-0.10666244748851467,0.023624451924369013,0
2025-07-28,2972.775390625,3010.136563826008,2963.700430830921,3002.413314143324,3374473,12.110211933873813,-73.94227976312777,-59.39228461936116,-14.549995143766608,3375.1287448047015,3155.206433105469,2935.2841214062364,3155.206433105469,3249.809990234375,3128.258637636663,3220.401217651551,3080.328225972248,3154.270505735376,3147.9699673080618,-0.018017717231082253,0.01069047687358214,0.015620464681431676,-0.018017717231082253,-0.03139256874959828,-0.024982539911576174,-0.04125410527341866,2952810.75,1.1428002962939634,0,-65.3217854785994,-42.133063991745075,46.26791004983826,0.01556387683904731,-0.04970281073982026,-0.07689284976954831,-0.11921126114049413,0.012772620185333972,0
2025-07-29,2950.281494140625,2967.658806606113,2935.993434530025,2954.143119132956,4785312,12.081881179295578,-78.83917212051847,-63.28166211959263,-15.557510000925838,3364.698012976533,3137.7277587890626,2910.7575046015922,3137.7277587890626,3242.0915283203126,3111.308433494183,3209.808287317789,3060.3210364596907,3139.160208580209,3126.305872775937,-0.007566631692159542,0.010691540492637503,0.010733000270983272,-0.007566631692159542,-0.029224907253279198,-0.03278889145189323,-0.0571683811100574,3073317.2,1.5570511237824718,1,-68.62598392260179,-44.40297791915282,45.66514773487555,0.015478234136494545,-0.05175537649049967,-0.08085429718733525,-0.12316603666588793,0.013578592334314903,0
2025-07-30,2947.96435546875,2962.831516110354,2941.7856146047457,2954.14286063789,2880121,12.06435760737115,-81.96215956386004,-67.01776160844612,-14.944397955413919,3350.0428719637553,3120.4411010742188,2890.8393301846822,3120.4411010742188,3233.80220703125,3095.7518546346178,3199.5398978335134,3043.035393230315,3124.997552794175,3108.587013538429,-0.0007853957923936727,0.010680036388456564,0.007139130249850683,-0.0007853957923936727,-0.02621342452112141,-0.039476648396229885,-0.05551950540726147,3062794.0,0.9403573991590685,0,-73.62909892104472,-47.41300589903858,44.213279209858946,0.014997901561407678,-0.047738806630969674,-0.0786286623695836,-0.12002190176727846,0.019760705718784553,0
2025-07-31,2931.74560546875,2953.9499481457733,2910.6997030967705,2936.47600158721,2968371,15.801725600638107,-84.7687063121889,-70.56795054919468,-14.20075576299422,3336.1381756259198,3103.425915527344,2870.713655428768,3103.425915527344,3226.1192919921873,3080.132211856916,3189.038160878032,3025.913887420844,3110.6825937330327,3092.9762400085037,-0.005501677783149805,0.007228056011573171,0.014752386758361888,-0.005501677783149805,-0.013801844998327928,-0.03532404697276681,-0.05372055433220968,3084619.05,0.9623136445325396,0,-76.84092487945736,-49.76360454944461,38.99382876425943,0.013300549915218446,-0.04817540163274625,-0.08068029996180487,-0.12121577370856301,0.02126020124806429,0
2025-08-01,2899.11474609375,2931.745521976636,2896.218527566184,2925.0840779463133,2053847,16.279124855524373,-88.60457409863238,-74.17527525908223,-14.429298839550157,3316.196026822221,3083.8651611328123,2851.5342954434036,3083.8651611328123,3217.0666015625,3062.892453212805,3177.668615200217,3006.4063272166754,3095.010901315308,3083.5771733135043,-0.011130181047813936,0.007059633929106103,0.012254428514194176,-0.011130181047813936,-0.017343005455070726,-0.04234967587657523,-0.05859115147631966,3131845.4,0.6557945037772299,0,-81.73284200403305,-52.83977906466225,36.58332363648164,0.012618791196786465,-0.053471582701919915,-0.08765982323456221,-0.1257709970565713,0.016685912116286786,0
2025-08-04,2968.044677734375,2972.871708654249,2888.1092342571515,2905.003842476712,2519252,26.258903262011316,-85.10146087623889,-76.36051238251356,-8.740948493725327,3285.9732009384666,3068.1405639648438,2850.307926991221,3068.1405639648438,3208.9595458984377,3053.8593317386685,3169.448068632929,3000.5045349886295,3085.6059958648684,3072.7754588438493,0.023776199867045822,0.009816555869796588,0.02855835528116101,0.023776199867045822,0.006811589233897575,-0.0015913455505397467,-0.026534129608386303,3175849.3,0.7932530047946545,0,-74.39930589799451,-50.9531490186223,38.96791222565217,0.013129152845299454,-0.028100395166347183,-0.06354525663057314,-0.09675323070598746,0.04130667764989052,0
2025-08-05,2957.908203125,2971.0378227936944,2936.765899898755,2968.044969051672,1927996,26.088215154170655,-82.1956469429042,-77.52753929459169,-4.668107648312514,3251.499131230305,3052.1737426757813,2852.8483541212577,3052.1737426757813,3201.3859912109374,3044.7211290135574,3161.152387632618,2993.9512531634555,3076.1469001063597,3061.582006418838,-0.003415202838898179,0.009811118177512769,0.011586540399979812,-0.003415202838898179,0.008923897628582589,0.0025850784067629196,-0.030288574900404375,3155987.0,0.6109011222162829,0,-66.58730448062579,-48.655899685171335,39.740250851789725,0.01343525495815068,-0.028512603358417737,-0.06429433307384053,-0.0902940201599303,0.03682629988094939,0
2025-08-06,2927.401123046875,2960.7076353045086,2921.319017147813,2957.0390447864347,1487081,25.53251770045533,-81.4159227911914,-78.30521599391165,-3.110706797279761,3217.8405698958213,3035.7591552734375,2853.6777406510537,3035.7591552734375,3193.2213671875,3033.5477951119688,3151.9856713743534,2983.712771607058,3065.1286943982495,3052.156180729054,-0.010313734566168908,0.009924100283447642,0.013455148953314356,-0.010313734566168908,0.009756901478714441,-0.0069754006298374804,-0.04617668358798033,3128594.15,0.4753192420308016,0,-62.204059522649004,-47.55422645915996,39.94023771943398,0.013643582153805999,-0.03499093445507288,-0.07125176689954725,-0.09025911649138957,0.025834515700781848,0
2025-08-07,2941.5927734375,2946.0337363593026,2906.741514367591,2911.665180402855,2543076,29.980450551373806,-78.74511354952938,-78.3931955050352,-0.35191804449418385,3174.962563631765,3020.140759277344,2865.318954922923,3020.140759277344,3185.3329443359376,3024.790174000115,3143.734969494477,2977.2327718886645,3055.977885438194,3037.486894657936,0.004847866689295488,0.010175623840427256,0.013357464821955989,0.004847866689295488,-0.00891223251971629,0.0033588071046757317,-0.03208388652802918,3103997.35,0.819290647912441,0,-55.3420378568012,-45.30319138355526,39.864394620931726,0.013551975984203555,-0.027505180781710527,-0.06430001193436546,-0.07350316279865639,0.02661966074790057,0
2025-08-08,2931.359375,2953.950022141175,2920.353838284088,2942.654816418027,2762140,31.86425054486247,-76.57155845150874,-78.02886809432991,1.4573096428211727,3157.9697185249415,3009.591101074219,2861.212483623496,3009.591101074219,3177.90169921875,3015.8920026667706,3135.406514808419,2970.1753262134853,3046.746884664994,3015.808440128097,-0.0034788630601445547,0.009992425021832814,0.011460957037069874,-0.0034788630601445547,-0.008975541599618109,0.011122232726281878,-0.03169846610127525,2860326.85,0.9656728565828062,0,-47.000450546034244,-42.26210039179796,39.119649409909016,0.013345224657044658,-0.028029063239672886,-0.06507836825773991,-0.07175823827430147,0.024516491444797707,0
2025-08-11,2935.607177734375,2944.392232610672,2916.78175710605,2931.3592490987544,1884215,32.467580936627854,-73.65716425685287,-77.1545273268345,3.497363069981631,3146.7138348026683,3001.336877441406,2855.959920080144,3001.336877441406,3170.8148046875,3008.2458288636853,3127.5712466878686,2964.8571495243914,3038.5143137812443,3006.3103127900577,0.0014490897194667784,0.010020796505529256,0.009405371302413566,0.0014490897194667784,0.002803187654365269,-0.010928912304905336,-0.01250286617947638,2758337.15,0.6830981484623807,0,-45.61350287498317,-41.87682194506033,39.33340788848721,0.013398729975460717,-0.02414651436805894,-0.061378000311515066,-0.06708797436025253,0.02788808662692855,0
2025-08-12,2930.39404296875,2989.283824339261,2922.1880898269574,2935.800412257768,3358232,27.871887373789292,-70.95027170095545,-75.91367620165869,4.963404500703234,3126.8150029546773,2991.3980224609377,2855.981041967198,2991.3980224609377,3164.47431640625,3000.8313730641676,3119.8388073263345,2959.5551331312154,3030.505404832171,2997.6580851303734,-0.0017758284572829686,0.00970031093254763,0.02289648884364024,-0.0017758284572829686,-0.0038070295011173316,-0.009301897917988633,-0.006740865646675531,2796704.3,1.2007819346507245,0,-43.88975594938984,-41.31358030628326,42.4434019403468,0.01448385483931296,-0.023472605201235806,-0.0607226129480505,-0.06281822231258316,0.02605514529266494,1
2025-08-13,2931.166259765625,2939.0825434733065,2923.82931405638,2931.0698605624675,2148166,31.012208069764327,-67.95933549016263,-74.32280805935947,6.363472569196844,3105.0646150756124,2981.893591308594,2858.7225675415752,2981.893591308594,3158.0395947265624,2994.196600369068,3112.4398838925813,2955.1876141518937,3023.1469496420564,2989.4502683051555,0.0002635197811460266,0.009550712860545055,0.005203809018375516,0.0002635197811460266,-6.587907167643348e-05,0.0012861704154951692,-0.005698201768268629,2777075.95,0.7735351998565253,0,-39.35119474290059,-39.545787481772095,40.836674046781646,0.013931885955198915,-0.021050835671803905,-0.05824164671101886,-0.05600474607377946,0.025341281118562473,1
2025-08-14,2917.747314453125,2950.1848225685903,2914.658061636635,2929.0425202763217,3342174,30.83419238189755,-65.9120012133003,-72.64064669014765,6.728645476847348,3086.219720913338,2972.871875,2859.524029086662,2972.871875,3151.5250732421873,2986.9157159961214,3104.8048811694653,2949.4275680443907,3015.339569257691,2979.5510314564735,-0.004578022576437912,0.009560124707772167,0.012176092410735069,-0.004578022576437912,-0.00608387369288077,-0.008106308663693662,-0.004774729086150287,2796802.65,1.1949981526226028,0,-37.87445800399337,-38.93008832501164,41.21594086898712,0.014125945953175265,-0.023157132011650726,-0.06024776882142835,-0.05458859760326948,0.020361180663013987,0
2025-08-18,2907.03125,2943.5236533530624,2899.501034118434,2941.1101377304376,2945609,36.4180345066899,-64.41167321813555,-70.99485199574522,6.583178777609675,3069.3710531154557,2964.245983886719,2859.120914657982,2964.245983886719,3144.5441455078126,2979.3076716155383,3097.0490524961533,2942.905057576023,3007.3167307941585,2969.30373289162,-0.0036727184701851323,0.00848772248806695,0.015143497076142048,-0.0036727184701851323,-0.00797257728011258,-0.008299263886741959,0.0027306624951346503,2772450.85,1.0624567068519897,0,-36.58433105123231,-38.35746231226585,39.81610153215138,0.013696482118020362,-0.024259468837049047,-0.06135446977922521,-0.05289025025197863,0.016757016150101854,1
2025-08-19,2911.8583984375,2920.354020910036,2906.934967786125,2907.03136699798,2650784,41.43720055148039,-62.11709473439487,-69.21930054347516,7.102205809080289,3056.995390055806,2957.3916137695314,2857.7878374832567,2957.3916137695314,3136.934306640625,2972.883931312868,3089.786673905618,2938.128648477789,3000.2457432121837,2960.1551036123633,0.0016605079279763402,0.008342680116651072,0.004608415413026831,0.0016605079279763402,-0.006587091832064407,-0.008089903675465138,-0.018930402132546154,2712772.75,0.977149302314394,0,-35.3618975508175,-37.78457278225051,38.14732274850394,0.013100679198196503,-0.020527384951896894,-0.057585941764455,-0.04747700702802063,0.018920425178189985,1
2025-08-20,2991.407470703125,2996.041231481408,2906.741166187621,2906.741166187621,4952358,57.20228636559022,-53.265666001050704,-66.02857363499027,12.762907633939562,3045.6109767620687,2954.447119140625,2863.2832615191815,2954.447119140625,3130.126494140625,2974.648077921464,3085.9286659368927,2946.32539035861,2999.591056359661,2955.127883641891,0.027319004354164678,0.01124860099933755,0.029852190371376364,0.027319004354164678,0.025245557038172217,0.020820895360735392,0.011325323599540082,2800488.85,1.768390543672402,1,-26.183295142703628,-33.91014138944183,43.02262016194527,0.014382066162264708,0.005634075810867581,-0.03062974082230475,-0.01779725200379006,0.04474730492293811,0
2025-08-21,2995.26953125,3021.721568272579,2976.444109339037,3021.721568272579,3230726,60.981337204885584,-45.415685200519874,-61.90599594809619,16.490310747576316,3027.1463915272384,2950.754443359375,2874.3624951915112,2950.754443359375,3123.2227392578125,2976.6120258575147,3082.373405753093,2953.855258188055,2999.270943388575,2953.9102974501047,0.00129105131437246,0.011087114457141547,0.015116322074243122,0.00129105131437246,0.03035339962375705,0.021869544680655828,0.023183843057519526,2865881.4,1.1273062451223557,0,-17.584574511553456,-30.06647813948848,43.16742115369808,0.014411865344112536,0.00626803400322565,-0.028258702965876188,-0.01053033324270653,0.042063948531457944,0
2025-08-22,2948.350341796875,2988.607730562596,2944.4887172496624,2979.2433381745764,1593791,58.11065486412464,-42.49069900034738,-58.02293655854643,15.53223755819905,3010.3041155806022,2946.2170166015626,2882.129917622523,2946.2170166015626,3116.1060546875,2973.9204368993587,3077.1175993234374,2953.0083479740274,2995.499046974375,2949.3324704982692,-0.015664429849671868,0.011544049387813324,0.014963965675139237,-0.015664429849671868,0.01253218335718409,0.010488580416870619,0.002297248082873793,2798832.05,0.5694486026769631,0,-12.995279096762715,-27.687281846027872,44.256973732110346,0.015010758085532634,-0.00859811001841844,-0.04184671315612842,-0.020580569738143584,0.022976210673034982,0
2025-08-25,3031.954833984375,3042.960370488012,2970.651539718516,2980.498635910434,3448370,60.04249076604606,-33.04551443539367,-53.02745213391588,19.98193769852221,3011.79164849095,2946.4487182617186,2881.105788032487,2946.4487182617186,3110.440166015625,2979.447522336027,3075.346510486612,2965.1539612063884,2998.199475641782,2949.644505253412,0.028356362879367714,0.012272973480159311,0.023848914224910502,0.028356362879367714,0.013554610556521629,0.04297290714861601,0.03431699976546709,2842804.7,1.213016849170117,0,0.13985072048853908,-21.702542009541503,44.96037046739889,0.014828839124992912,0.01762317048872871,-0.014109524359052127,0.0066947477935691765,0.0523580378681281,0
2025-08-26,3047.98046875,3052.6144657420946,3012.067404527304,3020.756060501902,5522097,63.896271386644,-23.990455784278765,-47.220052863988464,23.2295970797097,3029.1678295594215,2950.2089721679686,2871.2501147765156,2950.2089721679686,3104.121103515625,2985.974469613548,3074.273332379294,2977.8965008284827,3001.8869566127614,2956.0097619640796,0.005285578329201401,0.012220092868744908,0.013302926849599937,0.005285578329201401,0.01759806152670418,0.04674748963944908,0.038279403275731205,2950185.9,1.871779334312458,1,13.090538300680237,-15.513341526323984,45.40859463310254,0.014897928349168506,0.020765749931035707,-0.008552545849573186,0.006210497486141162,0.06155170985068998,0
2025-08-28,2986.67724609375,3037.6507428505597,2979.7263682848406,3036.2026334864163,3116051,58.351477877415114,-21.512926673683978,-42.07862762592757,20.56570095224359,3032.654702721653,2952.028759765625,2871.4028168095974,2952.028759765625,3096.210361328125,2986.0414007069007,3070.838191740645,2979.247384715447,3000.760311389131,2958.866174976307,-0.02011273473855002,0.013231575856343748,0.01939425314251075,-0.02011273473855002,0.01299944031533129,-0.001581270574370519,0.019206701317199038,2866722.85,1.0869732314723064,0,11.393322785436794,-15.09047419624767,47.47041479799282,0.01589405579731756,0.0002129392401253184,-0.027406506104181938,-0.01516079512337508,0.04014568370878505,0
2025-08-29,2977.988525390625,3007.2403810515466,2970.747978726777,2986.001444170926,2271789,55.20860338279533,-20.019798376188646,-37.66686177597978,17.647063399791136,3034.9514127774673,2953.5299682617188,2872.10852374597,2953.5299682617188,3089.3554638671876,2985.2744602005887,3067.19702835437,2979.05371405009,2999.0735124262787,2960.332300524155,-0.0029091595733984343,0.013243620479188447,0.012254043967473906,-0.0029091595733984343,-0.017799179588315783,-0.005769432660092888,0.015973937155220996,2836306.25,0.8009674554713547,0,8.662434343073983,-15.176377398722707,47.27042767892554,0.01587327394846998,-0.0024406247757447837,-0.02908469920225756,-0.018768961884207618,0.03686490282984155,0
2025-09-01,3004.92333984375,3022.7833539936464,2983.105066117822,2983.105066117822,1246862,60.04745664146227,-16.473176495836924,-33.428124719951214,16.95494822411429,3041.0293882856463,2957.188854980469,2873.3483216752916,2957.188854980469,3083.5665087890625,2987.145782071366,3064.7549229225815,2983.033656479884,2999.506832975721,2962.8350618870136,0.009044633390449919,0.013343342471469852,0.013204425999728722,0.009044633390449919,-0.01412644514874728,0.019188017531321044,0.029877853013109412,2750230.8,0.45336631383809683,0,13.22534517200711,-12.36267640085589,48.07033087506371,0.015997190423354783,0.005951352585161325,-0.019522469033763878,-0.011872969258692617,0.04579153079907286,0
2025-09-02,3003.861328125,3045.8564969417885,2995.7520104934983,3013.129321728032,2185229,59.404073532132465,-13.591474515907976,-29.460794679142566,15.86932016323459,3044.0491835140656,2962.4261840820313,2880.803184649997,2962.4261840820313,3077.531181640625,2988.737738838379,3062.3669388128724,2986.2379136560558,2999.8293881719637,2966.913152646081,-0.00035342389759773774,0.013356240720823668,0.01668002646432589,-0.00035342389759773774,0.005753578513957303,-0.009265806186979586,0.033308922332706326,2756799.9,0.792668702577942,0,9.290216502351996,-12.979571673739429,49.67704594246857,0.016537729447543042,0.005060192833279236,-0.019104702949331115,-0.01320210448855906,0.04271660907996179,0
2025-09-03,2990.345458984375,3033.209396467178,2981.1741008373688,3021.624523018328,1799774,58.07536405747574,-12.25703119224272,-26.0200419817626,13.763010789519878,3046.091423335907,2963.541223144531,2880.991022953155,2963.541223144531,3072.035654296875,2988.8908550427595,3059.542567054892,2986.8698437065664,2999.126874898809,2969.1662847429225,-0.00449949836701069,0.013430789956853623,0.017401098416061363,-0.00449949836701069,0.004149422836385641,-0.018909245107223915,0.026954284792485517,2720826.0,0.6614807415101149,0,2.9163854292114593,-14.730765324402,48.601300308004674,0.016252737676840642,0.0004866701435956751,-0.022616814949930904,-0.018300817869242526,0.037957229009039486,0
2025-09-04,2988.608154296875,3010.136761338951,2983.877757833792,3008.205948791588,1481391,57.717271084882704,-11.210434304701266,-23.058120446350337,11.84768614164907,3048.3241568470135,2965.076220703125,2881.828284559236,2965.076220703125,3066.5669580078124,2988.863931162199,3056.760825378107,2987.1372761050757,2998.347710409777,2970.35122132928,-0.0005809712326982908,0.013438813247716896,0.008786365474980394,-0.0005809712326982908,-0.005429484782704441,0.0006465071529406785,-0.0009357857241668599,2698495.75,0.5489691803294484,0,2.82253045529842,-14.077366362538214,49.38742702859271,0.016525226620152888,-8.557661747575573e-05,-0.022295715947223852,-0.01958978096735774,0.037052821748527726,0
2025-09-05,2942.84765625,2996.0413944584525,2923.8292019621163,2989.959524182405,2802055,53.10259123147019,-13.913106851766315,-21.229117727433533,7.316010875667217,3047.902837437302,2965.8485473632813,2883.7942572892607,2965.8485473632813,3059.1362451171876,2984.481428789609,3052.293642275044,2980.323488435064,2994.2365952868304,2970.445806831182,-0.01531164196988577,0.014100319684487609,0.024538202765261214,-0.01531164196988577,-0.020311747184775797,-0.011800203003137999,-0.01750155518662888,2764244.45,1.013678439329054,0,-0.7930314109798928,-14.903386079326083,52.00781499747706,0.01767261546380874,-0.013950085980764122,-0.0358569649096631,-0.03446802171542748,0.020477674096018528,1
2025-09-08,2914.561279296875,2958.8733290135365,2911.665060735136,2944.4888711015133,2626187,50.89202203808945,-18.128494537587812,-20.60899308946439,2.480498551876579,3049.0849053293564,2964.49697265625,2879.9090399831434,2964.49697265625,3051.1975341796874,2977.822366933158,3046.8923731386453,2970.2062254907273,2988.334720028315,2970.240743273274,-0.009611906648667512,0.014329600821570638,0.01619738401581629,-0.009611906648667512,-0.025342951417137938,-0.03007133637944115,-0.011460328177758994,2768400.0,0.9486298945239128,0,-9.32341513820802,-17.862549783936174,52.23536135774647,0.01792220384206436,-0.021244076993563267,-0.04343149597550578,-0.044119344068560926,0.012032407563099421,1
2025-09-09,2943.909423828125,2954.1428233110028,2925.9530108288373,2927.208085964641,2489301,53.58835771564833,-18.88339365033835,-20.263873201639182,1.3804795513008337,3048.8592490890683,2965.124475097656,2881.389701106244,2965.124475097656,3043.8592529296875,2974.5925628279165,3042.85382610686,2966.160563696481,2985.0439573468193,2970.690407724623,0.010069489614001226,0.014566221355094859,0.009575638521347157,0.010069489614001226,-0.01495637037745623,-0.019958279610163165,-0.029039156246449482,2754758.05,0.9036368910874043,0,-14.145176010462365,-19.51311270601218,54.10411070704767,0.018378320429673124,-0.01031507285509425,-0.032516975159903865,-0.034422653421045904,0.0216977671218433,1
2025-09-10,3002.413330078125,3014.673941875481,2947.7712440051832,2950.667462651561,2079428,51.293126693141154,-14.592665178558036,-19.129631597022954,4.536966418464917,3052.5708793030412,2968.4647827148438,2884.3586861266463,2968.4647827148438,3037.288876953125,2977.2421597088887,3041.267924301812,2971.73791237058,2986.330577549138,2972.661809515737,0.019872862179952655,0.01363260363977702,0.022282973899718492,0.019872862179952655,0.020240828199726835,0.004035611021961483,-0.014949944443234053,2764518.7,0.7521844580034853,0,-11.648695333870819,-18.274642753080116,52.7801430465883,0.017579239513040305,0.008454525704989172,-0.012775787990664074,-0.016431248022770937,0.040929252148598834,1
2025-09-11,3016.1220703125,3030.4101295308183,3002.5099840051885,3030.4101295308183,2263446,52.39464750918754,-9.9711104292237,-17.297927363463103,7.326816934239403,3057.4240401668717,2972.751184082031,2888.0783279971906,2972.751184082031,3031.61421875,2980.9450083378038,3040.2818123806624,2978.5662443616447,2988.5373547908684,2976.0585603931904,0.004565907064507435,0.013678044848387054,0.009250336980803653,0.004565907064507435,0.034845996115108635,0.00920626411865566,0.009858723187200935,2709779.4,0.8352879204853355,0,-7.918922824395395,-16.479012997444443,51.54581022652766,0.01709009417552752,0.011800641030379566,-0.007946546918703012,-0.013508747662008134,0.04433527341486769,0
2025-09-12,3025.00390625,3039.7746692912174,3013.032962803265,3035.23730697003,1447167,59.645316734589045,-5.528080788101761,-14.943958048390835,9.415877260289074,3062.8102060192564,2977.44306640625,2892.075926793244,2977.44306640625,3026.2403466796877,2985.1410938532513,3039.6826788069106,2985.7105000367765,2991.238580824878,2979.20287779898,0.002944786626815743,0.012857347618100009,0.008840222134160209,0.002944786626815743,0.027546527676936217,0.027917262324305803,0.01578762995844918,2674729.45,0.5410517314190413,0,0.6596650636424783,-12.610963468133377,49.82873111850014,0.016472286536737473,0.013353744812541972,-0.00482904766976273,-0.012343663898911107,0.04596282491246611,0
2025-09-15,3004.247314453125,3025.582884720965,2988.897450892185,3025.582884720965,1732539,45.85853705531001,-3.6398730839750897,-12.683141055507686,9.043267971532597,3063.0688437822396,2981.76806640625,2900.4672890302604,2981.76806640625,3020.884306640625,2986.960733910382,3038.29305667539,2988.5623176392915,2992.2021907232665,2983.434293597128,-0.006861674378003113,0.010517709135452876,0.012211189688774965,-0.006861674378003113,0.0006108367414396909,0.03077171023759928,-0.00022497259136744496,2594247.7,0.6678386955879347,0,9.138366977223995,-8.59931646325549,45.69126005690321,0.01520888770943965,0.005787347770090187,-0.011205549164345232,-0.019203463039532107,0.03578045021068391,0
2025-09-16,3036.87841796875,3041.029712016194,3001.544690350828,3019.79077434497,2573429,48.41904791042036,0.4840229542251109,-10.049708253561128,10.53373120778624,3065.044705927081,2988.2604248046873,2911.4761436822937,2988.2604248046873,3015.8152783203127,2991.714799058798,3038.2375806476784,2995.9955638438237,2995.5115408895986,2989.401793349308,0.01086165688112306,0.010857975866566496,0.013001844733637977,0.01086165688112306,0.006881799599742111,0.03158011363669355,0.010991549288448477,2575638.7,0.999142076875922,0,17.1222362308813,-4.616245459181755,45.61540008908715,0.015020489400954525,0.01509623140687101,-0.00044735233596797966,-0.009189519455903503,0.043071716235274934,0
2025-09-17,3063.041015625,3072.3087742640014,3033.692524030945,3042.960518364833,2418271,62.08369647857289,5.796524529903309,-6.880461696868242,12.67698622677155,3070.676936728231,2995.8195556640626,2920.9621745998943,2995.8195556640626,3011.4253662109377,2998.507772065103,3039.210264372279,3006.3102487332353,3000.513724203332,2996.5056404195666,0.008614963806733211,0.009426707040431853,0.01260716067335349,0.008614963806733211,0.012574234795667882,0.02019298440341566,0.024310086455801905,2564013.05,0.9431586161388688,0,21.265612356214206,-2.057659929532747,43.498410786794075,0.014201053973780504,0.021521786323552655,0.007841099884427648,-0.002486722393977032,0.048641109515417565,0
2025-09-18,3066.805908203125,3092.1961390627853,3052.035145819797,3074.8188270106057,2633138,64.27681150320231,10.193016915599856,-3.4657659743746225,13.658782889974479,3080.833204627387,2999.5894775390625,2918.345750450738,2999.5894775390625,3007.216591796875,3005.0123564592004,3040.2924464832927,3015.6172732670643,3005.4242563514645,3003.69085759729,0.0012291355417441974,0.009330516545341005,0.013095381463680257,0.0012291355417441974,0.020823383430863762,0.01680430589646975,0.026165274893539037,2448052.05,1.0756053981777063,0,24.067348121396662,0.01063410263031983,43.760452995238275,0.014269065048488185,0.020563493394994154,0.00872069453400789,-0.004553085315749426,0.05087133960376613,0
2025-09-19,3059.565185546875,3070.474322402291,3035.2369972120114,3060.337557621526,4901694,59.37701365746812,12.943794989756952,-0.18385378154830745,13.12764877130526,3088.3050232117034,3002.8042602539062,2917.303497296109,3002.8042602539062,3003.2940380859377,3010.2078639913598,3041.0482401720606,3022.3784905408816,3009.4346955511246,3009.042162673175,-0.002360998013236637,0.00917812458430252,0.011517102285232441,-0.002360998013236637,0.007470423393933334,0.011425201542869967,0.03966142421575625,2531600.45,1.9362036375052785,1,25.066770138108495,1.3655613651499152,43.077774180042425,0.014079704653307651,0.01639664893110415,0.006089000868255468,-0.009306023028431382,0.04876478857363336,0
2025-09-22,2967.465576171875,2999.420379452393,2958.96995461183,2987.93214013821,3634901,45.24111873628537,7.604477975324244,1.373812569826203,6.230665405498041,3087.0978013164686,3003.7600219726564,2920.4222426288443,3003.7600219726564,2997.5641357421873,3006.1371699133138,3038.162645505387,3013.930349868727,3006.3258718934026,3008.1819798776814,-0.030102188967919608,0.012455623181964904,0.013631303818777632,-0.030102188967919608,-0.03120279453183339,-0.012243245788819301,0.01815171883699862,2633655.95,1.3801730632279436,0,19.17643600293195,-0.1304111700028443,46.68425592909635,0.015732029481305906,-0.01286421462349767,-0.023269678941678845,-0.03875232753998832,0.016108401331954052,0
2025-09-23,2956.4599609375,2974.126942183857,2946.419830367542,2963.79714260431,3177741,45.54006661863818,2.456650860131049,1.5903802278871721,0.8662706322438767,3084.772324898051,2999.9852783203123,2915.1982317425736,2999.9852783203123,2993.8462841796877,3001.4060071537124,3034.9586186595875,3005.088751571615,3002.632100711484,3004.7385754625802,-0.0037087591926079355,0.012439328713087651,0.009371718941706512,-0.0037087591926079355,-0.03598074040827637,-0.026480631083360517,0.004263221214549029,2620124.5,1.2128206121503005,0,9.6912080949146,-3.2789619880909413,44.94652851384675,0.015202819962964798,-0.014974997087726738,-0.025864819783525426,-0.04159540816834566,0.014154004604435418,0
2025-09-24,2930.39404296875,2951.246912289377,2928.077162241963,2944.489068525548,1625714,42.799143066466705,-3.683875530876321,0.5355290761344735,-4.2194046070107945,3081.1571565779986,2994.10595703125,2907.0547574845014,2994.10595703125,2990.44033203125,2994.6429629456206,3030.8580470638685,2993.597257940405,2997.2811334712815,2998.718121378255,-0.008816597658398373,0.012624513366018624,0.007906701183415332,-0.008816597658398373,-0.04221879082306157,-0.04330564689783756,-0.023987132746809747,2425305.35,0.6703131216034303,0,-3.8648091194822882,-8.352217308410673,45.09822817030233,0.015389817037920882,-0.021454617719660802,-0.033147050285790396,-0.04893067959463954,0.008028498749175376,0
2025-09-25,2855.09228515625,2924.7948033919906,2848.913779573385,2917.457621779319,4974361,39.884289277930876,-14.459825599690248,-2.463541859030471,-11.996283740659777,3094.5426586089516,2987.526708984375,2880.5107593597986,2987.526708984375,2984.9587548828126,2981.352422203776,3023.965272087099,2972.2888005889963,2986.7486261886866,2986.4610174182435,-0.02569680278772768,0.013763041208238106,0.0265774329653421,-0.02569680278772768,-0.03786843962671682,-0.06903391651900148,-0.05338967767294833,2518220.85,1.9753473965557866,1,-23.65993425542456,-16.32717439619364,45.76023323451867,0.016027584632702815,-0.04234995370127898,-0.0558448830380566,-0.07737827519893957,-0.008824294136362794,0
2025-09-26,2798.80908203125,2852.5821577986485,2791.278866873073,2839.259505702621,3934636,37.46604932886456,-27.22756535474673,-7.416346558173723,-19.81121879657301,3114.9241321711465,2978.567736816406,2842.2113414616656,2978.567736816406,2978.5098388671877,2963.967342187345,3015.135617575105,2945.599613118574,2972.8271784733206,2973.4848769065015,-0.019713269310984716,0.014437035976918913,0.021903348577490014,-0.019713269310984716,-0.05332420563417961,-0.08522652328095981,-0.07477505194337297,2601363.2,1.5125285081298911,1,-46.24052180401486,-25.91262259695577,46.94631537771699,0.016773675517604603,-0.05572202426299732,-0.07174686746522978,-0.1014840287360578,-0.015270595397770488,1
2025-09-29,2795.912841796875,2827.964278797825,2793.885394606466,2815.124329879908,3110035,33.00072910824453,-37.151533724502315,-13.363383991439441,-23.788149733062873,3126.265037218927,2968.1172119140624,2809.969386609198,2968.1172119140624,2972.464462890625,2947.9621516739667,3006.5386459759584,2922.5708790690815,2959.7224127935838,2963.117836928957,-0.001034811646485334,0.013973615147241566,0.012188822084116641,-0.001034811646485334,-0.0458918490823963,-0.0578111961104224,-0.06934664521591627,2694521.85,1.1542066359565797,0,-58.17501823934708,-31.623999529428602,46.55326824751923,0.01665047191442506,-0.05157776865986974,-0.07005591112590263,-0.10566992609044039,-0.005002383612899444,1
2025-09-30,2788.479248046875,2814.448816935253,2785.293596057953,2810.297523025748,2253458,22.160849807093086,-45.09633655009975,-19.7099745031715,-25.386362046928248,3133.549950172365,2957.348107910156,2781.1462656479475,2957.348107910156,2966.64306640625,2932.7733037094818,2997.987297037563,2901.9413973733576,2947.0377339234574,2954.0341585930555,-0.0026587358657512716,0.012255857173505818,0.010455599014309017,-0.0026587358657512716,-0.023331307872498264,-0.05681819307891389,-0.08179424255252854,2697933.3,0.8352534141596459,0,-68.63270344423063,-36.971321622024334,43.58117559251524,0.01562901198674534,-0.04920054866842187,-0.0698829008374091,-0.11012133446492811,0.002636676283265901,1
2025-10-01,2813.38671875,2823.620118812873,2767.433524755383,2790.989341906879,1952902,24.3652782082453,-48.82005806335155,-25.531991215207512,-23.28806684814404,3135.185388864019,2948.5001708984373,2761.8149529328557,2948.5001708984373,2961.931884765625,2921.4031527609595,2990.748058673345,2888.317600662072,2937.1376587254235,2946.9471965650546,0.008932277592013982,0.012574779184838632,0.01997115920219237,0.008932277592013982,0.00520851415423107,-0.03992887048740079,-0.08150537181888151,2705589.7,0.7218027182761673,0,-73.23981018466111,-40.10998839052354,45.594732350000704,0.016206350888817247,-0.036974162196297816,-0.059303336972496457,-0.10264103400616358,0.018673143094680787,1
2025-10-03,2801.511962890625,2822.847532706465,2791.085765210796,2822.847532706465,2899519,21.953006994721022,-52.128423727036534,-30.851277717573318,-21.277146009463216,3135.8501329512437,2939.145361328125,2742.4405897050065,2939.145361328125,2956.9561767578125,2909.98494420188,2983.3270353093167,2874.9628871587724,2927.091310885809,2938.2823308036573,-0.004220804690743374,0.012375886630737097,0.011337366363731886,-0.004220804690743374,0.0020026093124390076,-0.018766581572228436,-0.08650496746562575,2776496.1,1.044308688205973,0,-71.36747800189596,-40.63823677778237,45.95330813626616,0.01640303833964397,-0.0372761314546958,-0.06094372834986251,-0.10661803207603003,0.021539709340420977,1
2025-10-06,2885.019775390625,2890.040076154485,2795.43026915826,2801.608774520881,2112774,37.073511864112476,-47.46480011622543,-34.173982197303744,-13.29081791892169,3134.4241827841424,2936.2539672851562,2738.08375178617,2936.2539672851562,2953.274111328125,2907.6073090769983,2979.4718486458387,2876.5101007329035,2923.974900849129,2934.3290050852856,0.029808122758767652,0.01552221386462492,0.03279346914820194,0.029808122758767652,0.03462121061556034,0.030802634560842312,-0.057049090171632066,2742032.05,0.7705139697400692,0,-56.36003311034665,-35.6637689292661,50.090763362512234,0.017362363956666488,-0.007768426505140247,-0.03170094501753453,-0.07956944971372214,0.05366381634915376,0
2025-10-07,2870.828369140625,2900.56292723276,2853.2580234436414,2891.391568334869,3062943,31.247266942201165,-44.40213254232822,-36.219612266308644,-8.182520276019574,3134.2007618857506,2934.0673217773438,2733.933881668937,2934.0673217773438,2949.908701171875,2904.1045528925815,2975.211320037791,2875.635988180245,2920.0381207225732,2931.3183551216816,-0.004918997911575351,0.015020553171460622,0.016477788884077152,-0.004918997911575351,0.02041726080805084,0.02679465762444999,-0.03256556969261126,2763869.85,1.108208116239627,0,-43.85759878138515,-31.327325938167178,50.64932637135173,0.017642756674622617,-0.011458328426506674,-0.03508421408393954,-0.08403175570242113,0.05007234753904161,0
2025-10-08,2922.4775390625,2937.7310038355854,2865.325540382523,2872.083383638142,4121889,34.9896602319904,-37.37643775371407,-36.45097736378973,-0.9254603899243392,3133.136788631424,2932.9957275390625,2732.854666446701,2932.9957275390625,2947.8118359375,2905.85436109924,2973.1433286269958,2882.8423806236688,2920.218818377383,2929.2283430443067,0.017991033695036185,0.015809925093849472,0.02477537037848013,0.017991033695036185,0.04317867557740551,0.048054254342929426,-0.011494294637504288,2845499.25,1.448564430301642,0,-26.91894261024163,-24.843968410567413,53.06284160135218,0.018156800485924073,0.005720581934798544,-0.017041152734433872,-0.0672358929023784,0.06938637277127868,0
2025-10-09,2955.7841796875,2959.9354735767624,2915.5267874109013,2929.042474504859,3211304,38.84795332250038,-28.78909372128146,-34.91860063528808,6.129506914006619,3128.4732723785746,2930.664270019531,2732.8552676604877,2930.664270019531,2947.47201171875,2910.6095819171696,2972.462577688192,2894.064195864258,2922.8532895855396,2927.9158961867297,0.011396713979770823,0.016257887492493232,0.01502433312656685,0.011396713979770823,0.024528221574250164,0.05061425078482196,0.008664410433017133,2902093.05,1.106547565730189,0,-10.793570843789894,-18.285480985152844,53.36624823870024,0.018054852788454392,0.015520665516594163,-0.0056109698826431065,-0.0551991587128949,0.08157362545505559,0
2025-10-10,2923.53955078125,2963.7969409179377,2902.8797173331764,2944.4888175243354,8817365,36.98986156262419,-24.30525789669764,-32.795932087569994,8.490674190872355,3119.713693008708,2926.0351440429686,2732.356595077229,2926.0351440429686,2946.9371728515625,2911.8410075232723,2970.5440276134104,2898.5988658514875,2922.904123748185,2925.1115620224386,-0.010908992993412303,0.016411749264456113,0.02083680501893077,-0.010908992993412303,0.018360965847778576,0.04355776077597606,0.023973748933041605,3229789.0,2.7300127036162425,1,1.856063321392412,-12.783007695906235,55.20052669544894,0.01888140240165311,0.0040175762439475125,-0.01582352471305557,-0.06288209801658569,0.06996998709775554,0
2025-10-13,2903.169677734375,2930.4907222176985,2894.481021335113,2922.284768951729,2866865,42.87245351976669,-22.14024525272316,-30.66479472060063,8.524549467877467,3108.1006408290104,2919.9434326171877,2731.786224405365,2919.9434326171877,2946.041279296875,2911.015166590996,2967.9018962456053,2899.302067679624,2921.4423129323472,2922.218143411764,-0.006967538045254629,0.014544187625788005,0.012403581216337108,-0.006967538045254629,-0.006606675695553399,0.006291084206274666,0.03728750073491427,3300773.9,0.8685432831373273,0,3.4078575139978966,-11.569952400233433,50.58727454884469,0.0174248425563341,-0.0026951040814427564,-0.02181076759751274,-0.06593446827383784,0.06273677339679666,0
2025-10-14,2857.891845703125,2922.47742224366,2853.257849088388,2916.4919513097684,3611416,39.84483590405824,-23.803606616743764,-29.29255709982926,5.488950483085496,3098.345963907614,2912.6256591796873,2726.9053544517606,2912.6256591796873,2944.5642041015626,2905.955802696913,2963.5877766164886,2892.9312642986242,2916.734870915368,2917.715345638465,-0.015595999220612056,0.01502428628671869,0.024220501296906824,-0.015595999220612056,-0.033118904504971236,-0.004506198829772767,0.022167716739845744,3394717.75,1.0638339520273814,0,1.8512498043314736,-11.623543421302656,53.5524503587702,0.018738445417130448,-0.01653981005119953,-0.03566485587075676,-0.07760725271016213,0.048034850581640025,0
2025-10-15,2877.756591796875,2887.349664986807,2859.539215693528,2878.9193527026337,4282226,44.5067367973702,-23.250891682309884,-28.084224016325386,4.833332334015502,3081.393120085369,2904.669567871094,2727.946015656819,2904.669567871094,2944.137041015625,2903.270163563576,2960.221847800033,2890.596699298355,2913.847590980665,2911.0585791105996,0.006950838998199593,0.015090225329296509,0.009663933833929305,0.006950838998199593,-0.01566011274659873,-0.015302409229112857,0.03201649924866112,3480157.6,1.2304689879561777,0,-2.584197535664316,-12.92148082696258,53.6292375436377,0.018635779584871538,-0.008787873786910878,-0.027857795882576978,-0.06608586452703324,0.05491698709587023,1
2025-10-16,2878.628662109375,2882.7954389661986,2851.8842144350965,2877.8534092983937,3251495,52.90802724716407,-22.483318626900655,-26.964042938440443,4.480724311539788,3055.872392216478,2895.4489501953126,2735.025508174147,2895.4489501953126,2942.348720703125,2900.923353901271,2957.0221150278508,2888.755462807743,2911.2387814346434,2904.225974014871,0.00030303824687116787,0.013340420955358466,0.010738177152884757,0.00030303824687116787,-0.008453179920283493,-0.026103231118275394,0.023189824180432028,3521818.8,0.9232431265345055,0,-9.68622801589845,-15.440462660341382,50.01716333904749,0.01737534403009674,-0.007685377747713824,-0.026510945765360772,-0.058001024701998485,0.052505233865659556,1
2025-10-17,2870.391845703125,2896.167520764224,2863.802552262988,2877.950145926403,4374683,60.035912591244745,-22.282791546073895,-26.027792659967133,3.745001113893238,3024.4808465324104,2885.6282470703127,2746.775647608215,2885.6282470703127,2940.5983935546874,2898.0155912157334,2953.624849564136,2885.930290945494,2908.213082491568,2896.5026742791274,-0.002861368162788369,0.012058569152759222,0.011275453053451656,-0.002861368162788369,0.004373853411840489,-0.018179232452635197,0.02458668166507816,3608896.05,1.2121942387340308,0,-13.825416307538944,-16.91917804927425,47.770845497480295,0.01664262165773344,-0.009531952000651609,-0.028179951111020007,-0.050947256288942804,0.04500411171278229,1
2025-10-20,2921.749267578125,2929.307567962745,2886.186765192536,2892.9698128193104,3133039,65.53174717013427,-17.7748601332205,-24.37720615461781,6.6023460213973095,2992.691476052835,2878.737451171875,2764.783426290915,2878.737451171875,2940.4853564453124,2900.275941345485,2952.374826741155,2891.4409027351294,2909.21576286835,2886.1701607149807,0.01789212924077943,0.012748776839050194,0.014758556885325248,0.01789212924077943,0.015287142737037795,0.006399760229739426,0.012731105866519377,3520463.3,0.8899507630146294,0,-10.73922524551108,-15.527069504450083,49.544905359498934,0.016957274845341996,0.00740389075622856,-0.010373194787341689,-0.023705152717004407,0.0567732863972593,0
2025-10-21,2913.512939453125,2937.8351067763124,2903.1446131495227,2937.1568492749448,310644,65.40214633629945,-14.697471553255582,-22.441259234345367,7.743787681089785,2983.520372343101,2876.0398193359374,2768.559266328774,2876.0398193359374,2939.923759765625,2901.536607831927,2950.8508311612327,2894.836600691744,2909.5340722449996,2881.489741594571,-0.002818971571721174,0.012754535430622976,0.011906758043539429,-0.002818971571721174,0.012118366569096706,0.019462280853499436,0.01486838111651978,3354250.45,0.09261204690305698,0,-4.419194864985911,-12.736945455255864,49.94028198446248,0.01714091648888864,0.004127582464019578,-0.01265326302292763,-0.023464707510944777,0.052357077880642866,0
2025-10-23,2977.95166015625,3001.983076189401,2942.001649703373,2960.3157836535247,5564758,68.47266664255012,-6.978508802854776,-19.34870914804725,12.370200345192472,2988.344709257113,2877.114404296875,2765.8840993366366,2877.114404296875,2940.85560546875,2908.8142318628147,2951.9136087688803,2907.6235329170527,2914.6020417199074,2885.352656767258,0.022117190498978978,0.013663703293920944,0.020141840208004157,0.022117190498978978,0.037472171130272125,0.034817075441677,0.018981881075994744,3473601.3,1.6020140250408128,1,5.544068299238916,-8.30823903115288,52.24624931866148,0.017544357760300302,0.02376825152191291,0.008820736253941079,-0.003477861529383893,0.07667261288008242,0
2025-10-24,2968.26171875,2994.231149497321,2963.513679841537,2984.541081052346,2684318,68.81017887387945,-1.6243480273656132,-15.803836923910922,14.179488896545308,2995.2337689787964,2879.0077880859376,2762.7818071930787,2879.0077880859376,2941.5086962890623,2914.4758972806417,2952.5547111210813,2916.95248458366,2918.5768326110256,2887.596695392207,-0.003253894794834067,0.013620486765213952,0.010348639226031539,-0.003253894794834067,0.015919384900001887,0.031137415471624186,0.004221397200867116,3526531.5,0.7611779449580983,0,13.55254337937049,-4.467403906769505,52.17165661581258,0.01757650152149764,0.018454714797793766,0.005319802396804635,-0.009004990030541877,0.07437428139346408,0
2025-10-27,2989.2890625,2998.300873295387,2965.354641215772,2971.4594315335457,1946312,63.69215282074628,4.2664133127173045,-11.789786876585278,16.056200189302583,3011.25214136624,2885.717626953125,2760.1831125400104,2885.717626953125,2942.6865966796877,2921.6009606348666,2953.9952739202545,2928.0811888784815,2923.814775565764,2891.220289222288,0.007084059878269544,0.011530791318019663,0.011021427299527053,0.007084059878269544,0.026008507469027498,0.04142194626662565,0.022489694624168832,3375129.05,0.5766629871530394,0,23.585369419133258,0.37042435611829205,47.76711555034045,0.01597942338516834,0.023168154302093565,0.01194781484294897,-0.007293669820779242,0.08300389525576037,0
2025-10-28,2963.1259765625,2994.424945391891,2945.974602490029,2980.6650953225503,3470737,61.75063298772069,6.745978295685745,-8.082633842131074,14.828612137816819,3017.002813096665,2893.9334716796875,2770.86413026271,2893.9334716796875,2943.325791015625,2925.5557240565463,2954.3533406905385,2933.472694676023,2926.726716380337,2899.7062572341397,-0.008752277009845044,0.011766194341385936,0.016351091139928088,-0.008752277009845044,-0.004978483630917019,0.014161622095202109,0.02065201331081501,3351934.1,1.0354430894091862,0,25.279782711061216,1.9785139493833412,47.8489326298221,0.016148126339647323,0.012842090887901177,0.002969392912870403,-0.017857734934912235,0.06938696278895534,0
2025-10-29,2962.83544921875,2980.665080689528,2951.691870406029,2963.125962015583,2895420,55.911064768329,8.5886041974195,-4.748386234220959,13.336990431640459,3019.8784554891467,2902.2796020507812,2784.6807486124158,2902.2796020507812,2944.2275537109376,2929.1061740719942,2954.6859723975276,2937.99004152875,2929.4014373313307,2906.9029822850275,-9.804758422282678e-05,0.010873059261353712,0.009778879313442434,-9.804758422282678e-05,-0.0018280967264352466,0.016928879600199398,0.03672063506301293,3341203.35,0.8665800002864237,0,27.56956624006716,3.8351412362949304,44.74662883199614,0.015102637186211295,0.011515210833025516,0.0027581532851051614,-0.01888917289591947,0.06397670565830835,0
2025-10-30,2941.2265625,2968.843257944529,2938.804045355743,2954.598904451086,2241536,47.792147587091456,8.21059530300954,-2.156589926774859,10.3671852297844,3015.637390658044,2909.9169677734376,2804.1965448888313,2909.9169677734376,2944.9114599609375,2930.260496779423,2954.158152401546,2938.4879678320194,2930.27737252901,2912.074359504298,-0.007293313141790492,0.010648006546452876,0.010213158337334336,-0.007293313141790492,-0.01607823766625116,-0.012332335056883692,0.02205536454474566,3340607.25,0.6709965680640848,0,21.44626491660847,2.244543632665682,43.72023786220507,0.014864627709959038,0.0037423518259312913,-0.004377419635111073,-0.024674991890124634,0.048866053223313215,0
2025-10-31,2963.222900390625,2972.3314700068563,2931.342670159881,2940.9357431934422,1868085,56.21158909648154,9.575560071564269,0.18984007289296656,9.385719998671302,3015.2708995534185,2917.4087768554687,2819.546654157519,2917.4087768554687,2945.93875,2933.399773313823,2954.5136327148434,2942.293342071805,2932.7177820002407,2916.5305507188273,0.007478627512437663,0.01036916587901049,0.013832506438031375,0.007478627512437663,3.270999238358385e-05,-0.0016975653890441977,0.02938699228377084,3336366.4,0.559916021213977,0,18.923876033181386,1.9589215937621702,42.29677902379178,0.014273910686305789,0.010166744863115314,0.002947783885423742,-0.017261467011306406,0.050957215416616936,0
2025-11-03,2923.300048828125,2963.2230855965854,2916.7107546258085,2952.467014430014,2194877,52.96923096867497,7.351124821753729,1.6220970226651192,5.729027799088609,3004.7408264673386,2923.498181152344,2842.2555358373493,2923.498181152344,2944.5766015625,2932.4378947913756,2953.2895706016393,2939.371296957393,2932.0201721356393,2922.0165535274373,-0.013472780450379584,0.010887124484306726,0.015910898708267226,-0.013472780450379584,-0.013343771892917577,-0.02207515308562602,0.018432397376059173,3301134.3,0.6648857030748492,0,10.83693415650896,-0.7057033186151784,43.04696688723402,0.014725469903265807,-0.0031161259986038628,-0.010154616083720121,-0.02710409394442288,0.028514154328808237,0
2025-11-04,2897.524169921875,2935.412431528224,2883.7643202783443,2926.01311261092,2670720,56.20261135233693,3.4683647010697314,1.9913505583460418,1.4770141427236896,3004.304759507499,2924.123400878906,2843.942042250313,2924.123400878906,2942.6216943359377,2929.1127781371374,2951.1026921436096,2932.9332774134673,2929.4649127123976,2923.425253720592,-0.008817390782921097,0.010245734401390833,0.017824911276330138,-0.008817390782921097,-0.014858560416705413,-0.022139391696308852,-0.008291299299727606,3329031.6,0.8022513213752612,0,3.557054080591115,-3.2506485469289146,41.79186246542027,0.014423300726615542,-0.010784360524128468,-0.018155424534825815,-0.035542529181736136,0.01884079452940055,1
2025-11-06,2917.58251953125,2930.2766034150336,2897.3303717628805,2897.427367073782,2542721,56.22913622939589,1.9868869149449893,1.9904578296658315,-0.0035709147208422554,3002.7308706093745,2926.4611083984373,2850.1913461875,2926.4611083984373,2942.006337890625,2928.01465826991,2949.788175570576,2930.5716223546647,2928.5847354397197,2925.354084784014,0.006922582326523319,0.010244481599910872,0.011292304992780921,0.006922582326523319,-0.015402277315472501,-0.015273521079084085,0.0013967949216964204,3303020.5,0.7698168994107061,0,-1.0915158020843592,-4.897796826951435,42.04103477745392,0.014409544373129983,-0.0035628710768900234,-0.010917955501362962,-0.028356970620162337,0.023644438270396927,1
2025-11-07,2899.074951171875,2910.896788283535,2868.7449872547954,2907.989767522932,1830520,53.030785554949176,-0.672844859718225,1.4577972917890203,-2.1306421515072453,3002.5299965623517,2925.290979003906,2848.0519614454606,2925.290979003906,2939.348740234375,2925.2584956891446,2947.7994216725883,2925.7259806342354,2926.3988254939536,2925.511311429833,-0.006343460119972333,0.010433066364241239,0.01453974172406298,-0.006343460119972333,-0.008286900848909151,-0.014331303771545123,-0.0264869003885162,3188452.05,0.5741093079947682,0,-5.002001090278554,-6.358730728957653,43.321485330693385,0.014943209837738693,-0.008950848123629227,-0.016529099687884106,-0.03445595731230801,0.017915048748098992,1
2025-11-10,2931.439453125,2953.4358611387806,2899.268473263204,2900.237480105872,1556656,58.445106856095684,-0.1672289164303038,1.1327920501451554,-1.3000209665754592,3000.0463109510797,2924.0737426757814,2848.101174400483,2924.0737426757814,2937.017919921875,2925.8471583020832,2947.1578542785655,2926.6049764020454,2926.7722053184757,2924.632006011817,0.011163734121479862,0.010748282721312074,0.018478085166600457,0.011163734121479862,0.011704918135001963,-0.010725972474576628,-0.012405329823984235,3105719.65,0.5012223173459974,0,-7.552615011739817,-7.3557784362778875,44.89262400681264,0.01531419110804277,0.0019113420901186293,-0.005333409993884852,-0.022868599586494332,0.0292609965803126,1
2025-11-11,2952.56396484375,2960.9942773891976,2924.462765309628,2950.6259510827763,2806868,54.651909347899,1.9159609074868058,1.2894258216134855,0.6265350858733203,3002.556036311922,2925.5249633789062,2848.4938904458904,2925.5249633789062,2936.335654296875,2928.3916160679564,2947.369858614455,2930.5986669315384,2928.6827060240516,2924.8464254653154,0.007206190697962578,0.009840140096941471,0.012372809705242979,0.007206190697962578,0.011989873492291192,0.010010575557358958,-0.012285562516170967,2805194.8,1.0005964648159194,0,-4.046278723419164,-5.9197119871842006,43.29375185109474,0.01466310378592792,0.008254479572732336,0.00176228518253784,-0.016649837959253535,0.036535122910714375,0
2025-11-12,3034.735595703125,3039.192885115363,2962.350833814064,2965.1608589527805,4460315,64.9605834208119,10.081257266489047,3.047792110588598,7.033465155900449,3022.4210704421594,2932.1032592773436,2841.785448112528,2932.1032592773436,2937.470595703125,2938.5196141284487,2950.7959659512658,2946.619732896398,2936.538475629909,2932.3595347946634,0.027830601415513634,0.012119805132601118,0.025320838958787492,0.027830601415513634,0.046794459203758354,0.04735471310492967,0.02416691686652439,2884867.3,1.5461075107336828,1,9.406835991311254,-0.3067261923438309,47.003639468582115,0.015488545208068359,0.032743011519156914,0.02844643639222243,0.004074391017650002,0.06789750708265181,0
2025-11-13,3009.4443359375,3034.8322664831685,3005.859058134587,3034.735507748666,1740435,54.30236420906861,14.346146714415681,5.307463031354015,9.038683683061667,3029.20960153879,2939.6808837890626,2850.152166039335,2939.6808837890626,2937.561015625,2945.2743495388345,2953.0959020291575,2956.2850564411833,2941.9389097267676,2938.513859154923,-0.00833392530190602,0.011112468645025875,0.009627427895108667,-0.00833392530190602,0.02660975403375443,0.031485593223601116,0.015731176272728797,2791318.25,0.6235172216568283,0,17.2596912689246,3.307726458581328,42.75385886946109,0.014206562440418902,0.02178743939718659,0.01908113917655835,-0.006524892034955158,0.05588900543493528,0
2025-11-14,3009.7353515625,3016.6153949995773,2981.924901585002,2994.2312415737683,2210794,55.81524953991763,17.547310386273693,7.755432502337951,9.791877883935744,3036.0458328680484,2946.279821777344,2856.5138106866393,2946.279821777344,2937.67849609375,2951.4134925887074,2955.3170569128183,2964.50817876754,2946.960868381266,2946.225124098344,9.670078343848587e-05,0.011054172096239835,0.011526094278211526,9.670078343848587e-05,0.019363301658995802,0.03817093460998433,0.023292591579299637,2687746.65,0.8225455327048775,0,26.154996899562775,7.517635240229993,43.03764628080334,0.014299478609792186,0.01976065336837572,0.018413690849985516,-0.00866603561142348,0.05363934888136592,0
2025-11-17,3006.052978515625,3026.6928715689805,2990.93661372188,3009.73525183072,2232853,52.4707408012447,19.561624696539184,10.116670941178198,9.444953755360986,3040.2620229583113,2952.6510375976563,2865.0400522370014,2952.6510375976563,2937.992646484375,2956.6172531531756,2957.306700897242,2970.8996864210912,2951.338061724552,2953.467913177574,-0.0012234873225525078,0.010927475991860298,0.011894753054138426,-0.0012234873225525078,-0.009451438612349539,0.02545286252154555,0.01445388334416342,2636814.55,0.8467994080205603,0,30.77009485109238,10.148846618676544,43.2383624070523,0.014383765926974183,0.01672036693614201,0.016483335192658027,-0.011252005315449532,0.049218483409515255,0
2025-11-18,2991.421142578125,3008.7662705711664,2982.6030856096777,3005.8592500198897,2548350,54.31700526919218,19.74965469735662,12.043267692413883,7.706387004942735,3038.786201346873,2958.702502441406,2878.618803535939,2958.702502441406,2938.04890625,2959.9319092888854,2958.6445221396298,2974.0568335221733,2954.3071788248167,2962.0991279236,-0.004867457773390704,0.0107231116162663,0.0087460720889805,-0.004867457773390704,-0.0059888774629088815,0.013160486342395306,0.023302805942656546,2545497.9,1.0011204487734993,0,31.540293220929016,11.274663525174674,41.6464225541685,0.013921952332755116,0.010638499213586557,0.01107825566512866,-0.01558683488418978,0.03918627186886488,0
2025-11-19,3050.142822265625,3057.216619603584,2987.932629650603,3001.014222159208,3151053,61.3048907322347,24.356254875947343,14.505865129120576,9.850389746826767,3052.9439970584763,2965.122180175781,2877.300363293086,2965.122180175781,2940.1948095703124,2968.52342481048,2962.2326907720217,2985.762370251935,2961.4061153759876,2969.466033306293,0.019630027631913904,0.011843374207020868,0.022714998605054708,0.019630027631913904,0.013425589290482876,0.005076958461987635,0.05267208947833035,2546398.6,1.2374547331277985,0,30.003810682031144,11.436724820755899,44.52576395913151,0.014597927557391584,0.02749494808529464,0.02967698377222758,-0.0009175323214412756,0.06007105173222861,0
2025-11-20,3047.332763671875,3066.4221511422043,3040.8404651460387,3050.4335382511167,2700767,64.44211834527951,27.463686183592927,17.097429340015047,10.36625684357788,3063.389850520826,2971.8131713867188,2880.2364922526117,2971.8131713867188,2942.8502392578125,2976.029076130613,2965.5699485328,2995.234738470387,2967.771052286794,2973.921876993733,-0.0009212875453690206,0.011572249295906119,0.008394779297204478,-0.0009212875453690206,0.013732221438303993,0.012589841680049618,0.04447183353753825,2665904.75,1.0130770801169846,0,30.754726591778308,12.474046503642512,44.20736920251576,0.014506905753623118,0.023959338338847874,0.02757069182587539,-0.005241607380210142,0.05801477478280908,0
2025-11-21,3052.953125,3071.7517635606687,3038.030277327296,3047.332837865448,4177037,62.78303465037643,30.033654793438018,19.684674430699644,10.348980362738374,3074.078131355848,2975.5632446289064,2877.0483579019647,2975.5632446289064,2945.03111328125,2983.355176022935,2968.996739766808,3004.114490244174,2974.080835450736,2980.376599442863,0.001844354313754959,0.011487054852378996,0.011045530295645341,0.001844354313754959,0.02056948169084749,0.014359326781028692,0.05307837031461493,2596518.7,1.6087066886905146,1,31.941683434227798,13.679682853989561,43.68827537297271,0.014310169067195459,0.023328750641700244,0.028277695326733927,-0.006871980949466251,0.061140705756614636,0
2025-11-24,3043.84423828125,3080.375748831919,3033.960415828725,3060.123600506904,6703764,68.82562196168143,30.978264253291854,21.943392395218087,9.034871858073767,3082.3732446276845,2979.3423706054687,2876.311496583253,2979.3423706054687,2945.8597314453127,2989.1160390951554,2971.931935786982,3010.2267591729546,2979.248494919663,2989.2872723888586,-0.00298363137126445,0.010701851381166656,0.01524891859427166,-0.00298363137126445,-0.002065012804776334,0.012571721135895109,0.038344569947171614,2797491.0,2.3963487281996616,1,32.498785941979804,14.625234889740113,43.68134694671676,0.014350716898503996,0.018309158450289374,0.024197156613287335,-0.012499786135111076,0.05824568788777152,0
2025-11-25,3022.526123046875,3052.177827324137,3018.456341586489,3047.817296493595,2737920,69.79745049941383,29.664723848403355,23.48765868585514,6.177065162548214,3085.7682486394406,2981.0042236328127,2876.240198626185,2981.0042236328127,2945.9878125,2992.2979518524617,2973.91602156188,3012.118968999712,2982.4542451513084,2991.4731579445343,-0.007003681386276384,0.010558552526371057,0.011156722676611589,-0.007003681386276384,-0.008140443643282813,0.010398061318087182,0.023695391204446636,2837071.4,0.9650514964128151,0,32.36604256357623,15.271499422250145,42.400873695843075,0.014028290234626865,0.010101992408777268,0.016345485592920476,-0.020494774881571205,0.05086012096297194,0
2025-11-26,3064.87158203125,3079.503679669953,3020.394263540353,3022.1385231343734,2508527,71.78901534523159,31.675522551607173,25.12523145900555,6.550291092601622,3096.906782274177,2986.09150390625,2875.276225538323,2986.09150390625,2946.785166015625,2999.2097261552035,2977.482906286169,3020.2347556199484,2988.559233068341,2995.7970652023087,0.01400995632808244,0.010921024247181095,0.019286098796486836,0.01400995632808244,0.0039039109161722596,0.004828875440883396,0.009930349902902424,2788960.9,0.8994486082612345,0,30.686301344723688,15.250215514147385,44.269672587089254,0.014444217776246741,0.02189305246092971,0.029349849686989917,-0.010344257187942392,0.06593987555314963,0
2025-11-27,3039.386962890625,3081.441765309616,3028.146388865581,3081.441765309616,2836233,70.33706020317314,30.856998953991933,26.27158495800283,4.585413995989104,3102.624263961629,2989.919079589844,2877.213895218059,2989.919079589844,2947.487958984375,3003.036129653815,2979.910516349089,3023.181249046206,2992.3242500922142,3000.135683787411,-0.008315069150053866,0.011070507038780963,0.017534909866609584,-0.008315069150053866,-0.001464357254082671,-0.0026074608181864134,0.009949553342975204,2786001.55,1.0180299433071027,0,27.007053523202103,14.340567816288967,44.58809002763074,0.014670093203671903,0.012104693938863988,0.01995913844231975,-0.020381875370966928,0.056364619933922305,1
2025-11-28,3040.259033203125,3049.755347777002,3028.1464474134714,3042.681550361056,1616690,67.35704122075812,29.93362568786688,27.003993103975642,2.9296325838912374,3107.269856963252,2994.870703125,2882.471549286748,2994.870703125,2947.5555712890623,3006.5811680870825,2982.277124853169,3025.808600454963,2995.8749747670963,3003.3424881837213,0.0002869230944093637,0.010866402674573967,0.007107585283864507,0.0002869230944093637,0.005866917086683188,-0.004157971405759797,0.010141649705107447,2754759.25,0.5868716113758399,0,23.22599206414725,13.280385086361093,42.248660770246815,0.013896401691054234,0.01120138231207969,0.01944215977340159,-0.02156582042913294,0.05474034390917772,1
2025-12-01,3036.2861328125,3056.247769627983,3025.4333028223336,3040.646663872528,1747647,64.12687767356329,28.552134628398107,27.313621408860136,1.238513219537971,3111.340622621842,2998.5238647460938,2885.7071068703453,2998.5238647460938,2947.0204736328124,3009.410212346646,2984.3951251652998,3027.420528509969,2998.8683938815707,3006.107517504923,-0.0013067637813871658,0.010830632552660051,0.01014873613940528,-0.0013067637813871658,-0.00932680161424737,-0.0024830789216132576,0.010057425638520856,2748737.35,0.6357999246454012,0,20.29417325149052,12.463189378317566,41.840300393538236,0.013780091389075287,0.008930627122746762,0.017387445519408594,-0.024122877856457833,0.05218098038558844,1
2025-12-02,3038.514892578125,3046.557697172346,3023.6890396759504,3033.960607457575,2512003,50.87330332058355,27.322182188426723,27.315333564773454,0.006848623653269215,3112.6049271231655,3004.2846069335938,2895.964286744022,3004.2846069335938,2946.4546533203124,3012.182086654406,2986.5174689854107,3029.1273537512234,3001.8051715627967,3010.323184624259,0.000734041413797959,0.007892299427255866,0.007526261448398474,0.000734041413797959,-0.0002869230944093637,0.005289869758059229,0.015742935466255492,2764593.65,0.9086337154829246,0,19.88413480194413,12.601447423530772,37.28599590959412,0.012271124950109303,0.008742102955989203,0.017410721394634617,-0.023803224720047717,0.04922388252044877,1
2025-12-03,3081.441650390625,3112.3528729457903,3041.7123712503685,3042.681378058668,3952112,65.3830625179312,29.471537085874388,27.746574268993644,1.724962816880744,3114.6289100380136,3013.4804809570314,2912.3320518760493,3013.4804809570314,2946.8921826171877,3018.778235581665,2990.2399859032625,3037.175707080362,3007.7041699944875,3020.031409878269,0.014127545636637429,0.008313850495162598,0.022924497592374304,0.014127545636637429,0.013545759337523,0.005406447844837015,0.010261430348940559,2828663.25,1.397165958160626,0,19.568509426461333,12.757079617093495,40.490622482385824,0.013140155510409535,0.020757872860735677,0.030499780926383786,-0.010655285302345555,0.058066729858513105,0
2025-12-04,3129.11669921875,3149.27208789607,3088.6121678196405,3095.00770730463,5025905,71.21211858304197,34.62278442388606,29.12181629997213,5.500968123913928,3127.2027211207887,3024.0571899414062,2920.9116587620238,3024.0571899414062,2950.125205078125,3029.286660689959,2995.686131523478,3051.3204751016524,3016.6976906777663,3033.257167987046,0.015471670158700324,0.009064248918657123,0.019385636876877898,0.015471670158700324,0.030573721429956846,0.029522314013871842,0.026837874918631988,2952822.45,1.702068134845019,1,26.25053103614391,15.775615174388804,42.85776134601935,0.013696440710159418,0.032954965875053116,0.044540903765313736,0.0006120415811339833,0.07128084131957974,0
2025-12-05,3137.837890625,3170.202860908312,3122.527535293584,3129.892081880524,5244013,73.00411080682788,38.95980789862324,31.089414619702357,7.870393278920883,3133.339386161223,3035.9953369140626,2938.651287666902,3035.9953369140626,2953.752763671875,3039.624873064725,3001.260710311773,3064.630846720629,3025.671038822006,3046.626007145777,0.0027871096684977115,0.008989688461488057,0.01519368663281441,0.0027871096684977115,0.03268800764790769,0.03209557355350379,0.02780414967065692,3123497.1,1.6788915859726585,1,33.04370497764239,18.98358545860401,43.70912332942128,0.01392969453903663,0.032310900739949244,0.04550660322309663,0.0014356901405717967,0.06778163975904711,0
2025-12-08,3136.190673828125,3158.8653395160463,3109.155477309916,3142.489218360763,2544725,76.47063024970001,41.78237243892454,33.228006183546796,8.554366255377744,3140.2892900190286,3046.2328979492186,2952.1765058794085,3046.2328979492186,2957.8686962890624,3048.8216159945723,3006.552081430061,3075.6400508910133,3033.8576784520887,3053.068124265156,-0.000524952803265033,0.00876550616180206,0.01585039539239909,-0.000524952803265033,0.01776734063114893,0.03290353301554094,0.030338752024650084,3172900.55,0.8020185189857275,0,39.41140364792636,22.156956264761448,45.39102884689568,0.014473300117141819,0.028656664389678163,0.043118691739542865,-0.0013051715343329968,0.06233169581230762,0
2025-12-09,3108.864501953125,3133.4771795542747,3082.604323565585,3129.8919017803323,2734893,62.12969051951248,41.33776544840384,34.84995803651821,6.487807411885633,3141.0430597196028,3054.0479248046877,2967.0527898897726,3054.0479248046877,2962.944140625,3054.5399860858633,3010.5643332152795,3080.751504900569,3039.4137394521654,3060.192747844104,-0.00871317299137453,0.00796981698552107,0.016363806128163166,-0.00871317299137453,-0.006472177043023497,0.023152629446324458,0.028564973598711463,3169301.8,0.862932334181617,0,42.357899431457554,24.04686422986879,44.269768869007,0.014239851508869169,0.017784843581921467,0.03265174161977168,-0.010244545252859505,0.04779547992761556,0
2025-12-10,3090.356689453125,3125.0471830165943,3079.6008550466445,3125.0471830165943,1386849,58.34588346281278,39.04193429687439,35.68835328858945,3.353581008284941,3144.775618997212,3056.8289794921875,2968.882339987163,3056.8289794921875,2968.7750927734373,3057.9511006922694,3013.693445224607,3082.2292256009623,3043.187291304088,3064.626930922592,-0.005953238710909581,0.008192538928830895,0.01470585195717071,-0.005953238710909581,-0.01513182096300636,0.0028931390154247616,0.008315228465456626,3015628.5,0.4598872175402242,0,39.17286511060456,23.453459321344326,45.68867186713445,0.01478427135063804,0.010597157277472331,0.02543830207747109,-0.01730455082879323,0.040915851675848894,0
2025-12-11,3092.972900390625,3108.961513573317,3055.3756234989637,3105.6669848803986,1914362,57.85467784612937,37.006984446139086,35.952079520099375,1.0549049260397112,3147.3969663548746,3061.005407714844,2974.613849074813,3061.005407714844,2974.7162939453124,3061.286510187351,3016.8024434664117,3083.8820986455257,3046.8751141993866,3066.6748017331374,0.0008465724835029498,0.008189276482592418,0.017325043509946597,0.0008465724835029498,-0.013780339887544901,-0.011550799251798138,0.017630508439450798,3024324.85,0.6329882188416367,0,31.999849497392006,21.116311942933862,47.10755785577593,0.015230511023819998,0.010350677761728018,0.025248738805942764,-0.017291770484001035,0.039789719715258125,1
2025-12-12,3120.6865234375,3123.1090405337877,3086.965038142392,3098.5931202045717,1146554,64.05535222110879,37.201691849488725,36.20200198597725,0.9996898635114775,3153.3307714496514,3066.5529663085936,2979.7751611675358,3066.5529663085936,2981.360439453125,3066.943654306413,3020.8763289554745,3089.544317844291,3052.3426259948023,3069.8936467702506,0.008960189416265196,0.00836686063860528,0.011582067637983142,0.008960189416265196,0.0038026814861014113,-0.0054659825603941,0.026454157147800306,2971112.85,0.38590052208888664,0,27.318781241688157,19.61561864370151,46.37389138350464,0.014860156903046722,0.01752326589229136,0.03304014584289082,-0.010352306934531999,0.047289259977169665,0
2025-12-15,3130.085693359375,3137.8377476982373,3098.205464520373,3111.577805569695,1562190,70.57083838385725,37.68008081340804,36.49761775146341,1.182463061944631,3159.054316784966,3072.754602050781,2986.4548873165963,3072.754602050781,2987.6944189453125,3072.9571818352665,3025.159049128177,3095.7814525389194,3058.1013717255114,3073.6365733202883,0.003011891726799165,0.007973798603578663,0.012661724649247176,0.003011891726799165,0.012855798827960063,-0.0019466228631112026,0.03089285938278441,2937579.7,0.5317949330872622,0,24.1355658406942,18.606967698115568,46.79609120066295,0.01495041854602993,0.018590728130480995,0.03468467030235555,-0.009170030180130913,0.04809408193399315,1
2025-12-16,3105.763916015625,3120.202023295087,3092.197820262168,3120.202023295087,1734623,58.399772923539224,35.68528558890375,36.33515131895148,-0.6498657300477291,3156.872953538168,3078.4717407226562,3000.0705279071444,3078.4717407226562,2993.7794580078125,3076.0816327095863,3028.3200243002334,3097.31721615072,3061.6319305618163,3078.098308229651,-0.007770323156119918,0.00768109755783866,0.009016848604785655,-0.007770323156119918,0.0041355084693386335,-0.0009973371099165629,0.02213220135986904,2896893.35,0.5987873181454885,0,21.541646623722954,17.755691084953924,45.28026669834919,0.014579429706440501,0.00964938088456803,0.025573219175634147,-0.016189766986112304,0.03523030112969128,1
2025-12-17,3118.0703125,3136.5782015286727,3101.306446555184,3101.306446555184,1376350,67.08760894254027,34.697448758329756,36.00761080682714,-1.3101620484973822,3160.984119845012,3081.868115234375,3002.752110623738,3081.868115234375,2998.44046875,3080.0805545943876,3031.8396434453225,3100.5100002044555,3065.812551446126,3081.6917201433807,0.003962437846905864,0.007226320078022917,0.011312046053640395,0.003962437846905864,-0.0008383446776378811,0.00896777486607192,0.011886858900843178,2808158.2,0.49012552070606275,0,22.129453902118257,18.146198220715632,43.992865164738724,0.014109003568128718,0.012334014397430322,0.028441698505098596,-0.013576090773627899,0.038404169784200956,1
2025-12-18,3179.11767578125,3185.900723635208,3121.171019656937,3127.954067510894,2307422,73.90731227107382,38.39796513563306,36.48568167258833,1.91228346304473,3176.8682422222864,3088.4573608398437,3000.046479457401,3088.4573608398437,3004.6062548828127,3089.5126613740886,3037.6152525565353,3112.603488754731,3074.205523619098,3086.477565274465,0.01957857173281763,0.008611605929212748,0.020360902168355302,0.01957857173281763,0.015664741232451984,0.0278517717952671,0.015979262318654985,2788490.95,0.827480541043176,0,28.226151186737752,20.812809090123665,47.294401648429975,0.014876581011367454,0.02900296073469037,0.046583392385070026,0.0007080663683395467,0.05968947399649507,0
2025-12-19,3180.280517578125,3215.067769256,3177.179742937931,3196.753634213965,3902511,75.03376454039903,40.95240876391972,37.379027090854606,3.5733816730651142,3190.5081094976263,3094.82373046875,2999.1393514398737,3094.82373046875,3009.762314453125,3098.157219107806,3043.2099688318917,3123.0153393429455,3082.0629305790258,3096.2427607066393,0.0003657750091270451,0.00855525297425173,0.011913422765272729,0.0003657750091270451,0.023993002551880194,0.01909643717593945,0.013526073822975881,2774764.65,1.4064295507008135,0,31.213564801393204,22.333639876417237,47.79965589931707,0.01503001248950136,0.026507143654242407,0.04504143655879471,-0.0032056310683102104,0.06039771578179126,0
2025-12-22,3221.8505859375,3225.436100324642,3189.0013503402283,3207.412479375921,2632816,78.03798371059916,45.803190179262856,39.063859708536256,6.7393304707266,3211.7603256274847,3103.7240478515623,2995.68777007564,3103.7240478515623,3015.083642578125,3109.937539758253,3050.2154832281904,3138.2207618959537,3092.417571716691,3107.847011930889,0.013071195490337306,0.008893883712461538,0.011308640488619069,0.013071195490337306,0.033283493647162654,0.029317054409343735,0.027313362297840094,2571217.25,1.023957038247157,0,36.980357922986514,25.056434100013576,49.391579131468625,0.01533018922325244,0.03598562503218196,0.05626982869015534,0.0031416604251265127,0.07549612416922526,0
2025-12-23,3207.41259765625,3217.005670614833,3191.423985009323,3217.005670614833,2365420,71.10399251347485,47.92993791894196,40.8370753506174,7.092862568324563,3223.3650622196933,3112.968371582031,3002.571680944369,3112.968371582031,3020.761103515625,3119.2208786056813,3056.3800759508595,3148.86565970523,3100.935721786288,3116.4799300427353,-0.004481271833109757,0.008689111406633272,0.007975801312311091,-0.004481271833109757,0.008900243640099559,0.0327290432851155,0.03169906428575864,2552592.25,0.9266736589049818,0,43.13924589609496,28.060051650626065,46.29076631436231,0.014432432655589219,0.028273637066058368,0.04941549085919995,-0.0049490095771088415,0.06822182398238519,0
2025-12-24,3216.1337890625,3223.98283930865,3193.943626455098,3201.695681385047,1367708,66.76636171710064,49.74569072837494,42.61879842616891,7.126892302206031,3237.5794510725054,3120.5314819335936,3003.4835127946817,3120.5314819335936,3027.0203857421875,3128.4506796015685,3062.644927445434,3159.2146026832716,3109.4689119548966,3122.17358199649,0.0027190737520401687,0.007902778173500569,0.009340162699608407,0.0027190737520401687,0.011273619193717721,0.0314500529925108,0.040699864853345646,2495551.3,0.5480584590667401,0,48.37012500718083,30.805284000111442,43.59139312494137,0.01355397380332496,0.028027646410618376,0.05011644028388619,-0.0066239801475454696,0.0708012131120212,0
2025-12-26,3178.342529296875,3217.102804044398,3170.3967202884214,3210.4167512800277,1176664,57.01818729435971,47.586699236190725,43.61237858817328,3.9743206480174464,3240.6799022295777,3127.4792602539064,3014.278618278235,3127.4792602539064,3033.4293994140626,3133.202284334455,3067.1820883023533,3162.157360623826,3114.5706613876355,3128.056266526218,-0.01175052477423244,0.00870442488437128,0.014695107064596048,-0.01175052477423244,-0.01350405783263997,-0.00024382440772174885,0.027601156445783426,2412572.85,0.48772164537953744,0,43.68962296036625,29.566835745818025,43.52216156360201,0.013693351538554955,0.014407063721392867,0.03624187863461591,-0.019235893335165493,0.05442891377849922,0
2025-12-29,3150.7255859375,3186.094333865139,3142.392032892103,3178.342279524835,2079473,52.31051165404459,43.14982210981407,43.519867292501445,-0.3700451826873774,3238.8238981212935,3133.002587890625,3027.1812776599563,3133.002587890625,3038.888779296875,3134.8711702014116,3070.4583038958885,3160.398626056699,3117.248803946885,3132.351328898638,-0.008689102293038431,0.009076482447472122,0.013870551332077489,-0.008689102293038431,-0.01767375103538993,-0.009293183880248357,0.009625786593557395,2435712.0,0.8537433818119712,0,36.713951093605374,27.24833506399682,43.09305004695242,0.013677182881075967,0.005057437730389982,0.026141791907666013,-0.027200710799650345,0.0408116650262335,0
2025-12-30,3146.171630859375,3166.230026251057,3139.0978332181485,3149.272405605489,2807593,56.39331724509571,38.81862199477064,42.57961823295528,-3.760996238184646,3234.091204120463,3138.496862792969,3042.902521465475,3138.496862792969,3044.239638671875,3135.947404549789,3073.427453972888,3158.209857564803,3119.391235570032,3136.6414107172986,-0.0014453670920915318,0.00871786097414608,0.008623875686495041,-0.0014453670920915318,-0.021753497457429716,-0.023489281411261942,0.005139136456911331,2488709.3,1.1281321607147932,0,26.009864791536074,23.211970744697737,41.203467387693046,0.013096382595134628,0.003260330927346576,0.02366874701807379,-0.027185248563513623,0.03393769884687773,0
2025-12-31,3106.829833984375,3145.3963554042443,3099.3685282687848,3139.58231408187,3362634,52.634855031036885,31.844477173927316,40.43259002114969,-8.588112847222376,3226.740461210998,3141.9126098632814,3057.0847585155648,3141.9126098632814,3048.9683984375,3133.1743025911783,3074.7373512282406,3150.3052385524293,3118.460761378502,3140.331172551509,-0.012504656926251023,0.009271559043749654,0.014815046074290742,-0.012504656926251023,-0.022499996351343587,-0.03135947141486373,0.00034320637291629374,2531240.85,1.32845280211087,0,13.953423985497011,18.357275277381177,41.30037986059593,0.013293415496667219,-0.008408235885573311,0.010437471266713117,-0.03716153457896039,0.016272062895948312,1
2026-01-01,3127.37255859375,3133.865093634826,3099.077606381325,3115.35696849259,1255735,55.20375761076465,27.656239437844306,37.877319904488616,-10.22108046664431,3224.510003358679,3144.2091552734373,3063.9083071881955,3144.2091552734373,3053.0808642578127,3132.6217555438043,3076.80147700728,3146.7771339434016,3119.1208945055573,3144.899567261373,0.006612117723560518,0.0094188600417185,0.011123550712852478,0.006612117723560518,-0.007411952169995573,-0.027598736958832748,0.0029833342937966023,2396422.0,0.5240041194747836,0,4.171075942235802,14.156549561846077,39.95763680196361,0.01277674343344974,-0.0016756561626901727,0.016436251075795463,-0.03012471496870838,0.020713495654116613,0
2026-01-02,3149.950439453125,3153.4389586535176,3119.717473820805,3133.768072786608,1184324,54.496726072795454,25.860770289377797,35.47400998146645,-9.613239692088655,3225.2673568212585,3145.250842285156,3065.2343277490536,3145.250842285156,3057.8096142578124,3134.272106392311,3079.6700637698623,3147.2653347910514,3121.4045645016736,3147.368284467085,0.007219440740225513,0.009314205541380327,0.01070540171373842,0.007219440740225513,0.0012010815165597322,-0.008932986165600898,-0.00917463249326167,2204342.95,0.5372684862852216,0,1.0698220578560722,12.487975467508932,39.784599833486254,0.012630230410988121,0.005002224608654219,0.02282074840096073,-0.023352146980572794,0.027637727705562547,0
2026-01-05,3116.423095703125,3146.365313418677,3092.10092858608,3140.0667687506084,2341703,48.04551728377125,21.484808118478213,32.676169608868804,-11.191361490390591,3225.181349821869,3144.1801025390623,3063.1788552562557,3144.1801025390623,3060.57904296875,3132.5722006123883,3081.1113591397943,3142.5203749313705,3121.0355668128923,3146.2049442246525,-0.01064376865428418,0.009758694783568358,0.01741239336450043,-0.01064376865428418,0.0030877976044303423,-0.010887171636741688,-0.020079179029034,2059227.45,1.1371754975391377,0,-2.2989695890232724,10.653055243905783,41.08583038271344,0.013183649691006953,-0.005155221931071954,0.011460714153865974,-0.03372159339962412,0.017382021410700506,0
2026-01-06,3154.892578125,3162.063134250383,3105.666982384277,3110.512016678168,2912325,56.754617573666685,20.880297230561155,30.316995133207275,-9.43669790264612,3226.1598870404127,3145.115197753906,3064.0705084673996,3145.115197753906,3064.31166015625,3134.6979508516847,3084.004740276469,3144.4237908073133,3123.543493576752,3146.5336295229768,0.012344114146412233,0.010045709009588044,0.017875775630884678,0.012344114146412233,0.008799725333531905,0.002771923559441225,-0.020782468344358818,2077607.45,1.4017686546127854,0,-1.2494536981043893,10.577286303580877,42.407850294777646,0.01344193161720304,0.006442288089615936,0.022985644906037408,-0.02209044542451098,0.02964098554736856,0
2026-01-07,3193.458984375,3198.3040184958663,3123.3027483604965,3142.392135481924,1989442,59.667017710385174,23.245247919736812,28.902645690513186,-5.657397770776374,3231.249031826963,3149.344921875,3067.4408119230375,3149.344921875,3068.39505859375,3140.2942397586667,3088.297063574451,3151.9676667408035,3128.7224188210666,3150.3214211382465,0.01222431676989788,0.010456731439086524,0.02348590368698552,0.01222431676989788,0.01381245380147278,0.027883455168037585,-0.004350426662115825,2040334.9,0.9750565948756746,0,7.119937167488388,13.55971234621029,45.24567280634057,0.014168233576106417,0.016929860884761894,0.03405175040992746,-0.01169518259958943,0.041082511506704285,0
2026-01-08,3104.60107421875,3185.028645932727,3083.379917998496,3185.028645932727,4159336,41.08093607799637,17.744846106259047,26.67108577366236,-8.926239667403312,3230.0263464262234,3150.0571411132814,3070.0879358003394,3150.0571411132814,3071.224560546875,3136.894890659627,3088.936436540894,3144.6804986604875,3126.9356525542285,3149.4957429096066,-0.027824973043654277,0.01182756971173102,0.03274131700151219,-0.027824973043654277,-0.003793458436588737,-0.007281346864934868,-0.034679127846936275,2178959.25,1.9088636008222732,1,4.273135115822697,12.134959533614165,48.26343389500458,0.015545776330425873,-0.010294835359971602,0.005071207517432004,-0.03883103688805724,0.011241742627614135,0
2026-01-09,3108.38037109375,3129.601527505619,3092.101007911548,3092.101007911548,1938673,41.447672193340466,13.534676389360357,24.04380389680196,-10.509127507441605,3228.7520039482542,3150.8275146484375,3072.9030253486208,3150.8275146484375,3074.135458984375,3134.179222129543,3089.6989437782613,3139.09586365022,3125.5611872608597,3150.538740988316,0.001217321254696424,0.01184079054602659,0.012064327758212996,0.001217321254696424,-0.014742881375343964,-0.013197054734166547,-0.02201215179240057,2180174.8,0.8892282398640697,0,-0.09288426276771133,10.028880008399028,48.23575484329045,0.015517970481301704,-0.0082314536621374,0.006046358449617738,-0.03728116396282797,0.011545221392433736,0
2026-01-12,3139.194580078125,3151.2101699835457,3075.9183875911604,3103.728835933978,2228342,39.91011584208284,12.539982582687571,21.743039633979084,-9.203057051291513,3228.602452030353,3151.7529174804686,3074.903382930584,3151.7529174804686,3078.0948193359377,3134.656875267503,3091.6399491233537,3139.1110507929743,3126.5710682102867,3150.154612522212,0.009913268424588617,0.01156741548355177,0.023984426728499122,0.009913268424588617,-0.01699235987134351,0.007306929667668438,-0.003659793766502828,2234264.2,0.9973493734536855,0,2.084674655114668,10.528589983559414,50.38834053228103,0.016051359432146767,0.0014475921898899323,0.015381684716635763,-0.02769243760438907,0.0209083633340919,0
2026-01-13,3166.71435546875,3178.3424375573745,3110.9964621274244,3144.42719813222,5645341,45.18569304648882,13.813068006538288,20.15704530849093,-6.343977301952641,3230.0043605636274,3153.5843505859375,3077.1643406082476,3153.5843505859375,3082.1646484375,3137.7099686200027,3094.58404348984,3143.3577130507856,3129.5446450442473,3151.270780904984,0.008766508315626753,0.0118684587095283,0.02126682986536098,0.008766508315626753,0.020006847825249308,0.003747125155930231,0.006529435459871502,2438421.75,2.3151618459768084,1,3.0120177683179463,10.579303213371077,53.025438710979124,0.01674462321472316,0.009243807470677021,0.02330856456480878,-0.019594402369114285,0.02910147296286474,0
2026-01-14,3093.55419921875,3158.962158011942,3084.348634647856,3158.962158011942,3539511,37.41790461297889,8.816947905492725,17.889025827891288,-9.072077922398563,3231.1766462219525,3152.9738647460936,3074.7710832702346,3152.9738647460936,3085.5697314453123,3133.504657248455,3094.5436574399932,3135.695633999703,3126.8786860942105,3150.093366464103,-0.02310285931652034,0.013203210649958793,0.024119028974158175,-0.02310285931652034,-0.004769741828534069,-0.031284192358525864,-0.004273048565585413,2528666.15,1.3997541747454483,0,-6.789582510211858,6.246593865542309,56.76304642293212,0.01834881264962713,-0.01274944906728988,-0.00031974285412466393,-0.042592053010818004,0.0061087851550035484,0
2026-01-15,3093.55419921875,3093.55419921875,3093.55419921875,3093.55419921875,0,40.5649823113624,4.802130756177576,15.271646813548546,-10.46951605737097,3232.9649138230707,3151.7480590820314,3070.531204340992,3151.7480590820314,3089.49033203125,3129.6998517218162,3094.504855156807,3129.2123363410947,3124.410205584917,3150.972989720592,0.0,0.012954089116675708,0.0,0.0,-0.014538882409206755,-0.003558226881944848,-0.010813665062728184,2459848.65,0.0,0,-7.19503893781075,5.568418615912833,53.42689758321951,0.017270393257280574,-0.011549239293084467,-0.00030720777072713716,-0.043121629315631405,0.007498049472745574,0
2026-01-16,3163.8017578125,3178.7983689605644,3128.579389024886,3176.331813150864,4293470,51.32899136602248,7.205687455718362,13.65845494198251,-6.452767486264149,3231.3973834746776,3150.9822631835937,3070.5671428925098,3150.9822631835937,3094.414716796875,3132.9476523018816,3097.2223807511477,3134.533785798234,3127.3280983425157,3150.9836191640943,0.022707718717677627,0.014324447835125287,0.015872985660896944,0.022707718717677627,-0.0009197538297762708,0.01782966693334531,0.004397313108767342,2559151.05,1.6776930771632257,1,-1.2315698276615876,7.523436972886429,56.39417392384654,0.017824812754019807,0.009848267170359155,0.02149647938589583,-0.020918388437107943,0.03036397205506542,0
2026-01-19,3121.278564453125,3176.9239686725823,3109.9324074221518,3145.35205345596,3387562,47.651277259944784,5.61453625483,12.04967120455201,-6.435134949722009,3228.2505128818443,3148.0321655273438,3067.813818172843,3148.0321655273438,3098.8587890625,3131.836310602,3098.165760504167,3132.4945209759094,3126.8799847210794,3146.914864075046,-0.013440536612122078,0.01479382650246675,0.0214628588468098,-0.013440536612122078,0.008961978180752839,-0.005707201375377724,0.0015580261732415224,2533403.6,1.3371584377633314,0,-2.820564665502843,6.525811380813138,59.24127165366953,0.018979809212911154,-0.0033711040749909867,0.007460157311013906,-0.03313619807442575,0.01742763721956401,0
2026-01-20,3060.798583984375,3117.7266457653604,3049.7484617692403,3109.4391143226594,4499273,45.82343522806919,-0.5206893246245272,9.535599098716704,-10.05628842334123,3221.3233086156856,3139.9795654296877,3058.6358222436897,3139.9795654296877,3101.4459716796873,3125.0708128288934,3096.700381032803,3121.4643768233655,3121.98506614799,3137.582624093196,-0.019376668637503203,0.01532837407071542,0.02220929673445875,-0.019376668637503203,-0.010588343738295314,-0.03344658203903483,-0.02982478541204292,2626726.45,1.7128822074335146,1,-12.63915579110926,2.1163375429628104,61.00748594604771,0.019931885183582253,-0.020566647187856054,-0.011593564966221881,-0.04983191975855837,0.0007071001146840495,1
2026-01-21,3080.826904296875,3096.5141025881594,3040.769942385441,3058.5291438659533,2015150,45.77281570016572,-3.723855445141453,6.8837081899450725,-10.607563635086525,3212.56455568188,3133.650280761719,3054.736005841558,3133.650280761719,3104.01123046875,3120.8571072544155,3096.077891749041,3115.212457973136,3118.9363134182777,3132.008618171162,0.006543495026852808,0.015325778571988602,0.01809389554634542,0.006543495026852808,-0.026226312476985036,-0.00411413348603662,-0.03526961850119659,2609212.95,0.7723210173397307,0,-12.64754999403931,1.5342343090478607,62.504391156706106,0.020288186612993513,-0.012826669591661375,-0.0049259056087734565,-0.041007005182824435,0.008541130364595686,0
2026-01-22,3108.2548828125,3117.7265535020897,3080.530939946936,3107.8603302315137,2269827,46.246359770102316,-4.003034541791294,4.706359643597799,-8.709394185389094,3197.599042589059,3128.2563354492186,3058.913628309378,3128.2563354492186,3105.4816162109373,3119.656895402805,3096.5554208103536,3114.142061794577,3118.145096336368,3128.688609766601,0.008902797647401428,0.01540131240806085,0.01196671925485635,0.008902797647401428,-0.004172547041762287,0.0047520368634441645,0.0011769011561877374,2654318.9,0.8551447981627227,0,-10.04295631901141,2.0505656535465278,62.752543208309035,0.020188995296141057,-0.003654893141328163,0.0037782181851228596,-0.027941014050410194,0.016130319616246315,0
2026-01-23,3120.193115234375,3151.7650297600667,3109.8335807806325,3147.621264153488,2068857,50.35312207294227,-3.2238083469169396,3.120326045494852,-6.3441343924117914,3190.6050778357853,3125.3488647460936,3060.092651656402,3125.3488647460936,3107.696591796875,3119.7079639581925,3097.4823892191384,3115.0729930930074,3118.2968014399244,3127.3277072446185,0.00384081514289214,0.015176993960922163,0.013438735177865587,0.00384081514289214,0.01940491333235128,-0.013783620440326438,0.0038002891314323772,2698928.55,0.7665475249428149,0,-13.239688343689068,0.2600084679907013,61.7283029283463,0.019783487960074404,0.00015551176000683486,0.007331995201742481,-0.022068529599774647,0.01964007970328654,0
2026-01-27,3115.75341796875,3132.5259981161435,3088.127991843631,3132.5259981161435,4279874,46.08438237319929,-2.930728821159846,1.9101150721639124,-4.8408438933237585,3187.8599521405754,3123.6002563476563,3059.3405605547373,3123.6002563476563,3109.816953125,3119.3313405306267,3098.198900150496,3115.1776738431217,3118.1084026642816,3124.9706981644736,-0.0014228918216465658,0.014769731855842561,0.014249525015832798,-0.0014228918216465658,0.011336733531884802,-0.001770154880534669,-0.007467253625543568,2808948.6,1.523656929856246,1,-12.504970071373464,0.033139646328891104,60.871292528803906,0.019536620638127285,-0.0011470158733660012,0.005666039652070598,-0.02261910349085677,0.018439548097837006,1
2026-01-28,3157.290283203125,3162.3219126707263,3128.184923835551,3133.5125881835056,2751234,46.402936564629236,0.645772635906269,1.6572465849123839,-1.0114739490061149,3189.422582560742,3124.1561889648438,3058.8897953689457,3124.1561889648438,3112.84169921875,3122.9464779280074,3100.516209289815,3121.656536821584,3121.0107641856775,3124.884562492388,0.013331242772560037,0.014847514554826816,0.010812116015047729,0.013331242772560037,0.015775862096050197,0.031525007794907633,-0.002975978003620705,2806130.65,0.9804368873559042,0,-2.1243349008859695,3.815828257012072,58.84037999784722,0.018636354189818953,0.010997244274869476,0.01831116823166501,-0.010074644712591915,0.03216869335507095,0
2026-01-29,3102.335205078125,3157.290262390936,3083.786897692938,3157.290262390936,2457641,49.75835901793939,-0.9433651913032008,1.1371242296692672,-2.080489420972468,3189.4793954745637,3123.9314575195312,3058.383519564499,3123.9314575195312,3115.05998046875,3120.983499561352,3100.587542457984,3118.684024245667,3119.62738943697,3124.8891438881146,-0.01740577305082225,0.013591889115419514,0.023692915123318132,-0.01740577305082225,-0.0057233349016311275,0.0069813402211114095,0.00283848456949376,2760881.0,0.890165494275197,0,0.12639230693639547,4.5096507089429,56.22783136453885,0.0181243571850331,-0.005975133955641827,0.0005636553060377531,-0.027322387007761968,0.014370887507229556,0
2026-01-30,3082.109375,3098.980713054142,3050.636219281569,3098.980713054142,3022068,47.29330669049229,-3.7911221255053533,0.15147495863434313,-3.9425970841396962,3189.7909979007477,3121.6682983398437,3053.5455987789396,3121.6682983398437,3115.6993115234377,3117.2812019840803,3099.862908440024,3113.0571551309486,3116.848277256454,3122.4676711173092,-0.006519550190778212,0.013696951471802103,0.015685521793843887,-0.006519550190778212,-0.010798044150324149,-0.00841163572430148,-0.0036995712639009692,2849197.65,1.0606733443009824,0,-2.375693418724495,3.3074876296705042,57.242007521859215,0.01857234788167088,-0.011282853456304885,-0.0057271995454013,-0.03375820640650585,0.009354298240210508,0
2026-02-02,3127.1982421875,3155.218220087344,3092.074390792288,3155.218220087344,2636272,48.799337322754596,-2.3822343396182077,-0.35526690101616704,-2.026967438602041,3187.413387171556,3120.5306884765623,3053.6479897815684,3120.5306884765623,3117.29662109375,3118.2256820034536,3100.934882312474,3115.2327069858025,3117.6149413254207,3122.19793999647,0.014629223593825236,0.01402725286398092,0.020191821689847997,0.014629223593825236,-0.009530970647746773,0.0022450940356615323,-0.011569471928705277,2921795.05,0.9022782073643393,0,-1.4822819547389372,3.452493093335761,57.08608342864198,0.018254705652657893,0.0028774569575995422,0.008469497384427597,-0.018891539210572832,0.02408602846564274,0
2026-02-03,3182.153076171875,3305.1848335937134,3143.674804974814,3305.1848335937134,4366060,51.46475593886647,3.13260449240488,0.34230737766804237,2.7902971147368376,3196.0923603614206,3123.8171875,3051.542014638579,3123.8171875,3119.8806201171874,3124.3140052575886,3104.1199095226466,3125.5281483990443,3122.3955439066394,3128.713940313508,0.017573185237509392,0.014643346506098354,0.050754952622579605,0.017573185237509392,0.025728319416643997,0.02131094772140618,0.019503069162753794,3023012.9,1.4442743529146038,0,4.982664726961957,5.92100937215082,64.98898456980363,0.020422959868412513,0.01851256654003244,0.025138579991656442,-0.004361352119364059,0.04280165926169145,0
2026-02-04,2958.979248046875,3078.2617963038065,2946.0543986420407,3078.2617963038065,10852595,40.0612316652092,-10.385392449655683,-1.8032325877967028,-8.58215986185898,3215.6911020632297,3114.021520996094,3012.351939928958,3114.021520996094,3118.1833203125,3108.5678379041874,3098.4281188765376,3099.9052406525566,3110.2906331022123,3106.8906548366776,-0.07013296431153393,0.02329826851667126,0.04468006923300713,-0.07013296431153393,-0.03994995374008259,-0.06281051704725105,-0.03326561129186012,3420026.4,3.1732488965582255,1,-14.378640023820026,-2.088090413277314,75.96991004901368,0.025674363920990293,-0.0481213850421118,-0.0450063275568986,-0.07983100548794782,-0.01771794695520927,0
2026-02-05,2951.480712890625,2989.1696378838237,2932.5376122480607,2950.000779389259,3521545,39.62238242606701,-21.456237388809768,-5.733833547999316,-15.722403840810452,3220.0490981994044,3101.922607421875,2983.7961166443456,3101.922607421875,3116.762412109375,3093.607159331467,3092.665475504541,3077.0706979199517,3098.5269353087615,3097.5360794222297,-0.002534162806717699,0.023283742628360377,0.01918766583444779,-0.002534162806717699,-0.056190083163374815,-0.0486261097577626,-0.041984244952499306,3496631.55,1.007124985759509,0,-27.376340229885045,-7.922066953442936,80.01505473728245,0.027110139797904085,-0.04594198265029733,-0.0456514821057014,-0.08340505909023505,-0.010830298884517399,0
2026-02-06,2902.248291015625,2945.067603031473,2876.990663463912,2936.7800719556926,4687389,30.289975644945315,-33.81283346063901,-11.349633530527257,-22.463199930111756,3239.842088902122,3091.804968261719,2943.7678476213155,3091.804968261719,3113.5099462890626,3075.382505206149,3085.1981349363487,3050.1749430115938,3083.987776472233,3083.3519637148065,-0.01668058397264016,0.022284595232129247,0.02345662146767532,-0.01668058397264016,-0.08796081723792337,-0.05835648969607865,-0.0662772518869078,3523034.2,1.3304977283501818,0,-41.89869677793149,-14.664773503675406,79.24690328620379,0.02730534928094377,-0.05629680662403271,-0.059299220315552965,-0.1042006951644044,-0.014104222464159313,0
2026-02-09,2908.760009765625,2937.174782066686,2898.203198629792,2919.514338074237,2380318,33.06603979133206,-42.589142466082194,-17.597535317638247,-24.991607148443947,3250.618123569797,3081.8239501953126,2913.0297768208284,3081.8239501953126,3110.8974072265623,3059.5136961165754,3078.2789927727913,3028.418799435291,3071.007941901373,3076.9610514149767,0.00224368079401005,0.022270948937828678,0.01339800578461409,0.00224368079401005,-0.016971811584822083,-0.06985109849290394,-0.06776282674185319,3545116.45,0.6714357718771128,0,-58.71198588687821,-22.655889539682903,77.24547629952261,0.026556153151234607,-0.04927374129499771,-0.055069401897997014,-0.10516711001067901,-0.0014657478235128919,0
2026-02-10,2944.673095703125,2971.3118985519286,2904.122821683444,2910.3385905230825,3547763,40.36982776842397,-46.1149601309894,-23.301020280308478,-22.813939850680924,3249.1863367169776,3072.0978759765626,2895.0094152361476,3072.0978759765626,3108.9856884765627,3048.5764960771994,3073.039545828883,3015.5348450149577,3061.649805145947,3068.841889943245,0.012346527667091323,0.02228609249842328,0.022817159896807312,0.012346527667091323,-0.0023065091219358624,-0.07462871043100106,-0.05490817125610581,3611087.5,0.9824638699560728,0,-75.73750918038922,-31.080363693763502,76.93540302699405,0.026126975907532282,-0.03408259576486719,-0.041771818491562605,-0.09371984535720318,0.017154928825309657,0
2026-02-11,2870.873779296875,2957.893822910036,2865.348597754142,2940.134620504305,3363513,34.014442559152485,-54.2389512327004,-29.488606470786863,-24.75034476191354,3249.8644154135627,3057.3058471679688,2864.747278922375,3057.3058471679688,3105.67744140625,3031.6524278124066,3065.111476553118,2993.279296442945,3047.5182476756454,3053.914010263473,-0.02506197258837939,0.022889920094919514,0.03223590874084333,-0.02506197258837939,-0.010810416123208655,-0.029775629149192406,-0.09071592353417546,3496996.1,0.9618292110763291,0,-76.91541009178081,-33.31664232341973,79.56405052364946,0.027714228015672644,-0.053033338202145744,-0.063370516453344,-0.11661736850288233,0.002138583190069318,0
2026-02-12,2713.31005859375,2841.472197833708,2703.3450771056805,2831.4086986412967,10612156,24.90285038400627,-72.55497951682355,-38.1018810799942,-34.45309843682935,3283.6351592179594,3038.2936401367188,2792.952121055478,3038.2936401367188,3099.1733447265624,3001.3341069344397,3051.315342515496,2950.2071060046073,3022.762085521431,3009.7257685430836,-0.054883541672708036,0.02608289146162471,0.05090723792901712,-0.054883541672708036,-0.06719356375764518,-0.08069531108797767,-0.1253975217918395,3850628.35,2.7559543626172074,1,-92.27305239702719,-41.35013298904505,88.87355685479523,0.03275466309989521,-0.09596534010499658,-0.11077363234541841,-0.17368710985542005,-0.028515369762812378,0
2026-02-13,2656.1845703125,2676.706362809734,2550.418705441637,2550.418705441637,11168735,22.11551750597353,-90.63532576167154,-48.608570016329665,-42.02675574534187,3313.5351655793625,3016.425158691406,2719.3151518034497,3016.425158691406,3090.668203125,2968.4627224942546,3035.8200181153784,2904.9728697442833,2995.608195505955,2961.3485728176925,-0.021053800357360153,0.025963927519040576,0.04754475979552851,-0.021053800357360153,-0.09796962719277336,-0.08478382827026021,-0.13819263136549131,4409065.1,2.5331299825897333,1,-106.91978271189419,-49.37811682097026,97.40078586940568,0.03666943440528551,-0.1051986099792968,-0.12505202730646534,-0.1983834673298017,-0.023215617891542098,0
2026-02-16,2670.39208984375,2683.4154564010123,2635.2682386101537,2663.880286127823,2918730,23.546676875601804,-102.63459461469574,-59.41377493600288,-43.22081967869286,3317.863975556397,2991.754675292969,2665.645375029541,2991.754675292969,3081.4937109375,2940.075043194207,3021.4895111243345,2868.8835189903552,2971.518113605051,2941.6380163001745,0.005348844989931711,0.02622013367801226,0.01803001812878938,0.005348844989931711,-0.06983298635380142,-0.08194829381647117,-0.14607521396667533,4340328.1,0.6724675952493085,0,-119.43865292236842,-56.789481648456785,97.6685866921447,0.03657462402753728,-0.09172655438667421,-0.11620011255638506,-0.1951472062998205,0.0017807000355988822,0
2026-02-17,2681.04736328125,2723.0775699498763,2659.144396219614,2679.666188399951,4209118,20.635116570409053,-110.01611284795172,-69.53424251839266,-40.48187032955906,3317.7364545572163,2969.743115234375,2621.749775911534,2969.743115234375,3072.357900390625,2915.405740345354,3008.1388386599,2839.985648881262,2950.0017617292137,2921.9276404274756,0.003990153160663201,0.025676751906743258,0.023846342517431875,0.003990153160663201,-0.011890530243794162,-0.08952631543601852,-0.15747379239639037,4381405.9,0.960677484822851,0,-133.17075573184547,-64.90070716898299,98.90892090845084,0.03689189615337467,-0.0803861959318027,-0.10873549823397331,-0.1919046615054114,0.022617561719481528,0
2026-02-18,2658.848388671875,2693.478928386682,2621.751534036431,2693.478928386682,2950820,21.503749254855208,-116.31646712662996,-78.89068744004013,-37.425779686589834,3321.131445576182,2949.64560546875,2578.159765361318,2949.64560546875,3062.8110546875,2890.9717068526415,2994.441173954487,2812.118378079818,2928.434845206448,2904.8231421712576,-0.008279963611760421,0.02562549352721535,0.026976865117939126,-0.008279963611760421,0.0010028739678513698,-0.07385395768842495,-0.1014305387822867,4303983.25,0.6856021105565409,0,-140.68072095976504,-70.67030259863077,98.78206439702684,0.03715219898129265,-0.08029249045590826,-0.11207192453856929,-0.19941488849725664,0.03129698337342907,0
2026-02-19,2642.075927734375,2711.9288391622777,2630.9272877397234,2671.7733571903564,3238849,21.599606700586648,-121.26507243825381,-87.36556443968287,-33.89950799857094,3317.9235617897402,2927.708056640625,2537.4925514915094,2927.708056640625,3053.475283203125,2867.2673469366164,2980.6229290046786,2785.958001103596,2907.2230735418498,2891.9264470643316,-0.006308167479183724,0.025628172710132627,0.030658298110309973,-0.006308167479183724,-0.010603746999202635,-0.026253590382624425,-0.10483035982749989,4365168.2,0.7419757616670991,0,-134.06675999782328,-70.69241351081746,100.87510479888387,0.038180244458525456,-0.07853868926552507,-0.11358263334012357,-0.20369596269143778,0.0412152446246168,0
2026-02-20,2650.264892578125,2666.445643546316,2612.0826560359187,2631.3217917460984,2293482,17.67851428832371,-123.10699595767983,-94.51385074328228,-28.593145214397552,3304.0614063006205,2904.808557128906,2505.5557079571918,2904.808557128906,3044.673447265625,2846.600446521522,2967.6677118899115,2765.0821382535237,2888.1891342112035,2879.9223189954605,0.003099443417877934,0.02492981379595462,0.020512284512630076,0.003099443417877934,-0.011481509474510432,-0.0022286394554571487,-0.08682351514084963,4366350.95,0.5252628628030919,0,-121.86227597273273,-68.15230622546687,99.53611497195912,0.037557043920667256,-0.06897193955804873,-0.10695362490892002,-0.19787662313894955,0.05775532516054743,0
2026-02-23,2640.497314453125,2667.8267040377664,2624.612599044486,2650.0675026055624,4699596,10.897429118701012,-123.92634972267024,-100.39635053915987,-23.52999918351037,3283.2187028474214,2880.823767089844,2478.4288313322663,2880.823767089844,3035.623935546875,2826.9715768007222,2954.837500225724,2745.915242284231,2869.8415920069015,2861.9251305334255,-0.0036855101361201736,0.023639931937012408,0.016365896210816754,-0.0036855101361201736,-0.006901888162158976,-0.011194901117451361,-0.09222579188790325,4497887.9,1.044845070505203,0,-113.10346639348472,-66.65201089861057,89.90950879960675,0.03405021785383939,-0.0659625529587495,-0.10638154746194539,-0.19575954164639914,0.06539162273775666,0
2026-02-24,2539.269775390625,2612.0825495938816,2527.035755172012,2605.669504618486,7798833,13.226127454293888,-131.23115878315912,-106.56331218795972,-24.667846595199393,3265.960813608579,2851.9995849609377,2438.0383563132964,2851.9995849609377,3023.9956005859376,2799.571405237856,2938.540726702779,2714.123631992907,2845.3547907760662,2825.2344518677082,-0.03833654308543211,0.01874669078155182,0.03349261872295014,-0.03833654308543211,-0.038911127142325586,-0.052881418594973195,-0.137673455469154,4673835.85,1.6686150841176848,1,-115.83433510749774,-69.59811195712109,81.1497146389838,0.03195789412588122,-0.09297910007232538,-0.135873887227066,-0.22250451848349914,0.041521667948820416,0
2026-02-25,2594.126220703125,2618.693021130356,2560.2850255622,2561.2716479227247,3621285,21.088783651179654,-131.08277527248038,-111.46720480486385,-19.61557046761652,3226.8346801757525,2823.8413818359377,2420.848083496123,2823.8413818359377,3013.2764111328124,2780.0051971869293,2925.0342754871062,2695.662491794479,2826.7452670669595,2806.796198091184,0.021603236428103134,0.02057610097878035,0.022515479432733507,0.021603236428103134,-0.021182287111077946,-0.0243421807142149,-0.09639837201812829,4717338.4,0.7676542772509175,0,-110.96650966571224,-69.40689846738087,82.77765893212437,0.03190964968145918,-0.0668628161817446,-0.11312963323442597,-0.19607712268611371,0.0715774518807304,0
2026-02-26,2612.27978515625,2635.26813265383,2599.749730266882,2614.549064594777,3464267,25.298353280399056,-128.02455199266842,-114.77867424242478,-13.245877750243636,3190.452775565553,2799.3386108398436,2408.224446114134,2799.3386108398436,3003.406728515625,2764.031348422103,2912.769393513347,2682.8343830809054,2810.858935073574,2791.9258967214614,0.006997949563226857,0.02086518237223959,0.013596706826264925,0.006997949563226857,-0.010686444989897348,-0.011277549696944389,-0.037235063909305643,4767669.7,0.7266164012997796,0,-103.23599851451354,-67.85353549133151,80.3956491124095,0.030776048403866028,-0.054902258381578396,-0.10316285560617283,-0.18121972995096713,0.08473269149450578,0
2026-02-27,2602.11767578125,2652.6329325338243,2590.969035984877,2645.726576120342,5083717,24.039411921548208,-124.98019145871103,-116.81897768568204,-8.16121377302899,3152.0354881815747,2775.3390258789063,2398.642563576238,2775.3390258789063,2993.08767578125,2748.6109986467836,2900.586973210128,2670.416428111728,2795.396619570439,2773.8540813163004,-0.0038901305414312803,0.02071357209567729,0.02369758182839815,-0.0038901305414312803,0.024750383358127737,-0.01816694509734018,-0.020355096982168308,4870752.15,1.0437231958107331,0,-97.98944787473829,-67.08073867978374,82.01652862041331,0.03151914664881133,-0.05329721919095001,-0.10289962003744257,-0.17446434675695072,0.08482927606422623,0
2026-03-02,2578.537353515625,2588.6996112720262,2545.7815416803182,2557.324974292137,3374385,18.341559181777882,-123.05178436687174,-118.06553902191999,-4.9862453449517545,3095.499397585692,2747.9059814453126,2400.3125653049333,2747.9059814453126,2981.0760693359375,2732.4135086342926,2887.957576359363,2656.2811858661735,2779.332970233045,2757.453633734778,-0.009061973824279645,0.019891962925600627,0.016644346661564825,-0.009061973824279645,-0.006009294020888012,-0.023465261865010634,-0.03439747169618812,4907657.8,0.6875754458674768,0,-94.55806816642962,-66.87992386636097,81.24131842273096,0.031506744826467245,-0.056315105540368074,-0.10714154022781783,-0.16700440790693322,0.07425065834626009,0
2026-03-04,2553.181396484375,2599.7499237945026,2545.880246481027,2589.8837001747893,3446434,20.018607214511974,-122.1613219997821,-118.88469561749243,-3.2766263822896775,3007.9029687998122,2716.4573974609375,2425.0118261220628,2716.4573974609375,2968.5340869140623,2715.343783667634,2874.8290987172068,2640.4196798074354,2762.5810018072175,2730.3413976439497,-0.00983346508309424,0.019370432271176304,0.021099040353204826,-0.00983346508309424,-0.02262329977351185,0.005478591218851525,-0.047692543051676584,4861676.5,0.7088982576277957,0,-84.22762157022225,-63.71162798557225,78.47877929112964,0.03073764339627089,-0.05972075733416896,-0.11188411247693157,-0.15117561205668692,0.05285317332545694,0
2026-03-05,2544.3017578125,2574.5910157046947,2512.335049229941,2565.218103403796,2960636,27.828105022304555,-120.77986172588999,-119.26372883917195,-1.5161328867180401,2973.1896214787625,2695.723522949219,2418.2574244196753,2695.723522949219,2954.9831103515626,2699.054066919526,2861.86724221114,2625.63230719283,2746.41216891872,2692.077939851188,-0.0034778722279983354,0.013945636121884767,0.02446878255835469,-0.0034778722279983354,-0.022218794525267427,-0.0192066455722113,-0.043081294648993684,4467078.55,0.6627678396208189,0,-80.95113026740319,-63.16703327596633,70.95929816852673,0.027889497757347385,-0.057335757369116884,-0.11096443598595511,-0.144251769402097,0.05212196688409727,0
2026-03-06,2523.385498046875,2584.161292192951,2519.4390085227947,2537.5927639837228,3998643,30.749439235335714,-119.9896459173815,-119.40891225481387,-0.5807336625676243,2934.2036351714128,2674.3187622070313,2414.43388924265,2674.3187622070313,2941.302568359375,2682.3237270268924,2848.593448322345,2609.9020288626834,2729.891674780065,2674.995773511649,-0.008220825105119678,0.013173683770956826,0.02564898772710389,-0.008220825105119678,-0.021388813853541744,-0.034029389812874844,-0.044923171375047866,4490933.45,0.8903812636101298,0,-81.70762139521048,-64.17594519100203,63.947221776958386,0.025341836127081716,-0.05925393246854125,-0.11416439592915531,-0.1400100975270376,0.04512511578372543,0
2026-03-09,2493.589111328125,2525.7530947438377,2471.4888680989507,2496.1544256648085,3653428,25.478869471880714,-120.38004733366506,-119.60313927058411,-0.7769080630809526,2902.3238372319397,2653.8858032226562,2405.447769213373,2653.8858032226562,2926.8516748046877,2664.349001722248,2834.6717096166894,2592.007733857367,2712.387781191032,2655.3622022074132,-0.011808099373564862,0.013077310355002527,0.021761494866323432,-0.011808099373564862,-0.02334040395183279,-0.04170778495655114,-0.05911702701445398,4439235.4,0.8229858682420851,0,-84.26199692453565,-65.91526359343834,64.38415098081757,0.02581987172157868,-0.06409066165271253,-0.12032525570119243,-0.14083015846144897,0.03664238452517973,0
2026-03-10,2479.480712890625,2511.1511456572443,2456.7883989435327,2507.007379980955,4323710,22.3095802988867,-120.43952128350429,-119.77041567316815,-0.6691056103361461,2861.570908757454,2632.421838378906,2403.272768000358,2632.421838378906,2912.8744384765623,2646.7424980239985,2820.7426509215497,2574.6958844778683,2695.1354057613726,2640.3188194910726,-0.005657868160158008,0.012830290618245794,0.021925053270664303,-0.005657868160158008,-0.025476948527365595,-0.03841582534763144,-0.06097964981109938,4536405.0,0.9531137541731833,0,-85.67101061029416,-67.21492543781324,63.700549051063945,0.025691084717816035,-0.06319533738482211,-0.12098301059808944,-0.13352462967019035,0.031710068829879694,0
2026-03-11,2431.92529296875,2487.2749022159755,2427.189698468648,2474.547570466413,2720664,20.856559302020045,-122.9071822774763,-120.39776899402979,-2.5094132834465057,2800.893294388566,2606.7844482421874,2412.6756020958087,2606.7844482421874,2898.4984326171875,2626.283716590165,2805.4949113939892,2552.73117809185,2675.638360369326,2622.695068798448,-0.019179588562491356,0.013333439937057323,0.02470684602074223,-0.019179588562491356,-0.03624503871838691,-0.047492161615539596,-0.04227376053627929,4495050.05,0.6052577768294259,0,-89.06006707746883,-69.33418732321752,62.868964007997974,0.025851519448301503,-0.07400511315424836,-0.13315640563383543,-0.1317322591899602,0.007978565728529667,0
2026-03-12,2409.726318359375,2439.818299872899,2403.412031703097,2426.893691682012,2752075,20.569848461796326,-125.21074163159301,-121.36036352154244,-3.8503781100505705,2753.8215025076365,2583.7270751953124,2413.6326478829883,2583.7270751953124,2883.7695263671876,2605.659202472947,2789.9745744122397,2530.7304304407,2655.941172072293,2606.003136927005,-0.009128148250917567,0.013355367385872898,0.01510805102323345,-0.009128148250917567,-0.03363135994930755,-0.05289287681380539,-0.07108362764775933,4464478.15,0.6164382280603165,0,-93.39486444657905,-71.89266779890022,59.68358663280138,0.024767786357347017,-0.07519513063243977,-0.13629093954484195,-0.1249518837132064,-0.0016184441021045847,0
2026-03-13,2378.253173828125,2413.179508655849,2364.933772107868,2404.398666093815,2466488,17.465183401099594,-128.0992997590306,-122.70815076904007,-5.391148989990526,2748.9182137869275,2566.974230957031,2385.0302481271347,2566.974230957031,2869.1979931640626,2584.0014854591545,2773.8286371344316,2507.272390961842,2635.3716907208727,2580.1127748471195,-0.01306087927556765,0.013161624669371047,0.020286207153598676,-0.01306087927556765,-0.040826104650149575,-0.057514923633778414,-0.08958711569026168,4057194.75,0.6079294073817876,0,-98.32224156773782,-74.76481118791344,59.246640135485904,0.024911830576944127,-0.07962391383628398,-0.14260991396893394,-0.134840330316038,-0.0028415045487709895,0
2026-03-16,2376.970458984375,2392.5591399058967,2334.4471812699776,2377.759805019881,3807907,17.8270215749113,-129.00491885200609,-123.96750438563328,-5.037414466372809,2748.4816996399354,2553.013525390625,2357.5453511413148,2553.013525390625,2854.189951171875,2564.2842448425085,2758.265571324626,2487.2259398883853,2616.2308587403913,2561.9513616586482,-0.0005393516795713094,0.013260536939872338,0.02444790948758741,-0.0005393516795713094,-0.022597254176870418,-0.04676738914761991,-0.08652460989462274,3689153.35,1.0321899467800655,0,-100.06475687973943,-76.40613829206359,60.31077253853154,0.025372958385145833,-0.07304720068957794,-0.13823727356214585,-0.13516962499849652,0.008239547898264742,0
2026-03-17,2359.70458984375,2387.62605009206,2328.428710007132,2387.62605009206,2993367,22.424240606420085,-129.62164224544676,-125.09833195759599,-4.5233102878507765,2742.8037278268994,2537.479150390625,2332.1545729543504,2537.479150390625,2838.3850341796874,2544.8004681759603,2742.6357289136113,2467.6072706507493,2597.228912896196,2549.714950415712,-0.007263813092570959,0.009844556685853113,0.025086758884868585,-0.007263813092570959,-0.02075826127411906,-0.048306938797373355,-0.08486701322108614,3692885.2,0.8105767815365611,0,-101.94202984803815,-78.10692200793846,56.43475688166119,0.023916026236740957,-0.07273492780551148,-0.1396215819085623,-0.1396742807720608,0.011813117882019058,0
2026-03-18,2408.14794921875,2449.684606821956,2377.759931791064,2377.759931791064,3082388,20.865520461949515,-124.76323284862156,-125.0313121358011,0.2680792871795461,2725.22010837915,2523.8341796875,2322.4482509958502,2523.8341796875,2824.21953125,2531.7859425609877,2729.51856108244,2458.459682738134,2583.2229155867553,2535.8839443035586,0.020529416937824285,0.009621485282359968,0.029867216029740143,0.020529416937824285,0.012570055921550694,-0.009777168656761703,-0.056804991398311966,3636548.7,0.8476135628267538,0,-94.49777402917744,-75.97635031154914,57.18881197012369,0.023748047535317274,-0.04883429963955548,-0.11773893625264258,-0.11634735784662242,0.0369005846249329,0
2026-03-19,2324.482177734375,2391.5724952581177,2318.7597201236085,2384.6661390424383,2757060,12.593016163948349,-126.20917611369623,-125.26688493138013,-0.9422911823160973,2716.659098802038,2507.115869140625,2297.572639479212,2507.115869140625,2807.6113232421876,2512.042726863215,2713.6347813433003,2437.8477588914016,2564.056935005098,2523.65754253063,-0.03474278709143175,0.011761237970392633,0.03132429916304123,-0.03474278709143175,-0.022082008235149497,-0.03537502992582042,-0.08639681963947465,3626860.7,0.7601780790753833,0,-93.61647560973188,-76.33979306893934,60.634977480440575,0.02608536992077102,-0.07466455372080666,-0.14340640320665682,-0.1443600049931185,0.011712159952106118,0
2026-03-20,2358.619384765625,2375.5892402804725,2332.5724113216997,2354.0808258010857,4206320,20.207674555177263,-123.18056043439628,-124.84962003198336,1.6690595975870792,2702.3956328238505,2492.9430419921873,2283.490451160524,2492.9430419921873,2790.91453125,2497.430979996778,2699.7126089284898,2425.6587782566667,2548.839338691063,2507.959934274679,0.014685940532580322,0.013243899958096652,0.018238139327023003,0.014685940532580322,-0.0004598902264273397,-0.008255550451298999,-0.06529565673131621,3675234.25,1.1445039183556802,0,-86.57050546237633,-74.1160282059418,59.88091790880844,0.02538812251590088,-0.055581754347954905,-0.1263442719920636,-0.12721166504365566,0.032900918664634037,0
2026-03-23,2351.910400390625,2374.602714385491,2316.589272171523,2333.361852080772,3860515,21.077865655012204,-119.93913595848471,-123.86752321728363,3.928387258798921,2682.7452098437884,2478.0253173828123,2273.305424921836,2478.0253173828123,2775.8607177734375,2483.5718771771444,2686.073306632887,2414.312873969583,2534.2520099280678,2495.5952689926357,-0.0028444540133661933,0.013270456179122082,0.02466651884541703,-0.0028444540133661933,-0.023353028972480483,-0.01054285655887266,-0.056817183831076146,3753585.9,1.0284871860798497,0,-80.71236766536413,-72.19226469173873,60.00072563116815,0.02551148446012345,-0.05301295202946465,-0.12440572839806456,-0.12331950430448345,0.03457739316814039,0
2026-03-24,2366.709716796875,2402.819949907421,2347.2733048784758,2371.9388633725343,3420182,25.543507496522622,-114.85215836849966,-122.06445024752685,7.212291879027191,2659.7139214582908,2464.3359375,2268.9579535417092,2464.3359375,2761.0273046875,2472.4421476171187,2673.549244286377,2406.989311327628,2521.8414696961277,2480.407880351944,0.006292466075149772,0.01365021846142383,0.02346998646886122,0.006292466075149772,0.018166428405856028,0.0029686457293320867,-0.045481699255599195,3689615.2,0.9269752574740043,0,-72.35832055884157,-69.08648462723431,60.12050903941596,0.025402569910763523,-0.04276437000645138,-0.11476860886151491,-0.11016380457217177,0.04308222772598366,1
2026-03-25,2345.595947265625,2389.204849113034,2338.097761710688,2368.781573169959,5843778,24.749276355998717,-111.24206741737453,-119.89997368149639,8.657906264121863,2653.558874047639,2454.65224609375,2255.7456181398607,2454.65224609375,2745.15533203125,2460.361557107453,2660.68833067772,2397.5441783950123,2508.786245812387,2461.8380532938736,-0.008921148792098377,0.013671357954573152,0.021788529888075666,-0.008921148792098377,-0.005521635912991596,-0.025975149065661896,-0.03549835430912407,3591862.45,1.6269492725145975,1,-71.4243854535348,-68.83023040472017,59.324160534244,0.02529172196234439,-0.04664583118293929,-0.11842513825429371,-0.11605656456088312,0.03983176489548364,1
2026-03-27,2357.830078125,2389.69802736586,2353.094242794772,2371.7413083689694,4979411,28.487195707305432,-106.16999065016307,-117.15397707522973,10.98398642506666,2634.8122294293057,2442.837438964844,2250.862648500382,2442.837438964844,2728.977646484375,2450.596654347219,2648.8115364599666,2391.4343168150103,2497.6043074651734,2448.9858402364225,0.005215787857084653,0.013949898967677352,0.01552435220446257,0.005215787857084653,0.002516965669011828,0.014346378178355712,-0.021536155304851312,3659768.75,1.3605807744000218,0,-61.44607251599609,-64.8232448833337,57.8512888506782,0.0245358176517465,-0.03785468981917382,-0.10985359068763798,-0.1051240571189771,0.047522859600466594,1
2026-03-30,2327.34326171875,2365.920290240564,2314.8132066050703,2343.3267357786763,6804756,28.436171742243502,-103.41822365811504,-114.4068263918068,10.988602733691764,2609.5976065522204,2428.590612792969,2247.5836190337172,2428.590612792969,2713.653427734375,2438.8582360016508,2636.2049374505073,2381.5741544925086,2484.9923781506236,2431.393596633669,-0.012930031171073164,0.013996742771158761,0.021959409458899973,-0.012930031171073164,-0.016633410848291064,-0.013260351902849687,-0.021406430850012703,3826793.2,1.7781875435547443,1,-58.57274399512744,-63.50767147798251,57.625778635721545,0.02476032632726671,-0.04572425434031061,-0.11716148139471266,-0.10816010258623077,0.0354868410721569,1
2026-04-01,2375.98388671875,2438.9304406017563,2365.8216283746565,2396.5056797013217,4132661,37.67912831437881,-96.20356178505062,-110.76617347045557,14.562611685404946,2579.975609481056,2417.2839233398436,2254.592237198631,2417.2839233398436,2699.302021484375,2432.8702027366126,2626.0001903629877,2380.7141132965457,2476.9176750815964,2416.960817618771,0.020899635133357464,0.01558470163366562,0.030769910787595296,0.020899635133357464,0.01295531717154863,0.01023571575010962,-0.0004150544916938781,3779240.4,1.0935163055517718,0,-50.70167444053186,-60.0731162698994,61.71323807638545,0.025973761194825213,-0.023382388404393304,-0.09520802952024096,-0.07906730668796418,0.0538419531111976,1
2026-04-02,2417.915283203125,2436.858383664294,2343.91860884341,2354.080866963729,5378361,48.30952996773127,-86.1097573297925,-105.83489024232296,19.725132912530455,2553.207150967435,2409.252819824219,2265.2984886810027,2409.252819824219,2684.3842919921876,2431.4459246858046,2617.839997925346,2386.4373702052503,2472.547127535043,2409.055368378373,0.017648013826508935,0.01573783561141164,0.0384379781485819,0.017648013826508935,0.025483263461422156,0.02163576126080735,0.024668635900407132,3879439.2,1.3863758968048783,0,-40.99622293131415,-55.70924636103109,64.05999315306806,0.026493894801890995,-0.005564853960068241,-0.07637010469725515,-0.05298898983306025,0.06737160479499779,1
2026-04-06,2440.804931640625,2448.7966690134326,2415.4487854587173,2440.903690225315,2572417,53.74375491871836,-75.39424333900888,-99.74676086166015,24.35251752265127,2531.84616613239,2403.633996582031,2275.4218270316724,2403.633996582031,2670.7748193359375,2432.3372586815017,2610.8974463063373,2394.8016104260773,2470.195853765086,2402.86297473544,0.009466687520655048,0.015719853705593027,0.01366265821673016,0.009466687520655048,0.048751583742779436,0.040590530728870755,0.013561036576872132,3835738.35,0.6706445448762166,0,-28.0242984259512,-49.79088437138262,63.841537109133306,0.02615593580689024,0.003481290651162987,-0.0651471450578589,-0.03595843843500104,0.07268239349918595,0
2026-04-07,2505.823486328125,2509.868493428073,2415.251506653692,2428.0775971710527,4516550,64.21813946907278,-60.953038632252174,-91.98801641577856,31.034977783526386,2521.9409625643866,2401.7100830078125,2281.4792034512384,2401.7100830078125,2659.6753173828124,2439.335947028799,2606.776898856211,2411.881899026392,2472.8349376586443,2401.8110506648345,0.02663816097904914,0.016541426353320295,0.03775883947557169,0.02663816097904914,0.05464666672831875,0.06276678271947933,0.07801363689976726,3913534.05,1.1540847587617131,0,-11.260707318419918,-42.03463760375553,67.1537692681619,0.02679908207204362,0.027256409425815285,-0.03872729291577732,-0.006390901482433145,0.0983328195749129,0
2026-04-08,2524.9638671875,2545.781695099603,2506.119524847839,2537.592681428627,4769337,65.86292350649113,-47.41721494863532,-83.07385612234992,35.656641173714604,2522.3577588932812,2401.7890014648438,2281.2202440364063,2401.7890014648438,2648.558056640625,2447.4909870439133,2603.5685446731245,2429.2791248973317,2476.696339845967,2402.173078489359,0.007638359590691701,0.016518238666711472,0.015708014980801648,0.007638359590691701,0.044273091256763486,0.08491253040293101,0.07052620846597701,3952068.75,1.2067950487956465,0,8.632751042262498,-32.63639277738275,65.85707284927324,0.02608238228875328,0.031654000179652836,-0.03019113041845927,0.0010332032738140295,0.10684791343066996,0
2026-04-09,2554.365234375,2570.1511917909907,2497.2398973257214,2519.8334525275204,5628261,70.33598382364343,-33.92644955251217,-73.24437480838237,39.31792525587021,2537.5859809952603,2404.8278076171873,2272.0696342391143,2404.8278076171873,2637.480263671875,2457.6694867897313,2601.639003092806,2448.52314174005,2482.449591292562,2407.5150131798787,0.011644272446658555,0.016257667939913185,0.02854380160052138,0.011644272446658555,0.0465257592945143,0.07507683391851439,0.08608101480003216,4050810.4,1.3894160536370699,0,24.799284053118754,-24.361187270181745,66.83664101929763,0.026165655607840736,0.03934448798140675,-0.018170764145835502,0.0066122895954677,0.12424601600312427,0
2026-04-10,2490.53076171875,2531.4755878535475,2467.641172150841,2531.4755878535475,10480239,58.338300137291355,-28.06234400331323,-64.20796864736855,36.14562464405532,2539.5312970614614,2405.3803100585938,2271.229323055726,2405.3803100585938,2624.8870166015627,2460.7991320210663,2597.281817156568,2454.9858525060035,2483.0481965093168,2414.5011523675853,-0.024990346641587058,0.017583364815530973,0.025630848124378644,-0.024990346641587058,-0.006102873842795731,0.03003226747441201,0.05231779970441641,4358636.85,2.4044762985932175,1,29.353207335261686,-20.558180768777675,66.60407282257997,0.02674292317377986,0.012082103456069167,-0.041101067559424984,-0.019295109849368976,0.09655627304422715,1
2026-04-13,2439.5224609375,2471.390169384871,2436.9571465386757,2456.5908344868626,3739587,62.46792427668549,-27.217198760669362,-56.809814670028715,29.592615909359353,2540.270179230354,2405.7601684570313,2271.2501576837085,2405.7601684570313,2611.3623974609377,2458.77278239406,2591.0951757362127,2452.606869187772,2479.8240679484416,2414.9183025780644,-0.02048089570515821,0.015552421799630926,0.014114657027163795,-0.02048089570515821,-0.03383866492520193,-0.0005254294132644999,0.04004377385686131,4409583.0,0.8480591021872136,0,26.43552371255828,-19.80227057012462,64.04588611436088,0.026253452116094998,-0.007829239689979115,-0.058497548148012765,-0.039660237370254266,0.07408796546893841,1
2026-04-15,2520.72119140625,2524.7664391435346,2460.0439205944767,2468.430210056267,5261384,65.94214555762417,-19.767488817949015,-49.40134949961278,29.633860681663762,2555.331688680608,2411.309912109375,2267.2881355381423,2411.309912109375,2598.631015625,2464.6726308714115,2588.3354116448418,2463.0859956829227,2482.8534845008717,2419.877728643818,0.033284682460986925,0.01727414359413351,0.025676190913026264,0.033284682460986925,-0.013171195143118153,0.005945233237459657,0.0690851791197713,4535048.45,1.1601604829602206,0,25.336683842612274,-18.44148721136935,66.48423723292782,0.026375085614223706,0.02274077288512835,-0.026122665530285395,-0.0135444245565742,0.11177805409719359,0
2026-04-16,2542.427001953125,2559.298340252972,2523.779936147688,2537.592648855298,3905403,68.19978916533728,-11.974033305606099,-41.91588626081145,29.94185295520535,2573.945955615144,2419.518603515625,2265.0912514161055,2419.518603515625,2587.4328515625,2472.07780906967,2586.5350818530096,2475.292304339877,2487.266337645483,2425.9684103621016,0.008610952540437866,0.017150091462946777,0.013970274890094482,0.008610952540437866,0.020837421899001507,0.006916191947363037,0.0924159937092972,4606994.2,0.8477117249246808,0,24.586822025756646,-17.03346282011489,65.09593056383885,0.02560385431472814,0.028457515627281153,-0.017052960236010144,-0.012245382850117566,0.12243910719430523,0
2026-04-17,2546.965576171875,2554.365243737743,2521.707947863873,2535.619419237544,2718206,67.56391566975857,-5.369541917453262,-34.60661739213981,29.23707547468655,2591.058265924248,2428.018359375,2264.9784528257514,2428.018359375,2576.7299755859376,2479.2099773651184,2584.983336532181,2486.3189615447995,2491.688503462253,2431.8276239784173,0.0017851345251067574,0.017180706443658534,0.012822040540867694,0.0017851345251067574,0.04404268333446093,-0.0028968677241395513,0.07196247853736581,4552509.15,0.5970786461791076,0,21.54049057538714,-16.655666560624923,63.46097705276208,0.024916307329188495,0.027329511991867093,-0.014707158774689751,-0.01701725134175824,0.12449881057116498,0
2026-04-20,2545.091064453125,2559.298329686745,2526.937069016173,2552.490731944509,2288558,70.195765950842,-0.28342519013995116,-27.74197895173984,27.458553761599887,2604.987535771117,2437.2876831054687,2269.58783043982,2437.2876831054687,2565.08783203125,2485.4843666115953,2583.418933705552,2495.360823530696,2495.644248720836,2437.0900615707487,-0.0007359784271475656,0.016790959761203865,0.012715168082807106,-0.0007359784271475656,0.009667817738017837,0.021907098508079592,0.05259728582447454,4517268.7,0.5066242794014002,0,24.685234590529035,-13.862883451016387,62.12198942906392,0.024408552722027,0.023981924264842656,-0.014836102945738986,-0.022992997277532776,0.12138910436434416,0
2026-04-21,2575.57763671875,2579.030814933082,2525.7532081976638,2525.7532081976638,2719959,71.25794288274804,6.136631289088655,-20.96625690357414,27.102888192662796,2623.6353604129063,2445.6591674804686,2267.682974548031,2445.6591674804686,2552.9563232421874,2494.0646780503716,2583.111431862932,2507.701871713474,2501.565240424385,2441.67308451417,0.011978578170119825,0.016864457607748292,0.020685692396092303,0.011978578170119825,0.013038972108209368,0.055771233083447225,0.05521649982390664,4499147.25,0.6045498955385379,0,35.29189565631168,-7.983743873280673,62.77738418871987,0.024374098956961507,0.03268277658785402,-0.0029165583223595866,-0.01831722670737025,0.13577500277881005,0
2026-04-22,2504.540771484375,2545.485597963241,2470.107748698972,2545.485597963241,5232045,66.03000243387136,5.429898468772535,-15.687025829104808,21.116924297877343,2624.8761237579806,2454.6620971679686,2284.4480705779565,2454.6620971679686,2543.8675537109375,2495.0624012345625,2580.0302294951457,2507.215548601305,2501.7856501325323,2448.2380954485657,-0.02758094503603281,0.018532395101116466,0.030096475219125566,-0.02758094503603281,-0.01665699964082945,-0.0064189645316736765,-0.0005118935354978538,4622896.5,1.1317677131642467,0,30.389770363151,-8.305182149696066,66.66044164474017,0.026615834089709106,0.0037988509806899514,-0.029259137023965143,-0.04584420239280625,0.09634392820789132,0
2026-04-23,2488.064208984375,2525.259822187249,2482.637786236952,2495.167841496993,2509050,60.76573806867189,3.4999415757174575,-11.849632348140355,15.349573923857813,2625.7228657467367,2461.1343383789062,2296.545811011076,2461.1343383789062,2534.5992236328125,2494.3959067345445,2576.42371888688,2504.2691886602383,2500.769247084521,2453.9254487058774,-0.006578676094074809,0.01821869889598223,0.017130601290911016,-0.006578676094074809,-0.022406607081858376,-0.021382243394594158,-0.014613935146813306,4538033.0,0.5528937317115147,0,22.318097664874585,-10.11136296612949,61.73436000668952,0.024812205321618052,-0.0025383692031704895,-0.03429541082655458,-0.052426955852103066,0.08339411173730579,0
2026-04-24,2364.8349609375,2471.4889309127534,2356.8434646078067,2454.716351341689,5107719,45.59016037661224,-7.882271692673839,-11.056160217047053,3.173888524373213,2624.655991920382,2461.78056640625,2298.9051408921177,2461.78056640625,2523.85095703125,2482.056769039588,2568.126120535924,2482.8177690105863,2490.70004070326,2455.2624295659416,-0.049528162336765824,0.022528635325992537,0.04847926734789872,-0.049528162336765824,-0.08182346079450098,-0.07150886409235258,-0.07419858009611302,4600393.2,1.1102787909520428,0,2.8467916744693866,-16.857215996256855,64.46871497495269,0.027261401340834004,-0.04722769018189938,-0.07915933644100033,-0.09899241339920462,0.02867879099169677,1
2026-04-27,2414.85693359375,2426.1043319099444,2364.8349883004043,2364.8349883004043,5853425,47.937268973076954,-12.719776899687986,-11.38888355357524,-1.3308933461127452,2622.5063095079518,2464.1879272460938,2305.8695449842357,2464.1879272460938,2513.9728955078126,2475.656784711413,2562.1155641852506,2472.3622558695342,2485.082032769222,2454.9626877605588,0.021152415911687816,0.023167500091313815,0.025371831663070856,0.021152415911687816,-0.03580849587745849,-0.051170715530903355,-0.030384618928688267,4722055.35,1.2395926278161904,0,-9.827581900182395,-21.303369520301203,66.46310693336191,0.02752258571047214,-0.02455907922824219,-0.05747540534469555,-0.07917974311877328,0.04726520147099621,0
2026-04-28,2411.99560546875,2453.7297789552117,2394.9269906770533,2411.305018000216,4508363,41.72323148005769,-16.593144454759567,-12.429735733812107,-4.16340872094746,2617.9437039623954,2467.50791015625,2317.072116350105,2467.50791015625,2503.319345703125,2469.593815259731,2556.228506980682,2463.075078884798,2479.6682233395577,2459.3891608731465,-0.0011848851520747106,0.021813155817825444,0.024379309873050394,-0.0011848851520747106,-0.030573408532200252,-0.06351275493228825,-0.011283706507941527,4655284.6,0.9684398242805607,0,-24.470862790640695,-26.88292488224988,63.90494989791744,0.026494637781687865,-0.02332294867078101,-0.056424103368714264,-0.07866788662488505,0.040966998156350194,0
2026-04-29,2441.59423828125,2454.617604896496,2414.856917592864,2418.211337173827,2835961,42.77901129620936,-17.07759397349355,-13.359307381748398,-3.7182865917451515,2613.7030698845897,2471.6961181640627,2329.6891664435357,2471.6961181640627,2494.7337548828127,2466.927188880828,2551.7330454630574,2459.77033417656,2476.8479281500536,2463.756254700147,0.01227142899654976,0.02201301172508944,0.016284723595850616,0.01227142899654976,0.03245861914749426,-0.025132964062636654,-0.031390600989416484,4548112.1,0.6235468558481662,0,-28.13521235373446,-28.297184032088353,64.09522065907943,0.02625138102561996,-0.010269030522571203,-0.04316235484649637,-0.06584865495487952,0.04803433584599045,0
2026-04-30,2440.804931640625,2457.6762701500647,2405.3852856787867,2445.8368019678887,3970446,39.65113924839197,-17.32549661650046,-14.15254522869881,-3.1729513878016498,2603.244008984004,2477.3692016601562,2351.4943943363087,2477.3692016601562,2489.28365234375,2464.4393548579515,2547.382923352374,2456.8525799402623,2474.178076556763,2472.306332705621,-0.00032327510781671176,0.02166499865128161,0.02142366388785108,-0.00032327510781671176,0.010745149199484771,-0.01899439619488008,-0.0399704967869019,4406396.6,0.901064148424588,0,-29.95655187659304,-29.040795534506287,62.622341373794335,0.025656430205465767,-0.009590182517876862,-0.04183822963352971,-0.06239871359841357,0.03798033179216807,0
2026-05-01,2440.804931640625,2440.804931640625,2440.804931640625,2440.804931640625,0,44.871790352640105,-17.322280777072592,-14.786492338373566,-2.5357884386990257,2598.5835730820445,2480.61025390625,2362.6369347304553,2480.61025390625,2484.9760595703124,2462.188457408682,2543.203394265639,2454.3837109710876,2471.70599174816,2476.1798223940164,0.0,0.020724932491041962,0.0,0.0,0.011944186841201132,0.032124850976073205,-0.041681224718714494,4199763.55,0.0,0,-19.868311630905737,-24.92272627028524,56.427765500640135,0.023118506837296226,-0.008684764037340214,-0.040263575794173535,-0.060717170336871816,0.03308506514949898,0
2026-05-04,2398.77490234375,2464.8785979918853,2392.559133533261,2460.6360738276094,2632358,45.718428340842884,-20.475179185510115,-15.924229707800876,-4.5509494777092385,2600.0535687344313,2479.6532348632813,2359.2529009921313,2479.6532348632813,2479.5437158203126,2456.1490712120217,2537.5395318373294,2445.828509643805,2466.303688829315,2479.3904164565656,-0.017219741222262996,0.020509215577483864,0.03014849971456833,-0.017219741222262996,-0.017537449616379486,-0.006659620711388037,-0.05748955868532535,4062463.4,0.6479708838730707,0,-19.50771349939123,-24.576032347921227,57.76675473482227,0.02408177385813926,-0.023359400103495992,-0.0546847163374458,-0.07741327671516135,0.01675191385162589,0
2026-05-05,2394.828369140625,2427.485422911908,2379.9302759850466,2397.492201189252,3385720,34.20796509231316,-23.02688652244933,-17.344761070730566,-5.682125451718765,2602.53849589793,2477.3544067382813,2352.170317578633,2477.3544067382813,2473.8193359375,2450.3090043480793,2531.9430156531453,2437.9823341817773,2461.0092207042267,2477.5367861550285,-0.0016452286537053107,0.017986422872375545,0.019857434269465492,-0.0016452286537053107,-0.01883663946430003,-0.007117440964320765,-0.07017814761289709,4103128.55,0.8251557217236102,0,-19.284810911651675,-24.285491327536874,55.074695357738456,0.022997345474699633,-0.022642301484834666,-0.05415392276399628,-0.07981058765689478,0.018135613413362475,0
2026-05-06,2402.81982421875,2437.9436740268407,2374.306536440952,2409.2328690917466,3147628,31.86361978464612,-24.12617777424748,-18.70104441143395,-5.425133362813529,2600.883297813701,2472.2042236328125,2343.525149451924,2472.2042236328125,2468.6987646484376,2445.786225288143,2526.8793610870903,2432.5727172643883,2456.698895038636,2474.7393437636883,0.003336963592506903,0.017767151273139884,0.026484356814635224,0.003336963592506903,-0.015562533051890703,-0.015880777180157124,-0.04061461024063817,4034682.45,0.7801426850829363,0,-21.140963592684784,-24.853684375967077,56.86469455339319,0.023665817128790383,-0.017567521079783353,-0.04909594766525322,-0.07615238782972039,0.025301488563369272,0
2026-05-07,2369.274658203125,2407.0623398832377,2365.9202387848723,2405.582406456141,5829594,28.533946484545964,-27.3884713115267,-20.438529791452503,-6.949941520074198,2598.388261907464,2464.4197631835937,2330.4512644597235,2464.4197631835937,2463.2427392578124,2438.4994093752844,2520.6987845034055,2422.834554331886,2450.2230256434127,2465.0690934445483,-0.013960749648189608,0.017879203751017553,0.01736485086518752,-0.013960749648189608,-0.012298046019991848,-0.029306018072251194,-0.04774376414897252,4087695.3,1.426132226636364,0,-25.9399454826671,-26.68413884896836,57.47075206942856,0.024256686269127952,-0.02838825833051727,-0.060072281238518564,-0.0881752765986357,0.01665917427043989,0
2026-05-08,2362.368408203125,2374.799945898337,2343.326789953136,2365.920344937355,3792199,28.191219048240683,-30.183205891315083,-22.38746501142502,-7.795740879890062,2589.1659447072884,2454.819921875,2320.4738990427118,2454.819921875,2457.4848095703123,2431.2488378350786,2514.4897501386886,2413.5320703120765,2443.7152762033916,2454.772985720558,-0.0029149216516913823,0.01784867568729397,0.013322712848644948,-0.0029149216516913823,-0.013554190920641251,-0.03213551497733891,-0.0010430126309520782,3995892.2,0.9490243505568042,0,-30.939619573603522,-28.713644126950385,57.40731601761633,0.02430074658053937,-0.028331295653508098,-0.06049789700959139,-0.08759482449078923,0.018054290193781707,0
2026-05-11,2360.888427734375,2382.69287712122,2339.281495509073,2339.281495509073,1975188,22.469624346856932,-32.14690571752999,-24.339353152646016,-7.807552564883974,2587.8403503799927,2448.3378051757813,2308.83525997157,2448.3378051757813,2451.8926318359377,2424.5478463969166,2508.466168867931,2405.4330483770455,2437.5799540945754,2446.047181584584,-0.0006264816544324647,0.01722482064387435,0.018387731119427285,-0.0006264816544324647,-0.017450911658766777,-0.015794093298357237,-0.022348531338898026,3570639.65,0.5531748352147493,0,-31.60122481510507,-29.073362969398204,56.70258565166838,0.024017477906011414,-0.02625620226762895,-0.05883186425438534,-0.0876993523237601,0.022545206522636883,0
2026-05-12,2269.52734375,2343.2279819983573,2252.4587296430527,2343.2279819983573,6347884,21.356421614049125,-40.60713415314649,-27.592909352746112,-13.014224800400378,2600.684569420466,2439.8380493164063,2278.991529212347,2439.8380493164063,2446.497783203125,2409.7839890019723,2499.0960188633067,2384.524478434423,2425.1316125875696,2432.364286555591,-0.03869775585797153,0.018502250133271815,0.03999478244017284,-0.03869775585797153,-0.04210035932633238,-0.05232150537601521,-0.05906655111465786,3701054.5,1.7151555050053977,1,-40.52501534610701,-32.84699678983861,56.91400065677869,0.025077468581073882,-0.05820299491244461,-0.0918606861763255,-0.12733463702761175,-0.0041527953662986485,0
2026-05-13,2242.395263671875,2278.308219875756,2238.6460506699204,2275.151076617381,3171843,20.81575286923615,-48.93714134793163,-31.86175575178322,-17.075385596148408,2604.4882195269006,2425.9217529296875,2247.3552863324744,2425.9217529296875,2439.4631640625,2393.842205637201,2489.02932258129,2362.6584453940313,2411.595586741963,2419.378267495798,-0.011954947426759732,0.018551881541453707,0.017687412138433473,-0.011954947426759732,-0.05078511214197301,-0.06676512276530566,-0.08158561790742114,3596577.45,0.8819059353219266,0,-51.94401965094221,-37.85003850580006,56.702581603602866,0.025286613168613987,-0.06326521506249964,-0.09908845053445942,-0.1390265285672127,-0.00220704874336706,1
2026-05-14,2215.953857421875,2234.6996825737074,2176.883514966109,2234.6996825737074,5633313,27.031980324435892,-57.0150980093963,-36.892424203305836,-20.12267380609046,2602.4395782495126,2409.598095703125,2216.756613156738,2409.598095703125,2431.5366455078124,2376.9004581881227,2478.320480810333,2340.0885087829306,2397.103606792327,2396.810067316342,-0.011791590304513377,0.01415464577345683,0.026090871618989337,-0.011791590304513377,-0.06138984316661944,-0.06471212624100309,-0.09212168957214162,3682972.95,1.5295558985845932,1,-61.598951187161674,-42.37830369307267,52.00908191283127,0.023470291016501856,-0.06771280648788085,-0.1058646875656179,-0.14850900826200958,-0.00036213074998776406,1
2026-05-15,2233.712890625,2274.06564640704,2221.873423006846,2221.873423006846,3410637,18.9654220477737,-61.27756171360625,-41.769451705365924,-19.508110008240322,2590.6461204528982,2393.9354614257813,2197.2248023986645,2393.9354614257813,2424.1685498046877,2363.2635469916345,2468.728026293261,2323.723029066326,2385.0005907799323,2384.492664580383,0.008014171027814765,0.012678818536504637,0.023365681247239454,0.008014171027814765,-0.01578057793559029,-0.05446039539446068,-0.08484579751992916,3717594.5,0.9174311507078031,0,-67.98529084344409,-45.761723845427696,51.7835403423113,0.023182719927726296,-0.0548185396129639,-0.09519685164393372,-0.1377776868133186,0.016606442903112265,1
2026-05-18,2252.656005859375,2262.226194073794,2222.070714305826,2233.712905717256,3773336,24.126803656986652,-62.40764731258287,-45.89709082680932,-16.51055648577355,2572.1526656295596,2379.3137084960936,2186.4747513626276,2379.3137084960936,2417.6509228515624,2352.729495455229,2460.2546137272266,2312.7896408806414,2375.1972881932243,2372.77769395054,0.008480550617709248,0.013183690483545181,0.017825837439679883,0.008480550617709248,0.004575795513721559,-0.045843937648025634,-0.06091396751800593,3791833.4,0.9951217793482172,0,-71.81835094168764,-48.211555140704604,50.45158973444053,0.022396490899281158,-0.04253505972070571,-0.0843809444394638,-0.12421372340742638,0.030268474152515497,1
2026-05-19,2295.968994140625,2345.793423403843,2266.3703232911885,2269.2314317901278,10394707,27.36196430780815,-59.126676596324614,-48.54300798071238,-10.583668615612233,2537.7192346022307,2365.3332763671874,2192.947318132144,2365.3332763671874,2412.5066748046875,2347.3237334252667,2453.812040410105,2310.201849074485,2369.3285256708095,2357.954707972417,0.019227519944718052,0.01398293042843879,0.03459240970385247,0.019227519944718052,0.03610866555310066,0.011650730035679846,-0.04128035907453165,4175570.8,2.489409831106205,1,-62.46025557670555,-45.2839784532016,54.05983388563498,0.023545541783707505,-0.02187799601450957,-0.06432564665511209,-0.09526280022048945,0.04697863699536121,0
2026-05-20,2296.2646484375,2310.669430390967,2286.793218866712,2292.8114703818346,2537422,27.496086768449956,-55.858722255387875,-50.00615083564749,-5.852571419740386,2516.736888332419,2354.919470214844,2193.102052097269,2354.919470214844,2407.5459326171876,2342.460963426432,2447.63371131314,2308.0576643611025,2363.9163866164904,2346.43899968877,0.00012877103202590945,0.013993315708645223,0.010397848323145987,0.00012877103202590945,0.028003490544838083,0.02402314419689544,-0.044345886739924456,4040839.65,0.6279442442117197,0,-51.38124221076896,-41.39561126815033,52.03020724656192,0.022658628343194688,-0.019721274211271567,-0.0618430209454957,-0.08760241919488175,0.047039578592148294,0
2026-05-21,2296.0673828125,2304.650948701518,2283.0440165455843,2299.816595750975,3299087,27.479207455913425,-52.677528821544,-50.5404264328268,-2.137102388717203,2496.2961502571097,2345.31962890625,2194.34310755539,2345.31962890625,2402.9995703125,2338.042527177486,2441.689933724879,2306.2130056613178,2358.8905344828618,2339.6628797308877,-8.590718196799241e-05,0.013991323206023936,0.009410408561035647,-8.590718196799241e-05,0.01927119668524968,0.03615306569778132,-0.030898602294655797,4080341.5,0.8085320799741884,0,-38.85793101063655,-36.6305470854536,53.57355954341431,0.023332747089412926,-0.01795311414444589,-0.05964006686558566,-0.0802103417993842,0.04635750667562472,0
2026-05-22,2286.300048828125,2308.696328282268,2277.223171267918,2299.9154856057357,2617262,30.54602392259234,-50.36398763057332,-50.505138672376106,0.14115104180278593,2494.305068986786,2341.3928833007812,2188.4806976147765,2341.3928833007812,2398.8537890625,2333.1146720965944,2435.5962127485363,2303.1494738408264,2353.5134614713998,2334.296147749317,-0.004253940479922114,0.013487909742499535,0.013765978367748325,-0.004253940479922114,-0.004211269985428978,0.023542487677729707,-0.032200040904229454,3955818.65,0.6616233532343552,0,-30.14887489504008,-33.13181354472454,50.65596615453757,0.022156307165589223,-0.02006529032985791,-0.06129758419682083,-0.08339197267604274,0.044697379017307165,0
2026-05-25,2308.199951171875,2326.10009765625,2293.0,2325.0,3298364,35.89264046132095,-46.23043479962098,-49.65019789782509,3.4197630982041076,2485.586421209526,2336.0600341796876,2186.533647149849,2336.0600341796876,2395.428173828125,2330.7418415323355,2430.600280922001,2303.9264703532954,2350.1569051529164,2328.0396209978035,0.009578752515434275,0.013922879188966454,0.014340221105821033,0.009578752515434275,0.00519770347137305,0.0246570915257478,-0.022317224288765924,3828065.6,0.8616268226960374,0,-21.987653922893514,-29.65433280522575,50.102030576056414,0.02170610503246028,-0.009671551760378745,-0.05035806615791867,-0.07136604405463885,0.05564346296734023,0
